,imas_1,wti_1,viewing_area_1,body_facing_1,gesture_1,approaching_1,imas_2,wti_2,viewing_area_2,body_facing_2,gesture_2,approaching_2,distance
0,2,2,outside,slightly_facing,None,n,3,5,central,slightly_facing,None,n,17.735677402279414
1,2,2,outside,slightly_facing,None,n,3,5,central,slightly_facing,None,n,17.735677402279414
2,2,2,outside,slightly_facing,None,n,3,5,central,slightly_facing,None,n,17.735677402279414
3,2,2,outside,slightly_facing,None,n,3,5,central,slightly_facing,None,n,17.735677402279414
4,2,2,outside,slightly_facing,None,n,3,5,central,slightly_facing,None,n,17.735677402279414
5,2,2,outside,slightly_facing,None,n,3,5,central,slightly_facing,None,n,17.735677402279414
6,2,2,outside,slightly_facing,None,n,3,5,central,slightly_facing,None,n,17.735677402279414
7,2,2,outside,slightly_facing,None,n,3,5,central,slightly_facing,None,n,17.735677402279414
8,2,2,outside,slightly_facing,None,n,3,5,central,slightly_facing,None,n,17.735677402279414
9,2,2,outside,slightly_facing,None,n,3,5,central,slightly_facing,None,n,17.735677402279414
10,2,2,outside,slightly_facing,None,n,3,5,central,slightly_facing,None,m,17.735677402279414
11,2,2,outside,slightly_facing,None,n,3,5,central,slightly_facing,None,m,17.729702145424096
12,2,2,mid_peripheral,slightly_facing,None,n,3,5,central,slightly_facing,None,m,17.71423395375958
13,2,2,mid_peripheral,slightly_facing,None,n,3,5,central,turned_away,None,n,17.658229097828162
14,2,2,mid_peripheral,slightly_facing,None,n,3,5,central,turned_away,None,n,17.457464704059557
15,2,2,mid_peripheral,slightly_facing,None,n,3,5,central,turned_away,None,n,17.349686023241865
16,2,2,mid_peripheral,slightly_facing,None,n,3,5,central,turned_away,None,n,17.330901028173365
17,2,2,mid_peripheral,slightly_facing,None,n,3,5,central,turned_away,None,n,17.22346865965996
18,2,2,mid_peripheral,slightly_facing,None,n,3,5,central,turned_away,None,n,17.13454943003737
19,2,2,outside,slightly_facing,None,n,3,5,central,slightly_facing,None,m,17.07102908483847
20,2,2,outside,slightly_facing,None,n,3,5,central,slightly_facing,None,m,17.044765373148596
21,2,2,mid_peripheral,slightly_facing,None,n,3,5,central,slightly_facing,None,m,17.005250663355717
22,2,2,mid_peripheral,slightly_facing,None,n,3,5,central,slightly_facing,None,m,16.937226839072864
23,2,2,mid_peripheral,slightly_facing,None,n,3,5,central,slightly_facing,None,y,16.862852796824388
24,2,2,mid_peripheral,slightly_facing,None,n,3,5,central,slightly_facing,None,m,16.672997242127916
25,2,2,mid_peripheral,slightly_facing,None,n,2,5,central,slightly_facing,wave_wide_head,y,16.57330673537191
26,2,2,mid_peripheral,slightly_facing,None,n,2,5,central,slightly_facing,wave_wide_head,m,16.450391810956386
27,2,2,mid_peripheral,slightly_facing,None,n,2,5,central,slightly_facing,wave_wide_head,y,16.360380375138597
28,2,2,mid_peripheral,slightly_facing,None,n,2,5,central,slightly_facing,wave_wide_head,m,16.23366820000268
29,2,2,mid_peripheral,slightly_facing,None,n,2,5,central,slightly_facing,wave_wide_head,y,16.151636476200736
30,2,2,mid_peripheral,slightly_facing,None,n,2,5,central,slightly_facing,wave_wide_head,y,16.00416218127851
31,2,2,mid_peripheral,slightly_facing,None,n,2,5,central,slightly_facing,wave_wide_head,y,15.890490927650694
32,2,2,mid_peripheral,slightly_facing,None,n,2,5,central,slightly_facing,wave_wide_head,y,15.666203438955463
33,2,2,mid_peripheral,slightly_facing,None,n,2,5,central,slightly_facing,wave_wide_head,y,15.547316569745412
34,2,2,mid_peripheral,slightly_facing,None,n,2,5,central,slightly_facing,wave_wide_head,y,15.407931615440406
35,2,2,mid_peripheral,slightly_facing,None,n,2,5,central,slightly_facing,wave_wide_head,y,15.27873345357475
36,2,2,outside,slightly_facing,None,n,2,5,central,slightly_facing,wave_wide_head,m,15.167838090412403
37,2,2,mid_peripheral,slightly_facing,None,n,2,5,central,slightly_facing,wave_wide_head,m,15.136001709309102
38,2,2,mid_peripheral,slightly_facing,None,n,2,5,central,slightly_facing,wave_wide_head,m,15.099086265203534
39,2,2,mid_peripheral,slightly_facing,None,n,2,5,central,slightly_facing,wave_wide_head,y,15.008229392422878
40,2,2,mid_peripheral,slightly_facing,None,n,2,5,central,slightly_facing,wave_wide_head,y,14.871237282077772
41,2,2,mid_peripheral,slightly_facing,None,n,2,5,central,turned_away,wave_wide_head,n,14.767933033749737
42,2,2,mid_peripheral,slightly_facing,None,n,2,5,central,slightly_facing,wave_wide_head,m,14.678912126531893
43,2,2,mid_peripheral,slightly_facing,None,n,2,5,central,strongly_facing,wave_wide_head,y,14.598655965726607
44,2,2,central,slightly_facing,None,y,2,5,central,slightly_facing,wave_wide_head,y,14.423203776054754
45,2,2,central,slightly_facing,None,y,2,5,central,slightly_facing,wave_wide_head,y,14.235894436473599
46,2,2,central,slightly_facing,None,y,2,5,central,slightly_facing,wave_wide_head,y,14.097186517509826
47,2,2,central,slightly_facing,None,y,2,5,central,slightly_facing,wave_wide_head,y,13.974881164490528
48,2,2,central,slightly_facing,None,y,2,5,central,slightly_facing,wave_wide_head,y,13.844347625971983
49,2,2,central,slightly_facing,None,y,2,5,central,slightly_facing,wave_wide_head,y,13.589674447014612
50,2,2,central,slightly_facing,None,y,2,5,central,slightly_facing,wave_wide_head,y,13.479570901740535
51,2,2,central,slightly_facing,None,y,2,5,central,slightly_facing,wave_wide_head,y,13.342399806675425
52,2,2,central,slightly_facing,None,y,2,5,central,slightly_facing,wave_wide_head,y,13.228632689154573
53,2,2,central,slightly_facing,None,m,2,5,central,slightly_facing,wave_wide_head,m,13.120251407885801
54,2,2,central,slightly_facing,None,m,2,5,central,slightly_facing,wave_wide_head,m,13.061410307842596
55,2,2,central,slightly_facing,None,m,2,5,central,slightly_facing,wave_wide_head,m,13.024102385096517
56,2,2,central,slightly_facing,None,m,2,5,central,slightly_facing,wave_wide_head,m,12.97410458627511
57,3,3,central,slightly_facing,arm_raise_low,y,2,5,central,strongly_facing,None,n,12.921287118028763
58,3,3,central,slightly_facing,arm_raise_low,m,2,5,central,strongly_facing,None,n,12.774803211110536
59,3,3,central,slightly_facing,arm_raise_low,y,2,5,central,strongly_facing,None,n,12.707519094924866
60,3,3,central,slightly_facing,arm_raise_low,y,2,5,central,strongly_facing,None,n,12.590643886023306
61,3,3,central,slightly_facing,arm_raise_low,m,2,5,central,strongly_facing,None,n,12.486751760524799
62,3,3,central,slightly_facing,arm_raise_low,m,2,5,central,strongly_facing,None,n,12.398488510884542
63,3,3,central,slightly_facing,arm_raise_low,m,2,5,central,strongly_facing,None,n,12.348672983259217
64,3,3,central,slightly_facing,arm_raise_low,m,2,5,central,strongly_facing,None,n,12.291597424636471
65,3,3,central,slightly_facing,arm_raise_low,m,2,5,central,strongly_facing,None,n,12.208498630903184
66,4,4,central,slightly_facing,None,m,2,5,central,strongly_facing,None,n,12.148394175130306
67,4,4,central,slightly_facing,None,m,2,5,central,strongly_facing,None,n,12.06776122251348
68,4,4,central,slightly_facing,None,m,2,5,central,strongly_facing,None,n,12.007818305066955
69,4,4,central,slightly_facing,None,m,2,5,central,strongly_facing,None,n,11.91185639259473
70,4,4,central,slightly_facing,None,m,2,5,central,strongly_facing,None,n,11.894412520737161
71,4,4,central,slightly_facing,None,m,2,5,central,strongly_facing,None,n,11.893694642952461
72,4,4,central,slightly_facing,None,m,2,5,central,strongly_facing,None,n,11.888509092449564
73,4,4,central,slightly_facing,None,m,2,5,central,strongly_facing,None,n,11.87062850634835
74,4,4,central,slightly_facing,None,m,2,5,central,strongly_facing,None,n,11.85406941126722
75,4,4,central,slightly_facing,None,y,2,5,central,strongly_facing,None,n,11.793429803014094
76,4,4,central,strongly_facing,None,y,2,5,central,strongly_facing,None,n,11.519311870495045
77,4,4,central,slightly_facing,None,y,2,5,central,strongly_facing,None,n,11.177570710036056
78,4,4,central,slightly_facing,None,y,2,5,central,strongly_facing,None,n,11.022233828408874
79,4,4,central,strongly_facing,None,y,2,5,central,strongly_facing,None,n,10.714291052607074
80,4,4,central,strongly_facing,None,y,2,5,central,strongly_facing,None,n,10.561230617614594
81,4,4,central,strongly_facing,None,y,2,5,central,strongly_facing,None,n,10.402349080909032
82,4,4,central,strongly_facing,None,y,2,5,central,strongly_facing,None,n,10.235356698100217
83,4,4,central,slightly_facing,None,y,2,5,central,strongly_facing,None,n,10.07476009538693
84,4,4,central,slightly_facing,None,y,2,5,central,strongly_facing,None,n,9.811105777924118
85,4,4,central,slightly_facing,None,y,2,5,central,strongly_facing,None,n,9.663178223194741
86,4,4,central,strongly_facing,None,y,2,5,central,strongly_facing,None,n,9.516890301677803
87,4,4,central,strongly_facing,None,y,2,5,central,strongly_facing,None,n,9.322918060707662
88,4,4,central,strongly_facing,None,y,2,5,central,strongly_facing,None,n,9.185830596873098
89,4,4,central,slightly_facing,None,y,2,5,central,strongly_facing,None,n,9.026143378484969
90,4,4,central,slightly_facing,None,y,2,5,central,strongly_facing,None,n,8.844218272012288
91,4,4,central,slightly_facing,None,y,2,5,central,strongly_facing,None,n,8.67626815426409
92,4,4,central,strongly_facing,None,m,2,5,central,strongly_facing,None,n,8.469965449008395
93,4,4,central,strongly_facing,None,y,2,5,central,strongly_facing,None,n,8.380326363760432
94,4,4,central,strongly_facing,None,y,2,5,central,strongly_facing,None,n,8.188506370918327
95,4,4,central,strongly_facing,None,y,2,5,central,strongly_facing,None,n,8.029740132300248
96,4,4,central,slightly_facing,None,y,2,5,central,strongly_facing,None,n,7.873722305976758
97,4,4,central,slightly_facing,None,y,2,5,central,strongly_facing,None,n,7.630450217498049
98,4,4,central,slightly_facing,None,y,2,5,central,strongly_facing,None,n,7.485165002413776
99,4,4,central,slightly_facing,None,y,2,5,central,strongly_facing,None,n,7.330486932489559
100,4,4,central,slightly_facing,None,y,2,5,central,strongly_facing,None,n,7.167485557565431
101,4,4,central,strongly_facing,None,y,2,5,central,strongly_facing,None,n,7.053585724055251
102,4,4,central,slightly_facing,None,y,2,5,central,strongly_facing,None,n,6.791980997179839
103,4,4,central,slightly_facing,None,y,2,5,central,strongly_facing,None,n,6.637765877664865
104,4,4,central,slightly_facing,None,y,2,5,central,strongly_facing,None,n,6.481528326433202
105,4,4,central,slightly_facing,None,y,2,5,central,strongly_facing,None,n,6.244725271018735
106,4,4,central,slightly_facing,None,y,2,5,central,strongly_facing,None,n,6.0895560790660275
107,4,4,central,strongly_facing,None,m,2,5,central,strongly_facing,None,n,5.944233055898462
108,4,4,central,slightly_facing,None,y,2,5,central,strongly_facing,None,n,5.882604597932452
109,4,4,central,slightly_facing,None,y,2,5,central,strongly_facing,None,n,5.660448781278387
110,4,4,central,slightly_facing,None,y,2,5,central,strongly_facing,None,n,5.449722313678022
111,4,4,central,slightly_facing,None,y,2,5,central,strongly_facing,None,n,5.333208846600515
112,4,4,central,slightly_facing,None,y,2,5,central,strongly_facing,None,n,5.1115287089308294
113,4,4,central,slightly_facing,None,y,2,5,central,strongly_facing,None,n,5.007848821133175
114,4,4,central,slightly_facing,None,y,2,5,central,strongly_facing,None,n,4.82867296709355
115,4,4,central,slightly_facing,None,y,2,5,central,strongly_facing,None,n,4.698828746261351
116,4,4,central,slightly_facing,None,m,2,5,central,strongly_facing,None,n,4.454169470445532
117,4,4,central,slightly_facing,None,y,2,5,central,strongly_facing,None,n,4.374949431666612
118,4,4,central,slightly_facing,None,y,2,5,central,strongly_facing,None,n,4.168261936332229
119,4,4,central,slightly_facing,None,y,2,5,central,strongly_facing,None,n,3.963197596750505
120,4,4,central,slightly_facing,None,m,2,5,central,strongly_facing,None,n,3.785819424203034
121,4,4,central,slightly_facing,None,y,2,5,central,strongly_facing,None,n,3.7186583156747535
122,4,4,central,slightly_facing,None,y,2,5,central,strongly_facing,None,n,3.5631733423240846
123,4,4,central,slightly_facing,None,y,2,5,central,strongly_facing,None,n,3.4245035832488204
124,4,4,central,slightly_facing,None,y,2,5,central,strongly_facing,None,n,3.223463816782341
125,4,4,central,slightly_facing,None,y,2,5,central,strongly_facing,None,n,3.09953709885347
126,4,4,central,slightly_facing,None,m,2,5,central,strongly_facing,None,n,2.9266638945481915
127,4,4,central,slightly_facing,None,y,2,5,central,strongly_facing,None,n,2.8545722709113517
128,4,4,central,slightly_facing,None,y,2,5,central,strongly_facing,None,n,2.749041474715136
129,4,4,central,slightly_facing,None,y,2,5,central,strongly_facing,None,n,2.6302518579242546
130,4,4,central,turned_away,None,n,2,5,central,strongly_facing,None,n,2.482390360432865
131,4,4,central,slightly_facing,None,m,2,5,central,strongly_facing,None,n,2.486738014192892
132,4,4,central,slightly_facing,None,m,2,5,central,strongly_facing,None,n,2.47310613929629
133,4,4,central,slightly_facing,None,m,2,5,central,strongly_facing,None,n,2.4646430260173546
134,4,4,central,slightly_facing,None,n,2,5,central,strongly_facing,None,n,2.431242644735608
