,imas_1,wti_1,viewing_area_1,body_facing_1,gesture_1,approaching_1,imas_2,wti_2,viewing_area_2,body_facing_2,gesture_2,approaching_2,distance
0,1,1,mid_peripheral,slightly_facing,None,n,1,1,outside,turned_away,None,n,15.076000007277527
1,1,1,mid_peripheral,slightly_facing,None,n,1,1,outside,turned_away,None,n,15.076000007277527
2,1,1,mid_peripheral,slightly_facing,None,n,1,1,outside,turned_away,None,n,15.076000007277527
3,1,1,mid_peripheral,slightly_facing,None,n,1,1,outside,turned_away,None,n,15.076000007277527
4,1,1,mid_peripheral,slightly_facing,None,n,1,1,outside,turned_away,None,n,15.076000007277527
5,1,1,mid_peripheral,slightly_facing,None,n,1,1,outside,turned_away,None,n,15.076000007277527
6,1,1,mid_peripheral,slightly_facing,None,n,1,1,outside,turned_away,None,n,15.076000007277527
7,1,1,mid_peripheral,slightly_facing,None,n,1,1,outside,turned_away,None,n,15.076000007277527
8,1,1,mid_peripheral,slightly_facing,None,n,1,1,outside,turned_away,None,n,15.076000007277527
9,1,1,mid_peripheral,slightly_facing,None,n,1,1,outside,turned_away,None,n,15.076000007277527
10,1,1,mid_peripheral,slightly_facing,None,n,1,1,outside,turned_away,None,n,15.076000007277527
11,1,1,mid_peripheral,slightly_facing,None,n,1,1,outside,turned_away,None,n,15.06262139807995
12,1,1,mid_peripheral,slightly_facing,None,n,1,1,outside,turned_away,None,n,15.053842413508718
13,1,1,mid_peripheral,slightly_facing,None,n,1,1,outside,turned_away,None,n,14.997585496644321
14,2,3,central,slightly_facing,None,m,1,1,outside,turned_away,None,n,14.983649756729266
15,2,3,central,slightly_facing,None,m,1,1,outside,turned_away,None,n,14.98588433034622
16,2,3,central,slightly_facing,None,m,1,1,outside,turned_away,None,n,15.063651592288107
17,2,3,central,slightly_facing,None,m,1,1,outside,turned_away,None,n,15.041415899940299
18,2,3,central,slightly_facing,None,m,1,1,outside,turned_away,None,n,15.041287266935006
19,2,3,central,slightly_facing,None,m,1,1,outside,turned_away,None,n,15.033774504669974
20,2,3,central,slightly_facing,None,m,1,1,outside,turned_away,None,n,15.062989815706036
21,2,3,central,slightly_facing,None,m,1,1,outside,turned_away,None,n,15.033054536938423
22,2,3,central,slightly_facing,None,m,1,1,outside,turned_away,None,n,15.050852128586508
23,2,3,central,slightly_facing,None,m,1,1,outside,turned_away,None,n,15.055221395146638
24,2,3,central,slightly_facing,None,m,1,1,outside,turned_away,None,n,15.048763773564666
25,2,3,central,slightly_facing,None,m,1,1,outside,turned_away,None,n,15.045869268720399
26,2,3,central,slightly_facing,None,m,1,1,outside,turned_away,None,n,15.030919646706955
27,2,3,central,slightly_facing,None,m,1,1,outside,turned_away,None,n,15.017622006975971
28,2,3,central,slightly_facing,None,m,1,1,outside,turned_away,None,n,14.987439870688059
29,2,3,central,slightly_facing,None,m,1,1,outside,turned_away,None,n,14.974070506001034
30,2,3,central,slightly_facing,None,m,1,1,outside,turned_away,None,n,14.941114788054877
31,2,3,central,slightly_facing,None,m,1,1,outside,turned_away,None,n,14.933263846974713
32,2,3,central,slightly_facing,None,m,1,1,outside,turned_away,None,n,14.910601087162282
33,2,3,central,slightly_facing,None,m,1,1,outside,turned_away,None,n,14.931052285960595
34,2,3,central,slightly_facing,None,m,1,1,outside,turned_away,None,n,14.897004824351578
35,2,3,central,slightly_facing,None,m,1,1,outside,turned_away,None,n,14.855803662059081
36,2,3,central,slightly_facing,None,m,2,3,central,turned_away,None,n,14.829004143845395
37,2,3,central,slightly_facing,None,m,2,3,central,turned_away,None,n,14.811121641153889
38,2,3,central,slightly_facing,None,m,2,3,central,turned_away,None,n,14.790885523605576
39,2,3,central,slightly_facing,None,m,2,3,central,turned_away,None,n,14.773350594550218
40,2,3,central,slightly_facing,None,m,2,3,central,turned_away,None,n,14.796383637836978
41,2,3,central,slightly_facing,None,m,2,4,central,turned_away,arm_raise_high,n,14.775914388699634
42,2,3,central,slightly_facing,None,m,2,4,central,turned_away,arm_raise_high,n,14.782665249657521
43,2,3,central,slightly_facing,None,m,2,4,central,turned_away,arm_raise_high,n,14.7554042479092
44,4,5,central,slightly_facing,i_am_coming,m,2,4,central,turned_away,arm_raise_high,n,14.75607662063178
45,4,5,central,slightly_facing,i_am_coming,m,2,4,central,turned_away,arm_raise_high,n,14.707300915985902
46,4,5,central,slightly_facing,i_am_coming,m,2,4,central,turned_away,arm_raise_high,n,14.701238011555356
47,4,5,central,slightly_facing,i_am_coming,m,2,4,central,turned_away,arm_raise_high,n,14.644372421737602
48,4,5,central,slightly_facing,i_am_coming,m,2,4,central,turned_away,arm_raise_high,n,14.66516210032555
49,4,5,central,slightly_facing,i_am_coming,m,2,4,central,turned_away,arm_raise_high,n,14.611046749406837
50,4,5,central,slightly_facing,i_am_coming,m,2,4,central,turned_away,arm_raise_high,n,14.58508017664987
51,4,5,central,slightly_facing,i_am_coming,m,2,4,central,turned_away,arm_raise_high,n,14.513496951713218
52,4,5,central,slightly_facing,i_am_coming,m,2,4,central,turned_away,arm_raise_high,n,14.466848755872299
53,4,5,central,slightly_facing,i_am_coming,m,2,4,central,slightly_facing,arm_raise_high,m,14.376035776448978
54,4,5,central,slightly_facing,i_am_coming,y,2,4,central,slightly_facing,arm_raise_high,y,14.310353044395272
55,4,5,central,slightly_facing,i_am_coming,m,2,4,central,slightly_facing,arm_raise_high,m,14.188067656952901
56,4,5,central,slightly_facing,i_am_coming,y,2,4,central,slightly_facing,arm_raise_high,y,14.10221189268705
57,4,5,central,slightly_facing,i_am_coming,m,2,4,central,slightly_facing,arm_raise_high,m,13.992427801464794
58,4,5,central,slightly_facing,i_am_coming,y,2,4,central,slightly_facing,arm_raise_high,y,13.908522743709918
59,4,5,central,slightly_facing,i_am_coming,y,2,4,central,slightly_facing,arm_raise_high,y,13.797041100717937
60,4,5,central,slightly_facing,i_am_coming,y,2,4,central,slightly_facing,arm_raise_high,y,13.674559959986203
61,4,5,central,slightly_facing,None,y,2,4,central,slightly_facing,arm_raise_high,y,13.531141204647483
62,4,5,central,slightly_facing,None,y,2,4,central,slightly_facing,arm_raise_high,y,13.393426588877121
63,4,5,central,slightly_facing,None,m,2,4,central,slightly_facing,arm_raise_high,m,13.248300639072518
64,4,5,central,slightly_facing,None,y,2,4,central,turned_away,arm_raise_high,n,13.168892092470232
65,4,5,central,slightly_facing,None,m,2,4,central,slightly_facing,arm_raise_high,m,13.051792837956214
66,4,5,central,slightly_facing,None,m,2,4,central,slightly_facing,arm_raise_high,m,12.978193137922743
67,4,5,central,slightly_facing,None,m,2,4,central,strongly_facing,arm_raise_high,m,12.914481827774773
68,4,5,central,slightly_facing,None,y,2,4,central,slightly_facing,arm_raise_high,y,12.81813404730735
69,4,5,central,slightly_facing,None,m,2,4,central,slightly_facing,arm_raise_high,m,12.702142771043711
70,4,5,central,slightly_facing,None,m,2,4,central,strongly_facing,None,n,12.672164698033246
71,4,5,central,slightly_facing,None,y,2,4,central,strongly_facing,None,n,12.595990045190254
72,4,5,central,strongly_facing,None,y,2,4,central,strongly_facing,None,n,12.33795943861463
73,4,5,central,slightly_facing,None,y,2,4,central,strongly_facing,None,n,12.133741281481486
74,4,5,central,strongly_facing,None,y,2,4,central,strongly_facing,None,n,11.969251022664743
75,4,5,central,strongly_facing,None,y,2,4,central,strongly_facing,None,n,11.706568367482337
76,4,5,central,strongly_facing,None,y,2,4,central,strongly_facing,None,n,11.525683077082288
77,4,5,central,strongly_facing,None,y,2,4,central,strongly_facing,None,n,11.28576477060265
78,4,5,central,slightly_facing,None,y,2,4,central,strongly_facing,None,n,11.114008063804388
79,4,5,central,slightly_facing,None,m,2,4,central,strongly_facing,None,n,10.896516854208642
80,4,5,central,strongly_facing,None,y,2,4,central,strongly_facing,None,n,10.815312906743896
81,4,5,central,strongly_facing,None,y,2,4,central,strongly_facing,None,n,10.54988875805945
82,4,5,central,strongly_facing,None,y,2,4,central,strongly_facing,None,n,10.278728130981232
83,4,5,central,strongly_facing,None,y,2,4,central,strongly_facing,None,n,10.018649643991951
84,4,5,central,slightly_facing,None,y,2,4,central,strongly_facing,None,n,9.872791671695964
85,4,5,central,strongly_facing,None,y,2,4,central,strongly_facing,None,n,9.73738089618968
86,4,5,central,strongly_facing,None,y,2,4,central,strongly_facing,None,n,9.47764342751029
87,4,5,central,strongly_facing,None,y,2,4,central,strongly_facing,None,n,9.203156305774497
88,4,5,central,strongly_facing,None,y,2,4,central,strongly_facing,None,n,8.962850007656321
89,4,5,central,slightly_facing,None,y,2,4,central,strongly_facing,None,n,8.791333007457116
90,4,5,central,slightly_facing,None,y,2,4,central,strongly_facing,None,n,8.625040484122612
91,4,5,central,strongly_facing,None,y,2,4,central,strongly_facing,None,n,8.494877761857973
92,4,5,central,strongly_facing,None,y,2,4,central,strongly_facing,None,n,8.230149419143077
93,4,5,central,strongly_facing,None,y,2,4,central,strongly_facing,None,n,7.938536359322728
94,4,5,central,slightly_facing,None,y,2,4,central,strongly_facing,None,n,7.792276861920398
95,4,5,central,slightly_facing,None,m,2,4,central,strongly_facing,None,n,7.547807099238357
96,4,5,central,slightly_facing,None,y,2,4,central,strongly_facing,None,n,7.467937638831495
97,4,5,central,strongly_facing,None,y,2,4,central,strongly_facing,None,n,7.232328176294618
98,4,5,central,strongly_facing,None,y,2,4,central,strongly_facing,None,n,6.972638970209846
99,4,5,central,strongly_facing,None,y,2,4,central,strongly_facing,None,n,6.816105759427445
100,4,5,central,slightly_facing,None,y,2,4,central,strongly_facing,None,n,6.558257123986907
101,4,5,central,slightly_facing,None,y,2,4,central,strongly_facing,None,n,6.41591681065583
102,4,5,central,strongly_facing,None,y,2,4,central,strongly_facing,None,n,6.197341280026862
103,4,5,central,strongly_facing,None,y,2,4,central,strongly_facing,None,n,6.033131033398911
104,4,5,central,strongly_facing,None,y,2,4,central,strongly_facing,None,n,5.784012057740204
105,4,5,central,slightly_facing,None,y,2,4,central,strongly_facing,None,n,5.592871456774599
106,4,5,central,slightly_facing,None,y,2,4,central,strongly_facing,None,n,5.434238895875851
107,4,5,central,slightly_facing,None,y,2,4,central,strongly_facing,None,n,5.247664678005732
108,4,5,central,strongly_facing,None,y,2,4,central,strongly_facing,None,n,5.015100250976938
109,4,5,central,strongly_facing,None,y,2,4,central,strongly_facing,None,n,4.757126687134792
110,4,5,central,slightly_facing,None,y,2,4,central,strongly_facing,None,n,4.527643286023428
111,4,5,central,slightly_facing,None,m,2,4,central,strongly_facing,None,n,4.273528493798657
112,4,5,central,slightly_facing,None,m,2,4,central,strongly_facing,None,n,4.203055664275811
113,4,5,central,slightly_facing,None,y,2,4,central,strongly_facing,None,n,4.106133555685689
114,4,5,central,strongly_facing,None,y,2,4,central,strongly_facing,None,n,3.8639560060621863
115,4,5,central,strongly_facing,None,y,2,4,central,strongly_facing,None,n,3.6513970895384738
116,4,5,central,slightly_facing,None,y,2,4,central,strongly_facing,None,n,3.507417323506569
117,4,5,central,slightly_facing,None,y,2,4,central,strongly_facing,None,n,3.2727086574006248
118,4,5,central,slightly_facing,None,m,2,4,central,strongly_facing,None,n,3.09691965178708
119,4,5,central,slightly_facing,None,y,2,4,central,strongly_facing,None,n,3.049307784637362
120,4,5,central,slightly_facing,None,y,2,4,central,strongly_facing,None,n,2.9252136081457336
121,4,5,central,strongly_facing,None,y,2,4,central,strongly_facing,None,n,2.6674154059368007
122,4,5,central,strongly_facing,None,y,2,4,central,strongly_facing,None,n,2.477233149104257
123,4,5,central,slightly_facing,None,y,2,4,central,strongly_facing,None,n,2.3202524265667748
124,4,5,central,slightly_facing,None,y,2,4,central,strongly_facing,None,n,2.182397528818709
125,4,5,central,slightly_facing,None,y,2,4,central,strongly_facing,None,n,2.016126351355229
126,4,5,central,slightly_facing,None,y,2,4,central,strongly_facing,None,n,1.897912590707226
127,4,5,central,slightly_facing,None,y,2,4,central,strongly_facing,None,n,1.7544141456908025
128,4,5,central,strongly_facing,None,m,2,4,central,strongly_facing,None,n,1.5742985582604736
129,4,5,central,slightly_facing,None,m,2,4,central,strongly_facing,None,n,1.4896759074352393
130,4,5,central,slightly_facing,None,m,2,4,central,strongly_facing,None,n,1.4567230115021894
131,4,5,central,slightly_facing,None,n,2,4,central,strongly_facing,None,n,1.4426641233873505
