,imas_1,wti_1,viewing_area_1,body_facing_1,gesture_1,approaching_1,imas_2,wti_2,viewing_area_2,body_facing_2,gesture_2,approaching_2,distance
0,2,2,central,slightly_facing,None,n,1,2,mid_peripheral,slightly_facing,None,n,21.68475308083917
1,2,2,central,slightly_facing,None,n,1,2,mid_peripheral,slightly_facing,None,n,21.68475308083917
2,2,2,central,slightly_facing,None,n,1,2,mid_peripheral,slightly_facing,None,n,21.68475308083917
3,2,2,central,slightly_facing,None,n,1,2,mid_peripheral,slightly_facing,None,n,21.68475308083917
4,2,2,central,slightly_facing,None,n,1,2,mid_peripheral,slightly_facing,None,n,21.68475308083917
5,2,2,central,slightly_facing,None,n,1,2,mid_peripheral,slightly_facing,None,n,21.68475308083917
6,2,2,central,slightly_facing,None,n,1,2,mid_peripheral,slightly_facing,None,n,21.68475308083917
7,2,2,central,slightly_facing,None,m,1,2,mid_peripheral,slightly_facing,None,n,21.68475308083917
8,2,2,central,slightly_facing,None,y,1,2,mid_peripheral,slightly_facing,None,n,21.602503321465697
9,2,2,central,slightly_facing,None,y,1,2,mid_peripheral,slightly_facing,None,n,21.258230312072854
10,2,2,central,slightly_facing,None,y,1,2,mid_peripheral,slightly_facing,None,n,21.08119849661733
11,2,2,central,slightly_facing,None,y,1,2,mid_peripheral,slightly_facing,None,n,20.88114189444629
12,2,2,central,slightly_facing,None,y,1,2,mid_peripheral,slightly_facing,None,n,20.77491093959114
13,3,4,central,slightly_facing,wave_wide_head,y,1,2,mid_peripheral,slightly_facing,None,n,20.620399171316762
14,3,4,central,slightly_facing,wave_wide_head,y,1,2,mid_peripheral,slightly_facing,None,n,20.27366556285888
15,3,4,central,slightly_facing,wave_wide_head,y,1,2,mid_peripheral,slightly_facing,None,n,20.06994351646105
16,3,4,central,slightly_facing,wave_wide_head,y,1,2,mid_peripheral,slightly_facing,None,n,19.80834772795147
17,3,4,central,slightly_facing,wave_wide_head,y,1,2,mid_peripheral,slightly_facing,None,n,19.656783453681733
18,3,4,central,slightly_facing,wave_wide_head,y,1,2,mid_peripheral,slightly_facing,None,n,19.457760945445393
19,3,4,central,slightly_facing,wave_wide_head,y,1,2,mid_peripheral,slightly_facing,None,n,19.334311155180743
20,3,4,central,slightly_facing,wave_wide_head,y,2,3,central,slightly_facing,None,y,19.113271803221785
21,3,4,central,slightly_facing,wave_wide_head,y,2,3,central,slightly_facing,None,y,18.93008514308377
22,3,4,central,slightly_facing,wave_wide_head,y,2,3,central,slightly_facing,None,y,18.734681304570785
23,3,4,central,slightly_facing,wave_wide_head,y,2,3,central,slightly_facing,None,y,18.614958111986926
24,3,4,central,slightly_facing,wave_wide_head,y,2,3,central,slightly_facing,None,y,18.324749182931644
25,3,4,central,slightly_facing,wave_wide_head,y,3,4,central,slightly_facing,wave_small_head,y,18.07425541104789
26,3,4,central,slightly_facing,wave_wide_head,y,3,4,central,slightly_facing,wave_small_head,y,17.84523302175202
27,3,4,central,slightly_facing,wave_wide_head,y,3,4,central,slightly_facing,wave_small_head,y,17.662295332062957
28,3,4,central,slightly_facing,wave_wide_head,y,3,4,central,slightly_facing,wave_small_head,y,17.416087456365855
29,3,4,central,slightly_facing,wave_wide_head,y,3,4,central,slightly_facing,wave_small_head,y,17.24125021985334
30,3,4,central,slightly_facing,wave_wide_head,y,3,4,central,slightly_facing,wave_small_head,y,17.0253463500145
31,3,4,central,slightly_facing,wave_wide_head,y,3,4,central,slightly_facing,wave_small_head,y,16.846398677496616
32,3,4,central,slightly_facing,wave_wide_head,y,3,4,central,slightly_facing,wave_small_head,y,16.553884461449677
33,3,4,central,slightly_facing,wave_wide_head,y,3,4,central,slightly_facing,wave_small_head,y,16.396632736155677
34,3,4,central,slightly_facing,wave_wide_head,y,3,4,central,slightly_facing,wave_small_head,y,16.2192116297194
35,3,4,central,slightly_facing,wave_wide_head,y,3,4,central,slightly_facing,wave_small_head,y,16.08876185784207
36,3,4,central,slightly_facing,wave_wide_head,y,3,4,central,slightly_facing,wave_small_head,y,15.894328486357173
37,3,4,central,slightly_facing,wave_wide_head,y,3,4,central,slightly_facing,wave_small_head,y,15.656873301746588
38,3,4,central,slightly_facing,wave_wide_head,y,3,4,central,slightly_facing,wave_small_head,y,15.550992648611249
39,3,4,central,slightly_facing,wave_wide_head,y,3,4,central,slightly_facing,wave_small_head,y,15.29276354869898
40,3,4,central,slightly_facing,None,y,3,4,central,slightly_facing,wave_small_head,y,15.093513190117434
41,3,4,central,slightly_facing,None,y,3,4,central,slightly_facing,wave_small_head,y,14.874709565281767
42,3,4,central,slightly_facing,None,y,3,4,central,slightly_facing,wave_small_head,y,14.650546064257298
43,3,4,central,strongly_facing,None,y,3,4,central,slightly_facing,wave_small_head,y,14.524076835178379
44,3,4,central,slightly_facing,None,y,3,4,central,slightly_facing,wave_small_head,y,14.330288317955434
45,3,4,central,slightly_facing,None,y,3,4,central,slightly_facing,wave_small_head,y,14.099482920521055
46,3,4,central,slightly_facing,None,y,3,4,central,slightly_facing,wave_small_head,y,13.913924674916135
47,3,4,central,slightly_facing,None,y,3,4,central,slightly_facing,wave_small_head,y,13.78043618987022
48,3,4,central,slightly_facing,None,y,3,4,central,slightly_facing,wave_small_head,y,13.640362236760796
49,3,4,central,strongly_facing,None,y,3,4,central,slightly_facing,wave_small_head,y,13.419651064647287
50,3,4,central,strongly_facing,None,y,3,4,central,slightly_facing,wave_small_head,y,13.287183508867823
51,3,4,central,slightly_facing,None,y,3,4,central,slightly_facing,wave_small_head,y,13.030075885550705
52,3,4,central,slightly_facing,None,y,3,4,central,slightly_facing,wave_small_head,y,12.69036448853775
53,3,4,central,slightly_facing,None,y,3,4,central,slightly_facing,wave_small_head,y,12.551781685407255
54,3,4,central,strongly_facing,None,y,3,4,central,slightly_facing,wave_small_head,y,12.311283197759238
55,3,4,central,strongly_facing,None,y,3,4,central,slightly_facing,wave_small_head,y,12.023827320306001
56,3,4,central,strongly_facing,None,y,3,4,central,slightly_facing,wave_small_head,y,11.849918693298491
57,3,4,central,slightly_facing,None,y,3,4,central,slightly_facing,wave_small_head,y,11.451747139246184
58,3,4,central,slightly_facing,None,y,3,4,central,slightly_facing,wave_small_head,y,11.206310781451897
59,3,4,central,slightly_facing,None,y,3,4,central,slightly_facing,wave_small_head,y,10.991724914911943
60,3,4,central,strongly_facing,None,y,3,4,central,slightly_facing,wave_small_head,y,10.746455484974204
61,3,4,central,strongly_facing,None,y,3,4,central,slightly_facing,wave_small_head,y,10.522239701043127
62,3,4,central,strongly_facing,None,y,3,4,central,slightly_facing,wave_small_head,y,10.231625042625923
63,3,4,central,slightly_facing,None,y,3,4,central,slightly_facing,wave_small_head,y,9.988171902706972
64,3,4,central,slightly_facing,None,y,3,4,central,strongly_facing,wave_small_head,y,9.780438618451626
65,3,4,central,slightly_facing,None,y,3,4,central,slightly_facing,wave_small_head,y,9.607472135095938
66,3,4,central,strongly_facing,None,y,3,4,central,turned_away,wave_small_head,n,9.408278355187521
67,3,4,central,strongly_facing,None,y,3,4,central,strongly_facing,None,n,9.20807159229825
68,3,4,central,strongly_facing,None,y,3,4,central,strongly_facing,None,n,9.095047071424856
69,3,4,central,strongly_facing,None,y,3,4,central,strongly_facing,None,n,8.923167599464051
70,3,4,central,slightly_facing,None,m,3,4,central,strongly_facing,None,n,8.619305175300443
71,3,4,central,slightly_facing,None,y,3,4,central,strongly_facing,None,n,8.527100810727175
72,3,4,central,strongly_facing,None,y,3,4,central,strongly_facing,None,n,8.364981680452683
73,3,4,central,strongly_facing,None,y,3,4,central,strongly_facing,None,n,8.046218487900079
74,3,4,central,strongly_facing,None,y,3,4,central,strongly_facing,None,n,7.94121813603108
75,3,4,central,strongly_facing,None,y,3,4,central,strongly_facing,None,n,7.755879553480699
76,3,4,central,slightly_facing,None,y,3,4,central,strongly_facing,None,n,7.557749556767608
77,3,4,central,slightly_facing,None,m,3,4,central,strongly_facing,None,n,7.380088730862246
78,3,4,central,slightly_facing,None,y,3,4,central,strongly_facing,None,n,7.3006557777791485
79,3,4,central,strongly_facing,None,y,3,4,central,strongly_facing,None,n,7.115389185108645
80,3,4,central,strongly_facing,None,m,3,4,central,strongly_facing,None,n,6.797353064653402
81,3,4,central,strongly_facing,None,y,3,4,central,strongly_facing,None,n,6.704739259160497
82,3,4,central,slightly_facing,None,y,3,4,central,strongly_facing,None,n,6.516699433160395
83,3,4,central,slightly_facing,None,m,3,4,central,strongly_facing,None,n,6.230263569926154
84,3,4,central,slightly_facing,None,y,3,4,central,strongly_facing,None,n,6.150372549669244
85,3,4,central,strongly_facing,None,y,3,4,central,strongly_facing,None,n,5.967972772357878
86,3,4,central,strongly_facing,None,y,3,4,central,strongly_facing,None,n,5.768746297575059
87,3,4,central,strongly_facing,None,y,3,4,central,strongly_facing,None,n,5.660460807213844
88,3,4,central,slightly_facing,None,y,3,4,central,strongly_facing,None,n,5.3803254390198445
89,3,4,central,slightly_facing,None,m,3,4,central,strongly_facing,None,n,5.188815770517688
90,3,4,central,slightly_facing,None,y,3,4,central,strongly_facing,None,n,5.0990437509134
91,3,4,central,slightly_facing,None,y,3,4,central,strongly_facing,None,n,4.930895810193623
92,3,4,central,strongly_facing,None,y,3,4,central,strongly_facing,None,n,4.752037263030775
93,3,4,central,strongly_facing,None,y,3,4,central,strongly_facing,None,n,4.533558215390317
94,3,4,central,strongly_facing,None,y,3,4,central,strongly_facing,None,n,4.366066037131601
95,3,4,central,slightly_facing,None,y,3,4,central,strongly_facing,None,n,4.189332884051712
96,3,4,central,slightly_facing,None,y,3,4,central,strongly_facing,None,n,3.9826128115739445
97,3,4,central,slightly_facing,None,y,3,4,central,strongly_facing,None,n,3.87310419576972
98,3,4,central,strongly_facing,None,y,3,4,central,strongly_facing,None,n,3.710252280355195
99,3,4,central,strongly_facing,None,m,3,4,central,strongly_facing,None,n,3.4360286988215063
100,3,4,central,slightly_facing,None,y,3,4,central,strongly_facing,None,n,3.3441935373689162
101,3,4,central,slightly_facing,None,y,3,4,central,strongly_facing,None,n,3.092435077815865
102,3,4,central,slightly_facing,None,m,3,4,central,strongly_facing,None,n,2.8889522891915353
103,3,4,central,slightly_facing,None,y,3,4,central,strongly_facing,None,n,2.8404567524713364
104,3,4,central,strongly_facing,None,y,3,4,central,strongly_facing,None,n,2.6963135141188657
105,3,4,central,slightly_facing,None,m,3,4,central,strongly_facing,None,n,2.3651588918654105
106,3,4,central,slightly_facing,None,y,3,4,central,strongly_facing,None,n,2.305471009833782
107,3,4,central,slightly_facing,None,y,3,4,central,strongly_facing,None,n,2.1324236053432304
108,3,4,central,slightly_facing,None,m,3,4,central,strongly_facing,None,n,1.9054774642133645
109,3,4,central,slightly_facing,None,y,3,4,central,strongly_facing,None,n,1.8371806507050439
110,3,4,central,slightly_facing,None,y,3,4,central,strongly_facing,None,n,1.690514088058426
111,3,4,central,slightly_facing,None,m,3,4,central,strongly_facing,None,n,1.4290617229077296
112,3,4,central,slightly_facing,None,m,3,4,central,strongly_facing,None,n,1.3469734781817335
113,3,4,central,slightly_facing,None,m,3,4,central,strongly_facing,None,n,1.2748694203427253
114,3,4,central,slightly_facing,None,m,3,4,central,strongly_facing,None,n,1.26453845001012
115,3,4,central,slightly_facing,None,n,3,4,central,strongly_facing,None,n,1.2479715522943664
