,imas_1,wti_1,viewing_area_1,body_facing_1,gesture_1,approaching_1,imas_2,wti_2,viewing_area_2,body_facing_2,gesture_2,approaching_2,distance
0,2,2,mid_peripheral,strongly_facing,None,n,3,4,mid_peripheral,strongly_facing,None,n,31.613980140191547
1,2,2,mid_peripheral,strongly_facing,None,n,3,4,mid_peripheral,strongly_facing,None,n,31.613980140191547
2,2,2,mid_peripheral,strongly_facing,None,n,3,4,mid_peripheral,strongly_facing,None,n,31.613980140191547
3,2,2,mid_peripheral,strongly_facing,None,n,3,4,mid_peripheral,strongly_facing,None,n,31.613980140191547
4,2,2,mid_peripheral,strongly_facing,None,n,3,4,mid_peripheral,strongly_facing,None,n,31.613980140191547
5,2,2,mid_peripheral,strongly_facing,None,n,3,4,mid_peripheral,strongly_facing,None,n,31.613980140191547
6,2,2,mid_peripheral,strongly_facing,None,n,3,4,mid_peripheral,slightly_facing,None,n,31.566540362369103
7,2,2,mid_peripheral,strongly_facing,None,n,3,4,mid_peripheral,slightly_facing,None,n,31.42813068611662
8,2,2,mid_peripheral,slightly_facing,None,n,3,4,mid_peripheral,slightly_facing,None,n,31.201931529090857
9,2,2,mid_peripheral,slightly_facing,None,n,3,4,mid_peripheral,slightly_facing,None,n,30.911594093768652
10,2,2,mid_peripheral,slightly_facing,None,n,2,4,central,slightly_facing,None,m,30.674887455331746
11,2,2,mid_peripheral,slightly_facing,None,n,2,4,central,slightly_facing,None,y,30.602871579288518
12,2,2,mid_peripheral,slightly_facing,None,n,2,4,central,slightly_facing,None,y,30.30154106380329
13,2,2,mid_peripheral,slightly_facing,None,n,2,4,central,slightly_facing,None,y,30.14591029973628
14,2,2,mid_peripheral,slightly_facing,None,n,2,4,central,slightly_facing,None,y,29.843327887866828
15,2,2,mid_peripheral,slightly_facing,None,n,2,4,central,slightly_facing,None,y,29.635016916344235
16,2,2,mid_peripheral,strongly_facing,None,n,2,4,central,slightly_facing,None,y,29.29410991776341
17,2,2,mid_peripheral,slightly_facing,None,n,2,4,central,slightly_facing,None,y,29.129875055955196
18,2,2,mid_peripheral,slightly_facing,None,n,2,4,central,slightly_facing,arm_raise_low,y,28.927469663893884
19,2,2,mid_peripheral,slightly_facing,None,n,2,4,central,slightly_facing,arm_raise_low,y,28.60881814207909
20,2,2,mid_peripheral,slightly_facing,None,n,2,4,central,slightly_facing,arm_raise_low,y,28.40030714298888
21,2,2,mid_peripheral,slightly_facing,None,n,2,4,central,strongly_facing,arm_raise_low,y,28.276388220270015
22,2,2,mid_peripheral,slightly_facing,None,n,2,4,central,strongly_facing,arm_raise_low,y,28.10362459049695
23,2,2,mid_peripheral,slightly_facing,None,n,2,4,central,strongly_facing,arm_raise_low,y,27.741535514278404
24,2,2,mid_peripheral,slightly_facing,None,n,2,4,central,strongly_facing,arm_raise_low,y,27.373030280730628
25,2,2,mid_peripheral,slightly_facing,None,n,2,4,central,slightly_facing,arm_raise_low,y,27.135836046840087
26,2,2,mid_peripheral,slightly_facing,None,n,2,4,central,strongly_facing,arm_raise_low,y,26.90999405434888
27,2,2,mid_peripheral,slightly_facing,None,n,2,4,central,strongly_facing,arm_raise_low,y,26.76367135600729
28,2,2,mid_peripheral,slightly_facing,None,n,2,4,central,slightly_facing,arm_raise_low,y,26.59918520392612
29,2,2,mid_peripheral,slightly_facing,None,n,2,4,central,slightly_facing,arm_raise_low,y,26.400027297347744
30,2,2,mid_peripheral,slightly_facing,None,n,2,4,central,slightly_facing,arm_raise_low,y,26.146519715841418
31,2,2,mid_peripheral,slightly_facing,None,n,2,4,central,slightly_facing,arm_raise_low,y,26.017187562388404
32,2,2,mid_peripheral,slightly_facing,None,n,2,4,central,slightly_facing,arm_raise_low,y,25.761171897548856
33,2,2,mid_peripheral,slightly_facing,None,n,2,4,central,slightly_facing,arm_raise_low,y,25.60723075604562
34,2,2,mid_peripheral,slightly_facing,None,n,2,4,central,strongly_facing,None,y,25.363151485360177
35,2,2,mid_peripheral,slightly_facing,None,n,2,4,central,slightly_facing,None,y,25.10179513280443
36,2,2,mid_peripheral,slightly_facing,None,n,2,4,central,slightly_facing,None,y,24.950544868675912
37,2,2,central,slightly_facing,None,y,2,4,central,slightly_facing,None,y,24.755357474873858
38,2,2,central,slightly_facing,None,y,2,4,central,slightly_facing,None,y,24.603245726829723
39,2,2,central,slightly_facing,None,y,2,4,central,slightly_facing,None,y,24.407157494833864
40,2,2,central,slightly_facing,None,y,2,4,central,slightly_facing,None,y,24.20462369146267
41,2,2,central,slightly_facing,None,y,2,4,central,slightly_facing,None,y,23.967565349842797
42,2,2,central,slightly_facing,None,y,2,4,central,slightly_facing,None,y,23.810196652401352
43,2,2,central,slightly_facing,None,y,2,4,central,slightly_facing,None,y,23.618931430869317
44,2,2,central,slightly_facing,None,y,2,4,central,slightly_facing,None,y,23.343590617612627
45,2,2,central,slightly_facing,None,y,2,4,central,slightly_facing,None,y,23.162323217706138
46,2,2,central,strongly_facing,None,y,2,4,central,slightly_facing,None,y,22.94801254844946
47,2,2,central,slightly_facing,None,y,2,4,central,slightly_facing,None,y,22.81032903667505
48,2,2,central,slightly_facing,None,y,2,4,central,slightly_facing,None,y,22.579087380612794
49,2,2,central,slightly_facing,None,y,2,4,central,slightly_facing,None,y,22.35177503556171
50,2,2,central,slightly_facing,None,y,2,4,central,slightly_facing,None,y,22.117103748834385
51,2,2,central,slightly_facing,wave_small_head,y,2,4,central,slightly_facing,None,y,21.92157317213728
52,2,2,central,slightly_facing,wave_small_head,y,2,4,central,slightly_facing,None,y,21.684335436431997
53,2,2,central,slightly_facing,wave_small_head,y,2,4,central,slightly_facing,None,y,21.490609410337925
54,2,2,central,slightly_facing,wave_small_head,y,2,4,central,slightly_facing,None,y,21.281591912844913
55,2,2,central,strongly_facing,wave_small_head,y,2,4,central,slightly_facing,None,y,21.073173257797244
56,2,2,central,strongly_facing,wave_small_head,y,2,4,central,slightly_facing,None,y,20.887224841434968
57,2,2,central,strongly_facing,wave_small_head,y,2,4,central,slightly_facing,None,y,20.69033887006603
58,2,2,central,slightly_facing,wave_small_head,y,2,4,central,slightly_facing,None,y,20.43912965166854
59,2,2,central,slightly_facing,wave_small_head,y,2,4,central,slightly_facing,None,y,20.259785269022792
60,2,2,central,slightly_facing,wave_small_head,y,2,4,central,slightly_facing,None,y,20.035668058187152
61,2,2,central,slightly_facing,wave_small_head,y,2,4,central,slightly_facing,None,y,19.789519049580793
62,2,2,central,slightly_facing,wave_small_head,y,2,4,central,slightly_facing,None,y,19.625694960588508
63,5,5,central,slightly_facing,None,y,2,4,central,slightly_facing,None,y,19.38487970396478
64,5,5,central,slightly_facing,None,y,2,4,central,slightly_facing,None,y,19.19294457952281
65,5,5,central,slightly_facing,None,y,2,4,central,slightly_facing,None,y,19.013081134173206
66,5,5,central,slightly_facing,None,y,2,4,central,slightly_facing,None,y,18.82006547641065
67,5,5,central,slightly_facing,None,y,2,4,central,slightly_facing,None,y,18.681997844389258
68,5,5,central,slightly_facing,None,y,2,4,central,slightly_facing,None,y,18.553579207594954
69,5,5,central,slightly_facing,None,y,2,4,central,slightly_facing,None,y,18.320761818130713
70,5,5,central,slightly_facing,None,y,2,4,central,slightly_facing,None,y,18.125137853281583
71,5,5,central,slightly_facing,None,y,2,4,central,slightly_facing,None,y,17.96070664259956
72,5,5,central,slightly_facing,None,y,2,4,central,slightly_facing,None,y,17.84441515878411
73,5,5,central,slightly_facing,None,y,2,4,central,slightly_facing,None,y,17.644167401541054
74,5,5,central,slightly_facing,None,y,2,4,central,slightly_facing,None,y,17.485182076184646
75,5,5,central,slightly_facing,None,y,2,4,central,slightly_facing,None,y,17.304657833089358
76,5,5,central,slightly_facing,None,y,2,4,central,slightly_facing,None,y,17.169779555154022
77,5,5,central,slightly_facing,None,y,2,4,central,slightly_facing,None,y,16.911211828491183
78,5,5,central,slightly_facing,None,y,2,4,central,slightly_facing,None,y,16.681380951935754
79,5,5,central,strongly_facing,None,y,2,4,central,slightly_facing,None,y,16.52430443816577
80,5,5,central,strongly_facing,None,y,2,4,central,slightly_facing,None,y,16.38143683611288
81,5,5,central,strongly_facing,None,y,2,4,central,slightly_facing,None,y,16.155918765598596
82,5,5,central,slightly_facing,None,y,2,4,central,slightly_facing,None,y,15.794260791625327
83,5,5,central,slightly_facing,None,y,2,4,central,slightly_facing,None,y,15.553632651191164
84,5,5,central,slightly_facing,None,y,2,4,central,slightly_facing,None,y,15.28517272497763
85,5,5,central,slightly_facing,None,y,2,4,central,slightly_facing,None,y,15.143074224421937
86,5,5,central,slightly_facing,None,y,2,4,central,slightly_facing,None,y,14.906424633667454
87,5,5,central,slightly_facing,None,y,2,4,central,slightly_facing,None,y,14.621357490186234
88,5,5,central,strongly_facing,None,y,2,4,central,slightly_facing,None,y,14.233044052209948
89,5,5,central,slightly_facing,None,y,2,4,central,slightly_facing,None,y,14.014940170592949
90,5,5,central,slightly_facing,None,y,2,4,central,slightly_facing,None,y,13.796615687393958
91,5,5,central,slightly_facing,None,y,2,4,central,slightly_facing,None,y,13.516101979778824
92,5,5,central,slightly_facing,None,y,2,4,central,slightly_facing,None,y,13.311089147691858
93,5,5,central,slightly_facing,None,y,2,4,central,slightly_facing,None,y,13.074074159327685
94,5,5,central,strongly_facing,None,y,2,4,central,slightly_facing,None,y,12.812522199700604
95,5,5,central,strongly_facing,None,y,2,4,central,slightly_facing,None,y,12.516992896145178
96,5,5,central,slightly_facing,None,y,2,4,central,slightly_facing,None,y,12.290785695243814
97,5,5,central,slightly_facing,None,y,2,4,central,slightly_facing,None,y,11.950139520447994
98,5,5,central,slightly_facing,None,y,2,4,central,slightly_facing,None,y,11.711367719627708
99,5,5,central,slightly_facing,None,y,2,4,central,slightly_facing,None,y,11.575181570660778
100,5,5,central,slightly_facing,None,y,2,4,central,slightly_facing,None,y,11.265297942621538
101,5,5,central,strongly_facing,None,y,2,4,central,slightly_facing,None,y,11.07408046190608
102,5,5,central,strongly_facing,None,y,2,4,central,slightly_facing,None,y,10.816143209730763
103,5,5,central,slightly_facing,None,y,2,4,central,slightly_facing,None,y,10.441387530332586
104,5,5,central,slightly_facing,None,y,2,4,central,slightly_facing,None,y,10.220172040614779
105,5,5,central,slightly_facing,None,y,2,4,central,slightly_facing,None,y,9.958743470700755
106,5,5,central,slightly_facing,None,y,2,4,central,slightly_facing,None,y,9.711163186285617
107,5,5,central,strongly_facing,None,y,2,4,central,slightly_facing,None,y,9.4812508283351
108,5,5,central,strongly_facing,None,y,2,4,central,slightly_facing,None,y,9.216480166053254
109,5,5,central,strongly_facing,None,y,2,4,central,slightly_facing,None,y,8.96145922007823
110,5,5,central,strongly_facing,None,y,2,4,central,slightly_facing,None,y,8.74844551074012
111,5,5,central,slightly_facing,None,y,2,4,central,slightly_facing,None,y,8.412763306163079
112,5,5,central,slightly_facing,None,y,2,4,central,slightly_facing,None,y,8.235981956077978
113,5,5,central,slightly_facing,None,y,2,4,central,turned_away,None,n,8.035341603223861
114,5,5,central,strongly_facing,None,y,2,4,central,slightly_facing,None,y,7.873801559709578
115,5,5,central,strongly_facing,None,y,2,4,central,slightly_facing,None,y,7.692510434645448
116,5,5,central,strongly_facing,None,m,2,4,central,slightly_facing,None,m,7.458194459909982
117,5,5,central,strongly_facing,None,y,2,4,central,slightly_facing,None,y,7.364086322941152
118,5,5,central,slightly_facing,None,y,2,4,central,slightly_facing,None,y,7.132812882391067
119,5,5,central,slightly_facing,None,y,2,4,central,slightly_facing,None,y,7.00128305361274
120,5,5,central,strongly_facing,None,y,2,4,central,strongly_facing,None,n,6.889800531517659
121,5,5,central,strongly_facing,None,y,2,4,central,strongly_facing,None,n,6.642688280472067
122,5,5,central,strongly_facing,None,y,2,4,central,strongly_facing,None,n,6.42849450680398
123,5,5,central,strongly_facing,None,y,2,4,central,strongly_facing,None,n,6.272267419711708
124,5,5,central,strongly_facing,None,y,2,4,central,strongly_facing,None,n,6.106730465420998
125,5,5,central,slightly_facing,None,y,2,4,central,strongly_facing,None,n,5.953479665317919
126,5,5,central,slightly_facing,None,y,2,4,central,strongly_facing,None,n,5.796735066492265
127,5,5,central,strongly_facing,None,y,2,4,central,strongly_facing,None,n,5.633814473172236
128,5,5,central,strongly_facing,None,y,2,4,central,strongly_facing,None,n,5.47344532726015
129,5,5,central,strongly_facing,None,y,2,4,central,strongly_facing,None,n,5.283238471593718
130,5,5,central,strongly_facing,None,m,2,4,central,strongly_facing,None,n,5.038555214478543
131,5,5,central,slightly_facing,None,y,2,4,central,strongly_facing,None,n,4.980299176393715
132,5,5,central,slightly_facing,None,m,2,4,central,strongly_facing,None,n,4.713925987793293
133,5,5,central,slightly_facing,None,y,2,4,central,strongly_facing,None,n,4.643710477088885
134,5,5,central,strongly_facing,None,y,2,4,central,strongly_facing,None,n,4.480886661910787
135,5,5,central,strongly_facing,None,m,2,4,central,strongly_facing,None,n,4.2299261242778226
136,5,5,central,strongly_facing,None,y,2,4,central,strongly_facing,None,n,4.130475769463484
137,5,5,central,strongly_facing,None,y,2,4,central,strongly_facing,None,n,3.917454006897078
138,5,5,central,slightly_facing,None,y,2,4,central,strongly_facing,None,n,3.7672189547268093
139,5,5,central,slightly_facing,None,y,2,4,central,strongly_facing,None,n,3.596652773441578
140,5,5,central,slightly_facing,None,y,2,4,central,strongly_facing,None,n,3.4467435015179135
141,5,5,central,strongly_facing,None,y,2,4,central,strongly_facing,None,n,3.285704367467345
142,5,5,central,strongly_facing,None,y,2,4,central,strongly_facing,None,n,3.1132757909682462
143,5,5,central,strongly_facing,None,y,2,4,central,strongly_facing,None,n,2.9511997221584263
144,5,5,central,slightly_facing,None,y,2,4,central,strongly_facing,None,n,2.734417211469562
145,5,5,central,slightly_facing,None,m,2,4,central,strongly_facing,None,n,2.5852948975675822
146,5,5,central,slightly_facing,None,y,2,4,central,strongly_facing,None,n,2.503411299991474
147,5,5,central,slightly_facing,None,m,2,4,central,strongly_facing,None,n,2.2778333626815175
148,5,5,central,slightly_facing,None,y,2,4,central,strongly_facing,None,n,2.2171026564471434
149,5,5,central,strongly_facing,None,y,2,4,central,strongly_facing,None,n,1.9362930313446858
150,5,5,central,slightly_facing,None,y,2,4,central,strongly_facing,None,n,1.7932621485730957
151,5,5,central,slightly_facing,None,y,2,4,central,strongly_facing,None,n,1.6464053343393281
152,5,5,central,slightly_facing,None,y,2,4,central,strongly_facing,None,n,1.4982463863467161
153,5,5,central,turned_away,None,n,2,4,central,strongly_facing,None,n,1.3966993621567196
154,5,5,central,slightly_facing,None,m,2,4,central,strongly_facing,None,n,1.4035300349265774
155,5,5,central,slightly_facing,None,n,2,4,central,strongly_facing,None,n,1.3872828096509335
