,imas_1,wti_1,viewing_area_1,body_facing_1,gesture_1,approaching_1,imas_2,wti_2,viewing_area_2,body_facing_2,gesture_2,approaching_2,distance
0,1,2,outside,turned_away,None,n,2,2,mid_peripheral,strongly_facing,None,n,21.843033469011807
1,1,2,outside,turned_away,None,n,2,2,mid_peripheral,strongly_facing,None,n,21.843033469011807
2,1,2,outside,turned_away,None,n,2,2,mid_peripheral,strongly_facing,None,n,21.843033469011807
3,1,2,mid_peripheral,slightly_facing,None,n,2,2,mid_peripheral,slightly_facing,None,n,21.840901833416034
4,1,2,mid_peripheral,slightly_facing,None,n,2,2,central,slightly_facing,None,y,21.681339840511168
5,1,2,mid_peripheral,slightly_facing,None,n,2,2,central,slightly_facing,None,y,21.533611396442723
6,1,2,mid_peripheral,slightly_facing,None,n,2,2,central,slightly_facing,None,y,21.22135856049808
7,1,2,mid_peripheral,slightly_facing,None,n,2,2,central,slightly_facing,None,y,21.04996648600717
8,1,2,mid_peripheral,slightly_facing,None,n,2,2,central,slightly_facing,None,y,20.921975718551845
9,1,2,mid_peripheral,slightly_facing,None,n,2,2,central,slightly_facing,None,y,20.77994699325696
10,1,2,mid_peripheral,slightly_facing,None,n,2,2,central,slightly_facing,None,y,20.585925055666294
11,1,2,mid_peripheral,slightly_facing,None,n,2,2,central,slightly_facing,None,y,20.403019554679258
12,1,2,mid_peripheral,slightly_facing,None,n,2,2,central,slightly_facing,None,m,20.19426560355302
13,1,2,mid_peripheral,slightly_facing,None,n,2,2,central,slightly_facing,None,y,20.105729237902136
14,1,2,mid_peripheral,slightly_facing,None,n,2,2,central,slightly_facing,None,y,19.822643759666505
15,1,2,mid_peripheral,slightly_facing,None,n,3,4,central,slightly_facing,arm_raise_high,y,19.63937881854039
16,2,2,central,slightly_facing,None,m,3,4,central,slightly_facing,arm_raise_high,m,19.51588841610653
17,2,2,central,slightly_facing,None,y,3,4,central,slightly_facing,arm_raise_high,y,19.42002282454889
18,2,2,central,slightly_facing,None,y,3,4,central,slightly_facing,arm_raise_high,y,19.286253862055247
19,2,2,central,slightly_facing,None,y,3,4,central,slightly_facing,arm_raise_high,y,19.163470818934755
20,2,2,central,slightly_facing,None,y,3,4,central,slightly_facing,arm_raise_high,y,18.980531861946673
21,2,2,central,slightly_facing,None,y,3,4,central,slightly_facing,arm_raise_high,y,18.820121250146343
22,2,2,central,slightly_facing,None,y,3,4,central,slightly_facing,arm_raise_high,y,18.654234058293845
23,2,2,central,slightly_facing,None,y,3,4,central,slightly_facing,arm_raise_high,y,18.535657249010622
24,2,2,central,slightly_facing,None,y,3,4,central,slightly_facing,arm_raise_high,y,18.38017018995994
25,2,2,central,slightly_facing,None,y,3,4,central,slightly_facing,arm_raise_high,y,18.278252681417364
26,2,2,central,slightly_facing,None,y,3,4,central,slightly_facing,arm_raise_high,y,18.15255686912067
27,2,2,central,slightly_facing,None,y,3,4,central,slightly_facing,arm_raise_high,y,17.95934713714059
28,2,2,central,slightly_facing,None,y,3,4,central,slightly_facing,arm_raise_high,y,17.7218050385514
29,2,2,central,slightly_facing,None,y,3,4,central,slightly_facing,arm_raise_high,y,17.537394362604413
30,2,2,central,slightly_facing,None,y,3,4,central,slightly_facing,arm_raise_high,y,17.354782955054496
31,2,2,central,slightly_facing,None,y,3,4,central,slightly_facing,arm_raise_high,y,17.13089880374226
32,2,4,central,slightly_facing,wave_fast_shoulder,y,3,4,central,slightly_facing,arm_raise_high,y,16.99870202822521
33,2,4,central,slightly_facing,wave_fast_shoulder,y,3,4,central,slightly_facing,arm_raise_high,y,16.816559969076792
34,2,4,central,slightly_facing,wave_fast_shoulder,y,3,4,central,slightly_facing,arm_raise_high,y,16.614876090235548
35,2,4,central,slightly_facing,wave_fast_shoulder,m,3,4,central,slightly_facing,arm_raise_high,m,16.330333918517436
36,2,4,central,slightly_facing,wave_fast_shoulder,y,3,4,central,slightly_facing,arm_raise_high,y,16.230767075476187
37,2,4,central,slightly_facing,wave_fast_shoulder,y,3,4,central,slightly_facing,arm_raise_high,y,16.018681430590632
38,2,4,central,slightly_facing,wave_fast_shoulder,y,3,4,central,slightly_facing,arm_raise_high,y,15.838171481867976
39,2,4,central,slightly_facing,wave_fast_shoulder,y,5,5,central,slightly_facing,None,y,15.673124114693728
40,2,4,central,slightly_facing,wave_fast_shoulder,y,5,5,central,slightly_facing,None,y,15.414778885262672
41,2,4,central,slightly_facing,wave_fast_shoulder,y,5,5,central,slightly_facing,None,y,15.24156652522243
42,2,4,central,slightly_facing,wave_fast_shoulder,y,5,5,central,slightly_facing,None,y,15.051714314333898
43,2,4,central,slightly_facing,wave_fast_shoulder,y,5,5,central,slightly_facing,None,y,14.900424154365004
44,2,4,central,slightly_facing,wave_fast_shoulder,y,5,5,central,slightly_facing,None,y,14.676885710150128
45,2,4,central,slightly_facing,wave_fast_shoulder,y,5,5,central,slightly_facing,None,y,14.48856823563767
46,2,4,central,slightly_facing,wave_fast_shoulder,y,5,5,central,strongly_facing,None,y,14.2978045472741
47,2,4,central,slightly_facing,wave_fast_shoulder,m,5,5,central,slightly_facing,None,m,14.152419698566494
48,2,4,central,slightly_facing,wave_fast_shoulder,y,5,5,central,strongly_facing,None,y,14.056916136167702
49,2,4,central,slightly_facing,wave_fast_shoulder,y,5,5,central,slightly_facing,None,y,13.684196919902167
50,2,4,central,slightly_facing,wave_fast_shoulder,y,5,5,central,slightly_facing,None,y,13.546797572297784
51,2,4,central,slightly_facing,wave_fast_shoulder,y,5,5,central,slightly_facing,None,y,13.350688543165703
52,2,4,central,slightly_facing,wave_fast_shoulder,y,5,5,central,slightly_facing,None,y,13.116434569381916
53,2,4,central,slightly_facing,wave_fast_shoulder,y,5,5,central,slightly_facing,None,y,12.922642148925773
54,2,4,central,slightly_facing,wave_fast_shoulder,y,5,5,central,slightly_facing,None,y,12.74083208459385
55,2,4,central,slightly_facing,wave_fast_shoulder,y,5,5,central,slightly_facing,None,y,12.535341087657129
56,2,4,central,slightly_facing,wave_fast_shoulder,y,5,5,central,slightly_facing,None,y,12.2398336799555
57,2,4,central,slightly_facing,wave_fast_shoulder,y,5,5,central,slightly_facing,None,y,12.088773352808667
58,2,4,central,slightly_facing,wave_fast_shoulder,y,5,5,central,slightly_facing,None,y,11.976499949561434
59,2,4,central,slightly_facing,wave_fast_shoulder,y,5,5,central,slightly_facing,None,y,11.763229385107687
60,2,4,central,slightly_facing,wave_fast_shoulder,y,5,5,central,slightly_facing,None,y,11.492918459605509
61,2,4,central,slightly_facing,wave_fast_shoulder,y,5,5,central,slightly_facing,None,y,11.237678349808244
62,2,4,central,slightly_facing,None,y,5,5,central,slightly_facing,None,y,11.023678545534299
63,2,4,central,slightly_facing,None,y,5,5,central,slightly_facing,None,y,10.864197878523473
64,2,4,central,slightly_facing,None,y,5,5,central,slightly_facing,None,y,10.702664329317864
65,2,4,central,slightly_facing,None,y,5,5,central,slightly_facing,None,y,10.532107992538817
66,2,4,central,slightly_facing,None,y,5,5,central,slightly_facing,None,y,10.279490049983025
67,2,4,central,slightly_facing,None,y,5,5,central,slightly_facing,None,y,10.06417385924572
68,2,4,central,slightly_facing,None,y,5,5,central,slightly_facing,None,y,9.836523582521615
69,2,4,central,slightly_facing,None,y,5,5,central,slightly_facing,None,y,9.568811385278584
70,2,4,central,slightly_facing,None,y,5,5,central,slightly_facing,None,y,9.35962144579005
71,2,4,central,slightly_facing,None,y,5,5,central,slightly_facing,None,y,9.244642227985528
72,2,4,central,slightly_facing,None,y,5,5,central,slightly_facing,None,y,9.10516634926375
73,2,4,central,slightly_facing,None,y,5,5,central,slightly_facing,None,y,8.839683236633538
74,2,4,central,slightly_facing,None,y,5,5,central,slightly_facing,None,y,8.582044320878563
75,2,4,central,slightly_facing,None,y,5,5,central,slightly_facing,None,y,8.329448903955708
76,2,4,central,slightly_facing,None,y,5,5,central,slightly_facing,None,y,8.084970823658981
77,2,4,central,slightly_facing,None,y,5,5,central,slightly_facing,None,y,7.858750389839977
78,2,4,central,slightly_facing,None,y,5,5,central,slightly_facing,None,y,7.68991760286845
79,2,4,central,slightly_facing,None,y,5,5,central,slightly_facing,None,y,7.4680065631193715
80,2,4,central,slightly_facing,None,y,5,5,central,slightly_facing,None,y,7.198171901873133
81,2,4,central,slightly_facing,None,y,5,5,central,slightly_facing,None,y,6.949712165162309
82,2,4,central,slightly_facing,None,y,5,5,central,slightly_facing,None,y,6.731514422086979
83,2,4,central,slightly_facing,None,y,5,5,central,slightly_facing,None,y,6.509416547971492
84,2,4,central,slightly_facing,None,y,5,5,central,slightly_facing,None,y,6.352824640026275
85,2,4,central,slightly_facing,None,y,5,5,central,slightly_facing,None,y,6.168219661372716
86,2,4,central,slightly_facing,None,y,5,5,central,slightly_facing,None,y,5.970439469264302
87,2,4,central,slightly_facing,None,y,5,5,central,slightly_facing,None,y,5.7532790212114655
88,2,4,central,slightly_facing,None,y,5,5,central,slightly_facing,None,y,5.518403477227268
89,2,4,central,slightly_facing,None,y,5,5,central,slightly_facing,None,y,5.252278595471982
90,2,4,central,slightly_facing,None,y,5,5,central,slightly_facing,None,y,4.951850853027781
91,2,4,central,slightly_facing,None,y,5,5,central,slightly_facing,None,y,4.742720903968945
92,2,4,central,slightly_facing,None,y,5,5,central,slightly_facing,None,y,4.515209230777679
93,2,4,central,slightly_facing,None,y,5,5,central,slightly_facing,None,y,4.308216147378166
94,2,4,central,slightly_facing,None,y,5,5,central,slightly_facing,None,y,4.0924411851177585
95,2,4,central,slightly_facing,None,y,5,5,central,slightly_facing,None,y,3.8625616845783863
96,2,4,central,slightly_facing,None,y,5,5,central,slightly_facing,None,y,3.5975422270523785
97,2,4,central,slightly_facing,None,y,5,5,central,slightly_facing,None,y,3.415906082194003
98,2,4,central,slightly_facing,None,y,5,5,central,slightly_facing,None,y,3.0181612868435246
99,2,4,central,slightly_facing,None,y,5,5,central,slightly_facing,None,y,2.8633746345586704
100,2,4,central,slightly_facing,None,y,5,5,central,slightly_facing,None,y,2.667624002803434
101,2,4,central,slightly_facing,None,y,5,5,central,slightly_facing,None,y,2.5259269195477576
102,2,4,central,slightly_facing,None,y,5,5,central,slightly_facing,None,y,2.3939279546661356
103,2,4,central,slightly_facing,None,y,5,5,central,slightly_facing,None,y,2.1635293130295254
104,2,4,central,turned_away,None,n,5,5,central,slightly_facing,None,y,2.032543067386518
105,2,4,central,strongly_facing,None,n,5,5,central,slightly_facing,None,y,1.904967543026913
106,2,4,central,strongly_facing,None,n,5,5,central,slightly_facing,None,y,1.7872428801894793
107,2,4,central,strongly_facing,None,n,5,5,central,slightly_facing,None,m,1.6503937296372588
108,2,4,central,strongly_facing,None,n,5,5,central,slightly_facing,None,m,1.565568239315356
109,2,4,central,strongly_facing,None,n,5,5,central,slightly_facing,None,y,1.4742075479097152
110,2,4,central,strongly_facing,None,n,5,5,central,turned_away,None,n,1.3010600136354196
111,2,4,central,strongly_facing,None,n,5,5,central,slightly_facing,None,m,1.314808608700901
112,2,4,central,strongly_facing,None,n,5,5,central,slightly_facing,None,m,1.293728970112751
113,2,4,central,strongly_facing,None,n,5,5,central,slightly_facing,None,m,1.280669900880391
114,2,4,central,strongly_facing,None,n,5,5,central,slightly_facing,None,n,1.2727539180257879
