,imas_1,wti_1,viewing_area_1,body_facing_1,gesture_1,approaching_1,imas_2,wti_2,viewing_area_2,body_facing_2,gesture_2,approaching_2,distance
0,2,2,outside,turned_away,None,n,2,2,central,slightly_facing,None,n,16.94838632901743
1,2,2,outside,turned_away,None,n,3,5,central,slightly_facing,None,n,16.94838632901743
2,2,2,outside,turned_away,None,n,3,5,central,slightly_facing,None,n,16.94838632901743
3,2,2,outside,turned_away,None,n,3,5,central,slightly_facing,None,n,16.94838632901743
4,2,2,outside,turned_away,None,n,3,5,central,slightly_facing,None,n,16.94838632901743
5,2,2,outside,turned_away,None,n,3,5,central,slightly_facing,None,n,16.94838632901743
6,2,2,outside,turned_away,None,n,3,5,central,slightly_facing,None,n,16.94838632901743
7,2,2,outside,turned_away,None,n,3,5,central,slightly_facing,None,n,16.94838632901743
8,2,2,outside,turned_away,None,n,3,5,central,slightly_facing,None,n,16.94838632901743
9,2,2,outside,turned_away,None,n,3,5,central,slightly_facing,None,n,16.94838632901743
10,2,2,outside,turned_away,None,n,3,5,central,slightly_facing,None,n,16.94838632901743
11,2,2,outside,turned_away,None,n,3,5,central,slightly_facing,None,n,16.94838632901743
12,2,2,outside,turned_away,None,n,3,5,central,slightly_facing,None,n,16.94838632901743
13,2,2,outside,turned_away,None,n,3,5,central,slightly_facing,wave_small_head,m,16.958261795066292
14,2,2,mid_peripheral,slightly_facing,None,n,3,5,central,slightly_facing,wave_small_head,m,16.984854085010205
15,2,2,mid_peripheral,slightly_facing,None,n,3,5,central,slightly_facing,wave_small_head,m,16.933731229436543
16,2,2,outside,slightly_facing,None,n,3,5,central,slightly_facing,wave_small_head,m,16.84479289865046
17,2,2,outside,slightly_facing,None,n,3,5,central,turned_away,wave_small_head,n,16.781145085519434
18,2,2,outside,slightly_facing,None,n,3,5,central,turned_away,wave_small_head,n,16.779168233783963
19,2,2,mid_peripheral,slightly_facing,None,n,3,5,central,turned_away,wave_small_head,n,16.783716455640956
20,2,2,mid_peripheral,slightly_facing,None,n,3,5,central,turned_away,wave_small_head,n,16.69920578012694
21,2,2,mid_peripheral,slightly_facing,None,n,3,5,central,turned_away,wave_small_head,n,16.66084656740218
22,2,2,mid_peripheral,slightly_facing,None,n,3,5,central,turned_away,wave_small_head,n,16.647721088507254
23,2,3,central,slightly_facing,None,m,3,5,central,turned_away,wave_small_head,n,16.60284622242901
24,2,3,central,slightly_facing,None,m,3,5,central,turned_away,wave_small_head,n,16.55882730470903
25,2,4,central,slightly_facing,arm_raise_high,m,3,5,central,turned_away,wave_small_head,n,16.519582377209325
26,2,4,central,slightly_facing,arm_raise_high,m,3,5,central,turned_away,wave_small_head,n,16.489983301647726
27,2,4,central,slightly_facing,arm_raise_high,m,3,5,central,turned_away,wave_small_head,n,16.445170008360513
28,2,4,central,slightly_facing,arm_raise_high,m,3,5,central,turned_away,wave_small_head,n,16.376176647176354
29,2,4,central,slightly_facing,arm_raise_high,m,3,5,central,slightly_facing,wave_small_head,m,16.291843710005324
30,2,4,central,slightly_facing,arm_raise_high,m,3,5,central,slightly_facing,wave_small_head,m,16.2028525797318
31,2,4,central,slightly_facing,arm_raise_high,m,3,5,central,slightly_facing,wave_small_head,m,16.13867947639363
32,2,4,central,slightly_facing,arm_raise_high,m,3,5,central,slightly_facing,wave_small_head,m,16.06125254344629
33,2,4,central,slightly_facing,arm_raise_high,m,3,5,central,slightly_facing,wave_small_head,m,16.006373793748853
34,2,4,central,slightly_facing,None,n,3,5,central,slightly_facing,wave_small_head,m,15.936212102512192
35,2,4,central,slightly_facing,None,n,3,5,central,slightly_facing,wave_small_head,m,15.866684093607748
36,2,4,central,slightly_facing,None,n,3,5,central,slightly_facing,wave_small_head,m,15.862628934881666
37,2,4,central,slightly_facing,None,n,3,5,central,slightly_facing,wave_small_head,m,15.837628490209408
38,2,4,central,slightly_facing,None,n,3,5,central,slightly_facing,wave_small_head,m,15.800005243356726
39,2,4,central,slightly_facing,None,n,3,5,central,slightly_facing,wave_small_head,y,15.70167415477726
40,2,4,central,slightly_facing,None,n,3,5,central,slightly_facing,wave_small_head,m,15.519503828411688
41,2,4,central,slightly_facing,arm_raise_high,y,3,5,central,slightly_facing,wave_small_head,y,15.448543083297402
42,2,4,central,slightly_facing,arm_raise_high,m,3,5,central,slightly_facing,wave_small_head,m,15.33981696422282
43,2,4,central,slightly_facing,arm_raise_high,y,3,5,central,slightly_facing,wave_small_head,y,15.249851645964627
44,2,4,central,slightly_facing,arm_raise_high,y,3,5,central,slightly_facing,wave_small_head,y,15.102984045245002
45,2,4,central,slightly_facing,arm_raise_high,y,3,5,central,slightly_facing,wave_small_head,y,14.9653343037432
46,2,4,central,slightly_facing,arm_raise_high,y,3,5,central,slightly_facing,wave_small_head,y,14.675818141343436
47,2,4,central,slightly_facing,arm_raise_high,y,3,5,central,slightly_facing,wave_small_head,y,14.487273539483011
48,2,4,central,slightly_facing,arm_raise_high,y,3,5,central,slightly_facing,wave_small_head,y,14.294805377017907
49,2,4,central,slightly_facing,arm_raise_high,y,3,5,central,slightly_facing,wave_small_head,y,14.185794897068863
50,2,4,central,slightly_facing,arm_raise_high,y,3,5,central,slightly_facing,wave_small_head,y,13.954719799088943
51,2,4,central,slightly_facing,arm_raise_high,y,3,5,central,slightly_facing,wave_small_head,y,13.774845167109973
52,2,4,central,slightly_facing,arm_raise_high,y,3,5,central,slightly_facing,wave_small_head,y,13.589998173222915
53,2,4,central,slightly_facing,None,y,3,5,central,slightly_facing,wave_small_head,y,13.389032915708164
54,2,4,central,slightly_facing,None,y,5,5,central,slightly_facing,None,y,13.224783490139599
55,2,4,central,slightly_facing,None,y,5,5,central,slightly_facing,None,y,13.08482254078038
56,2,4,central,slightly_facing,None,y,5,5,central,slightly_facing,None,y,12.830919524391454
57,2,4,central,slightly_facing,None,y,5,5,central,slightly_facing,None,y,12.617183860283602
58,2,4,central,slightly_facing,None,y,5,5,central,slightly_facing,None,y,12.480419486184791
59,2,4,central,slightly_facing,None,y,5,5,central,slightly_facing,None,y,12.311152411911936
60,2,4,central,slightly_facing,None,y,5,5,central,slightly_facing,None,y,12.134115792588798
61,2,4,central,slightly_facing,None,m,5,5,central,slightly_facing,None,m,11.961972896995627
62,2,4,central,slightly_facing,None,m,5,5,central,slightly_facing,None,m,11.89623946567124
63,2,4,central,slightly_facing,None,y,5,5,central,slightly_facing,None,y,11.821808381189799
64,2,4,central,slightly_facing,None,y,5,5,central,slightly_facing,None,y,11.627886262798798
65,2,4,central,slightly_facing,None,m,5,5,central,slightly_facing,None,m,11.47828596591843
66,2,4,central,slightly_facing,None,y,5,5,central,slightly_facing,None,y,11.435044926188663
67,2,4,central,slightly_facing,None,y,5,5,central,slightly_facing,None,y,11.330769298909688
68,2,4,central,slightly_facing,None,y,5,5,central,strongly_facing,None,y,11.159424805469591
69,2,4,central,slightly_facing,None,y,5,5,central,strongly_facing,None,y,10.968330350247196
70,2,4,central,slightly_facing,None,m,5,5,central,strongly_facing,None,m,10.868293308674085
71,2,4,central,turned_away,None,n,5,5,central,strongly_facing,None,y,10.77487817400178
72,2,4,central,turned_away,None,n,5,5,central,strongly_facing,None,y,10.654326625196823
73,2,4,central,slightly_facing,None,y,5,5,central,strongly_facing,None,y,10.519994995167863
74,2,4,central,slightly_facing,None,y,5,5,central,slightly_facing,None,y,10.399730432357995
75,2,4,central,slightly_facing,None,y,5,5,central,slightly_facing,None,y,10.220272467033842
76,2,4,central,slightly_facing,None,y,5,5,central,strongly_facing,None,y,10.109619962903157
77,2,4,central,turned_away,None,n,5,5,central,strongly_facing,None,y,9.962760666663478
78,2,4,central,turned_away,None,n,5,5,central,strongly_facing,None,m,9.783828974710563
79,2,4,central,turned_away,None,n,5,5,central,slightly_facing,None,y,9.728313607665463
80,2,4,central,strongly_facing,None,n,5,5,central,strongly_facing,None,y,9.595748393299235
81,2,4,central,strongly_facing,None,n,5,5,central,strongly_facing,None,m,9.460503857464515
82,2,4,central,strongly_facing,None,n,5,5,central,strongly_facing,None,y,9.367659321718525
83,2,4,central,strongly_facing,None,n,5,5,central,strongly_facing,None,m,9.22904012846493
84,2,4,central,strongly_facing,None,n,5,5,central,strongly_facing,None,y,9.130376477172232
85,2,4,central,strongly_facing,None,n,5,5,central,strongly_facing,None,y,8.961843174037416
86,2,4,central,strongly_facing,None,n,5,5,central,strongly_facing,None,y,8.830888444299193
87,2,4,central,strongly_facing,None,n,5,5,central,strongly_facing,None,m,8.666804029209379
88,2,4,central,strongly_facing,None,n,5,5,central,strongly_facing,None,y,8.590368748436818
89,2,4,central,strongly_facing,None,n,5,5,central,strongly_facing,None,y,8.486759145923367
90,2,4,central,strongly_facing,None,n,5,5,central,strongly_facing,None,y,8.351392942229094
91,2,4,central,strongly_facing,None,n,5,5,central,strongly_facing,None,y,8.185639630928119
92,2,4,central,strongly_facing,None,n,5,5,central,slightly_facing,None,y,8.007090794061224
93,2,4,central,strongly_facing,None,n,5,5,central,strongly_facing,None,y,7.893850613537221
94,2,4,central,strongly_facing,None,n,5,5,central,strongly_facing,None,m,7.754654273557532
95,2,4,central,strongly_facing,None,n,5,5,central,strongly_facing,None,y,7.6574259346585265
96,2,4,central,strongly_facing,None,n,5,5,central,strongly_facing,None,m,7.512715202580224
97,2,4,central,strongly_facing,None,n,5,5,central,strongly_facing,None,m,7.4127808448298245
98,2,4,central,strongly_facing,None,n,5,5,central,strongly_facing,None,y,7.316554061110738
99,2,4,central,strongly_facing,None,n,5,5,central,strongly_facing,None,y,7.171176108153109
100,2,4,central,strongly_facing,None,n,5,5,central,strongly_facing,None,y,7.021863731926519
101,2,4,central,strongly_facing,None,n,5,5,central,strongly_facing,None,y,6.914558486628057
102,2,4,central,strongly_facing,None,n,5,5,central,strongly_facing,None,m,6.764277749828578
103,2,4,central,strongly_facing,None,n,5,5,central,strongly_facing,None,y,6.671862956867441
104,2,4,central,strongly_facing,None,n,5,5,central,strongly_facing,None,y,6.547761893521552
105,2,4,central,strongly_facing,None,n,5,5,central,strongly_facing,None,y,6.437580056470674
106,2,4,central,strongly_facing,None,n,5,5,central,strongly_facing,None,y,6.293666991105966
107,2,4,central,strongly_facing,None,n,5,5,central,strongly_facing,None,y,6.184948486711997
108,2,4,central,strongly_facing,None,n,5,5,central,strongly_facing,None,m,6.047889138272952
109,2,4,central,strongly_facing,None,n,5,5,central,strongly_facing,None,y,5.959820965065632
110,2,4,central,strongly_facing,None,n,5,5,central,strongly_facing,None,y,5.667214081772445
111,2,4,central,strongly_facing,None,n,5,5,central,strongly_facing,None,y,5.538009425335512
112,2,4,central,strongly_facing,None,n,5,5,central,strongly_facing,None,y,5.393268846906939
113,2,4,central,strongly_facing,None,n,5,5,central,strongly_facing,None,y,5.287681172964192
114,2,4,central,strongly_facing,None,n,5,5,central,strongly_facing,None,y,5.148908398717636
115,2,4,central,strongly_facing,None,n,5,5,central,strongly_facing,None,y,5.03999505980482
116,2,4,central,strongly_facing,None,n,5,5,central,strongly_facing,None,y,4.902781119595796
117,2,4,central,strongly_facing,None,n,5,5,central,strongly_facing,None,y,4.7548110796177765
118,2,4,central,strongly_facing,None,n,5,5,central,slightly_facing,None,y,4.611884836099879
119,2,4,central,strongly_facing,None,n,5,5,central,slightly_facing,None,m,4.455844906621532
120,2,4,central,strongly_facing,None,n,5,5,central,strongly_facing,None,y,4.356992569941448
121,2,4,central,strongly_facing,None,n,5,5,central,strongly_facing,None,y,4.223836667687447
122,2,4,central,strongly_facing,None,n,5,5,central,strongly_facing,None,m,4.055607319204488
123,2,4,central,strongly_facing,None,n,5,5,central,strongly_facing,None,y,3.963658628501703
124,2,4,central,strongly_facing,None,n,5,5,central,strongly_facing,None,y,3.830015699168468
125,2,4,central,strongly_facing,None,n,5,5,central,strongly_facing,None,m,3.6812640493487967
126,2,4,central,strongly_facing,None,n,5,5,central,slightly_facing,None,y,3.583513811291367
127,2,4,central,strongly_facing,None,n,5,5,central,slightly_facing,None,y,3.419479961281968
128,2,4,central,strongly_facing,None,n,5,5,central,slightly_facing,None,y,3.3160253487378544
129,2,4,central,strongly_facing,None,n,5,5,central,strongly_facing,None,y,3.1854878141479337
130,2,4,central,strongly_facing,None,n,5,5,central,strongly_facing,None,y,3.048379914342864
131,2,4,central,strongly_facing,None,n,5,5,central,strongly_facing,None,y,2.8626231244997955
132,2,4,central,strongly_facing,None,n,5,5,central,strongly_facing,None,y,2.7613358517659514
133,2,4,central,strongly_facing,None,n,5,5,central,strongly_facing,None,y,2.6085117991874216
134,2,4,central,strongly_facing,None,n,5,5,central,slightly_facing,None,y,2.482106239621701
135,2,4,central,strongly_facing,None,n,5,5,central,slightly_facing,None,y,2.309572933100182
136,2,4,central,strongly_facing,None,n,5,5,central,slightly_facing,None,m,2.169002435398583
137,2,4,central,strongly_facing,None,n,5,5,central,slightly_facing,None,m,2.0766049827552715
138,2,4,central,strongly_facing,None,n,5,5,central,strongly_facing,None,m,1.9904251637195485
139,2,4,central,strongly_facing,None,n,5,5,central,strongly_facing,None,y,1.9023377016192482
140,2,4,central,strongly_facing,None,n,5,5,central,strongly_facing,None,m,1.792082659718844
141,2,4,central,strongly_facing,None,n,5,5,central,turned_away,None,n,1.7012231329422922
142,2,4,central,strongly_facing,None,n,5,5,central,slightly_facing,None,m,1.7150894416889746
143,2,4,central,strongly_facing,None,n,5,5,central,strongly_facing,None,m,1.7030900009206753
144,2,4,central,strongly_facing,None,n,5,5,central,slightly_facing,None,m,1.6916566099563477
145,2,4,central,strongly_facing,None,n,5,5,central,slightly_facing,None,n,1.6800674082943765
