,imas_1,wti_1,viewing_area_1,body_facing_1,gesture_1,approaching_1,imas_2,wti_2,viewing_area_2,body_facing_2,gesture_2,approaching_2,distance
0,1,2,mid_peripheral,slightly_facing,None,n,2,2,outside,turned_away,None,n,16.06974238915936
1,1,2,mid_peripheral,slightly_facing,None,n,2,2,outside,turned_away,None,n,16.06974238915936
2,1,2,mid_peripheral,slightly_facing,None,n,2,2,outside,turned_away,None,n,16.06974238915936
3,1,2,mid_peripheral,slightly_facing,None,n,2,2,outside,turned_away,None,n,16.06974238915936
4,1,2,mid_peripheral,slightly_facing,None,n,2,2,outside,turned_away,None,n,16.06974238915936
5,1,2,mid_peripheral,slightly_facing,None,n,2,2,outside,turned_away,None,n,16.06974238915936
6,1,2,mid_peripheral,slightly_facing,None,n,2,2,outside,turned_away,None,n,16.06974238915936
7,1,2,outside,slightly_facing,None,n,2,2,outside,turned_away,None,n,16.061133902320755
8,1,2,mid_peripheral,slightly_facing,None,n,2,2,outside,turned_away,None,n,16.060163763020597
9,1,2,mid_peripheral,slightly_facing,None,n,2,2,outside,turned_away,None,n,15.979106444136386
10,1,2,mid_peripheral,slightly_facing,None,n,2,2,outside,turned_away,None,n,15.94403122961157
11,1,2,mid_peripheral,slightly_facing,None,n,2,2,outside,turned_away,None,n,15.867171419132177
12,1,2,mid_peripheral,slightly_facing,None,n,2,2,outside,turned_away,None,n,15.761629311868298
13,1,2,mid_peripheral,slightly_facing,None,n,2,2,outside,turned_away,None,n,15.68796636172477
14,1,2,mid_peripheral,slightly_facing,None,n,2,2,outside,turned_away,None,n,15.595618692319734
15,1,2,mid_peripheral,slightly_facing,None,n,2,2,outside,turned_away,None,n,15.520802259298229
16,1,2,mid_peripheral,slightly_facing,None,n,2,2,outside,turned_away,None,n,15.423190903005576
17,1,2,mid_peripheral,slightly_facing,None,n,2,2,outside,turned_away,None,n,15.400846047411813
18,1,2,mid_peripheral,slightly_facing,None,n,2,2,outside,turned_away,None,n,15.413668522871149
19,1,2,mid_peripheral,slightly_facing,None,n,2,2,outside,turned_away,None,n,15.454138396411283
20,1,2,mid_peripheral,slightly_facing,None,n,2,2,outside,turned_away,None,n,15.49742850546825
21,1,2,mid_peripheral,slightly_facing,None,n,2,2,outside,turned_away,None,n,15.587997121721854
22,1,2,mid_peripheral,slightly_facing,None,n,2,2,outside,turned_away,None,n,15.636888630677932
23,1,2,mid_peripheral,slightly_facing,None,n,2,2,outside,turned_away,None,n,15.69202611452469
24,1,2,mid_peripheral,slightly_facing,None,n,2,3,central,turned_away,None,n,15.76532321225419
25,1,2,mid_peripheral,slightly_facing,None,n,2,4,central,turned_away,arm_raise_high,n,15.798998550716938
26,1,2,mid_peripheral,slightly_facing,None,n,2,4,central,turned_away,arm_raise_high,n,15.865713986118774
27,1,2,mid_peripheral,slightly_facing,None,n,2,4,central,turned_away,arm_raise_high,n,15.83374398515162
28,2,2,central,slightly_facing,None,m,2,4,central,turned_away,arm_raise_high,n,15.819969507315053
29,2,2,central,slightly_facing,None,m,2,4,central,turned_away,arm_raise_high,n,15.800585507458305
30,2,2,central,slightly_facing,None,m,2,4,central,turned_away,arm_raise_high,n,15.833605059280108
31,2,2,central,slightly_facing,None,m,2,4,central,turned_away,arm_raise_high,n,15.81241223769479
32,2,2,central,slightly_facing,None,m,2,4,central,turned_away,arm_raise_high,n,15.798766034780334
33,2,2,central,slightly_facing,None,m,2,4,central,turned_away,arm_raise_high,n,15.766108165093916
34,2,2,central,slightly_facing,None,m,2,4,central,turned_away,arm_raise_high,n,15.7540465017469
35,2,2,central,slightly_facing,None,m,2,4,central,turned_away,arm_raise_high,n,15.691302916719343
36,2,2,central,slightly_facing,None,m,2,4,central,turned_away,arm_raise_high,n,15.664024661451382
37,2,2,central,slightly_facing,None,m,2,4,central,turned_away,arm_raise_high,n,15.624937439673321
38,2,2,central,slightly_facing,None,m,2,4,central,turned_away,arm_raise_high,n,15.610171603216731
39,2,2,central,slightly_facing,None,m,2,4,central,turned_away,arm_raise_high,n,15.606899912477234
40,2,2,central,slightly_facing,None,m,2,4,central,turned_away,arm_raise_high,n,15.584995019457562
41,2,2,central,slightly_facing,None,m,2,4,central,turned_away,arm_raise_high,n,15.592544325817165
42,2,2,central,slightly_facing,None,m,2,4,central,turned_away,arm_raise_high,n,15.6029746360254
43,2,2,central,slightly_facing,None,m,2,4,central,slightly_facing,arm_raise_high,m,15.579281551717747
44,2,2,central,slightly_facing,None,m,2,4,central,turned_away,arm_raise_high,n,15.52014511721002
45,2,2,central,slightly_facing,None,m,2,4,central,turned_away,arm_raise_high,n,15.487817453550546
46,2,2,central,slightly_facing,None,y,2,4,central,turned_away,arm_raise_high,n,15.460276379438309
47,2,2,central,slightly_facing,None,m,2,4,central,turned_away,arm_raise_high,n,15.31164546423225
48,2,2,central,slightly_facing,None,m,2,4,central,turned_away,arm_raise_high,n,15.272110459916929
49,2,2,central,slightly_facing,None,m,2,4,central,turned_away,arm_raise_high,n,15.273080381835554
50,2,2,central,slightly_facing,None,m,2,4,central,turned_away,arm_raise_high,n,15.241551692974046
51,2,2,central,slightly_facing,None,m,2,4,central,turned_away,arm_raise_high,n,15.205654823972441
52,2,2,central,slightly_facing,None,m,2,4,central,slightly_facing,arm_raise_high,m,15.134668927149349
53,3,4,central,slightly_facing,wave_small_head,y,2,4,central,slightly_facing,arm_raise_high,y,15.06021183329188
54,3,4,central,slightly_facing,wave_small_head,m,2,4,central,strongly_facing,arm_raise_high,m,14.945125423716728
55,3,4,central,slightly_facing,wave_small_head,m,2,4,central,slightly_facing,arm_raise_high,m,14.857900160099103
56,3,4,central,slightly_facing,wave_small_head,y,2,4,central,slightly_facing,arm_raise_high,y,14.774627059050664
57,3,4,central,slightly_facing,wave_small_head,y,2,4,central,slightly_facing,arm_raise_high,y,14.648735734070195
58,3,4,central,slightly_facing,wave_small_head,m,2,4,central,slightly_facing,arm_raise_high,m,14.452142227523398
59,3,4,central,slightly_facing,wave_small_head,m,2,4,central,slightly_facing,arm_raise_high,m,14.364608718308896
60,3,4,central,slightly_facing,wave_small_head,m,2,4,central,slightly_facing,arm_raise_high,m,14.28623863609453
61,3,4,central,slightly_facing,wave_small_head,y,2,4,central,slightly_facing,arm_raise_high,y,14.194463788587607
62,3,4,central,slightly_facing,wave_small_head,y,2,4,central,slightly_facing,arm_raise_high,y,14.037650870567898
63,4,4,central,slightly_facing,None,y,2,4,central,strongly_facing,arm_raise_high,y,13.831136307940875
64,4,4,central,slightly_facing,None,y,2,4,central,slightly_facing,arm_raise_high,y,13.630575831450267
65,4,4,central,slightly_facing,None,m,2,4,central,slightly_facing,arm_raise_high,m,13.468632901716633
66,4,4,central,slightly_facing,None,m,2,4,central,strongly_facing,arm_raise_high,m,13.396757960747406
67,4,4,central,slightly_facing,None,m,2,4,central,slightly_facing,arm_raise_high,m,13.352454185697736
68,4,4,central,slightly_facing,None,y,2,4,central,slightly_facing,arm_raise_high,y,13.287081677395717
69,4,4,central,slightly_facing,None,y,2,4,central,slightly_facing,arm_raise_high,y,13.108216452610938
70,4,4,central,slightly_facing,None,y,2,4,central,slightly_facing,arm_raise_high,y,13.005953755919709
71,4,4,central,slightly_facing,None,y,2,4,central,slightly_facing,arm_raise_high,y,12.818342626631768
72,4,4,central,strongly_facing,None,y,2,4,central,slightly_facing,arm_raise_high,y,12.493602412499683
73,4,4,central,slightly_facing,None,y,2,4,central,slightly_facing,arm_raise_high,y,12.17221560958119
74,4,4,central,slightly_facing,None,y,2,4,central,slightly_facing,arm_raise_high,y,11.96064359791583
75,4,4,central,strongly_facing,None,y,2,4,central,slightly_facing,arm_raise_high,y,11.730215493010057
76,4,4,central,strongly_facing,None,y,2,4,central,slightly_facing,arm_raise_high,y,11.32557469545387
77,4,4,central,strongly_facing,None,y,2,4,central,slightly_facing,arm_raise_high,y,11.054970810450564
78,4,4,central,strongly_facing,None,y,2,4,central,slightly_facing,arm_raise_high,y,10.79650417140053
79,4,4,central,slightly_facing,None,y,2,4,central,slightly_facing,arm_raise_high,y,10.595109646896764
80,4,4,central,strongly_facing,None,y,2,4,central,slightly_facing,arm_raise_high,y,10.345661386999915
81,4,4,central,strongly_facing,None,y,2,4,central,turned_away,arm_raise_high,n,9.992769716972616
82,4,4,central,strongly_facing,None,y,2,4,central,turned_away,arm_raise_high,n,9.857000895507564
83,4,4,central,slightly_facing,None,y,2,4,central,slightly_facing,arm_raise_high,y,9.646198804981829
84,4,4,central,strongly_facing,None,y,2,4,central,slightly_facing,arm_raise_high,y,9.381330660740417
85,4,4,central,strongly_facing,None,y,2,4,central,slightly_facing,arm_raise_high,y,9.146953396118297
86,4,4,central,strongly_facing,None,y,2,4,central,strongly_facing,arm_raise_high,y,8.857634662271074
87,4,4,central,strongly_facing,None,y,2,4,central,strongly_facing,None,n,8.506645086284268
88,4,4,central,slightly_facing,None,y,2,4,central,strongly_facing,None,n,8.259356646424779
89,4,4,central,strongly_facing,None,y,2,4,central,strongly_facing,None,n,8.054030443045583
90,4,4,central,strongly_facing,None,y,2,4,central,strongly_facing,None,n,7.828770650595533
91,4,4,central,strongly_facing,None,y,2,4,central,strongly_facing,None,n,7.633805770524953
92,4,4,central,slightly_facing,None,y,2,4,central,strongly_facing,None,n,7.3514636011678665
93,4,4,central,slightly_facing,None,y,2,4,central,strongly_facing,None,n,7.143230324211105
94,4,4,central,strongly_facing,None,y,2,4,central,strongly_facing,None,n,6.832720712945394
95,4,4,central,strongly_facing,None,y,2,4,central,strongly_facing,None,n,6.576452719183056
96,4,4,central,slightly_facing,None,y,2,4,central,strongly_facing,None,n,6.252438354184721
97,4,4,central,slightly_facing,None,y,2,4,central,strongly_facing,None,n,6.015159826306613
98,4,4,central,slightly_facing,None,y,2,4,central,strongly_facing,None,n,5.906441656843823
99,4,4,central,slightly_facing,None,y,2,4,central,strongly_facing,None,n,5.682810868666755
100,4,4,central,strongly_facing,None,y,2,4,central,strongly_facing,None,n,5.42756902668856
101,4,4,central,slightly_facing,None,y,2,4,central,strongly_facing,None,n,5.287409867910011
102,4,4,central,slightly_facing,None,y,2,4,central,strongly_facing,None,n,5.078823572325088
103,4,4,central,slightly_facing,None,y,2,4,central,strongly_facing,None,n,4.8763098675461585
104,4,4,central,strongly_facing,None,y,2,4,central,strongly_facing,None,n,4.6940925694672835
105,4,4,central,strongly_facing,None,m,2,4,central,strongly_facing,None,n,4.321566832153936
106,4,4,central,strongly_facing,None,y,2,4,central,strongly_facing,None,n,4.225448542581015
107,4,4,central,slightly_facing,None,y,2,4,central,strongly_facing,None,n,4.010547215755603
108,4,4,central,slightly_facing,None,y,2,4,central,strongly_facing,None,n,3.7569700593357176
109,4,4,central,slightly_facing,None,y,2,4,central,strongly_facing,None,n,3.566440402839932
110,4,4,central,slightly_facing,None,m,2,4,central,strongly_facing,None,n,3.231515742756179
111,4,4,central,slightly_facing,None,y,2,4,central,strongly_facing,None,n,3.150593055777599
112,4,4,central,slightly_facing,None,y,2,4,central,strongly_facing,None,n,2.8169366282981967
113,4,4,central,slightly_facing,None,y,2,4,central,strongly_facing,None,n,2.633453665074255
114,4,4,central,slightly_facing,None,y,2,4,central,strongly_facing,None,n,2.3727689364137445
115,4,4,central,slightly_facing,None,y,2,4,central,strongly_facing,None,n,2.2654936276346067
116,4,4,central,slightly_facing,None,y,2,4,central,strongly_facing,None,n,2.0344687053756845
117,4,4,central,slightly_facing,None,m,2,4,central,strongly_facing,None,n,1.8532711185495852
118,4,4,central,slightly_facing,None,m,2,4,central,strongly_facing,None,n,1.8382044177696952
119,4,4,central,slightly_facing,None,n,2,4,central,strongly_facing,None,n,1.8012421540625818
