,imas_1,wti_1,viewing_area_1,body_facing_1,gesture_1,approaching_1,imas_2,wti_2,viewing_area_2,body_facing_2,gesture_2,approaching_2,distance
0,2,2,mid_peripheral,strongly_facing,None,n,2,3,outside,turned_away,None,n,32.1375562126537
1,2,2,mid_peripheral,strongly_facing,None,n,2,3,outside,turned_away,None,n,32.1375562126537
2,2,2,mid_peripheral,strongly_facing,None,n,2,3,outside,turned_away,None,n,32.1375562126537
3,2,2,mid_peripheral,strongly_facing,None,n,2,3,outside,turned_away,None,n,32.1375562126537
4,2,2,mid_peripheral,strongly_facing,None,n,2,3,outside,turned_away,None,n,32.1375562126537
5,2,2,mid_peripheral,strongly_facing,None,n,2,3,outside,turned_away,None,n,32.1375562126537
6,2,2,mid_peripheral,strongly_facing,None,n,2,3,outside,turned_away,None,n,32.1375562126537
7,2,2,mid_peripheral,strongly_facing,None,n,2,3,mid_peripheral,slightly_facing,None,n,32.17276824863308
8,2,2,mid_peripheral,strongly_facing,None,n,2,3,mid_peripheral,slightly_facing,None,n,32.16945877644237
9,2,2,mid_peripheral,strongly_facing,None,n,2,3,mid_peripheral,strongly_facing,None,n,32.122607091399814
10,2,2,mid_peripheral,slightly_facing,None,n,2,3,mid_peripheral,strongly_facing,None,n,31.873361521980723
11,2,2,mid_peripheral,slightly_facing,None,n,2,3,mid_peripheral,strongly_facing,None,n,31.766219224897142
12,2,2,mid_peripheral,slightly_facing,None,n,2,3,mid_peripheral,slightly_facing,None,n,31.594959624689288
13,2,2,mid_peripheral,slightly_facing,None,n,2,3,mid_peripheral,slightly_facing,None,n,31.3127472010079
14,2,2,mid_peripheral,slightly_facing,None,n,2,3,mid_peripheral,slightly_facing,None,n,31.007432300490233
15,2,2,mid_peripheral,slightly_facing,None,n,2,3,mid_peripheral,slightly_facing,None,n,30.77067000573613
16,2,2,mid_peripheral,strongly_facing,None,n,2,3,mid_peripheral,slightly_facing,None,n,30.583818878868154
17,2,2,mid_peripheral,strongly_facing,None,n,3,4,central,slightly_facing,None,y,30.287038947488284
18,2,2,mid_peripheral,strongly_facing,None,n,3,4,central,strongly_facing,None,y,30.0510003036602
19,2,2,mid_peripheral,slightly_facing,None,n,3,4,central,slightly_facing,None,y,29.81943094555892
20,2,2,mid_peripheral,slightly_facing,None,n,3,4,central,slightly_facing,None,m,29.64339018834715
21,2,2,mid_peripheral,slightly_facing,None,n,3,4,central,slightly_facing,None,n,29.56314498970455
22,2,2,mid_peripheral,slightly_facing,None,n,3,4,central,slightly_facing,None,y,29.51519336287054
23,2,2,mid_peripheral,slightly_facing,None,n,3,4,central,slightly_facing,None,y,29.221289496871684
24,2,2,mid_peripheral,slightly_facing,None,n,3,4,central,slightly_facing,None,y,29.011774236685213
25,2,2,mid_peripheral,slightly_facing,None,n,3,4,central,slightly_facing,None,y,28.79507320846009
26,2,2,mid_peripheral,slightly_facing,None,n,3,4,central,slightly_facing,None,y,28.603058742792896
27,2,2,mid_peripheral,strongly_facing,None,n,3,4,central,slightly_facing,None,y,28.464374180887166
28,2,2,mid_peripheral,strongly_facing,None,n,3,4,central,strongly_facing,None,y,28.24089495807454
29,2,2,mid_peripheral,strongly_facing,None,n,3,4,central,strongly_facing,None,y,28.065409224516735
30,2,2,mid_peripheral,slightly_facing,None,n,3,4,central,slightly_facing,None,m,27.912809910209052
31,2,2,mid_peripheral,slightly_facing,None,n,3,4,central,slightly_facing,None,y,27.831255590065012
32,2,2,mid_peripheral,slightly_facing,None,n,3,4,central,slightly_facing,None,y,27.60632603842938
33,2,2,mid_peripheral,slightly_facing,None,n,3,4,central,slightly_facing,None,y,27.43593330057106
34,2,2,mid_peripheral,slightly_facing,None,n,3,4,central,slightly_facing,None,y,27.253285384368358
35,2,2,mid_peripheral,slightly_facing,None,n,3,4,central,slightly_facing,None,y,27.0745441334351
36,2,2,mid_peripheral,slightly_facing,None,n,3,4,central,slightly_facing,None,y,26.9371307977424
37,2,2,mid_peripheral,slightly_facing,None,n,3,4,central,slightly_facing,None,y,26.728318880309867
38,2,2,central,strongly_facing,None,y,3,4,central,slightly_facing,None,y,26.614127455202905
39,2,2,central,strongly_facing,None,y,3,4,central,slightly_facing,None,y,26.380925727660298
40,2,2,central,strongly_facing,None,y,2,4,central,slightly_facing,wave_small_head,y,26.24030549813706
41,2,2,central,slightly_facing,None,y,2,4,central,slightly_facing,wave_small_head,y,26.11589632758971
42,2,2,central,slightly_facing,None,y,2,4,central,slightly_facing,wave_small_head,y,25.913336568572273
43,2,2,central,slightly_facing,None,y,2,4,central,slightly_facing,wave_small_head,y,25.787051554667855
44,2,2,central,slightly_facing,None,y,2,4,central,slightly_facing,wave_small_head,y,25.58477890219193
45,2,2,central,slightly_facing,None,y,2,4,central,slightly_facing,wave_small_head,y,25.444447096175704
46,2,2,central,slightly_facing,None,y,2,4,central,slightly_facing,wave_small_head,y,25.24129475233915
47,2,2,central,slightly_facing,None,y,2,4,central,slightly_facing,wave_small_head,y,25.102243423099583
48,2,2,central,slightly_facing,None,y,2,4,central,slightly_facing,wave_small_head,y,24.954045587536005
49,2,2,central,strongly_facing,None,y,2,4,central,slightly_facing,wave_small_head,y,24.782377040341252
50,2,2,central,strongly_facing,None,y,2,4,central,slightly_facing,wave_small_head,y,24.60450877861139
51,2,2,central,slightly_facing,None,y,2,4,central,slightly_facing,wave_small_head,y,24.421906174484192
52,2,2,central,slightly_facing,None,y,2,4,central,slightly_facing,wave_small_head,y,24.29975337064401
53,2,2,central,slightly_facing,None,y,2,4,central,slightly_facing,wave_small_head,y,24.17071059356396
54,2,3,central,slightly_facing,arm_raise_high,y,2,4,central,slightly_facing,wave_small_head,y,23.93645667135493
55,2,3,central,slightly_facing,arm_raise_high,y,2,4,central,slightly_facing,wave_small_head,y,23.739191169255307
56,2,3,central,slightly_facing,arm_raise_high,y,2,4,central,slightly_facing,wave_small_head,y,23.557688690332085
57,2,3,central,slightly_facing,arm_raise_high,y,2,4,central,slightly_facing,wave_small_head,y,23.39654526601569
58,2,3,central,slightly_facing,arm_raise_high,y,2,4,central,slightly_facing,wave_small_head,y,23.241124610276028
59,2,3,central,strongly_facing,arm_raise_high,y,2,4,central,slightly_facing,wave_small_head,y,23.012084271744296
60,2,3,central,slightly_facing,arm_raise_high,y,2,4,central,strongly_facing,wave_small_head,y,22.820580746185097
61,2,3,central,slightly_facing,arm_raise_high,y,2,4,central,strongly_facing,wave_small_head,y,22.644458291873214
62,2,3,central,slightly_facing,arm_raise_high,y,2,4,central,strongly_facing,wave_small_head,y,22.497901736632603
63,2,3,central,slightly_facing,arm_raise_high,y,2,4,central,strongly_facing,wave_small_head,y,22.365032534757223
64,2,3,central,slightly_facing,arm_raise_high,y,2,4,central,slightly_facing,wave_small_head,y,22.18291345075991
65,2,3,central,slightly_facing,arm_raise_high,y,2,4,central,slightly_facing,wave_small_head,y,21.957409512448866
66,2,3,central,slightly_facing,arm_raise_high,y,2,4,central,slightly_facing,wave_small_head,y,21.764427495610402
67,2,3,central,slightly_facing,arm_raise_high,y,2,4,central,slightly_facing,wave_small_head,y,21.547526027413358
68,2,3,central,slightly_facing,arm_raise_high,y,2,4,central,slightly_facing,None,y,21.393862228735514
69,2,3,central,slightly_facing,arm_raise_high,y,2,4,central,slightly_facing,None,y,21.214522066599688
70,2,3,central,slightly_facing,arm_raise_high,y,2,4,central,slightly_facing,None,y,21.064898845472246
71,5,5,central,slightly_facing,None,y,2,4,central,strongly_facing,None,y,20.886642019452818
72,5,5,central,slightly_facing,None,y,2,4,central,strongly_facing,None,y,20.621880826281828
73,5,5,central,slightly_facing,None,y,2,4,central,strongly_facing,None,y,20.476191664303418
74,5,5,central,slightly_facing,None,y,2,4,central,strongly_facing,None,y,20.334189518808884
75,5,5,central,slightly_facing,None,y,2,4,central,slightly_facing,None,y,20.15607393279319
76,5,5,central,slightly_facing,None,y,2,4,central,slightly_facing,None,y,20.010619822305603
77,5,5,central,slightly_facing,None,y,2,4,central,slightly_facing,None,y,19.85012438413311
78,5,5,central,slightly_facing,None,y,2,4,central,slightly_facing,None,y,19.678144118320844
79,5,5,central,slightly_facing,None,y,2,4,central,slightly_facing,None,y,19.417644777610004
80,5,5,central,slightly_facing,None,y,2,4,central,slightly_facing,None,y,19.238297458694856
81,5,5,central,strongly_facing,None,y,2,4,central,slightly_facing,None,y,19.102570390668724
82,5,5,central,strongly_facing,None,y,2,4,central,slightly_facing,None,y,18.911400672879655
83,5,5,central,strongly_facing,None,y,2,4,central,slightly_facing,None,y,18.67275536552988
84,5,5,central,strongly_facing,None,y,2,4,central,slightly_facing,None,y,18.44441637514803
85,5,5,central,slightly_facing,None,y,2,4,central,slightly_facing,None,y,18.27350244206031
86,5,5,central,slightly_facing,None,y,2,4,central,slightly_facing,None,y,18.051336553321978
87,5,5,central,slightly_facing,None,y,2,4,central,slightly_facing,None,y,17.725434753785784
88,5,5,central,slightly_facing,None,y,2,4,central,slightly_facing,None,y,17.48913345084156
89,5,5,central,slightly_facing,None,y,2,4,central,slightly_facing,None,y,17.29615951639568
90,5,5,central,slightly_facing,None,y,2,4,central,slightly_facing,None,y,17.09027329209185
91,5,5,central,slightly_facing,None,y,2,4,central,slightly_facing,None,y,16.818834965802626
92,5,5,central,slightly_facing,None,y,2,4,central,slightly_facing,None,y,16.669438902792404
93,5,5,central,slightly_facing,None,y,2,4,central,slightly_facing,None,y,16.311106051332295
94,5,5,central,slightly_facing,None,y,2,4,central,slightly_facing,None,y,16.09188477225089
95,5,5,central,slightly_facing,None,y,2,4,central,slightly_facing,None,y,15.83956028284876
96,5,5,central,slightly_facing,None,y,2,4,central,slightly_facing,None,y,15.612519896516899
97,5,5,central,slightly_facing,None,y,2,4,central,slightly_facing,None,y,15.358959644263704
98,5,5,central,slightly_facing,None,y,2,4,central,slightly_facing,None,y,15.135525124622168
99,5,5,central,slightly_facing,None,y,2,4,central,slightly_facing,None,y,14.930392499663395
100,5,5,central,slightly_facing,None,y,2,4,central,slightly_facing,None,y,14.713541545561352
101,5,5,central,slightly_facing,None,y,2,4,central,slightly_facing,None,y,14.442507053643595
102,5,5,central,slightly_facing,None,y,2,4,central,slightly_facing,None,y,14.216844616956674
103,5,5,central,slightly_facing,None,y,2,4,central,slightly_facing,None,y,14.025255232324044
104,5,5,central,slightly_facing,None,y,2,4,central,slightly_facing,None,y,13.806242943474663
105,5,5,central,slightly_facing,None,y,2,4,central,slightly_facing,None,y,13.599067053028973
106,5,5,central,slightly_facing,None,y,2,4,central,slightly_facing,None,y,13.379020932737532
107,5,5,central,slightly_facing,None,y,2,4,central,slightly_facing,None,y,12.99196908008636
108,5,5,central,slightly_facing,None,y,2,4,central,slightly_facing,None,y,12.774354489298393
109,5,5,central,slightly_facing,None,y,2,4,central,slightly_facing,None,y,12.530141345493993
110,5,5,central,slightly_facing,None,y,2,4,central,slightly_facing,None,y,12.275914021825013
111,5,5,central,slightly_facing,None,y,2,4,central,slightly_facing,None,y,12.077099061405477
112,5,5,central,slightly_facing,None,y,2,4,central,slightly_facing,None,y,11.867663970157603
113,5,5,central,slightly_facing,None,y,2,4,central,slightly_facing,None,y,11.631123439113173
114,5,5,central,slightly_facing,None,y,2,4,central,slightly_facing,None,y,11.41422699727406
115,5,5,central,slightly_facing,None,y,2,4,central,slightly_facing,None,y,11.118545394589793
116,5,5,central,slightly_facing,None,y,2,4,central,slightly_facing,None,y,10.997666293698952
117,5,5,central,slightly_facing,None,y,2,4,central,slightly_facing,None,y,10.724171338039405
118,5,5,central,slightly_facing,None,y,2,4,central,slightly_facing,None,y,10.541234336446951
119,5,5,central,strongly_facing,None,y,2,4,central,slightly_facing,None,y,10.341022415905025
120,5,5,central,strongly_facing,None,y,2,4,central,slightly_facing,None,y,10.055049205422327
121,5,5,central,slightly_facing,None,y,2,4,central,slightly_facing,None,y,9.887759434144114
122,5,5,central,slightly_facing,None,y,2,4,central,slightly_facing,None,y,9.615890687629305
123,5,5,central,slightly_facing,None,y,2,4,central,slightly_facing,None,y,9.38633128667026
124,5,5,central,slightly_facing,None,y,2,4,central,slightly_facing,None,y,9.20618001342192
125,5,5,central,slightly_facing,None,y,2,4,central,slightly_facing,None,y,8.850443380679753
126,5,5,central,slightly_facing,None,y,2,4,central,slightly_facing,None,y,8.670996651048826
127,5,5,central,slightly_facing,None,y,2,4,central,slightly_facing,None,y,8.479032569676331
128,5,5,central,slightly_facing,None,y,2,4,central,slightly_facing,None,y,8.24523972698217
129,5,5,central,slightly_facing,None,y,2,4,central,slightly_facing,None,y,8.030178411696044
130,5,5,central,slightly_facing,None,y,2,4,central,slightly_facing,None,y,7.738271208089372
131,5,5,central,slightly_facing,None,y,2,4,central,slightly_facing,None,y,7.581501230611517
132,5,5,central,slightly_facing,None,y,2,4,central,slightly_facing,None,y,7.380884986394323
133,5,5,central,slightly_facing,None,y,2,4,central,slightly_facing,None,y,7.146207571604398
134,5,5,central,slightly_facing,None,y,2,4,central,slightly_facing,None,y,6.885342174283641
135,5,5,central,strongly_facing,None,y,2,4,central,slightly_facing,None,y,6.687783953821622
136,5,5,central,slightly_facing,None,y,2,4,central,slightly_facing,None,y,6.37288800781875
137,5,5,central,slightly_facing,None,y,2,4,central,slightly_facing,None,y,6.1293661929100764
138,5,5,central,slightly_facing,None,y,2,4,central,slightly_facing,None,y,5.90386102460907
139,5,5,central,slightly_facing,None,y,2,4,central,slightly_facing,None,y,5.71228898185876
140,5,5,central,slightly_facing,None,y,2,4,central,slightly_facing,None,y,5.471618651326957
141,5,5,central,slightly_facing,None,y,2,4,central,slightly_facing,None,y,5.266916541486201
142,5,5,central,strongly_facing,None,y,2,4,central,slightly_facing,None,y,5.023151112140661
143,5,5,central,slightly_facing,None,y,2,4,central,slightly_facing,None,y,4.8066138710657835
144,5,5,central,slightly_facing,None,y,2,4,central,slightly_facing,None,y,4.603775464826337
145,5,5,central,slightly_facing,None,y,2,4,central,slightly_facing,None,y,4.3063021643197645
146,5,5,central,slightly_facing,None,y,2,4,central,slightly_facing,None,y,4.151320639022
147,5,5,central,slightly_facing,None,y,2,4,central,slightly_facing,None,y,3.904753183921365
148,5,5,central,strongly_facing,None,y,2,4,central,slightly_facing,None,y,3.717568608250962
149,5,5,central,strongly_facing,None,y,2,4,central,turned_away,None,n,3.4684273094075406
150,5,5,central,strongly_facing,None,y,2,4,central,slightly_facing,None,y,3.32331591010485
151,5,5,central,slightly_facing,None,y,2,4,central,slightly_facing,None,y,3.1522382808958125
152,5,5,central,slightly_facing,None,y,2,4,central,slightly_facing,None,y,2.9941656511717873
153,5,5,central,slightly_facing,None,m,2,4,central,turned_away,None,n,2.8881983200827626
154,5,5,central,slightly_facing,None,y,2,4,central,strongly_facing,None,n,2.8128892710209947
155,5,5,central,strongly_facing,None,y,2,4,central,strongly_facing,None,n,2.6103286283625304
156,5,5,central,strongly_facing,None,m,2,4,central,strongly_facing,None,n,2.3969368045372015
157,5,5,central,strongly_facing,None,y,2,4,central,strongly_facing,None,n,2.309761294413995
158,5,5,central,slightly_facing,None,y,2,4,central,strongly_facing,None,n,2.1841343272713347
159,5,5,central,slightly_facing,None,y,2,4,central,strongly_facing,None,n,1.925775894037785
160,5,5,central,slightly_facing,None,y,2,4,central,strongly_facing,None,n,1.806691722016239
161,5,5,central,slightly_facing,None,y,2,4,central,strongly_facing,None,n,1.6810488439355356
162,5,5,central,slightly_facing,None,y,2,4,central,strongly_facing,None,n,1.5454911469950285
163,5,5,central,slightly_facing,None,y,2,4,central,strongly_facing,None,n,1.4136338563521362
164,5,5,central,slightly_facing,None,m,2,4,central,strongly_facing,None,n,1.2779870353540386
165,5,5,central,slightly_facing,None,m,2,4,central,strongly_facing,None,n,1.2144036657623374
166,5,5,central,slightly_facing,None,m,2,4,central,strongly_facing,None,n,1.203699029836366
167,5,5,central,slightly_facing,None,m,2,4,central,strongly_facing,None,n,1.1760977470644192
168,5,5,central,slightly_facing,None,n,2,4,central,strongly_facing,None,n,1.1671243396125266
