,imas_1,wti_1,viewing_area_1,body_facing_1,gesture_1,approaching_1,imas_2,wti_2,viewing_area_2,body_facing_2,gesture_2,approaching_2,distance
0,2,2,mid_peripheral,strongly_facing,None,n,3,4,mid_peripheral,strongly_facing,None,n,31.828204363920833
1,2,2,mid_peripheral,strongly_facing,None,n,3,4,mid_peripheral,strongly_facing,None,n,31.828204363920833
2,2,2,mid_peripheral,strongly_facing,None,n,3,4,mid_peripheral,strongly_facing,None,n,31.828204363920833
3,2,2,mid_peripheral,strongly_facing,None,n,3,4,mid_peripheral,strongly_facing,None,n,31.828204363920833
4,2,2,mid_peripheral,strongly_facing,None,n,3,4,mid_peripheral,strongly_facing,None,n,31.828204363920833
5,2,2,mid_peripheral,strongly_facing,None,n,3,4,mid_peripheral,slightly_facing,None,n,31.79531194183144
6,2,2,mid_peripheral,slightly_facing,None,n,3,4,mid_peripheral,slightly_facing,None,n,31.708401010667203
7,2,2,mid_peripheral,slightly_facing,None,n,3,4,mid_peripheral,slightly_facing,None,n,31.479762544476355
8,2,2,mid_peripheral,slightly_facing,None,n,3,4,mid_peripheral,slightly_facing,None,n,31.350553930718757
9,2,2,mid_peripheral,slightly_facing,None,n,3,4,mid_peripheral,slightly_facing,None,n,30.91381989221036
10,2,2,mid_peripheral,slightly_facing,None,n,3,4,mid_peripheral,slightly_facing,None,n,30.75912117503204
11,2,2,mid_peripheral,slightly_facing,None,n,3,4,mid_peripheral,slightly_facing,None,n,30.512560247730658
12,2,2,mid_peripheral,slightly_facing,None,n,3,4,mid_peripheral,slightly_facing,None,n,30.311102755728516
13,2,2,mid_peripheral,strongly_facing,None,n,2,4,central,slightly_facing,None,y,29.99538498892551
14,2,2,mid_peripheral,strongly_facing,None,n,2,4,central,slightly_facing,None,y,29.828429382256804
15,2,2,mid_peripheral,slightly_facing,None,n,2,4,central,slightly_facing,None,y,29.604543786259907
16,2,2,mid_peripheral,slightly_facing,None,n,2,4,central,slightly_facing,None,y,29.45292520695235
17,2,2,mid_peripheral,slightly_facing,None,n,2,4,central,slightly_facing,None,y,29.272900841220174
18,2,2,mid_peripheral,slightly_facing,None,n,2,4,central,slightly_facing,None,n,29.09846109767492
19,2,2,mid_peripheral,slightly_facing,None,n,2,4,central,slightly_facing,None,y,29.051989492546703
20,2,2,mid_peripheral,slightly_facing,None,n,2,4,central,slightly_facing,None,y,28.830343239111684
21,2,2,mid_peripheral,slightly_facing,None,n,2,4,central,slightly_facing,None,y,28.548172249268955
22,2,2,mid_peripheral,slightly_facing,None,n,2,4,central,strongly_facing,None,y,28.35505184654424
23,2,2,mid_peripheral,slightly_facing,None,n,2,4,central,strongly_facing,None,y,28.112558551562575
24,2,2,mid_peripheral,strongly_facing,None,n,2,4,central,slightly_facing,None,y,27.983358021151442
25,2,2,mid_peripheral,slightly_facing,None,n,2,4,central,slightly_facing,None,y,27.773626754549813
26,2,2,mid_peripheral,slightly_facing,None,n,2,4,central,strongly_facing,None,y,27.61473745165195
27,2,2,mid_peripheral,slightly_facing,None,n,2,4,central,slightly_facing,None,n,27.32664530080143
28,2,2,mid_peripheral,slightly_facing,None,n,2,4,central,slightly_facing,None,y,27.289749223513578
29,2,2,mid_peripheral,slightly_facing,None,n,2,4,central,strongly_facing,None,y,26.973336731201794
30,2,2,mid_peripheral,slightly_facing,None,n,2,4,central,strongly_facing,None,y,26.782168883207145
31,2,2,mid_peripheral,slightly_facing,None,n,2,4,central,strongly_facing,arm_raise_low,y,26.52868435984576
32,2,2,mid_peripheral,slightly_facing,None,n,2,4,central,strongly_facing,arm_raise_low,y,26.366215406314232
33,2,2,mid_peripheral,slightly_facing,None,n,2,4,central,strongly_facing,arm_raise_low,y,26.192865746399058
34,2,2,mid_peripheral,strongly_facing,None,n,2,4,central,strongly_facing,arm_raise_low,y,26.001915936421952
35,2,2,mid_peripheral,slightly_facing,None,n,2,4,central,slightly_facing,arm_raise_low,y,25.856326631185375
36,2,2,central,slightly_facing,None,y,2,4,central,slightly_facing,arm_raise_low,y,25.627539976441792
37,2,2,central,slightly_facing,None,y,2,4,central,slightly_facing,arm_raise_low,y,25.4678681736963
38,2,2,central,slightly_facing,None,y,2,4,central,slightly_facing,arm_raise_low,y,25.326585684528816
39,2,2,central,slightly_facing,None,y,2,4,central,strongly_facing,arm_raise_low,y,25.08305074972869
40,2,2,central,slightly_facing,None,y,2,4,central,strongly_facing,arm_raise_low,y,24.895999573641912
41,2,2,central,slightly_facing,None,y,2,4,central,strongly_facing,arm_raise_low,y,24.720197188382983
42,2,2,central,slightly_facing,None,y,2,4,central,slightly_facing,arm_raise_low,y,24.580751496398683
43,2,2,central,slightly_facing,None,y,2,4,central,slightly_facing,arm_raise_low,y,24.47320791518644
44,2,2,central,slightly_facing,None,y,2,4,central,slightly_facing,arm_raise_low,y,24.249056723678663
45,2,2,central,slightly_facing,None,y,2,4,central,slightly_facing,arm_raise_low,y,24.118269168364318
46,2,2,central,slightly_facing,None,y,2,4,central,slightly_facing,arm_raise_low,y,23.975208369847902
47,2,2,central,slightly_facing,None,y,2,4,central,slightly_facing,arm_raise_low,y,23.797630867565363
48,2,2,central,slightly_facing,None,y,2,4,central,slightly_facing,None,y,23.64970086310751
49,2,2,central,slightly_facing,None,y,2,4,central,slightly_facing,None,y,23.465857190743016
50,2,2,central,slightly_facing,None,y,2,4,central,slightly_facing,None,y,23.290300108974467
51,2,2,central,slightly_facing,wave_small_head,y,2,4,central,slightly_facing,None,y,23.111058543186118
52,2,2,central,slightly_facing,wave_small_head,y,2,4,central,slightly_facing,None,y,22.95549223095833
53,2,2,central,slightly_facing,wave_small_head,y,2,4,central,slightly_facing,None,y,22.841576023677742
54,2,2,central,slightly_facing,wave_small_head,y,2,4,central,slightly_facing,None,y,22.718448309603563
55,2,2,central,slightly_facing,wave_small_head,y,2,4,central,slightly_facing,None,y,22.56721680023206
56,2,2,central,slightly_facing,wave_small_head,m,2,4,central,slightly_facing,None,m,22.367231423199833
57,2,2,central,slightly_facing,wave_small_head,y,2,4,central,slightly_facing,None,y,22.270678672148136
58,2,2,central,slightly_facing,wave_small_head,y,2,4,central,slightly_facing,None,y,22.16362681233003
59,2,2,central,slightly_facing,wave_small_head,y,2,4,central,slightly_facing,None,y,22.03338921024217
60,2,2,central,slightly_facing,wave_small_head,y,2,4,central,slightly_facing,None,y,21.839799351826134
61,2,2,central,slightly_facing,wave_small_head,y,2,4,central,slightly_facing,None,y,21.69672050284328
62,2,2,central,slightly_facing,wave_small_head,y,2,4,central,slightly_facing,None,y,21.56781656009198
63,2,2,central,slightly_facing,wave_small_head,y,2,4,central,slightly_facing,None,y,21.35140634241454
64,5,5,central,slightly_facing,None,y,2,4,central,slightly_facing,None,y,21.188399631940488
65,5,5,central,slightly_facing,None,y,2,4,central,slightly_facing,None,y,20.96042845431405
66,5,5,central,slightly_facing,None,y,2,4,central,slightly_facing,None,y,20.78051063128693
67,5,5,central,slightly_facing,None,y,2,4,central,slightly_facing,None,y,20.558953548952946
68,5,5,central,slightly_facing,None,y,2,4,central,slightly_facing,None,y,20.408201834417575
69,5,5,central,slightly_facing,None,y,2,4,central,slightly_facing,None,y,20.192821680378408
70,5,5,central,slightly_facing,None,y,2,4,central,slightly_facing,None,y,20.03664580117813
71,5,5,central,slightly_facing,None,y,2,4,central,slightly_facing,None,y,19.864070838335074
72,5,5,central,slightly_facing,None,y,2,4,central,slightly_facing,None,y,19.67810812163593
73,5,5,central,slightly_facing,None,y,2,4,central,slightly_facing,None,y,19.468194540170714
74,5,5,central,slightly_facing,None,y,2,4,central,slightly_facing,None,y,19.27467272190075
75,5,5,central,slightly_facing,None,y,2,4,central,slightly_facing,None,y,19.012246556446506
76,5,5,central,strongly_facing,None,y,2,4,central,slightly_facing,None,y,18.770749357671072
77,5,5,central,slightly_facing,None,y,2,4,central,slightly_facing,None,y,18.584460307116938
78,5,5,central,slightly_facing,None,y,2,4,central,slightly_facing,None,y,18.297357037800406
79,5,5,central,slightly_facing,None,y,2,4,central,slightly_facing,None,y,18.133835720476377
80,5,5,central,slightly_facing,None,y,2,4,central,slightly_facing,None,y,17.830267519306517
81,5,5,central,slightly_facing,None,y,2,4,central,slightly_facing,None,y,17.578908711997478
82,5,5,central,slightly_facing,None,y,2,4,central,slightly_facing,None,y,17.398504328298163
83,5,5,central,slightly_facing,None,y,2,4,central,slightly_facing,None,y,17.198943630767673
84,5,5,central,slightly_facing,None,y,2,4,central,slightly_facing,None,y,16.88102616119937
85,5,5,central,slightly_facing,None,y,2,4,central,slightly_facing,None,y,16.617500066862583
86,5,5,central,slightly_facing,None,y,2,4,central,slightly_facing,None,y,16.352666976789966
87,5,5,central,slightly_facing,None,y,2,4,central,slightly_facing,None,y,16.142935082689387
88,5,5,central,slightly_facing,None,y,2,4,central,slightly_facing,None,y,15.809703940071904
89,5,5,central,slightly_facing,None,y,2,4,central,slightly_facing,None,y,15.639185748250615
90,5,5,central,slightly_facing,None,y,2,4,central,slightly_facing,None,y,15.28805788373804
91,5,5,central,slightly_facing,None,y,2,4,central,slightly_facing,None,y,15.078428510555664
92,5,5,central,slightly_facing,None,y,2,4,central,slightly_facing,None,y,14.834668674866492
93,5,5,central,slightly_facing,None,y,2,4,central,slightly_facing,None,y,14.434904810245206
94,5,5,central,slightly_facing,None,y,2,4,central,slightly_facing,None,y,14.257608861071372
95,5,5,central,slightly_facing,None,y,2,4,central,slightly_facing,None,y,13.994330770172615
96,5,5,central,slightly_facing,None,y,2,4,central,slightly_facing,None,y,13.89168582285537
97,5,5,central,slightly_facing,None,y,2,4,central,slightly_facing,None,y,13.700744231388045
98,5,5,central,strongly_facing,None,y,2,4,central,slightly_facing,None,y,13.369599060596583
99,5,5,central,slightly_facing,None,y,2,4,central,slightly_facing,None,y,13.142613106527525
100,5,5,central,slightly_facing,None,y,2,4,central,slightly_facing,None,y,12.803577953414116
101,5,5,central,slightly_facing,None,y,2,4,central,slightly_facing,None,y,12.511694538688715
102,5,5,central,slightly_facing,None,y,2,4,central,slightly_facing,None,y,12.334656654897897
103,5,5,central,slightly_facing,None,y,2,4,central,slightly_facing,None,y,12.105800318403734
104,5,5,central,slightly_facing,None,y,2,4,central,slightly_facing,None,y,11.8321561426134
105,5,5,central,slightly_facing,None,y,2,4,central,slightly_facing,None,y,11.579271401349265
106,5,5,central,slightly_facing,None,y,2,4,central,slightly_facing,None,y,11.328104118427275
107,5,5,central,slightly_facing,None,y,2,4,central,slightly_facing,None,y,11.13383597409828
108,5,5,central,slightly_facing,None,y,2,4,central,slightly_facing,None,y,10.83460725993189
109,5,5,central,slightly_facing,None,y,2,4,central,slightly_facing,None,y,10.673895796916552
110,5,5,central,slightly_facing,None,y,2,4,central,slightly_facing,None,y,10.495146798087008
111,5,5,central,slightly_facing,None,y,2,4,central,slightly_facing,None,y,10.295249944017874
112,5,5,central,strongly_facing,None,y,2,4,central,slightly_facing,None,y,10.022332055929702
113,5,5,central,slightly_facing,None,y,2,4,central,slightly_facing,None,y,9.670914423042428
114,5,5,central,slightly_facing,None,y,2,4,central,slightly_facing,None,y,9.438603197041875
115,5,5,central,slightly_facing,None,y,2,4,central,slightly_facing,None,y,9.158988436656093
116,5,5,central,slightly_facing,None,y,2,4,central,slightly_facing,None,y,9.013734135574722
117,5,5,central,slightly_facing,None,y,2,4,central,slightly_facing,None,y,8.689307842218273
118,5,5,central,slightly_facing,None,y,2,4,central,slightly_facing,None,y,8.469239406756317
119,5,5,central,slightly_facing,None,y,2,4,central,slightly_facing,None,y,8.209489812462214
120,5,5,central,slightly_facing,None,y,2,4,central,slightly_facing,None,y,7.954485828394754
121,5,5,central,slightly_facing,None,y,2,4,central,slightly_facing,None,y,7.640710896423512
122,5,5,central,slightly_facing,None,y,2,4,central,slightly_facing,None,y,7.384123451898941
123,5,5,central,slightly_facing,None,y,2,4,central,slightly_facing,None,y,7.2323878247959
124,5,5,central,slightly_facing,None,y,2,4,central,slightly_facing,None,y,7.0065192167901
125,5,5,central,slightly_facing,None,y,2,4,central,slightly_facing,None,y,6.784497384850623
126,5,5,central,strongly_facing,None,y,2,4,central,slightly_facing,None,y,6.51368687378845
127,5,5,central,slightly_facing,None,y,2,4,central,slightly_facing,None,y,6.296081554280008
128,5,5,central,slightly_facing,None,y,2,4,central,slightly_facing,None,y,5.9788571772327845
129,5,5,central,slightly_facing,None,y,2,4,central,slightly_facing,None,y,5.727624681070689
130,5,5,central,slightly_facing,None,y,2,4,central,slightly_facing,None,y,5.560885426020751
131,5,5,central,slightly_facing,None,y,2,4,central,slightly_facing,None,y,5.342276321979338
132,5,5,central,slightly_facing,None,y,2,4,central,slightly_facing,None,y,4.973547324837674
133,5,5,central,strongly_facing,None,y,2,4,central,slightly_facing,None,y,4.717012658224374
134,5,5,central,slightly_facing,None,y,2,4,central,slightly_facing,None,y,4.48603428564384
135,5,5,central,slightly_facing,None,y,2,4,central,slightly_facing,None,y,4.279457253082564
136,5,5,central,slightly_facing,None,y,2,4,central,slightly_facing,None,y,4.030783515240808
137,5,5,central,slightly_facing,None,y,2,4,central,slightly_facing,None,y,3.797350276285822
138,5,5,central,slightly_facing,None,y,2,4,central,slightly_facing,None,y,3.578556117661143
139,5,5,central,strongly_facing,None,y,2,4,central,slightly_facing,None,y,3.3235221506505686
140,5,5,central,strongly_facing,None,y,2,4,central,slightly_facing,None,y,3.0805412700577386
141,5,5,central,slightly_facing,None,y,2,4,central,turned_away,None,n,2.8833536082508022
142,5,5,central,slightly_facing,None,y,2,4,central,slightly_facing,None,y,2.678411021770928
143,5,5,central,slightly_facing,None,y,2,4,central,slightly_facing,None,y,2.557214219122832
144,5,5,central,slightly_facing,None,y,2,4,central,turned_away,None,n,2.4308914159562884
145,5,5,central,strongly_facing,None,y,2,4,central,turned_away,None,n,2.1768906131034735
146,5,5,central,strongly_facing,None,y,2,4,central,strongly_facing,None,n,2.0088354845073817
147,5,5,central,slightly_facing,None,y,2,4,central,strongly_facing,None,n,1.8759845455826687
148,5,5,central,slightly_facing,None,y,2,4,central,strongly_facing,None,n,1.7448464610503691
149,5,5,central,turned_away,None,n,2,4,central,strongly_facing,None,n,1.4951949374887545
150,5,5,central,turned_away,None,n,2,4,central,strongly_facing,None,n,1.5006807356293332
151,5,5,central,slightly_facing,None,m,2,4,central,strongly_facing,None,n,1.502275662544327
152,5,5,central,slightly_facing,None,n,2,4,central,strongly_facing,None,n,1.4857460295975933
