,imas_1,wti_1,viewing_area_1,body_facing_1,gesture_1,approaching_1,imas_2,wti_2,viewing_area_2,body_facing_2,gesture_2,approaching_2,distance
0,2,2,outside,turned_away,None,n,2,3,outside,turned_away,None,n,31.58654980324019
1,2,2,outside,turned_away,None,n,2,3,outside,turned_away,None,n,31.58654980324019
2,2,2,outside,turned_away,None,n,2,3,outside,turned_away,None,n,31.60175205301366
3,2,2,mid_peripheral,slightly_facing,None,n,2,3,outside,turned_away,None,n,31.62574460977553
4,2,2,mid_peripheral,slightly_facing,None,n,2,3,mid_peripheral,strongly_facing,None,n,31.629063742466826
5,2,2,mid_peripheral,strongly_facing,None,n,2,3,mid_peripheral,strongly_facing,None,n,31.472525180915195
6,2,2,mid_peripheral,strongly_facing,None,n,2,3,mid_peripheral,strongly_facing,None,n,31.279957705409725
7,2,2,mid_peripheral,strongly_facing,None,n,2,3,mid_peripheral,strongly_facing,None,n,31.04368658196164
8,2,2,mid_peripheral,strongly_facing,None,n,2,3,mid_peripheral,slightly_facing,None,n,30.8596973761545
9,2,2,mid_peripheral,slightly_facing,None,n,2,3,mid_peripheral,slightly_facing,None,n,30.554914645262045
10,2,2,mid_peripheral,slightly_facing,None,n,2,3,mid_peripheral,slightly_facing,None,n,30.354235034062512
11,2,2,mid_peripheral,slightly_facing,None,n,2,3,mid_peripheral,slightly_facing,None,n,30.11707394656468
12,2,2,mid_peripheral,slightly_facing,None,n,2,3,mid_peripheral,slightly_facing,None,n,29.845961387411073
13,2,2,mid_peripheral,strongly_facing,None,n,2,3,mid_peripheral,slightly_facing,None,n,29.468497040729936
14,2,2,mid_peripheral,strongly_facing,None,n,2,3,mid_peripheral,slightly_facing,None,n,29.125032655819908
15,2,2,mid_peripheral,strongly_facing,None,n,2,3,mid_peripheral,slightly_facing,None,n,28.973254932111026
16,2,2,mid_peripheral,strongly_facing,None,n,2,3,mid_peripheral,slightly_facing,None,n,28.809292841783186
17,2,2,mid_peripheral,slightly_facing,None,n,3,4,central,slightly_facing,None,y,28.582800962423416
18,2,2,mid_peripheral,slightly_facing,None,n,3,4,central,slightly_facing,None,y,28.470934955733803
19,2,2,mid_peripheral,slightly_facing,None,n,3,4,central,strongly_facing,None,y,28.21276782785269
20,2,2,mid_peripheral,slightly_facing,None,n,3,4,central,strongly_facing,None,y,27.943550987836097
21,2,2,mid_peripheral,slightly_facing,None,n,3,4,central,strongly_facing,None,y,27.654428046513292
22,2,2,mid_peripheral,strongly_facing,None,n,3,4,central,slightly_facing,None,y,27.349126001626104
23,2,2,mid_peripheral,strongly_facing,None,n,3,4,central,slightly_facing,None,y,26.99506450992828
24,2,2,mid_peripheral,slightly_facing,None,n,3,4,central,slightly_facing,None,y,26.770576416368346
25,2,2,mid_peripheral,slightly_facing,None,n,3,4,central,slightly_facing,arm_raise_high,y,26.63525822630419
26,2,2,mid_peripheral,slightly_facing,None,n,3,4,central,slightly_facing,arm_raise_high,y,26.472713618903896
27,2,2,mid_peripheral,slightly_facing,None,n,3,4,central,slightly_facing,arm_raise_high,y,26.259112379366307
28,2,2,mid_peripheral,slightly_facing,None,n,3,4,central,slightly_facing,arm_raise_high,y,26.043037110660133
29,2,2,mid_peripheral,slightly_facing,None,n,3,4,central,slightly_facing,arm_raise_high,y,25.768291800590003
30,2,2,mid_peripheral,slightly_facing,None,n,3,4,central,slightly_facing,arm_raise_high,y,25.558118982711733
31,2,2,mid_peripheral,slightly_facing,None,n,3,4,central,slightly_facing,arm_raise_high,y,25.435294671545286
32,2,2,mid_peripheral,slightly_facing,None,n,3,4,central,slightly_facing,arm_raise_high,y,25.230040986092376
33,2,2,mid_peripheral,strongly_facing,None,n,3,4,central,slightly_facing,arm_raise_high,y,25.04132739578317
34,2,2,central,strongly_facing,None,y,3,4,central,slightly_facing,arm_raise_high,y,24.75573788454224
35,2,2,central,strongly_facing,None,y,3,4,central,slightly_facing,arm_raise_high,y,24.54359050505302
36,2,2,central,slightly_facing,None,y,3,4,central,slightly_facing,arm_raise_high,y,24.442823379600668
37,2,2,central,slightly_facing,None,y,3,4,central,slightly_facing,arm_raise_high,y,24.302762766358605
38,2,2,central,slightly_facing,None,y,3,4,central,slightly_facing,arm_raise_high,y,24.14960732974358
39,2,2,central,slightly_facing,None,y,3,4,central,slightly_facing,arm_raise_high,y,23.861791661718694
40,2,2,central,slightly_facing,None,y,3,4,central,slightly_facing,arm_raise_high,y,23.728379009599642
41,2,2,central,slightly_facing,None,y,3,4,central,slightly_facing,None,y,23.582768552746813
42,2,2,central,slightly_facing,None,y,3,4,central,slightly_facing,None,y,23.381415261258073
43,2,2,central,slightly_facing,None,y,3,4,central,slightly_facing,None,y,23.158925096149627
44,2,2,central,strongly_facing,None,y,3,4,central,slightly_facing,None,y,23.007067440184983
45,2,2,central,slightly_facing,None,y,3,4,central,slightly_facing,None,y,22.80781753028347
46,2,2,central,slightly_facing,None,y,3,4,central,slightly_facing,None,y,22.677216050466022
47,2,2,central,slightly_facing,None,y,3,4,central,slightly_facing,None,y,22.47938194273181
48,2,2,central,slightly_facing,None,y,3,4,central,slightly_facing,None,y,22.37409181208024
49,2,2,central,slightly_facing,None,y,3,4,central,slightly_facing,None,y,22.207086119452885
50,2,2,central,slightly_facing,None,y,3,4,central,slightly_facing,None,y,22.060535699383184
51,2,2,central,slightly_facing,None,y,3,4,central,slightly_facing,None,y,21.875805308934343
52,2,2,central,slightly_facing,None,y,3,4,central,slightly_facing,None,y,21.709813362063457
53,2,2,central,slightly_facing,None,y,3,4,central,slightly_facing,None,y,21.549809058726904
54,2,2,central,slightly_facing,None,y,3,4,central,slightly_facing,None,y,21.26514495150854
55,2,2,central,slightly_facing,None,y,3,4,central,slightly_facing,None,y,21.121938112492327
56,2,2,central,slightly_facing,None,y,3,4,central,slightly_facing,None,y,20.941637092306223
57,2,2,central,slightly_facing,None,y,3,4,central,slightly_facing,None,y,20.784038115076722
58,2,3,central,slightly_facing,arm_raise_high,y,3,4,central,slightly_facing,None,y,20.542776011301395
59,2,3,central,slightly_facing,arm_raise_high,y,3,4,central,slightly_facing,None,y,20.402190813226042
60,2,3,central,slightly_facing,arm_raise_high,y,3,4,central,slightly_facing,None,y,20.17224107592196
61,2,3,central,slightly_facing,arm_raise_high,y,3,4,central,slightly_facing,None,y,19.995776223207763
62,2,3,central,slightly_facing,arm_raise_high,y,3,4,central,slightly_facing,None,y,19.838185804717956
63,2,3,central,slightly_facing,arm_raise_high,y,3,4,central,slightly_facing,None,y,19.58249101240984
64,2,3,central,slightly_facing,arm_raise_high,y,3,4,central,slightly_facing,None,y,19.45153407499023
65,2,3,central,slightly_facing,arm_raise_high,y,3,4,central,slightly_facing,None,y,19.27141485232968
66,2,3,central,slightly_facing,arm_raise_high,y,3,4,central,slightly_facing,None,y,19.04403725249646
67,4,4,central,slightly_facing,None,y,3,4,central,slightly_facing,None,y,18.81473960931879
68,4,4,central,slightly_facing,None,y,3,4,central,slightly_facing,None,y,18.66905559515987
69,4,4,central,slightly_facing,None,y,3,4,central,slightly_facing,None,y,18.520466597979787
70,4,4,central,slightly_facing,None,y,3,4,central,slightly_facing,None,y,18.261977500606037
71,4,4,central,slightly_facing,None,y,3,4,central,slightly_facing,None,y,18.07667061575804
72,4,4,central,slightly_facing,None,y,3,4,central,slightly_facing,None,y,17.880400659949235
73,4,4,central,slightly_facing,None,y,3,4,central,slightly_facing,None,y,17.776752021009464
74,4,4,central,slightly_facing,None,y,3,4,central,slightly_facing,None,y,17.622482132172184
75,4,4,central,strongly_facing,None,y,3,4,central,slightly_facing,None,y,17.277388892365675
76,4,4,central,strongly_facing,None,y,3,4,central,slightly_facing,None,y,17.048696175095767
77,4,4,central,slightly_facing,None,y,3,4,central,slightly_facing,None,y,16.909939741314105
78,4,4,central,slightly_facing,None,y,3,4,central,slightly_facing,None,y,16.66768889644308
79,4,4,central,slightly_facing,None,y,3,4,central,slightly_facing,None,y,16.468344057527613
80,4,4,central,strongly_facing,None,y,3,4,central,slightly_facing,None,y,16.211793527383083
81,4,4,central,strongly_facing,None,y,3,4,central,slightly_facing,None,y,15.9845090434308
82,4,4,central,strongly_facing,None,y,3,4,central,slightly_facing,None,y,15.821180628689124
83,4,4,central,strongly_facing,None,y,3,4,central,slightly_facing,None,y,15.569675745753987
84,4,4,central,slightly_facing,None,y,3,4,central,slightly_facing,None,y,15.30401830498464
85,4,4,central,slightly_facing,None,y,3,4,central,slightly_facing,None,y,15.11857664998818
86,4,4,central,slightly_facing,None,y,3,4,central,slightly_facing,None,y,14.91452522459431
87,4,4,central,slightly_facing,None,y,3,4,central,slightly_facing,None,y,14.668168282569466
88,4,4,central,slightly_facing,None,y,3,4,central,slightly_facing,None,y,14.5005851327494
89,4,4,central,slightly_facing,None,y,3,4,central,slightly_facing,None,y,14.27980135730185
90,4,4,central,strongly_facing,None,y,3,4,central,slightly_facing,None,y,14.100280482013826
91,4,4,central,strongly_facing,None,y,3,4,central,slightly_facing,None,y,13.878062269706238
92,4,4,central,strongly_facing,None,y,3,4,central,slightly_facing,None,y,13.63076855850249
93,4,4,central,strongly_facing,None,y,3,4,central,slightly_facing,None,y,13.452458429827054
94,4,4,central,slightly_facing,None,y,3,4,central,slightly_facing,None,y,13.192911112019399
95,4,4,central,slightly_facing,None,y,3,4,central,slightly_facing,None,y,12.991542594567358
96,4,4,central,slightly_facing,None,y,3,4,central,slightly_facing,None,y,12.779415868584644
97,4,4,central,slightly_facing,None,y,3,4,central,slightly_facing,None,y,12.548892931816292
98,4,4,central,slightly_facing,None,y,3,4,central,slightly_facing,None,y,12.420602971158244
99,4,4,central,slightly_facing,None,y,3,4,central,slightly_facing,None,y,12.135843054846827
100,4,4,central,strongly_facing,None,y,3,4,central,slightly_facing,None,y,11.95102004195491
101,4,4,central,strongly_facing,None,y,3,4,central,slightly_facing,None,y,11.699924455055296
102,4,4,central,strongly_facing,None,y,3,4,central,slightly_facing,None,y,11.554905318814177
103,4,4,central,strongly_facing,None,y,3,4,central,slightly_facing,None,y,11.312271093748109
104,4,4,central,strongly_facing,None,y,3,4,central,slightly_facing,None,y,11.05539825212936
105,4,4,central,slightly_facing,None,y,3,4,central,slightly_facing,None,y,10.932093256505636
106,4,4,central,slightly_facing,None,y,3,4,central,slightly_facing,None,y,10.659677733279937
107,4,4,central,slightly_facing,None,y,3,4,central,slightly_facing,None,y,10.515502309580695
108,4,4,central,slightly_facing,None,y,3,4,central,slightly_facing,None,y,10.307829862008836
109,4,4,central,strongly_facing,None,y,3,4,central,slightly_facing,None,y,10.044103359999283
110,4,4,central,strongly_facing,None,y,3,4,central,slightly_facing,None,y,9.807972632547663
111,4,4,central,strongly_facing,None,y,3,4,central,slightly_facing,None,y,9.58374761418954
112,4,4,central,strongly_facing,None,y,3,4,central,slightly_facing,None,y,9.419067382447158
113,4,4,central,strongly_facing,None,y,3,4,central,slightly_facing,None,y,9.218951335635202
114,4,4,central,strongly_facing,None,m,3,4,central,turned_away,None,n,9.024374152759844
115,4,4,central,slightly_facing,None,y,3,4,central,slightly_facing,None,y,8.928492393992615
116,4,4,central,slightly_facing,None,m,3,4,central,slightly_facing,None,m,8.796935543310298
117,4,4,central,slightly_facing,None,m,3,4,central,slightly_facing,None,m,8.711584099166403
118,4,4,central,strongly_facing,None,y,3,4,central,slightly_facing,None,y,8.633706881994547
119,4,4,central,strongly_facing,None,y,3,4,central,slightly_facing,None,y,8.479118398705667
120,4,4,central,strongly_facing,None,y,3,4,central,strongly_facing,None,n,8.353296583674249
121,4,4,central,strongly_facing,None,y,3,4,central,strongly_facing,None,n,8.242205656998006
122,4,4,central,strongly_facing,None,y,3,4,central,strongly_facing,None,n,8.096499217025897
123,4,4,central,strongly_facing,None,y,3,4,central,strongly_facing,None,n,7.993194427250218
124,4,4,central,strongly_facing,None,y,3,4,central,strongly_facing,None,n,7.739921275384652
125,4,4,central,slightly_facing,None,m,3,4,central,strongly_facing,None,n,7.621412559983614
126,4,4,central,strongly_facing,None,m,3,4,central,strongly_facing,None,n,7.523416551855213
127,4,4,central,strongly_facing,None,y,3,4,central,strongly_facing,None,n,7.433611430364108
128,4,4,central,strongly_facing,None,y,3,4,central,strongly_facing,None,n,7.263604277972745
129,4,4,central,strongly_facing,None,y,3,4,central,strongly_facing,None,n,7.163280522099492
130,4,4,central,strongly_facing,None,y,3,4,central,strongly_facing,None,n,7.061817656640246
131,4,4,central,strongly_facing,None,y,3,4,central,strongly_facing,None,n,6.874359403123753
132,4,4,central,strongly_facing,None,y,3,4,central,strongly_facing,None,n,6.751084110980476
133,4,4,central,strongly_facing,None,y,3,4,central,strongly_facing,None,n,6.637104199530175
134,4,4,central,strongly_facing,None,y,3,4,central,strongly_facing,None,n,6.5323960279903375
135,4,4,central,strongly_facing,None,y,3,4,central,strongly_facing,None,n,6.4017483835843585
136,4,4,central,slightly_facing,None,y,3,4,central,strongly_facing,None,n,6.269193706971655
137,4,4,central,strongly_facing,None,y,3,4,central,strongly_facing,None,n,6.149847270628104
138,4,4,central,strongly_facing,None,m,3,4,central,strongly_facing,None,n,6.041037975075627
139,4,4,central,strongly_facing,None,y,3,4,central,strongly_facing,None,n,5.942217833529832
140,4,4,central,strongly_facing,None,m,3,4,central,strongly_facing,None,n,5.767101261166914
141,4,4,central,strongly_facing,None,y,3,4,central,strongly_facing,None,n,5.686457257480791
142,4,4,central,strongly_facing,None,m,3,4,central,strongly_facing,None,n,5.574350732504907
143,4,4,central,strongly_facing,None,y,3,4,central,strongly_facing,None,n,5.477478353741707
144,4,4,central,strongly_facing,None,y,3,4,central,strongly_facing,None,n,5.37257691062026
145,4,4,central,strongly_facing,None,y,3,4,central,strongly_facing,None,n,5.253027400283097
146,4,4,central,slightly_facing,None,y,3,4,central,strongly_facing,None,n,5.124580921257071
147,4,4,central,strongly_facing,None,y,3,4,central,strongly_facing,None,n,5.005216161867138
148,4,4,central,strongly_facing,None,m,3,4,central,strongly_facing,None,n,4.856965876858212
149,4,4,central,strongly_facing,None,y,3,4,central,strongly_facing,None,n,4.797582575286538
150,4,4,central,strongly_facing,None,m,3,4,central,strongly_facing,None,n,4.622465663695618
151,4,4,central,strongly_facing,None,y,3,4,central,strongly_facing,None,n,4.5423484155274805
152,4,4,central,strongly_facing,None,y,3,4,central,strongly_facing,None,n,4.423816844516055
153,4,4,central,strongly_facing,None,y,3,4,central,strongly_facing,None,n,4.284549660827836
154,4,4,central,strongly_facing,None,m,3,4,central,strongly_facing,None,n,4.178935543184409
155,4,4,central,strongly_facing,None,y,3,4,central,strongly_facing,None,n,4.079458074760052
156,4,4,central,strongly_facing,None,m,3,4,central,strongly_facing,None,n,3.9698966084699254
157,4,4,central,strongly_facing,None,y,3,4,central,strongly_facing,None,n,3.906904634512209
158,4,4,central,strongly_facing,None,y,3,4,central,strongly_facing,None,n,3.75974911514106
159,4,4,central,strongly_facing,None,y,3,4,central,strongly_facing,None,n,3.654201632077786
160,4,4,central,strongly_facing,None,y,3,4,central,strongly_facing,None,n,3.4988024366208466
161,4,4,central,strongly_facing,None,y,3,4,central,strongly_facing,None,n,3.366603617447111
162,4,4,central,strongly_facing,None,m,3,4,central,strongly_facing,None,n,3.2611947653545625
163,4,4,central,strongly_facing,None,y,3,4,central,strongly_facing,None,n,3.1631501983182835
164,4,4,central,strongly_facing,None,y,3,4,central,strongly_facing,None,n,3.055881763292056
165,4,4,central,strongly_facing,None,m,3,4,central,strongly_facing,None,n,2.893301071601261
166,4,4,central,strongly_facing,None,y,3,4,central,strongly_facing,None,n,2.805743175557774
167,4,4,central,strongly_facing,None,y,3,4,central,strongly_facing,None,n,2.6988883428198696
168,4,4,central,strongly_facing,None,y,3,4,central,strongly_facing,None,n,2.5983848369756544
169,4,4,central,strongly_facing,None,y,3,4,central,strongly_facing,None,n,2.4945787568952382
170,4,4,central,strongly_facing,None,m,3,4,central,strongly_facing,None,n,2.3115978929366108
171,4,4,central,strongly_facing,None,y,3,4,central,strongly_facing,None,n,2.2566657487700716
172,4,4,central,strongly_facing,None,m,3,4,central,strongly_facing,None,n,2.102254120762757
173,4,4,central,strongly_facing,None,y,3,4,central,strongly_facing,None,n,2.003826774777694
174,4,4,central,slightly_facing,None,y,3,4,central,strongly_facing,None,n,1.8965527356443332
175,4,4,central,slightly_facing,None,m,3,4,central,strongly_facing,None,n,1.7392709202467438
176,4,4,central,slightly_facing,None,y,3,4,central,strongly_facing,None,n,1.7065465917161442
177,4,4,central,strongly_facing,None,m,3,4,central,strongly_facing,None,n,1.5927335163375513
178,4,4,central,strongly_facing,None,y,3,4,central,strongly_facing,None,n,1.4952204856341387
179,4,4,central,slightly_facing,None,y,3,4,central,strongly_facing,None,n,1.386083348472593
180,4,4,central,slightly_facing,None,m,3,4,central,strongly_facing,None,n,1.1927437044478553
181,4,4,central,strongly_facing,None,y,3,4,central,strongly_facing,None,n,1.1257628872058265
182,4,4,central,strongly_facing,None,y,3,4,central,strongly_facing,None,n,0.9687029859668043
183,4,4,central,strongly_facing,None,y,3,4,central,strongly_facing,None,n,0.816676099987002
184,4,4,central,strongly_facing,None,m,3,4,central,strongly_facing,None,n,0.6829272671610092
185,4,4,central,slightly_facing,None,m,3,4,central,strongly_facing,None,n,0.6127563311464045
186,4,4,central,strongly_facing,None,m,3,4,central,strongly_facing,None,n,0.6037008937180713
187,4,4,central,slightly_facing,None,m,3,4,central,strongly_facing,None,n,0.5763452177297844
188,4,4,central,slightly_facing,None,m,3,4,central,strongly_facing,None,n,0.5598887385088168
189,4,4,central,slightly_facing,None,n,3,4,central,strongly_facing,None,n,0.5499419566936108
