,imas_1,wti_1,viewing_area_1,body_facing_1,gesture_1,approaching_1,imas_2,wti_2,viewing_area_2,body_facing_2,gesture_2,approaching_2,distance
0,2,3,central,slightly_facing,None,n,2,2,outside,turned_away,None,n,10.532373761659109
1,2,3,central,slightly_facing,None,n,2,2,outside,turned_away,None,n,10.532373761659109
2,2,3,central,slightly_facing,None,n,2,2,outside,turned_away,None,n,10.532373761659109
3,2,3,central,slightly_facing,None,n,2,2,outside,turned_away,None,n,10.532373761659109
4,2,3,central,slightly_facing,None,n,2,2,outside,turned_away,None,n,10.532373761659109
5,2,3,central,slightly_facing,None,n,2,2,outside,turned_away,None,n,10.532373761659109
6,2,3,central,slightly_facing,None,n,2,2,outside,turned_away,None,n,10.532373761659109
7,2,3,central,slightly_facing,None,n,2,2,outside,turned_away,None,n,10.532373761659109
8,2,3,central,slightly_facing,None,n,2,2,outside,turned_away,None,n,10.532373761659109
9,2,3,central,slightly_facing,None,n,2,2,outside,turned_away,None,n,10.532373761659109
10,2,3,central,slightly_facing,None,n,2,2,outside,turned_away,None,n,10.532373761659109
11,2,3,central,slightly_facing,None,n,2,2,outside,turned_away,None,n,10.532373761659109
12,2,3,central,slightly_facing,None,m,2,2,outside,turned_away,None,n,10.532373761659109
13,2,3,central,slightly_facing,None,m,2,2,outside,turned_away,None,n,10.48173851357936
14,2,3,central,slightly_facing,None,y,2,2,outside,turned_away,None,n,10.439787561801143
15,2,3,central,slightly_facing,None,m,2,2,outside,turned_away,None,n,10.331276343896771
16,2,3,central,slightly_facing,None,m,2,2,outside,turned_away,None,n,10.286145767942683
17,2,3,central,slightly_facing,None,m,2,2,outside,turned_away,None,n,10.2164163164482
18,2,3,central,slightly_facing,None,m,2,2,outside,turned_away,None,n,10.180374984133742
19,2,3,central,slightly_facing,None,m,2,2,outside,turned_away,None,n,10.122996043115148
20,2,3,central,slightly_facing,None,m,2,2,outside,turned_away,None,n,10.065473170442507
21,2,3,central,slightly_facing,None,m,2,3,central,turned_away,None,n,10.113459028492667
22,2,3,central,turned_away,None,n,2,3,central,turned_away,None,n,10.210128238284824
23,2,3,central,turned_away,None,n,2,3,central,turned_away,None,n,10.240032251157913
24,3,4,central,turned_away,arm_raise_low,n,2,3,central,turned_away,None,n,10.314825462053388
25,3,4,central,turned_away,arm_raise_low,n,2,3,central,turned_away,None,n,10.380848911131931
26,3,4,central,turned_away,arm_raise_low,n,2,3,central,turned_away,None,n,10.451015220339944
27,3,4,central,turned_away,arm_raise_low,n,2,3,central,turned_away,None,n,10.514561171218888
28,3,4,central,turned_away,arm_raise_low,n,2,3,central,turned_away,None,n,10.58065740213981
29,3,4,central,turned_away,arm_raise_low,n,2,3,central,turned_away,None,n,10.666085781387338
30,3,4,central,turned_away,arm_raise_low,n,2,3,central,turned_away,None,n,10.775492150433086
31,3,4,central,turned_away,arm_raise_low,n,2,3,central,turned_away,None,n,10.831077212950925
32,3,4,central,turned_away,arm_raise_low,n,2,3,central,turned_away,None,n,10.973148719825188
33,3,4,central,turned_away,arm_raise_low,n,2,3,central,turned_away,None,n,11.066538450216903
34,3,4,central,turned_away,arm_raise_low,n,2,3,central,slightly_facing,None,m,11.18130142484357
35,3,4,central,turned_away,arm_raise_low,n,2,3,central,turned_away,None,n,11.215699140512148
36,3,4,central,turned_away,arm_raise_low,n,2,3,central,turned_away,None,n,11.283290737945432
37,3,4,central,turned_away,arm_raise_low,n,2,3,central,turned_away,None,n,11.39555448874011
38,3,4,central,turned_away,arm_raise_low,n,2,3,central,slightly_facing,None,m,11.444194518766006
39,3,4,central,turned_away,arm_raise_low,n,2,4,central,slightly_facing,come_here,m,11.41909178464562
40,3,4,central,turned_away,arm_raise_low,n,2,4,central,slightly_facing,come_here,m,11.404069606602413
41,3,4,central,turned_away,arm_raise_low,n,2,4,central,slightly_facing,come_here,m,11.400230561569575
42,3,4,central,turned_away,arm_raise_low,n,2,4,central,turned_away,come_here,n,11.404620566820189
43,3,4,central,slightly_facing,arm_raise_low,m,2,4,central,turned_away,come_here,n,11.42433354204021
44,3,4,central,slightly_facing,arm_raise_low,m,2,4,central,turned_away,come_here,n,11.420054965696316
45,3,4,central,slightly_facing,arm_raise_low,y,2,4,central,slightly_facing,come_here,y,11.375200204891728
46,3,4,central,slightly_facing,None,m,2,4,central,slightly_facing,None,m,11.2750127770912
47,3,4,central,turned_away,None,n,2,4,central,slightly_facing,None,m,11.222069873995352
48,3,4,central,turned_away,None,n,2,4,central,slightly_facing,None,m,11.186516887208265
49,3,4,central,slightly_facing,None,m,2,4,central,slightly_facing,None,m,11.198785967624882
50,3,4,central,slightly_facing,None,m,2,4,central,turned_away,None,n,11.181762098476069
51,3,4,central,slightly_facing,None,m,2,4,central,turned_away,None,n,11.160340964708658
52,3,4,central,slightly_facing,None,y,2,4,central,turned_away,None,n,11.180388497650696
53,3,4,central,slightly_facing,None,m,2,4,central,turned_away,None,n,10.98982927497056
54,3,4,central,slightly_facing,None,y,2,4,central,turned_away,None,n,11.008177740658436
55,3,4,central,strongly_facing,None,y,2,4,central,turned_away,None,n,10.84345648178523
56,3,4,central,strongly_facing,None,y,2,4,central,turned_away,None,n,10.607001807776824
57,3,4,central,slightly_facing,None,y,2,4,central,turned_away,None,n,10.487686180487332
58,3,4,central,slightly_facing,None,y,2,4,central,turned_away,None,n,10.105680984354482
59,3,4,central,strongly_facing,None,y,2,4,central,turned_away,None,n,9.972852994252195
60,3,4,central,strongly_facing,None,m,2,4,central,turned_away,None,n,9.634971290094132
61,3,4,central,strongly_facing,None,y,2,4,central,turned_away,None,n,9.577807242553702
62,3,4,central,slightly_facing,None,y,2,4,central,turned_away,None,n,9.32964376885983
63,3,4,central,strongly_facing,None,y,2,4,central,turned_away,None,n,9.088689591852772
64,3,4,central,strongly_facing,None,y,2,4,central,slightly_facing,None,y,8.791810398906144
65,3,4,central,strongly_facing,None,y,2,4,central,turned_away,None,n,8.625045041392536
66,3,4,central,strongly_facing,None,y,2,4,central,turned_away,None,n,8.290994563048566
67,3,4,central,slightly_facing,None,y,2,4,central,turned_away,None,n,8.126845265523706
68,3,4,central,strongly_facing,None,y,2,4,central,turned_away,None,n,7.9925900024901315
69,3,4,central,strongly_facing,None,y,2,4,central,turned_away,None,n,7.660646812137274
70,3,4,central,strongly_facing,None,y,2,4,central,turned_away,None,n,7.48032628234157
71,3,4,central,strongly_facing,None,y,2,4,central,turned_away,None,n,7.279105835549088
72,3,4,central,strongly_facing,None,y,2,4,central,turned_away,None,n,7.046579930294192
73,3,4,central,strongly_facing,None,y,2,4,central,turned_away,None,n,6.877858296382237
74,3,4,central,slightly_facing,None,y,2,4,central,turned_away,None,n,6.707474726855777
75,3,4,central,strongly_facing,None,y,2,4,central,turned_away,None,n,6.56961044504893
76,3,4,central,strongly_facing,None,y,2,4,central,turned_away,None,n,6.271415660345673
77,3,4,central,slightly_facing,None,y,2,4,central,turned_away,None,n,6.158333718127335
78,3,4,central,slightly_facing,None,m,2,4,central,turned_away,None,n,5.7960191811301796
79,3,4,central,slightly_facing,None,y,2,4,central,turned_away,None,n,5.7574016478176215
80,3,4,central,slightly_facing,None,m,2,4,central,turned_away,None,n,5.514315243868925
81,3,4,central,slightly_facing,None,y,2,4,central,turned_away,None,n,5.446638846169716
82,3,4,central,slightly_facing,None,y,2,4,central,turned_away,None,n,5.322486248533198
83,3,4,central,slightly_facing,None,y,2,4,central,turned_away,None,n,5.214820039781706
84,3,4,central,slightly_facing,None,y,2,4,central,turned_away,None,n,5.062906909362834
85,3,4,central,slightly_facing,None,y,2,4,central,turned_away,None,n,4.914928313740086
86,3,4,central,slightly_facing,None,m,2,4,central,turned_away,None,n,4.762536975860332
87,3,4,central,slightly_facing,None,m,2,4,central,turned_away,None,n,4.715916808452415
88,3,4,central,slightly_facing,None,m,2,4,central,turned_away,None,n,4.7700206817242385
89,3,4,central,slightly_facing,None,m,2,4,central,turned_away,None,n,4.699177512497383
90,3,4,central,slightly_facing,None,y,2,4,central,turned_away,None,n,4.773511532313498
91,3,4,central,slightly_facing,None,m,2,4,central,turned_away,None,n,4.641754626533909
92,3,4,central,slightly_facing,None,m,2,4,central,turned_away,None,n,4.71570017980034
93,3,4,central,turned_away,None,n,2,4,central,turned_away,None,n,4.692438667995247
94,3,4,central,turned_away,None,n,2,4,central,turned_away,None,n,4.936094956010569
