,imas_1,wti_1,viewing_area_1,body_facing_1,gesture_1,approaching_1,imas_2,wti_2,viewing_area_2,body_facing_2,gesture_2,approaching_2,distance
0,2,2,mid_peripheral,strongly_facing,None,n,2,3,mid_peripheral,strongly_facing,None,n,31.486883545305414
1,2,2,mid_peripheral,strongly_facing,None,n,2,3,mid_peripheral,strongly_facing,None,n,31.486883545305414
2,2,2,mid_peripheral,slightly_facing,None,n,2,3,mid_peripheral,strongly_facing,None,n,31.43380191078039
3,2,2,mid_peripheral,slightly_facing,None,n,2,3,mid_peripheral,strongly_facing,None,n,31.284144386570794
4,2,2,mid_peripheral,slightly_facing,None,n,2,3,mid_peripheral,strongly_facing,None,n,31.197064462307104
5,2,2,mid_peripheral,slightly_facing,None,n,2,3,mid_peripheral,strongly_facing,None,n,31.096074759752682
6,2,2,mid_peripheral,slightly_facing,None,n,2,3,mid_peripheral,strongly_facing,None,n,30.991161523887545
7,2,2,mid_peripheral,slightly_facing,None,n,2,3,mid_peripheral,strongly_facing,None,n,30.970096392556865
8,2,2,mid_peripheral,slightly_facing,None,n,2,3,mid_peripheral,strongly_facing,None,n,30.91264845993505
9,2,2,mid_peripheral,slightly_facing,None,n,2,3,mid_peripheral,slightly_facing,None,n,30.76569472613269
10,2,2,mid_peripheral,slightly_facing,None,n,2,3,mid_peripheral,slightly_facing,None,n,30.429808312098004
11,2,2,mid_peripheral,slightly_facing,None,n,2,3,mid_peripheral,slightly_facing,None,n,30.209036644146813
12,2,2,mid_peripheral,slightly_facing,None,n,2,3,mid_peripheral,slightly_facing,None,n,30.01052222132328
13,2,2,mid_peripheral,slightly_facing,None,n,2,3,mid_peripheral,slightly_facing,None,n,29.793210029326634
14,2,2,mid_peripheral,slightly_facing,None,n,2,3,mid_peripheral,slightly_facing,None,n,29.57992528791572
15,2,2,mid_peripheral,slightly_facing,None,n,2,3,mid_peripheral,slightly_facing,None,n,29.373354284668487
16,2,2,mid_peripheral,slightly_facing,None,n,2,3,mid_peripheral,slightly_facing,None,n,29.245452659116236
17,2,2,mid_peripheral,slightly_facing,None,n,2,3,mid_peripheral,slightly_facing,None,n,29.154589338499715
18,2,2,mid_peripheral,slightly_facing,None,n,2,3,mid_peripheral,slightly_facing,None,n,29.030633871965744
19,2,2,mid_peripheral,slightly_facing,None,n,2,3,mid_peripheral,slightly_facing,None,n,28.813511995678766
20,2,2,mid_peripheral,slightly_facing,None,n,2,3,mid_peripheral,slightly_facing,None,n,28.544001630222922
21,2,2,mid_peripheral,slightly_facing,None,n,3,4,central,slightly_facing,None,y,28.264177644468763
22,2,2,mid_peripheral,slightly_facing,None,n,3,4,central,slightly_facing,None,y,28.151248672272597
23,2,2,mid_peripheral,slightly_facing,None,n,3,4,central,slightly_facing,None,y,28.039201044997593
24,2,2,mid_peripheral,slightly_facing,None,n,3,4,central,slightly_facing,None,y,27.905093100514623
25,2,2,mid_peripheral,slightly_facing,None,n,3,4,central,slightly_facing,arm_raise_high,y,27.669175300082312
26,2,2,mid_peripheral,slightly_facing,None,n,3,4,central,slightly_facing,arm_raise_high,y,27.560863194649325
27,2,2,mid_peripheral,slightly_facing,None,n,3,4,central,slightly_facing,arm_raise_high,y,27.409595084120618
28,2,2,mid_peripheral,slightly_facing,None,n,3,4,central,slightly_facing,arm_raise_high,y,27.24494503164504
29,2,2,mid_peripheral,slightly_facing,None,n,3,4,central,slightly_facing,arm_raise_high,y,27.059020323528085
30,2,2,mid_peripheral,slightly_facing,None,n,3,4,central,slightly_facing,arm_raise_high,y,26.90715753719015
31,2,2,mid_peripheral,slightly_facing,None,n,3,4,central,slightly_facing,arm_raise_high,y,26.77559658613591
32,2,2,mid_peripheral,slightly_facing,None,n,3,4,central,slightly_facing,arm_raise_high,y,26.549616220048676
33,2,2,mid_peripheral,slightly_facing,None,n,3,4,central,slightly_facing,arm_raise_high,y,26.44131007715187
34,2,2,central,slightly_facing,None,y,3,4,central,slightly_facing,arm_raise_high,y,26.31323580378835
35,2,2,central,slightly_facing,None,y,3,4,central,slightly_facing,arm_raise_high,y,26.12620232895707
36,2,2,central,slightly_facing,None,y,3,4,central,slightly_facing,arm_raise_high,y,25.941943840560697
37,2,2,central,slightly_facing,None,m,3,4,central,slightly_facing,arm_raise_high,m,25.749424107495553
38,2,2,central,slightly_facing,None,y,3,4,central,slightly_facing,arm_raise_high,y,25.65836796686917
39,2,2,central,slightly_facing,None,y,3,4,central,slightly_facing,arm_raise_high,y,25.487509653610353
40,2,2,central,slightly_facing,None,y,3,4,central,slightly_facing,arm_raise_high,y,25.255340690269076
41,2,2,central,slightly_facing,None,y,3,4,central,slightly_facing,arm_raise_high,y,25.13649693620503
42,2,2,central,slightly_facing,None,y,3,4,central,slightly_facing,arm_raise_high,y,24.949807309238487
43,2,2,central,slightly_facing,None,y,3,4,central,slightly_facing,arm_raise_high,y,24.797994987257038
44,2,2,central,slightly_facing,None,y,3,4,central,slightly_facing,arm_raise_high,y,24.659885381484568
45,2,2,central,slightly_facing,None,y,3,4,central,slightly_facing,arm_raise_high,y,24.4795811672576
46,2,2,central,slightly_facing,None,y,3,4,central,slightly_facing,arm_raise_high,y,24.32092738525112
47,2,2,central,slightly_facing,None,y,3,4,central,slightly_facing,arm_raise_high,y,24.189758268849832
48,2,2,central,slightly_facing,None,y,3,4,central,slightly_facing,arm_raise_high,y,23.94500658155885
49,2,2,central,strongly_facing,None,y,3,4,central,slightly_facing,arm_raise_high,y,23.781753385073394
50,2,2,central,strongly_facing,None,y,3,4,central,slightly_facing,arm_raise_high,y,23.615511619583085
51,2,2,central,slightly_facing,None,y,3,4,central,slightly_facing,arm_raise_high,y,23.428836352234676
52,2,2,central,slightly_facing,None,y,3,4,central,slightly_facing,arm_raise_high,y,23.257072160879066
53,2,2,central,slightly_facing,None,y,3,4,central,slightly_facing,None,y,23.095404757734205
54,2,2,central,slightly_facing,None,y,3,4,central,slightly_facing,None,y,22.949569053641092
55,2,2,central,slightly_facing,None,y,3,4,central,slightly_facing,None,y,22.809713299878062
56,2,2,central,slightly_facing,None,y,3,4,central,slightly_facing,None,y,22.58415432946748
57,2,2,central,slightly_facing,None,y,3,4,central,slightly_facing,None,y,22.393710302703656
58,2,2,central,slightly_facing,None,y,3,4,central,slightly_facing,None,y,22.23623700756027
59,2,2,central,slightly_facing,None,y,3,4,central,strongly_facing,None,y,22.066385886115057
60,2,2,central,strongly_facing,None,y,3,4,central,slightly_facing,None,y,21.87837036581454
61,2,3,central,strongly_facing,arm_raise_high,y,3,4,central,slightly_facing,None,y,21.674805898673096
62,2,3,central,slightly_facing,arm_raise_high,y,3,4,central,slightly_facing,None,y,21.515256268362922
63,2,3,central,slightly_facing,arm_raise_high,y,3,4,central,slightly_facing,None,y,21.342052566939287
64,2,3,central,slightly_facing,arm_raise_high,y,3,4,central,slightly_facing,None,y,21.185215415488326
65,2,3,central,slightly_facing,arm_raise_high,y,3,4,central,slightly_facing,None,y,21.007587113291617
66,2,3,central,slightly_facing,arm_raise_high,y,3,4,central,slightly_facing,None,y,20.789751871984066
67,4,4,central,slightly_facing,None,y,3,4,central,slightly_facing,None,y,20.620006211506773
68,4,4,central,slightly_facing,None,y,3,4,central,slightly_facing,None,y,20.43468507790154
69,4,4,central,slightly_facing,None,y,3,4,central,slightly_facing,None,y,20.270000078915757
70,4,4,central,slightly_facing,None,y,3,4,central,slightly_facing,None,y,20.13084069143662
71,4,4,central,strongly_facing,None,y,3,4,central,slightly_facing,None,y,19.91098085852246
72,4,4,central,slightly_facing,None,y,3,4,central,slightly_facing,None,y,19.744652573654317
73,4,4,central,slightly_facing,None,y,3,4,central,slightly_facing,None,y,19.57040039755725
74,4,4,central,strongly_facing,None,y,3,4,central,slightly_facing,None,y,19.301582724896555
75,4,4,central,slightly_facing,None,y,3,4,central,slightly_facing,None,y,19.048654996571276
76,4,4,central,slightly_facing,None,y,3,4,central,slightly_facing,None,y,18.81288012328769
77,4,4,central,slightly_facing,None,y,3,4,central,slightly_facing,None,y,18.588852957372705
78,4,4,central,slightly_facing,None,y,3,4,central,slightly_facing,None,y,18.300320750212446
79,4,4,central,slightly_facing,None,y,3,4,central,slightly_facing,None,y,18.083045629264163
80,4,4,central,slightly_facing,None,y,3,4,central,slightly_facing,None,y,17.87693088067692
81,4,4,central,slightly_facing,None,y,3,4,central,slightly_facing,None,y,17.644667346944516
82,4,4,central,slightly_facing,None,y,3,4,central,slightly_facing,None,y,17.37082398263509
83,4,4,central,slightly_facing,None,y,3,4,central,slightly_facing,None,y,17.060792676221965
84,4,4,central,slightly_facing,None,y,3,4,central,slightly_facing,None,y,16.829197625199637
85,4,4,central,slightly_facing,None,y,3,4,central,slightly_facing,None,y,16.59211185836746
86,4,4,central,slightly_facing,None,y,3,4,central,slightly_facing,None,y,16.34733622975645
87,4,4,central,slightly_facing,None,y,3,4,central,slightly_facing,None,y,16.204510036432758
88,4,4,central,slightly_facing,None,y,3,4,central,slightly_facing,None,y,15.89634959880365
89,4,4,central,slightly_facing,None,y,3,4,central,slightly_facing,None,y,15.636749256194774
90,4,4,central,slightly_facing,None,y,3,4,central,slightly_facing,None,y,15.405382137012666
91,4,4,central,slightly_facing,None,y,3,4,central,slightly_facing,None,y,15.099239056033813
92,4,4,central,slightly_facing,None,y,3,4,central,slightly_facing,None,y,14.877569192999273
93,4,4,central,slightly_facing,None,y,3,4,central,slightly_facing,None,y,14.71641761970762
94,4,4,central,slightly_facing,None,y,3,4,central,slightly_facing,None,y,14.507906429594586
95,4,4,central,slightly_facing,None,y,3,4,central,slightly_facing,None,y,14.276073453208793
96,4,4,central,slightly_facing,None,y,3,4,central,slightly_facing,None,y,14.003292432744416
97,4,4,central,slightly_facing,None,y,3,4,central,slightly_facing,None,y,13.63441702177141
98,4,4,central,slightly_facing,None,y,3,4,central,slightly_facing,None,y,13.404428606685633
99,4,4,central,slightly_facing,None,y,3,4,central,slightly_facing,None,y,13.18659388107638
100,4,4,central,slightly_facing,None,y,3,4,central,slightly_facing,None,y,12.943869271965633
101,4,4,central,slightly_facing,None,y,3,4,central,slightly_facing,None,y,12.700814475036
102,4,4,central,slightly_facing,None,y,3,4,central,slightly_facing,None,y,12.414815982951383
103,4,4,central,slightly_facing,None,y,3,4,central,slightly_facing,None,y,12.23531477050693
104,4,4,central,slightly_facing,None,y,3,4,central,slightly_facing,None,y,11.873347644262418
105,4,4,central,slightly_facing,None,y,3,4,central,slightly_facing,None,y,11.61375249820716
106,4,4,central,slightly_facing,None,y,3,4,central,slightly_facing,None,y,11.379292766364042
107,4,4,central,slightly_facing,None,y,3,4,central,slightly_facing,None,y,11.25666260792323
108,4,4,central,slightly_facing,None,y,3,4,central,slightly_facing,None,y,11.05770986918666
109,4,4,central,slightly_facing,None,y,3,4,central,slightly_facing,None,y,10.716303542304356
110,4,4,central,slightly_facing,None,y,3,4,central,slightly_facing,None,y,10.39362151180136
111,4,4,central,slightly_facing,None,y,3,4,central,slightly_facing,None,y,10.1571471516573
112,4,4,central,slightly_facing,None,y,3,4,central,slightly_facing,None,y,9.923726775299691
113,4,4,central,slightly_facing,None,y,3,4,central,slightly_facing,None,y,9.73034453543553
114,4,4,central,slightly_facing,None,y,3,4,central,slightly_facing,None,y,9.537886069905634
115,4,4,central,slightly_facing,None,y,3,4,central,slightly_facing,None,y,9.297337136578406
116,4,4,central,slightly_facing,None,y,3,4,central,slightly_facing,None,y,9.046784162101634
117,4,4,central,slightly_facing,None,y,3,4,central,slightly_facing,None,y,8.783655335596219
118,4,4,central,slightly_facing,None,y,3,4,central,slightly_facing,None,y,8.444252481078538
119,4,4,central,slightly_facing,None,y,3,4,central,slightly_facing,None,y,8.222668294043364
120,4,4,central,slightly_facing,None,y,3,4,central,slightly_facing,None,y,8.049874437380128
121,4,4,central,slightly_facing,None,y,3,4,central,slightly_facing,None,y,7.831647929652416
122,4,4,central,strongly_facing,None,y,3,4,central,slightly_facing,None,y,7.596588489056909
123,4,4,central,strongly_facing,None,y,3,4,central,slightly_facing,None,y,7.291775984870625
124,4,4,central,strongly_facing,None,y,3,4,central,slightly_facing,None,y,7.132585313264886
125,4,4,central,slightly_facing,None,y,3,4,central,slightly_facing,None,y,6.915017569425909
126,4,4,central,slightly_facing,None,y,3,4,central,slightly_facing,None,y,6.564268535319991
127,4,4,central,slightly_facing,None,y,3,4,central,slightly_facing,None,y,6.399279805503208
128,4,4,central,slightly_facing,None,y,3,4,central,slightly_facing,None,y,6.147235602635877
129,4,4,central,slightly_facing,None,y,3,4,central,slightly_facing,None,y,5.924347343640224
130,4,4,central,slightly_facing,None,y,3,4,central,slightly_facing,None,y,5.672992513700155
131,4,4,central,slightly_facing,None,y,3,4,central,slightly_facing,None,y,5.368763970488271
132,4,4,central,slightly_facing,None,y,3,4,central,slightly_facing,None,y,5.125394989065718
133,4,4,central,slightly_facing,None,y,3,4,central,slightly_facing,None,y,4.876510216951148
134,4,4,central,slightly_facing,None,y,3,4,central,slightly_facing,None,y,4.678332108162053
135,4,4,central,slightly_facing,None,y,3,4,central,slightly_facing,None,y,4.374927315398164
136,4,4,central,slightly_facing,None,y,3,4,central,slightly_facing,None,y,4.140232447384686
137,4,4,central,strongly_facing,None,y,3,4,central,slightly_facing,None,y,3.87113703733735
138,4,4,central,slightly_facing,None,y,3,4,central,slightly_facing,None,y,3.6482300254130116
139,4,4,central,slightly_facing,None,y,3,4,central,slightly_facing,None,y,3.334598432519867
140,4,4,central,slightly_facing,None,y,3,4,central,slightly_facing,None,y,3.1385393241934962
141,4,4,central,slightly_facing,None,y,3,4,central,slightly_facing,None,y,2.9369652715948154
142,4,4,central,strongly_facing,None,y,3,4,central,slightly_facing,None,y,2.7821330589324824
143,4,4,central,strongly_facing,None,y,3,4,central,slightly_facing,None,y,2.4706038297827
144,4,4,central,strongly_facing,None,y,3,4,central,slightly_facing,None,y,2.300515466726751
145,4,4,central,strongly_facing,None,y,3,4,central,slightly_facing,None,y,2.1209804037463456
146,4,4,central,strongly_facing,None,y,3,4,central,slightly_facing,None,y,1.8535402150074918
147,4,4,central,strongly_facing,None,m,3,4,central,slightly_facing,None,m,1.6483592159359544
148,4,4,central,strongly_facing,None,y,3,4,central,turned_away,None,n,1.569334970780938
149,4,4,central,strongly_facing,None,y,3,4,central,turned_away,None,n,1.3479725793461061
150,4,4,central,strongly_facing,None,m,3,4,central,strongly_facing,None,n,1.1728748353767355
151,4,4,central,slightly_facing,None,m,3,4,central,strongly_facing,None,n,1.0732281002452333
152,4,4,central,strongly_facing,None,m,3,4,central,strongly_facing,None,n,1.035550999383419
153,4,4,central,slightly_facing,None,m,3,4,central,strongly_facing,None,n,0.9977139920618561
154,4,4,central,slightly_facing,None,m,3,4,central,strongly_facing,None,n,0.9581118607266059
155,4,4,central,slightly_facing,None,n,3,4,central,strongly_facing,None,n,0.9404739857034892
