,imas_1,wti_1,viewing_area_1,body_facing_1,gesture_1,approaching_1,imas_2,wti_2,viewing_area_2,body_facing_2,gesture_2,approaching_2,distance
0,1,2,outside,turned_away,None,n,2,2,mid_peripheral,slightly_facing,None,n,21.93029008643128
1,1,2,outside,turned_away,None,n,2,2,mid_peripheral,slightly_facing,None,n,21.93029008643128
2,1,2,outside,turned_away,None,n,2,2,mid_peripheral,slightly_facing,None,n,21.93029008643128
3,1,2,outside,turned_away,None,n,2,2,mid_peripheral,slightly_facing,None,n,21.93029008643128
4,1,2,outside,turned_away,None,n,2,2,mid_peripheral,slightly_facing,None,n,21.93029008643128
5,1,2,outside,turned_away,None,n,2,2,mid_peripheral,slightly_facing,None,n,21.93029008643128
6,1,2,outside,turned_away,None,n,2,2,mid_peripheral,slightly_facing,None,n,21.93029008643128
7,1,2,outside,turned_away,None,n,2,2,mid_peripheral,slightly_facing,None,n,21.9148965091346
8,1,2,outside,turned_away,None,n,2,2,mid_peripheral,slightly_facing,None,n,21.87913755484318
9,1,2,outside,turned_away,None,n,2,2,mid_peripheral,slightly_facing,None,n,21.825785598124835
10,1,2,outside,turned_away,None,n,2,2,mid_peripheral,slightly_facing,None,n,21.57625984028395
11,1,2,outside,turned_away,None,n,2,2,mid_peripheral,slightly_facing,None,n,21.488279195734634
12,1,2,outside,turned_away,None,n,2,2,mid_peripheral,slightly_facing,None,n,21.450592706358957
13,1,2,outside,turned_away,None,n,2,2,mid_peripheral,slightly_facing,None,n,21.39879501257164
14,1,2,outside,turned_away,None,n,2,2,central,slightly_facing,None,y,21.27803662215781
15,1,2,outside,turned_away,None,n,2,2,central,slightly_facing,None,m,21.14637663401012
16,1,2,outside,turned_away,None,n,2,2,central,slightly_facing,None,m,21.07758338548205
17,1,2,mid_peripheral,slightly_facing,None,n,2,2,central,slightly_facing,None,y,21.042250964813153
18,1,2,mid_peripheral,slightly_facing,None,n,2,2,central,slightly_facing,None,y,20.908067784062524
19,1,2,mid_peripheral,slightly_facing,None,n,2,2,central,slightly_facing,None,y,20.796008811386667
20,1,2,mid_peripheral,slightly_facing,None,n,2,2,central,slightly_facing,None,y,20.53873607360531
21,1,2,mid_peripheral,slightly_facing,None,n,2,2,central,slightly_facing,None,y,20.361977759748303
22,1,2,mid_peripheral,slightly_facing,None,n,3,4,central,slightly_facing,arm_raise_high,y,20.191587323536158
23,1,2,mid_peripheral,slightly_facing,None,n,3,4,central,slightly_facing,arm_raise_high,m,20.05318165286828
24,1,2,mid_peripheral,slightly_facing,None,n,3,4,central,slightly_facing,arm_raise_high,y,19.96669338177909
25,1,2,mid_peripheral,slightly_facing,None,n,3,4,central,slightly_facing,arm_raise_high,y,19.764126993836488
26,1,2,mid_peripheral,slightly_facing,None,n,3,4,central,slightly_facing,arm_raise_high,y,19.632385261095838
27,1,2,mid_peripheral,slightly_facing,None,n,3,4,central,slightly_facing,arm_raise_high,m,19.495452339689276
28,1,2,mid_peripheral,slightly_facing,None,n,3,4,central,slightly_facing,arm_raise_high,y,19.399753587740747
29,1,2,mid_peripheral,slightly_facing,None,n,3,4,central,slightly_facing,arm_raise_high,y,19.16338390635182
30,1,2,mid_peripheral,slightly_facing,None,n,3,4,central,slightly_facing,arm_raise_high,y,18.97427181507045
31,1,2,mid_peripheral,slightly_facing,None,n,3,4,central,slightly_facing,arm_raise_high,y,18.79350219114213
32,1,2,mid_peripheral,slightly_facing,None,n,3,4,central,slightly_facing,arm_raise_high,y,18.65014442525154
33,1,2,mid_peripheral,slightly_facing,None,n,3,4,central,slightly_facing,arm_raise_high,y,18.508382140518385
34,1,2,mid_peripheral,slightly_facing,None,n,3,4,central,slightly_facing,arm_raise_high,y,18.356121882397296
35,1,2,mid_peripheral,slightly_facing,None,n,3,4,central,slightly_facing,arm_raise_high,m,18.079798391665765
36,1,2,mid_peripheral,slightly_facing,None,n,3,4,central,slightly_facing,arm_raise_high,y,17.991357964484305
37,1,2,mid_peripheral,slightly_facing,None,n,3,4,central,slightly_facing,arm_raise_high,y,17.7909384348703
38,2,3,central,slightly_facing,None,y,3,4,central,slightly_facing,arm_raise_high,y,17.66838860777001
39,2,3,central,slightly_facing,None,y,3,4,central,slightly_facing,arm_raise_high,y,17.443491894575278
40,2,3,central,slightly_facing,None,y,3,4,central,slightly_facing,arm_raise_high,y,17.32277355051139
41,2,3,central,slightly_facing,None,y,3,4,central,slightly_facing,arm_raise_high,y,17.14053929933189
42,2,3,central,slightly_facing,None,y,3,4,central,slightly_facing,arm_raise_high,y,17.015017338165954
43,2,3,central,slightly_facing,None,y,3,4,central,slightly_facing,arm_raise_high,y,16.87582553129938
44,2,3,central,slightly_facing,None,y,3,4,central,slightly_facing,arm_raise_high,y,16.734586127634028
45,2,3,central,slightly_facing,None,y,3,4,central,slightly_facing,None,y,16.537614831646067
46,2,3,central,slightly_facing,None,y,3,4,central,slightly_facing,None,y,16.43060190292644
47,2,3,central,slightly_facing,None,y,3,4,central,slightly_facing,None,y,16.30963088397159
48,2,4,central,slightly_facing,arm_raise_low,y,3,4,central,slightly_facing,None,y,16.157289830366285
49,2,4,central,slightly_facing,arm_raise_low,y,3,4,central,slightly_facing,None,y,15.975210069009114
50,2,4,central,slightly_facing,arm_raise_low,y,3,4,central,slightly_facing,None,y,15.816208074480805
51,2,4,central,slightly_facing,arm_raise_low,y,3,4,central,slightly_facing,None,y,15.705378092794612
52,2,4,central,slightly_facing,arm_raise_low,y,3,4,central,slightly_facing,None,y,15.497468239976909
53,2,4,central,slightly_facing,arm_raise_low,y,3,4,central,slightly_facing,None,y,15.383466506082978
54,2,4,central,slightly_facing,arm_raise_low,m,3,4,central,slightly_facing,None,m,15.214966676437244
55,2,4,central,slightly_facing,arm_raise_low,y,3,4,central,slightly_facing,None,y,15.154326205821096
56,2,4,central,slightly_facing,arm_raise_low,y,3,4,central,slightly_facing,None,y,14.978671536637847
57,2,4,central,slightly_facing,arm_raise_low,y,3,4,central,slightly_facing,None,y,14.818609976228037
58,2,4,central,slightly_facing,arm_raise_low,y,3,4,central,slightly_facing,None,y,14.657275057249688
59,2,4,central,slightly_facing,arm_raise_low,m,3,4,central,slightly_facing,None,m,14.51242998319661
60,2,4,central,slightly_facing,arm_raise_low,y,3,4,central,slightly_facing,None,y,14.414618999534916
61,2,4,central,slightly_facing,arm_raise_low,y,3,4,central,strongly_facing,None,y,14.200547703642311
62,2,4,central,slightly_facing,arm_raise_low,y,3,4,central,strongly_facing,None,y,13.833347623727239
63,2,4,central,slightly_facing,arm_raise_low,y,3,4,central,strongly_facing,None,y,13.653117836919884
64,2,4,central,slightly_facing,arm_raise_low,y,3,4,central,slightly_facing,None,y,13.430482860027036
65,2,4,central,slightly_facing,arm_raise_low,y,3,4,central,slightly_facing,None,y,13.216361885349313
66,2,4,central,slightly_facing,arm_raise_low,y,3,4,central,slightly_facing,None,y,12.969057563129635
67,2,4,central,slightly_facing,arm_raise_low,y,3,4,central,slightly_facing,None,y,12.773217562713008
68,2,4,central,slightly_facing,arm_raise_low,y,3,4,central,slightly_facing,None,y,12.513113900883743
69,2,4,central,slightly_facing,arm_raise_low,y,3,4,central,strongly_facing,None,y,12.243986461311893
70,2,4,central,slightly_facing,arm_raise_low,y,3,4,central,strongly_facing,None,y,11.965939890212553
71,2,4,central,slightly_facing,arm_raise_low,y,3,4,central,strongly_facing,None,y,11.69220204486734
72,2,4,central,slightly_facing,arm_raise_low,y,3,4,central,strongly_facing,None,y,11.416105670849626
73,2,4,central,slightly_facing,arm_raise_low,y,3,4,central,slightly_facing,None,y,11.22173710479412
74,2,4,central,slightly_facing,arm_raise_low,y,3,4,central,slightly_facing,None,y,11.008572345257708
75,2,4,central,slightly_facing,arm_raise_low,y,3,4,central,slightly_facing,None,y,10.842170964130018
76,2,4,central,slightly_facing,arm_raise_low,y,3,4,central,slightly_facing,None,y,10.59425296036091
77,2,4,central,turned_away,arm_raise_low,n,3,4,central,slightly_facing,None,y,10.464860960875924
78,2,4,central,slightly_facing,arm_raise_low,y,3,4,central,strongly_facing,None,y,10.333262282939298
79,2,4,central,slightly_facing,arm_raise_low,y,3,4,central,strongly_facing,None,y,10.17118751223759
80,2,4,central,turned_away,arm_raise_low,n,3,4,central,strongly_facing,None,y,10.003855853038516
81,2,4,central,strongly_facing,None,n,3,4,central,strongly_facing,None,m,9.864454033641458
82,2,4,central,strongly_facing,None,n,3,4,central,slightly_facing,None,y,9.77500271871456
83,2,4,central,strongly_facing,None,n,3,4,central,slightly_facing,None,y,9.626870397693166
84,2,4,central,strongly_facing,None,n,3,4,central,slightly_facing,None,m,9.49105739500721
85,2,4,central,strongly_facing,None,n,3,4,central,slightly_facing,None,y,9.438273297382576
86,2,4,central,strongly_facing,None,n,3,4,central,strongly_facing,None,m,9.318362354579316
87,2,4,central,strongly_facing,None,n,3,4,central,strongly_facing,None,y,9.231634647831878
88,2,4,central,strongly_facing,None,n,3,4,central,strongly_facing,None,y,9.068898994365519
89,2,4,central,strongly_facing,None,n,3,4,central,strongly_facing,None,m,8.947584327347466
90,2,4,central,strongly_facing,None,n,3,4,central,strongly_facing,None,y,8.886828181908825
91,2,4,central,strongly_facing,None,n,3,4,central,slightly_facing,None,y,8.75221216296452
92,2,4,central,strongly_facing,None,n,3,4,central,slightly_facing,None,y,8.57265997274148
93,2,4,central,strongly_facing,None,n,3,4,central,slightly_facing,None,y,8.45638031315533
94,2,4,central,strongly_facing,None,n,3,4,central,slightly_facing,None,y,8.33497081604135
95,2,4,central,strongly_facing,None,n,3,4,central,slightly_facing,None,m,8.205384918065999
96,2,4,central,strongly_facing,None,n,3,4,central,strongly_facing,None,y,8.112400449136189
97,2,4,central,strongly_facing,None,n,3,4,central,strongly_facing,None,y,7.962161136203414
98,2,4,central,strongly_facing,None,n,3,4,central,strongly_facing,None,m,7.820311656552054
99,2,4,central,strongly_facing,None,n,3,4,central,strongly_facing,None,y,7.745091858585668
100,2,4,central,strongly_facing,None,n,3,4,central,strongly_facing,None,m,7.603921775519917
101,2,4,central,strongly_facing,None,n,3,4,central,slightly_facing,None,m,7.5143585236865045
102,2,4,central,strongly_facing,None,n,3,4,central,slightly_facing,None,y,7.4270107265317025
103,2,4,central,strongly_facing,None,n,3,4,central,slightly_facing,None,m,7.2738185019317045
104,2,4,central,strongly_facing,None,n,3,4,central,slightly_facing,None,m,7.189563361174723
105,2,4,central,strongly_facing,None,n,3,4,central,slightly_facing,None,y,7.09368983465911
106,2,4,central,strongly_facing,None,n,3,4,central,slightly_facing,None,y,6.968171452554392
107,2,4,central,strongly_facing,None,n,3,4,central,strongly_facing,None,y,6.821509580595339
108,2,4,central,strongly_facing,None,n,3,4,central,strongly_facing,None,m,6.711067874101184
109,2,4,central,strongly_facing,None,n,3,4,central,strongly_facing,None,y,6.611499684785902
110,2,4,central,strongly_facing,None,n,3,4,central,strongly_facing,None,y,6.470462744380897
111,2,4,central,strongly_facing,None,n,3,4,central,slightly_facing,None,y,6.330942742773863
112,2,4,central,strongly_facing,None,n,3,4,central,slightly_facing,None,y,6.190714416601127
113,2,4,central,strongly_facing,None,n,3,4,central,slightly_facing,None,m,6.073156159489146
114,2,4,central,strongly_facing,None,n,3,4,central,slightly_facing,None,m,5.9755620714173014
115,2,4,central,strongly_facing,None,n,3,4,central,strongly_facing,None,y,5.89689138255013
116,2,4,central,strongly_facing,None,n,3,4,central,strongly_facing,None,y,5.737146587503237
117,2,4,central,strongly_facing,None,n,3,4,central,strongly_facing,None,y,5.613748798959389
118,2,4,central,strongly_facing,None,n,3,4,central,strongly_facing,None,y,5.499364943161523
119,2,4,central,strongly_facing,None,n,3,4,central,slightly_facing,None,y,5.339890473913677
120,2,4,central,strongly_facing,None,n,3,4,central,slightly_facing,None,y,5.219447528322609
121,2,4,central,strongly_facing,None,n,3,4,central,slightly_facing,None,y,5.080258924213699
122,2,4,central,strongly_facing,None,n,3,4,central,slightly_facing,None,y,4.946333728897897
123,2,4,central,strongly_facing,None,n,3,4,central,slightly_facing,None,y,4.845275711370199
124,2,4,central,strongly_facing,None,n,3,4,central,slightly_facing,None,m,4.716594386228269
125,2,4,central,strongly_facing,None,n,3,4,central,slightly_facing,None,y,4.631690287405882
126,2,4,central,strongly_facing,None,n,3,4,central,slightly_facing,None,y,4.528427383231405
127,2,4,central,strongly_facing,None,n,3,4,central,strongly_facing,None,y,4.386648526795137
128,2,4,central,strongly_facing,None,n,3,4,central,slightly_facing,None,y,4.22409568357832
129,2,4,central,strongly_facing,None,n,3,4,central,slightly_facing,None,y,4.102108400691651
130,2,4,central,strongly_facing,None,n,3,4,central,slightly_facing,None,m,3.962680601212396
131,2,4,central,strongly_facing,None,n,3,4,central,slightly_facing,None,y,3.914145719224694
132,2,4,central,strongly_facing,None,n,3,4,central,slightly_facing,None,m,3.784024092854063
133,2,4,central,strongly_facing,None,n,3,4,central,slightly_facing,None,y,3.697713627681299
134,2,4,central,strongly_facing,None,n,3,4,central,slightly_facing,None,y,3.581144296319407
135,2,4,central,strongly_facing,None,n,3,4,central,slightly_facing,None,m,3.4133514228444137
136,2,4,central,strongly_facing,None,n,3,4,central,slightly_facing,None,y,3.3157239082363286
137,2,4,central,strongly_facing,None,n,3,4,central,slightly_facing,None,y,3.1769992789802477
138,2,4,central,strongly_facing,None,n,3,4,central,slightly_facing,None,y,3.042664709669639
139,2,4,central,strongly_facing,None,n,3,4,central,slightly_facing,None,y,2.9120582527569754
140,2,4,central,strongly_facing,None,n,3,4,central,slightly_facing,None,m,2.79605076755377
141,2,4,central,strongly_facing,None,n,3,4,central,slightly_facing,None,y,2.712567594175126
142,2,4,central,strongly_facing,None,n,3,4,central,slightly_facing,None,m,2.5909027905075903
143,2,4,central,strongly_facing,None,n,3,4,central,slightly_facing,None,y,2.5024331141403167
144,2,4,central,strongly_facing,None,n,3,4,central,slightly_facing,None,y,2.383989358895082
145,2,4,central,strongly_facing,None,n,3,4,central,slightly_facing,None,m,2.2451666480971997
146,2,4,central,strongly_facing,None,n,3,4,central,slightly_facing,None,m,2.167726039897573
147,2,4,central,strongly_facing,None,n,3,4,central,slightly_facing,None,y,2.137080175057784
148,2,4,central,strongly_facing,None,n,3,4,central,slightly_facing,None,y,1.988591838679071
149,2,4,central,strongly_facing,None,n,3,4,central,slightly_facing,None,m,1.862920482480401
150,2,4,central,strongly_facing,None,n,3,4,central,turned_away,None,n,1.8008556857993938
151,2,4,central,strongly_facing,None,n,3,4,central,turned_away,None,n,1.8051892577680066
152,2,4,central,strongly_facing,None,n,3,4,central,slightly_facing,None,m,1.8067016799029132
153,2,4,central,strongly_facing,None,n,3,4,central,slightly_facing,None,m,1.8038996390567306
154,2,4,central,strongly_facing,None,n,3,4,central,slightly_facing,None,m,1.791678528176304
155,2,4,central,strongly_facing,None,n,3,4,central,slightly_facing,None,n,1.7769044203650912
