,imas_1,wti_1,viewing_area_1,body_facing_1,gesture_1,approaching_1,imas_2,wti_2,viewing_area_2,body_facing_2,gesture_2,approaching_2,distance
0,1,1,outside,turned_away,None,n,1,1,outside,turned_away,None,n,16.976307073872725
1,1,1,outside,turned_away,None,n,1,1,outside,turned_away,None,n,16.976307073872725
2,1,1,outside,turned_away,None,n,1,1,outside,turned_away,None,n,16.976307073872725
3,1,1,outside,turned_away,None,n,1,1,outside,turned_away,None,n,16.976307073872725
4,1,1,outside,turned_away,None,n,1,1,outside,turned_away,None,n,16.976307073872725
5,1,1,outside,turned_away,None,n,1,1,outside,turned_away,None,n,16.976307073872725
6,1,1,outside,turned_away,None,n,1,1,outside,turned_away,None,n,16.976307073872725
7,1,1,outside,turned_away,None,n,1,1,outside,turned_away,None,n,16.976307073872725
8,1,1,outside,turned_away,None,n,1,1,outside,turned_away,None,n,16.976307073872725
9,1,1,outside,turned_away,None,n,1,1,outside,turned_away,None,n,16.980662195003
10,1,1,outside,turned_away,None,n,1,1,outside,turned_away,None,n,16.997640014415172
11,1,1,outside,turned_away,None,n,1,1,mid_peripheral,slightly_facing,None,n,17.074459318634787
12,1,1,outside,turned_away,None,n,1,1,mid_peripheral,slightly_facing,None,n,17.136858331481935
13,1,1,outside,turned_away,None,n,1,1,mid_peripheral,slightly_facing,None,n,17.13678120658322
14,1,1,outside,turned_away,None,n,1,1,mid_peripheral,slightly_facing,None,n,17.099367446112534
15,1,1,outside,turned_away,None,n,1,1,mid_peripheral,slightly_facing,None,n,17.117701630537706
16,1,1,outside,turned_away,None,n,1,1,mid_peripheral,slightly_facing,None,n,17.10068887039411
17,1,1,outside,turned_away,None,n,1,1,mid_peripheral,slightly_facing,None,n,17.145438618283443
18,1,1,outside,turned_away,None,n,1,1,mid_peripheral,slightly_facing,None,n,17.205126160821088
19,1,1,outside,turned_away,None,n,1,1,mid_peripheral,slightly_facing,None,n,17.192267824816977
20,1,1,outside,turned_away,None,n,1,1,mid_peripheral,slightly_facing,None,n,17.18827334264254
21,1,1,outside,turned_away,None,n,1,1,mid_peripheral,slightly_facing,None,n,17.073249976275875
22,1,1,outside,turned_away,None,n,1,1,mid_peripheral,slightly_facing,None,n,17.08509223758365
23,1,1,outside,turned_away,None,n,1,1,mid_peripheral,slightly_facing,None,n,17.086611603295133
24,1,1,outside,turned_away,None,n,1,1,mid_peripheral,slightly_facing,None,n,17.06504968469545
25,1,1,outside,turned_away,None,n,1,1,mid_peripheral,slightly_facing,None,n,17.09235557541587
26,1,1,outside,turned_away,None,n,2,3,central,slightly_facing,None,m,17.026476838411984
27,1,1,outside,turned_away,None,n,2,3,central,slightly_facing,None,m,17.031228594788875
28,1,1,outside,turned_away,None,n,2,3,central,slightly_facing,None,m,17.045666716162227
29,1,1,outside,turned_away,None,n,2,3,central,slightly_facing,None,m,17.07005641424717
30,1,1,outside,turned_away,None,n,2,3,central,slightly_facing,None,m,17.03975379209151
31,1,1,outside,turned_away,None,n,2,3,central,slightly_facing,None,m,16.992744022205745
32,1,1,outside,turned_away,None,n,2,3,central,slightly_facing,None,m,16.9651058644908
33,1,1,outside,turned_away,None,n,2,3,central,slightly_facing,None,m,16.939096566404245
34,1,1,outside,turned_away,None,n,2,3,central,slightly_facing,None,m,16.970487335943098
35,1,1,outside,turned_away,None,n,2,3,central,slightly_facing,None,m,16.962575461552202
36,1,1,outside,turned_away,None,n,2,3,central,slightly_facing,None,m,16.940122507860586
37,1,1,outside,turned_away,None,n,2,3,central,slightly_facing,None,m,16.982701099815777
38,1,1,outside,turned_away,None,n,2,3,central,slightly_facing,None,m,16.91367108744938
39,1,1,outside,turned_away,None,n,2,3,central,slightly_facing,None,m,16.939918630133054
40,1,1,outside,turned_away,None,n,2,3,central,slightly_facing,None,m,16.9025571595027
41,1,1,outside,turned_away,None,n,2,3,central,slightly_facing,None,m,16.94159535243529
42,1,1,outside,turned_away,None,n,2,3,central,slightly_facing,None,m,16.94743826431812
43,2,3,central,turned_away,None,n,2,3,central,slightly_facing,None,m,16.919898359968506
44,2,3,central,turned_away,None,n,2,3,central,slightly_facing,None,m,16.926544555747228
45,2,3,central,turned_away,None,n,2,3,central,slightly_facing,None,m,16.927514451452815
46,2,3,central,turned_away,None,n,2,3,central,slightly_facing,None,m,16.96502661286023
47,2,3,central,turned_away,None,n,2,3,central,slightly_facing,None,m,16.960341618859715
48,2,3,central,turned_away,None,n,2,3,central,slightly_facing,None,m,16.94958133139919
49,2,3,central,turned_away,None,n,2,3,central,slightly_facing,None,m,16.947317183456654
50,2,3,central,turned_away,None,n,2,3,central,slightly_facing,None,m,17.004245935442036
51,2,3,central,turned_away,None,n,2,3,central,slightly_facing,None,m,16.990952133543107
52,2,3,central,turned_away,None,n,2,3,central,slightly_facing,None,m,16.98920964962729
53,2,3,central,turned_away,None,n,2,3,central,slightly_facing,None,m,16.94711670459025
54,2,3,central,turned_away,None,n,2,3,central,slightly_facing,None,m,16.939964609674156
55,2,3,central,turned_away,None,n,2,3,central,slightly_facing,None,m,16.98034596177077
56,2,3,central,turned_away,None,n,2,3,central,slightly_facing,None,m,17.041468016940467
57,2,3,central,turned_away,None,n,3,4,central,slightly_facing,arm_raise_high,m,17.08658328386351
58,2,3,central,turned_away,None,n,3,4,central,slightly_facing,arm_raise_high,m,17.140871810483883
59,2,3,central,turned_away,None,n,3,4,central,slightly_facing,arm_raise_high,m,17.143601234186768
60,2,4,central,turned_away,come_here,n,3,4,central,slightly_facing,arm_raise_high,m,17.155415347482705
61,2,4,central,turned_away,come_here,n,3,4,central,slightly_facing,arm_raise_high,m,17.129002009962047
62,2,4,central,turned_away,come_here,n,3,4,central,slightly_facing,arm_raise_high,m,17.070456145402595
63,2,4,central,turned_away,come_here,n,3,4,central,slightly_facing,arm_raise_high,m,17.084441167689505
64,2,4,central,turned_away,come_here,n,3,4,central,slightly_facing,arm_raise_high,m,17.069243973380225
65,2,4,central,turned_away,come_here,n,3,4,central,slightly_facing,arm_raise_high,m,17.081201994038036
66,2,4,central,turned_away,come_here,n,3,4,central,slightly_facing,arm_raise_high,m,17.14620249163612
67,2,4,central,turned_away,come_here,n,3,4,central,slightly_facing,arm_raise_high,m,17.20116932038848
68,2,4,central,turned_away,come_here,n,3,4,central,slightly_facing,arm_raise_high,m,17.234064451323142
69,2,4,central,turned_away,come_here,n,3,4,central,slightly_facing,arm_raise_high,m,17.209624795012353
70,2,4,central,turned_away,come_here,n,3,4,central,slightly_facing,arm_raise_high,m,17.215947474965066
71,2,4,central,turned_away,come_here,n,3,4,central,slightly_facing,arm_raise_high,y,17.182935035686132
72,2,4,central,turned_away,come_here,n,3,4,central,slightly_facing,None,m,17.030632085445333
73,2,4,central,turned_away,come_here,n,3,4,central,slightly_facing,None,m,16.998445429783423
74,2,4,central,turned_away,come_here,n,3,4,central,slightly_facing,None,m,16.980591939030216
75,2,4,central,turned_away,None,n,3,4,central,slightly_facing,None,m,16.956208086129745
76,2,4,central,turned_away,None,n,3,4,central,slightly_facing,None,m,16.931447522690075
77,2,4,central,turned_away,None,n,3,4,central,slightly_facing,None,m,16.835960785512007
78,2,4,central,turned_away,None,n,3,4,central,slightly_facing,None,m,16.816024565633818
79,2,4,central,turned_away,None,n,3,4,central,slightly_facing,None,m,16.75252372933968
80,2,4,central,turned_away,None,n,3,4,central,slightly_facing,None,m,16.681420797667442
81,2,4,central,turned_away,None,n,3,4,central,slightly_facing,None,y,16.711649965485154
82,2,4,central,turned_away,None,n,3,4,central,strongly_facing,None,y,16.60821351548591
83,2,4,central,turned_away,None,n,3,4,central,slightly_facing,None,y,16.378231113165576
84,2,4,central,turned_away,None,n,3,4,central,slightly_facing,None,y,16.214010846898088
85,2,4,central,turned_away,None,n,3,4,central,strongly_facing,None,m,15.989958060075084
86,2,4,central,turned_away,None,n,3,4,central,slightly_facing,None,y,15.943095418662116
87,2,4,central,turned_away,None,n,3,4,central,slightly_facing,None,y,15.761102015294647
88,2,4,central,turned_away,None,n,3,4,central,slightly_facing,None,y,15.576647353124304
89,2,4,central,turned_away,None,n,3,4,central,slightly_facing,None,y,15.423602772870838
90,2,4,central,turned_away,None,n,3,4,central,slightly_facing,None,y,15.222700550572783
91,2,4,central,turned_away,None,n,3,4,central,slightly_facing,None,y,15.047086363874435
92,2,4,central,turned_away,None,n,3,4,central,slightly_facing,None,m,14.938548903572427
93,2,4,central,turned_away,None,n,3,4,central,slightly_facing,None,y,14.954133837335851
94,2,4,central,turned_away,None,n,3,4,central,strongly_facing,None,y,14.846551638544387
95,2,4,central,turned_away,None,n,3,4,central,slightly_facing,None,y,14.654331704786877
96,2,4,central,turned_away,None,n,3,4,central,slightly_facing,None,m,14.389778373954234
97,2,4,central,turned_away,None,n,3,4,central,slightly_facing,None,m,14.377101050277762
98,2,4,central,turned_away,None,n,3,4,central,slightly_facing,None,y,14.304351535333643
99,2,4,central,turned_away,None,n,3,4,central,slightly_facing,None,m,13.982528799010426
100,2,4,central,turned_away,None,n,3,4,central,slightly_facing,None,y,14.015528642770276
101,2,4,central,turned_away,None,n,3,4,central,slightly_facing,None,m,13.809206704388055
102,2,4,central,turned_away,None,n,3,4,central,slightly_facing,None,y,13.794704691490356
103,2,4,central,turned_away,None,n,3,4,central,slightly_facing,None,m,13.625773654696053
104,2,4,central,turned_away,None,n,3,4,central,slightly_facing,None,m,13.566806976183345
105,2,4,central,turned_away,None,n,3,4,central,slightly_facing,None,m,13.499268653609125
106,2,4,central,turned_away,None,n,3,4,central,slightly_facing,None,m,13.454335975996509
107,2,4,central,turned_away,None,n,3,4,central,slightly_facing,None,y,13.399349868548885
108,2,4,central,turned_away,None,n,3,4,central,slightly_facing,None,y,13.213285682792606
109,2,4,central,turned_away,None,n,3,4,central,slightly_facing,None,y,13.087182279464821
110,2,4,central,turned_away,None,n,3,4,central,slightly_facing,None,y,12.95633956157077
111,2,4,central,turned_away,None,n,3,4,central,slightly_facing,None,y,12.815106910313975
112,2,4,central,turned_away,None,n,3,4,central,slightly_facing,None,m,12.706990158917888
113,2,4,central,turned_away,None,n,3,4,central,slightly_facing,None,m,12.6558625700516
114,2,4,central,turned_away,None,n,3,4,central,slightly_facing,None,m,12.602390990621577
115,2,4,central,turned_away,None,n,3,4,central,slightly_facing,None,y,12.517557013447307
116,2,4,central,turned_away,None,n,3,4,central,slightly_facing,None,m,12.364395999802378
117,2,4,central,turned_away,None,n,3,4,central,slightly_facing,None,m,12.456606980591507
118,2,4,central,turned_away,None,n,3,4,central,slightly_facing,None,m,12.389483147012143
119,2,4,central,turned_away,None,n,3,4,central,slightly_facing,None,y,12.290247971286382
120,2,4,central,turned_away,None,n,3,4,central,slightly_facing,None,m,12.152498391877492
121,2,4,central,turned_away,None,n,3,4,central,slightly_facing,None,y,12.110126762208974
122,2,4,central,turned_away,None,n,3,4,central,slightly_facing,None,m,11.977052612872876
123,2,4,central,turned_away,None,n,3,4,central,slightly_facing,None,m,11.878848328945573
124,2,4,central,turned_away,None,n,3,4,central,slightly_facing,None,y,11.850691678458013
125,2,4,central,turned_away,None,n,3,4,central,slightly_facing,None,m,11.706590947420429
126,2,4,central,turned_away,None,n,3,4,central,slightly_facing,None,y,11.729314275776613
127,2,4,central,turned_away,None,n,3,4,central,slightly_facing,None,y,11.599500504378154
128,2,4,central,turned_away,None,n,3,4,central,slightly_facing,None,y,11.495083600507828
129,2,4,central,turned_away,None,n,3,4,central,slightly_facing,None,m,11.347878164048154
130,2,4,central,turned_away,None,n,3,4,central,slightly_facing,None,m,11.34484854369568
131,2,4,central,turned_away,None,n,3,4,central,slightly_facing,None,y,11.265952807395033
132,2,4,central,turned_away,None,n,3,4,central,turned_away,None,n,11.132955297776638
133,2,4,central,turned_away,None,n,3,4,central,slightly_facing,None,n,11.26241806820551
134,2,4,central,turned_away,None,n,3,4,central,slightly_facing,None,n,11.39854529613187
