,imas_1,wti_1,viewing_area_1,body_facing_1,gesture_1,approaching_1,imas_2,wti_2,viewing_area_2,body_facing_2,gesture_2,approaching_2,distance
0,2,2,mid_peripheral,slightly_facing,None,n,1,2,outside,turned_away,None,n,17.14634813242694
1,2,2,mid_peripheral,slightly_facing,None,n,1,2,outside,turned_away,None,n,17.14634813242694
2,2,2,mid_peripheral,slightly_facing,None,n,1,2,outside,turned_away,None,n,17.14634813242694
3,2,2,mid_peripheral,slightly_facing,None,n,1,2,outside,turned_away,None,n,17.14634813242694
4,2,2,mid_peripheral,slightly_facing,None,n,1,2,outside,turned_away,None,n,17.14634813242694
5,2,2,mid_peripheral,slightly_facing,None,n,1,2,mid_peripheral,strongly_facing,None,n,17.1287125994556
6,2,2,mid_peripheral,slightly_facing,None,n,1,2,mid_peripheral,slightly_facing,None,n,16.828839881879748
7,2,2,outside,slightly_facing,None,n,1,2,mid_peripheral,strongly_facing,None,n,16.516639047369324
8,2,2,mid_peripheral,slightly_facing,None,n,1,2,mid_peripheral,slightly_facing,None,n,16.362894401764624
9,2,2,mid_peripheral,slightly_facing,None,n,1,2,mid_peripheral,slightly_facing,None,n,16.164067843739087
10,2,2,mid_peripheral,slightly_facing,None,n,1,2,outside,slightly_facing,None,n,15.941677445342599
11,2,2,mid_peripheral,slightly_facing,None,n,1,2,mid_peripheral,slightly_facing,None,n,15.655270688705738
12,2,2,central,slightly_facing,None,y,1,2,mid_peripheral,slightly_facing,None,n,15.372998407139352
13,2,2,central,slightly_facing,None,y,1,2,mid_peripheral,slightly_facing,None,n,15.161517844484612
14,2,2,central,slightly_facing,None,y,1,2,mid_peripheral,slightly_facing,None,n,14.755513848681277
15,2,2,central,slightly_facing,None,y,1,2,mid_peripheral,slightly_facing,None,n,14.41841858876861
16,2,2,central,slightly_facing,None,y,2,3,central,slightly_facing,None,y,14.038576567051836
17,2,4,central,slightly_facing,arm_raise_low,y,2,3,central,slightly_facing,None,y,13.811131727954262
18,2,4,central,slightly_facing,arm_raise_low,y,2,3,central,slightly_facing,None,y,13.516733641980302
19,2,4,central,slightly_facing,arm_raise_low,y,2,3,central,slightly_facing,arm_raise_low,y,13.25107861595402
20,2,4,central,slightly_facing,arm_raise_low,y,2,3,central,slightly_facing,arm_raise_low,y,12.843166708163254
21,2,4,central,slightly_facing,arm_raise_low,y,2,3,central,slightly_facing,arm_raise_low,y,12.457223917767761
22,2,4,central,slightly_facing,arm_raise_low,y,2,3,central,slightly_facing,arm_raise_low,y,12.093282534784553
23,2,4,central,slightly_facing,arm_raise_low,y,2,3,central,slightly_facing,arm_raise_low,y,11.765023463265772
24,2,3,central,slightly_facing,None,y,2,3,central,slightly_facing,arm_raise_low,y,11.512388033594643
25,2,3,central,slightly_facing,None,y,2,3,central,slightly_facing,arm_raise_low,y,11.389327700264715
26,2,3,central,slightly_facing,None,y,2,3,central,slightly_facing,None,y,11.209429991637215
27,2,3,central,slightly_facing,None,y,2,3,central,slightly_facing,None,y,11.10747660065507
28,2,3,central,slightly_facing,None,y,2,3,central,slightly_facing,None,y,10.871019197169877
29,2,3,central,slightly_facing,None,m,2,3,central,slightly_facing,None,m,10.71429323359269
30,2,3,central,slightly_facing,None,y,2,3,central,slightly_facing,None,y,10.634924314088417
31,2,3,central,slightly_facing,None,y,2,3,central,slightly_facing,None,y,10.51096568120023
32,2,3,central,slightly_facing,None,m,2,3,central,slightly_facing,None,m,10.383234255181243
33,2,3,central,slightly_facing,None,y,2,3,central,slightly_facing,None,y,10.283982503323953
34,2,3,central,slightly_facing,None,y,2,3,central,slightly_facing,None,y,10.167330136884512
35,2,3,central,slightly_facing,None,y,2,3,central,slightly_facing,None,y,9.957966660769904
36,2,3,central,slightly_facing,None,y,2,3,central,slightly_facing,None,y,9.84017576559322
37,2,3,central,slightly_facing,None,m,2,3,central,slightly_facing,None,m,9.737244786876468
38,2,3,central,slightly_facing,None,m,2,3,central,slightly_facing,None,m,9.66174027470088
39,2,3,central,slightly_facing,None,m,2,3,central,slightly_facing,None,m,9.57872322433945
40,2,3,central,slightly_facing,None,y,2,3,central,slightly_facing,None,y,9.516727027361085
41,2,3,central,slightly_facing,None,m,2,3,central,slightly_facing,None,m,9.404066522790657
42,2,3,central,slightly_facing,None,m,2,3,central,slightly_facing,None,m,9.334017233831585
43,2,3,central,turned_away,None,n,2,3,central,slightly_facing,None,m,9.261931626632528
44,2,3,central,turned_away,None,n,2,3,central,turned_away,None,n,9.271354847163598
45,2,3,central,turned_away,None,n,2,3,central,turned_away,None,n,9.31390945373708
46,2,3,central,turned_away,None,n,2,3,central,slightly_facing,None,m,9.342294032509363
47,2,3,central,slightly_facing,None,m,2,3,central,slightly_facing,None,m,9.347669330514425
48,2,3,central,turned_away,None,n,2,3,central,slightly_facing,None,m,9.323425375969283
49,2,3,central,turned_away,None,n,2,3,central,turned_away,None,n,9.322282168850496
50,2,3,central,turned_away,None,n,2,3,central,turned_away,None,n,9.35108565537681
51,2,3,central,turned_away,None,n,2,3,central,turned_away,None,n,9.514201219675192
52,2,3,central,turned_away,None,n,2,3,central,turned_away,None,n,9.583835637252765
53,2,3,central,turned_away,None,n,2,3,central,turned_away,None,n,9.7397278615003
54,2,3,central,turned_away,None,n,2,3,central,turned_away,None,n,9.866415400352901
55,2,3,central,turned_away,None,n,2,3,central,turned_away,None,n,9.87902442137508
56,2,3,central,turned_away,None,n,2,3,central,turned_away,None,n,9.972548808301411
57,2,3,central,turned_away,None,n,2,3,central,turned_away,None,n,10.113246907385674
58,2,3,central,turned_away,None,n,2,3,central,turned_away,None,n,10.346991107142403
59,2,3,central,turned_away,None,n,2,3,central,turned_away,None,n,10.545115104971021
60,2,3,central,turned_away,None,n,2,3,central,turned_away,None,n,10.71273730944701
61,2,3,central,turned_away,None,n,2,3,central,turned_away,None,n,10.880491348923558
62,2,3,central,turned_away,None,n,2,3,central,turned_away,None,n,11.03677849047864
63,2,3,central,turned_away,None,n,2,3,central,turned_away,None,n,11.254574305395336
64,2,3,central,turned_away,None,n,2,3,central,turned_away,None,n,11.433598233760057
65,2,3,central,turned_away,None,n,2,3,central,turned_away,None,n,11.673603817670918
66,2,3,central,turned_away,None,n,2,3,central,turned_away,None,n,11.844400284170232
67,2,3,central,turned_away,None,n,2,3,central,turned_away,None,n,12.014475026245178
68,2,3,central,turned_away,None,n,2,3,central,turned_away,None,n,12.213105589317257
69,2,3,central,turned_away,None,n,2,3,central,turned_away,None,n,12.483418710024022
70,2,3,central,turned_away,None,n,2,3,central,turned_away,None,n,12.676900696409701
71,2,3,central,turned_away,None,n,2,3,central,turned_away,None,n,12.920249912713919
72,2,3,central,turned_away,None,n,2,3,central,turned_away,None,n,13.300288692679118
73,2,3,central,turned_away,None,n,2,3,central,turned_away,None,n,13.467363504462378
74,2,3,central,turned_away,None,n,2,3,central,turned_away,None,n,13.643325814683491
75,2,3,central,turned_away,None,n,2,3,central,turned_away,None,n,13.918854635633812
76,2,3,central,turned_away,None,n,2,3,central,turned_away,None,n,14.18604612611886
77,2,3,central,turned_away,None,n,2,3,central,turned_away,None,n,14.38163824878445
78,2,3,central,turned_away,None,n,2,3,central,turned_away,None,n,14.676104694576958
79,2,3,central,turned_away,None,n,2,3,central,turned_away,None,n,15.019091933394138
80,2,3,central,turned_away,None,n,2,3,central,turned_away,None,n,15.13898538889169
81,2,3,central,turned_away,None,n,2,3,central,turned_away,None,n,15.477829987761973
82,2,3,central,turned_away,None,n,2,3,central,turned_away,None,n,15.875730052336435
83,2,3,central,turned_away,None,n,2,3,central,turned_away,None,n,16.06036902762713
84,2,3,central,turned_away,None,n,2,3,central,turned_away,None,n,16.406503723856652
85,2,3,central,turned_away,None,n,2,3,central,turned_away,None,n,16.609781750387207
86,2,3,central,turned_away,None,n,2,3,central,turned_away,None,n,16.968256013628494
87,2,3,central,turned_away,None,n,2,3,central,turned_away,None,n,17.218697210777272
88,2,3,central,turned_away,None,n,2,3,central,turned_away,None,n,17.53136777399017
89,2,3,central,turned_away,None,n,2,3,central,turned_away,None,n,17.83223796225813
90,2,3,central,turned_away,None,n,2,3,central,turned_away,None,n,18.01591335499493
91,2,3,central,turned_away,None,n,2,3,central,turned_away,None,n,18.433282174562834
92,2,3,central,turned_away,None,n,2,3,central,turned_away,None,n,18.628202489721115
93,2,3,central,turned_away,None,n,2,3,central,turned_away,None,n,18.842314098983067
94,2,3,central,turned_away,None,n,2,3,central,turned_away,None,n,19.285153619308716
95,2,3,central,turned_away,None,n,2,3,central,turned_away,None,n,19.539700350990884
96,2,3,central,turned_away,None,n,2,3,central,turned_away,None,n,19.870012740488566
97,2,3,central,turned_away,None,n,2,3,central,turned_away,None,n,20.214734780790575
98,2,3,central,turned_away,None,n,2,3,central,turned_away,None,n,20.492246235569198
99,2,3,central,turned_away,None,n,2,3,central,turned_away,None,n,20.75594300119848
100,2,3,central,turned_away,None,n,2,3,central,turned_away,None,n,21.041336356928287
101,2,3,central,turned_away,None,n,2,3,central,turned_away,None,n,21.50123393539859
102,2,3,central,turned_away,None,n,2,3,central,turned_away,None,n,21.73333959318668
103,2,3,central,turned_away,None,n,2,3,central,turned_away,None,n,22.152041346486236
104,2,3,central,turned_away,None,n,2,3,central,turned_away,None,n,22.47487636907545
105,2,3,central,turned_away,None,n,2,3,central,turned_away,None,n,22.672954038132435
106,2,3,central,turned_away,None,n,2,3,central,turned_away,None,n,23.052151699626844
107,2,3,central,turned_away,None,n,2,3,central,turned_away,None,n,23.370669985830716
108,2,3,central,turned_away,None,n,2,3,central,turned_away,None,n,23.641219934603907
109,2,3,central,turned_away,None,n,2,3,central,turned_away,None,n,23.91574614226412
110,2,3,central,turned_away,None,n,2,3,central,turned_away,None,n,24.28491340203873
111,2,3,central,turned_away,None,n,2,3,central,turned_away,None,n,24.617988062479057
112,2,3,central,turned_away,None,n,2,3,central,turned_away,None,n,24.90165923543845
113,2,3,central,turned_away,None,n,2,3,central,turned_away,None,n,25.233906553722694
114,2,3,central,turned_away,None,n,2,3,central,turned_away,None,n,25.52040069875298
115,2,3,central,turned_away,None,n,2,3,central,turned_away,None,n,25.883612466144868
116,2,3,central,turned_away,None,n,2,3,central,turned_away,None,n,26.277658962149605
117,2,3,central,turned_away,None,n,2,3,central,turned_away,None,n,26.61068812896537
118,2,3,central,turned_away,None,n,2,3,central,turned_away,None,n,26.88675859998213
119,2,3,central,turned_away,None,n,2,3,central,turned_away,None,n,27.139584165922216
120,2,3,central,turned_away,None,n,2,3,central,turned_away,None,n,27.475452444071518
121,2,3,central,turned_away,None,n,2,3,central,turned_away,None,n,27.70807918098071
122,2,3,central,turned_away,None,n,2,3,central,turned_away,None,n,27.877153014869243
123,2,3,central,turned_away,None,n,2,3,central,turned_away,None,n,28.067210086361158
124,2,3,central,turned_away,None,n,2,3,central,turned_away,None,n,28.259443121470127
125,2,3,central,turned_away,None,n,2,3,central,turned_away,None,n,28.50135824316842
126,2,3,central,turned_away,None,n,2,3,central,turned_away,None,n,28.634047045416498
127,2,3,central,turned_away,None,n,2,3,central,turned_away,None,n,28.653096074952618
128,2,3,central,turned_away,None,n,2,3,central,turned_away,None,n,28.66075819786839
129,2,3,central,turned_away,None,n,2,3,central,turned_away,None,n,28.69382815730408
130,2,3,central,turned_away,None,n,2,3,central,turned_away,None,n,28.709900160435478
131,2,3,central,turned_away,None,n,2,3,central,turned_away,None,n,28.712458743820918
132,2,3,central,turned_away,None,n,2,3,central,turned_away,None,n,28.712458743820918
133,2,3,central,turned_away,None,n,2,3,central,turned_away,None,n,28.712458743820918
134,2,3,central,turned_away,None,n,2,3,central,turned_away,None,n,28.712458743820918
135,2,3,central,turned_away,None,n,2,3,central,turned_away,None,n,28.712458743820918
136,2,3,central,turned_away,None,n,2,3,central,turned_away,None,n,28.712458743820918
137,2,3,central,turned_away,None,n,2,3,central,turned_away,None,n,28.712458743820918
138,2,3,central,turned_away,None,n,2,3,central,turned_away,None,n,28.712458743820918
139,2,3,central,turned_away,None,n,2,3,central,turned_away,None,n,28.712458743820918
140,2,3,central,turned_away,None,n,2,3,central,turned_away,None,n,28.712458743820918
141,2,3,central,turned_away,None,n,2,3,central,turned_away,None,n,28.712458743820918
142,2,3,central,turned_away,None,n,2,3,central,turned_away,None,n,28.712458743820918
143,2,3,central,turned_away,None,n,2,3,central,turned_away,None,n,28.712458743820918
144,2,3,central,turned_away,None,n,2,3,central,turned_away,None,n,28.712458743820918
145,2,3,central,turned_away,None,n,2,3,central,turned_away,None,n,28.712458743820918
146,2,3,central,turned_away,None,n,2,3,central,turned_away,None,n,28.712458743820918
147,2,3,central,turned_away,None,n,2,3,central,turned_away,None,n,28.712458743820918
148,2,3,central,turned_away,None,n,2,3,central,turned_away,None,n,28.712458743820918
149,2,3,central,turned_away,None,n,2,3,central,turned_away,None,n,28.712458743820918
150,2,3,central,turned_away,None,n,2,3,central,turned_away,None,n,28.712458743820918
151,2,3,central,turned_away,None,n,2,3,central,turned_away,None,n,28.712458743820918
152,2,3,central,turned_away,None,n,2,3,central,turned_away,None,n,28.712458743820918
153,2,3,central,turned_away,None,n,2,3,central,turned_away,None,n,28.712458743820918
154,2,3,central,turned_away,None,n,2,3,central,turned_away,None,n,28.712458743820918
155,2,3,central,turned_away,None,n,2,3,central,turned_away,None,n,28.712458743820918
156,2,3,central,turned_away,None,n,2,3,central,turned_away,None,n,28.712458743820918
157,2,3,central,turned_away,None,n,2,3,central,turned_away,None,n,28.712458743820918
158,2,3,central,turned_away,None,n,2,3,central,turned_away,None,n,28.712458743820918
159,2,3,central,turned_away,None,n,2,3,central,turned_away,None,n,28.712458743820918
160,2,3,central,turned_away,None,n,2,3,central,turned_away,None,n,28.712458743820918
161,2,3,central,turned_away,None,n,2,3,central,turned_away,None,n,28.712458743820918
162,2,3,central,turned_away,None,n,2,3,central,turned_away,None,n,28.712458743820918
163,2,3,central,turned_away,None,n,2,3,central,turned_away,None,n,28.712458743820918
164,2,3,central,turned_away,None,n,2,3,central,turned_away,None,n,28.712458743820918
165,2,3,central,turned_away,None,n,2,3,central,turned_away,None,n,28.712458743820918
166,2,3,central,turned_away,None,n,2,3,central,turned_away,None,n,28.712458743820918
167,2,3,central,turned_away,None,n,2,3,central,turned_away,None,n,28.712458743820918
168,2,3,central,turned_away,None,n,2,3,central,turned_away,None,n,28.712458743820918
169,2,3,central,turned_away,None,n,2,3,central,turned_away,None,n,28.712458743820918
170,2,3,central,turned_away,None,n,2,3,central,turned_away,None,n,28.712458743820918
171,2,3,central,turned_away,None,n,2,3,central,turned_away,None,n,28.712458743820918
172,2,3,central,turned_away,None,n,2,3,central,turned_away,None,n,28.712458743820918
173,2,3,central,turned_away,None,n,2,3,central,turned_away,None,n,28.712458743820918
174,2,3,central,turned_away,None,n,2,3,central,turned_away,None,n,28.712458743820918
175,2,3,central,turned_away,None,n,2,3,central,turned_away,None,n,28.712458743820918
176,2,3,central,turned_away,None,n,2,3,central,turned_away,None,n,28.712458743820918
177,2,3,central,turned_away,None,n,2,3,central,turned_away,None,n,28.712458743820918
178,2,3,central,turned_away,None,n,2,3,central,turned_away,None,n,28.712458743820918
179,2,3,central,turned_away,None,n,2,3,central,turned_away,None,n,28.712458743820918
180,2,3,central,turned_away,None,n,2,3,central,turned_away,None,n,28.712458743820918
181,2,3,central,turned_away,None,n,2,3,central,turned_away,None,n,28.712458743820918
182,2,3,central,turned_away,None,n,2,3,central,turned_away,None,n,28.712458743820918
183,2,3,central,turned_away,None,n,2,3,central,turned_away,None,n,28.712458743820918
184,2,3,central,turned_away,None,n,2,3,central,turned_away,None,n,28.712458743820918
185,2,3,central,turned_away,None,n,2,3,central,turned_away,None,n,28.712458743820918
186,2,3,central,turned_away,None,n,2,3,central,turned_away,None,n,28.712458743820918
187,2,3,central,turned_away,None,n,2,3,central,turned_away,None,n,28.712458743820918
188,2,3,central,turned_away,None,n,2,3,central,turned_away,None,n,28.712458743820918
189,2,3,central,turned_away,None,n,2,3,central,turned_away,None,n,28.712458743820918
190,2,3,central,turned_away,None,n,2,3,central,turned_away,None,n,28.712458743820918
191,2,3,central,turned_away,None,n,2,3,central,turned_away,None,n,28.712458743820918
192,2,3,central,turned_away,None,n,2,3,central,turned_away,None,n,28.712458743820918
193,2,3,central,turned_away,None,n,2,3,central,turned_away,None,n,28.712458743820918
194,2,3,central,turned_away,None,n,2,3,central,turned_away,None,n,28.712458743820918
195,2,3,central,turned_away,None,n,2,3,central,turned_away,None,n,28.712458743820918
196,2,3,central,turned_away,None,n,2,3,central,turned_away,None,n,28.712458743820918
197,2,3,central,turned_away,None,n,2,3,central,turned_away,None,n,28.712458743820918
198,2,3,central,turned_away,None,n,2,3,central,turned_away,None,n,28.712458743820918
199,2,3,central,turned_away,None,n,2,3,central,turned_away,None,n,28.712458743820918
200,2,3,central,turned_away,None,n,2,3,central,turned_away,None,n,28.712458743820918
201,2,3,central,turned_away,None,n,2,3,central,turned_away,None,n,28.712458743820918
202,2,3,central,turned_away,None,n,2,3,central,turned_away,None,n,28.712458743820918
203,2,3,central,turned_away,None,n,2,3,central,turned_away,None,n,28.712458743820918
204,2,3,central,turned_away,None,n,2,3,central,turned_away,None,n,28.712458743820918
205,2,3,central,turned_away,None,n,2,3,central,turned_away,None,n,28.712458743820918
206,2,3,central,turned_away,None,n,2,3,central,turned_away,None,n,28.712458743820918
207,2,3,central,turned_away,None,n,2,3,central,turned_away,None,n,28.712458743820918
208,2,3,central,turned_away,None,n,2,3,central,turned_away,None,n,28.712458743820918
209,2,3,central,turned_away,None,n,2,3,central,turned_away,None,n,28.712458743820918
210,2,3,central,turned_away,None,n,2,3,central,turned_away,None,n,28.712458743820918
211,2,3,central,turned_away,None,n,2,3,central,turned_away,None,n,28.712458743820918
212,2,3,central,turned_away,None,n,2,3,central,turned_away,None,n,28.712458743820918
213,2,3,central,turned_away,None,n,2,3,central,turned_away,None,n,28.712458743820918
214,2,3,central,turned_away,None,n,2,3,central,turned_away,None,n,28.712458743820918
215,2,3,central,turned_away,None,n,2,3,central,turned_away,None,n,28.712458743820918
216,2,3,central,turned_away,None,n,2,3,central,turned_away,None,n,28.712458743820918
217,2,3,central,turned_away,None,n,2,3,central,turned_away,None,n,28.712458743820918
218,2,3,central,turned_away,None,n,2,3,central,turned_away,None,n,28.712458743820918
219,2,3,central,turned_away,None,n,2,3,central,turned_away,None,n,28.712458743820918
220,2,3,central,turned_away,None,n,2,3,central,turned_away,None,n,28.712458743820918
221,2,3,central,turned_away,None,n,2,3,central,turned_away,None,n,28.712458743820918
222,2,3,central,turned_away,None,n,2,3,central,turned_away,None,n,28.712458743820918
223,2,3,central,turned_away,None,n,2,3,central,turned_away,None,n,28.712458743820918
224,2,3,central,turned_away,None,n,2,3,central,turned_away,None,n,28.712458743820918
225,2,3,central,turned_away,None,n,2,3,central,turned_away,None,n,28.712458743820918
226,2,3,central,turned_away,None,n,2,3,central,turned_away,None,n,28.712458743820918
227,2,3,central,turned_away,None,n,2,3,central,turned_away,None,n,28.712458743820918
228,2,3,central,turned_away,None,n,2,3,central,turned_away,None,n,28.712458743820918
229,2,3,central,turned_away,None,n,2,3,central,turned_away,None,n,28.712458743820918
230,2,3,central,turned_away,None,n,2,3,central,turned_away,None,n,28.712458743820918
231,2,3,central,turned_away,None,n,2,3,central,turned_away,None,n,28.712458743820918
232,2,3,central,turned_away,None,n,2,3,central,turned_away,None,n,28.712458743820918
233,2,3,central,turned_away,None,n,2,3,central,turned_away,None,n,28.712458743820918
234,2,3,central,turned_away,None,n,2,3,central,turned_away,None,n,28.712458743820918
235,2,3,central,turned_away,None,n,2,3,central,turned_away,None,n,28.712458743820918
236,2,3,central,turned_away,None,n,2,3,central,turned_away,None,n,28.712458743820918
237,2,3,central,turned_away,None,n,2,3,central,turned_away,None,n,28.712458743820918
238,2,3,central,turned_away,None,n,2,3,central,turned_away,None,n,28.712458743820918
239,2,3,central,turned_away,None,n,2,3,central,turned_away,None,n,28.712458743820918
240,2,3,central,turned_away,None,n,2,3,central,turned_away,None,n,28.712458743820918
241,2,3,central,turned_away,None,n,2,3,central,turned_away,None,n,28.712458743820918
242,2,3,central,turned_away,None,n,2,3,central,turned_away,None,n,28.712458743820918
243,2,3,central,turned_away,None,n,2,3,central,turned_away,None,n,28.712458743820918
244,2,3,central,turned_away,None,n,2,3,central,turned_away,None,n,28.712458743820918
245,2,3,central,turned_away,None,n,2,3,central,turned_away,None,n,28.712458743820918
246,2,3,central,turned_away,None,n,2,3,central,turned_away,None,n,28.712458743820918
247,2,3,central,turned_away,None,n,2,3,central,turned_away,None,n,28.712458743820918
248,2,3,central,turned_away,None,n,2,3,central,turned_away,None,n,28.712458743820918
249,2,3,central,turned_away,None,n,2,3,central,turned_away,None,n,28.712458743820918
250,2,3,central,turned_away,None,n,2,3,central,turned_away,None,n,28.712458743820918
251,2,3,central,turned_away,None,n,2,3,central,turned_away,None,n,28.712458743820918
252,2,3,central,turned_away,None,n,2,3,central,turned_away,None,n,28.712458743820918
253,2,3,central,turned_away,None,n,2,3,central,turned_away,None,n,28.712458743820918
254,2,3,central,turned_away,None,n,2,3,central,turned_away,None,n,28.712458743820918
255,2,3,central,turned_away,None,n,2,3,central,turned_away,None,n,28.712458743820918
256,2,3,central,turned_away,None,n,2,3,central,turned_away,None,n,28.712458743820918
257,2,3,central,turned_away,None,n,2,3,central,turned_away,None,n,28.712458743820918
258,2,3,central,turned_away,None,n,2,3,central,turned_away,None,n,28.712458743820918
