,imas_1,wti_1,viewing_area_1,body_facing_1,gesture_1,approaching_1,imas_2,wti_2,viewing_area_2,body_facing_2,gesture_2,approaching_2,distance
0,2,2,outside,turned_away,None,n,1,2,outside,turned_away,None,n,16.126377211761014
1,2,2,outside,turned_away,None,n,1,2,outside,turned_away,None,n,16.126377211761014
2,2,2,outside,turned_away,None,n,1,2,outside,turned_away,None,n,16.126377211761014
3,2,2,outside,turned_away,None,n,1,2,outside,turned_away,None,n,16.126377211761014
4,2,2,outside,turned_away,None,n,1,2,outside,turned_away,None,n,16.136059310557457
5,2,2,mid_peripheral,slightly_facing,None,n,1,2,mid_peripheral,slightly_facing,None,n,16.187960682890242
6,2,2,mid_peripheral,slightly_facing,None,n,1,2,mid_peripheral,slightly_facing,None,n,16.137710472785482
7,2,2,mid_peripheral,slightly_facing,None,n,1,2,outside,slightly_facing,None,n,15.971377585305817
8,2,2,mid_peripheral,slightly_facing,None,n,1,2,mid_peripheral,slightly_facing,None,n,15.7410589459393
9,2,2,mid_peripheral,slightly_facing,None,n,1,2,mid_peripheral,slightly_facing,None,n,15.606268328579159
10,2,2,mid_peripheral,slightly_facing,None,n,2,3,central,slightly_facing,None,y,15.339910789051945
11,2,2,mid_peripheral,slightly_facing,None,n,2,3,central,slightly_facing,None,y,15.075811034373082
12,2,2,mid_peripheral,slightly_facing,None,n,2,3,central,slightly_facing,None,y,14.95586459785755
13,2,2,mid_peripheral,slightly_facing,None,n,2,3,central,slightly_facing,None,y,14.757504937288699
14,2,2,mid_peripheral,slightly_facing,None,n,2,3,central,slightly_facing,None,y,14.58532967546586
15,2,2,mid_peripheral,slightly_facing,None,n,2,3,central,slightly_facing,arm_raise_low,y,14.401206816601029
16,2,2,central,slightly_facing,None,y,2,3,central,slightly_facing,arm_raise_low,y,14.211099679117028
17,2,2,central,slightly_facing,None,y,2,3,central,slightly_facing,None,y,14.00437539519707
18,2,2,central,slightly_facing,None,y,2,3,central,slightly_facing,None,y,13.880782036283291
19,2,2,central,slightly_facing,None,y,2,3,central,slightly_facing,None,y,13.748707664999827
20,2,2,central,slightly_facing,None,m,2,3,central,slightly_facing,None,m,13.628852322334398
21,2,2,central,slightly_facing,None,y,2,3,central,slightly_facing,None,y,13.533280121482338
22,2,2,central,slightly_facing,None,y,2,3,central,slightly_facing,None,y,13.39957797241823
23,2,2,central,slightly_facing,None,y,2,3,central,slightly_facing,None,y,13.110544489308165
24,2,2,central,slightly_facing,None,y,2,3,central,slightly_facing,None,y,12.954756961086716
25,2,2,central,slightly_facing,None,y,2,3,central,slightly_facing,None,y,12.650858478448354
26,2,2,central,slightly_facing,None,y,2,3,central,slightly_facing,None,y,12.49170765627797
27,2,2,central,slightly_facing,None,y,2,3,central,slightly_facing,None,y,12.367075178684114
28,2,2,central,slightly_facing,None,y,2,3,central,slightly_facing,None,y,12.199314161451044
29,2,2,central,slightly_facing,None,m,2,3,central,slightly_facing,None,m,12.093352719211165
30,2,2,central,slightly_facing,None,y,2,3,central,slightly_facing,None,y,11.999076420760435
31,2,2,central,slightly_facing,None,y,2,3,central,slightly_facing,None,y,11.767135858324922
32,2,4,central,slightly_facing,arm_raise_low,y,2,3,central,slightly_facing,None,y,11.57342024900526
33,2,4,central,slightly_facing,arm_raise_low,y,2,3,central,slightly_facing,None,y,11.465076602727468
34,2,4,central,slightly_facing,arm_raise_low,y,2,3,central,slightly_facing,None,y,11.335043729182743
35,2,4,central,slightly_facing,arm_raise_low,y,2,3,central,slightly_facing,None,y,11.190252986266923
36,2,4,central,slightly_facing,arm_raise_low,y,2,3,central,slightly_facing,None,y,11.016080619843882
37,2,4,central,slightly_facing,arm_raise_low,y,2,3,central,slightly_facing,None,y,10.74511197407439
38,2,4,central,slightly_facing,arm_raise_low,y,2,3,central,slightly_facing,None,y,10.632144901306829
39,2,4,central,slightly_facing,arm_raise_low,y,2,3,central,slightly_facing,None,y,10.523201100138158
40,2,4,central,slightly_facing,arm_raise_low,y,2,3,central,slightly_facing,None,y,10.408823891084426
41,2,4,central,slightly_facing,arm_raise_low,y,2,3,central,slightly_facing,None,y,10.30283793695335
42,2,4,central,slightly_facing,arm_raise_low,y,2,3,central,slightly_facing,None,y,10.153164685591978
43,2,4,central,slightly_facing,arm_raise_low,m,2,3,central,slightly_facing,None,m,9.944415332136627
44,2,4,central,slightly_facing,arm_raise_low,m,2,3,central,slightly_facing,None,m,9.878325677831697
45,2,4,central,slightly_facing,arm_raise_low,m,2,3,central,slightly_facing,None,m,9.789060411904979
46,2,4,central,slightly_facing,arm_raise_low,m,2,3,central,slightly_facing,None,m,9.72697801863729
47,2,4,central,turned_away,arm_raise_low,n,2,3,central,slightly_facing,None,m,9.696515836555108
48,2,4,central,turned_away,arm_raise_low,n,2,3,central,slightly_facing,None,m,9.681642263956517
49,2,4,central,turned_away,arm_raise_low,n,2,3,central,slightly_facing,None,m,9.68124666628473
50,2,4,central,turned_away,arm_raise_low,n,2,3,central,slightly_facing,None,m,9.66989988045507
51,2,4,central,turned_away,arm_raise_low,n,2,3,central,slightly_facing,None,m,9.634219440354265
52,2,4,central,slightly_facing,arm_raise_low,m,2,3,central,slightly_facing,None,m,9.61104261565086
53,2,4,central,slightly_facing,arm_raise_low,m,2,3,central,turned_away,None,n,9.593742932834564
54,2,3,central,slightly_facing,None,m,2,3,central,turned_away,None,n,9.600821667943064
55,2,3,central,turned_away,None,n,2,3,central,turned_away,None,n,9.634508895435411
56,2,3,central,turned_away,None,n,2,3,central,slightly_facing,None,m,9.657524654437955
57,2,3,central,turned_away,None,n,2,3,central,slightly_facing,None,m,9.680900937411554
58,2,3,central,turned_away,None,n,2,3,central,slightly_facing,None,m,9.709577996220489
59,2,3,central,turned_away,None,n,2,3,central,turned_away,None,n,9.755821474207336
60,2,3,central,turned_away,None,n,2,3,central,turned_away,None,n,9.800553942448863
61,2,3,central,turned_away,None,n,2,3,central,turned_away,None,n,9.85176424477413
62,2,3,central,turned_away,None,n,2,3,central,turned_away,None,n,9.919845801237887
63,2,3,central,turned_away,None,n,2,3,central,turned_away,None,n,9.973902300245879
64,2,3,central,turned_away,None,n,2,3,central,turned_away,None,n,10.032973082541089
65,2,3,central,turned_away,None,n,2,3,central,turned_away,None,n,10.083838037555052
66,2,3,central,turned_away,None,n,2,3,central,turned_away,None,n,10.136075210408267
67,2,3,central,turned_away,None,n,2,3,central,turned_away,None,n,10.219601239558914
68,2,3,central,turned_away,None,n,2,3,central,turned_away,None,n,10.367267277115271
69,2,3,central,turned_away,None,n,2,3,central,turned_away,None,n,10.413345310679606
70,2,3,central,turned_away,None,n,2,3,central,turned_away,None,n,10.520179520949249
71,2,3,central,turned_away,None,n,2,3,central,turned_away,None,n,10.624070932082907
72,2,3,central,turned_away,None,n,2,3,central,turned_away,None,n,10.720726776713281
73,2,3,central,turned_away,None,n,2,3,central,turned_away,None,n,10.801411367164432
74,2,3,central,turned_away,None,n,2,3,central,turned_away,None,n,10.928856993794179
75,2,3,central,turned_away,None,n,2,3,central,turned_away,None,n,11.023410575910383
76,2,3,central,turned_away,None,n,2,3,central,turned_away,None,n,11.202778940830173
77,2,3,central,turned_away,None,n,2,3,central,turned_away,None,n,11.35338793094982
78,2,3,central,turned_away,None,n,2,3,central,turned_away,None,n,11.483866043431057
79,2,3,central,turned_away,None,n,2,3,central,turned_away,None,n,11.62942217221905
80,2,3,central,turned_away,None,n,2,3,central,turned_away,None,n,11.760849257423292
81,2,3,central,turned_away,None,n,2,3,central,turned_away,None,n,11.962062746537864
82,2,3,central,turned_away,None,n,2,3,central,turned_away,None,n,12.135070958285576
83,2,3,central,turned_away,None,n,2,3,central,turned_away,None,n,12.334206122338356
84,2,3,central,turned_away,None,n,2,3,central,turned_away,None,n,12.482896100929016
85,2,3,central,turned_away,None,n,2,3,central,turned_away,None,n,12.650032277712656
86,2,3,central,turned_away,None,n,2,3,central,turned_away,None,n,12.832593388409263
87,2,3,central,turned_away,None,n,2,3,central,turned_away,None,n,12.955800636064525
88,2,3,central,turned_away,None,n,2,3,central,turned_away,None,n,13.142319505689164
89,2,3,central,turned_away,None,n,2,3,central,turned_away,None,n,13.292635142658838
90,2,3,central,turned_away,None,n,2,3,central,turned_away,None,n,13.528077981347126
91,2,3,central,turned_away,None,n,2,3,central,turned_away,None,n,13.711869881956027
92,2,3,central,turned_away,None,n,2,3,central,turned_away,None,n,13.867729602016981
93,2,3,central,turned_away,None,n,2,3,central,turned_away,None,n,14.06344485121014
94,2,3,central,turned_away,None,n,2,3,central,turned_away,None,n,14.250593588108043
95,2,3,central,turned_away,None,n,2,3,central,turned_away,None,n,14.455202733640112
96,2,3,central,turned_away,None,n,2,3,central,turned_away,None,n,14.669867919840225
97,2,3,central,turned_away,None,n,2,3,central,turned_away,None,n,14.781806778290996
98,2,3,central,turned_away,None,n,2,3,central,turned_away,None,n,15.041925948064264
99,2,3,central,turned_away,None,n,2,3,central,turned_away,None,n,15.235129618271745
100,2,3,central,turned_away,None,n,2,3,central,turned_away,None,n,15.41238912028647
101,2,3,central,turned_away,None,n,2,3,central,turned_away,None,n,15.581568763219098
102,2,3,central,turned_away,None,n,2,3,central,turned_away,None,n,15.884056827546326
103,2,3,central,turned_away,None,n,2,3,central,turned_away,None,n,16.104966085914768
104,2,3,central,turned_away,None,n,2,3,central,turned_away,None,n,16.319474039660534
105,2,3,central,turned_away,None,n,2,3,central,turned_away,None,n,16.513481763332315
106,2,3,central,turned_away,None,n,2,3,central,turned_away,None,n,16.70910277040178
107,2,3,central,turned_away,None,n,2,3,central,turned_away,None,n,16.960428948734666
108,2,3,central,turned_away,None,n,2,3,central,turned_away,None,n,17.1437615510842
109,2,3,central,turned_away,None,n,2,3,central,turned_away,None,n,17.332069756896143
110,2,3,central,turned_away,None,n,2,3,central,turned_away,None,n,17.597174237326268
111,2,3,central,turned_away,None,n,2,3,central,turned_away,None,n,17.76990229742505
112,2,3,central,turned_away,None,n,2,3,central,turned_away,None,n,17.984497693622384
113,2,3,central,turned_away,None,n,2,3,central,turned_away,None,n,18.234786484810098
114,2,3,central,turned_away,None,n,2,3,central,turned_away,None,n,18.496683663393497
115,2,3,central,turned_away,None,n,2,3,central,turned_away,None,n,18.655822243240873
116,2,3,central,turned_away,None,n,2,3,central,turned_away,None,n,18.883743180074784
117,2,3,central,turned_away,None,n,2,3,central,turned_away,None,n,19.09516504653453
118,2,3,central,turned_away,None,n,2,3,central,strongly_facing,None,m,19.276179461707034
119,2,3,central,turned_away,None,n,2,3,central,turned_away,None,n,19.333891537407574
120,2,3,central,turned_away,None,n,2,3,central,turned_away,None,n,19.471476930199444
121,2,3,central,turned_away,None,n,2,3,central,turned_away,None,n,19.552904636428046
122,2,3,central,turned_away,None,n,2,3,central,turned_away,None,n,19.640178062932247
123,2,3,central,turned_away,None,n,2,3,central,turned_away,None,n,19.723626282563202
124,2,3,central,turned_away,None,n,2,3,central,turned_away,None,n,19.85148941609178
125,2,3,central,turned_away,None,n,2,3,central,turned_away,None,n,19.912216521514956
126,2,3,central,turned_away,None,n,2,3,central,turned_away,None,n,20.039618555940255
127,2,3,central,turned_away,None,n,2,3,central,turned_away,None,n,20.117605635437638
128,2,3,central,turned_away,None,n,2,3,central,turned_away,None,n,20.207327375206773
129,2,3,central,turned_away,None,n,2,3,central,turned_away,None,n,20.33372162139014
130,2,3,central,turned_away,None,n,2,3,central,turned_away,None,n,20.42767514388439
131,2,3,central,turned_away,None,n,2,3,central,turned_away,None,n,20.512892597565784
132,2,3,central,turned_away,None,n,2,3,central,turned_away,None,n,20.636432558299145
133,2,3,central,turned_away,None,n,2,3,central,turned_away,None,n,20.670143773823973
134,2,3,central,turned_away,None,n,2,3,central,turned_away,None,n,20.787760440915612
135,2,3,central,turned_away,None,n,2,3,central,turned_away,None,n,20.84424171187856
136,2,3,central,turned_away,None,n,2,3,central,turned_away,None,n,20.917272457023742
137,2,3,central,turned_away,None,n,2,3,central,turned_away,None,n,20.997406742136896
138,2,3,central,turned_away,None,n,2,3,central,turned_away,None,n,21.113644269919718
139,2,3,central,turned_away,None,n,2,3,central,turned_away,None,n,21.231029996753765
140,2,3,central,turned_away,None,n,2,3,central,turned_away,None,n,21.314128424833722
141,2,3,central,turned_away,None,n,2,3,central,turned_away,None,n,21.404433969041882
142,2,3,central,turned_away,None,n,2,3,central,turned_away,None,n,21.521133936609964
143,2,3,central,turned_away,None,n,2,3,central,turned_away,None,n,21.56619564777919
144,2,3,central,turned_away,None,n,2,3,central,turned_away,None,n,21.7020345065306
145,2,3,central,turned_away,None,n,2,3,central,turned_away,None,n,21.7873213155281
146,2,3,central,turned_away,None,n,2,3,central,turned_away,None,n,21.876589671291732
147,2,3,central,turned_away,None,n,2,3,central,turned_away,None,n,21.977502319214942
148,2,3,central,turned_away,None,n,2,3,central,turned_away,None,n,22.067740221661236
149,2,3,central,turned_away,None,n,2,3,central,turned_away,None,n,22.1817538992565
150,2,3,central,turned_away,None,n,2,3,central,turned_away,None,n,22.28211281711734
151,2,3,central,turned_away,None,n,2,3,central,turned_away,None,n,22.368929784332554
152,2,3,central,turned_away,None,n,2,3,central,turned_away,None,n,22.465643458149806
153,2,3,central,turned_away,None,n,2,3,central,turned_away,None,n,22.552999430557637
154,2,3,central,turned_away,None,n,2,3,central,turned_away,None,n,22.678886940909646
155,2,3,central,turned_away,None,n,2,3,central,turned_away,None,n,22.76454914868331
156,2,3,central,turned_away,None,n,2,3,central,turned_away,None,n,22.83241184806936
157,2,3,central,turned_away,None,n,2,3,central,turned_away,None,n,22.88930209437852
158,2,3,central,turned_away,None,n,2,3,central,turned_away,None,n,22.962996882273814
159,2,3,central,turned_away,None,n,2,3,central,turned_away,None,n,23.044356583514958
160,2,3,central,turned_away,None,n,2,3,central,turned_away,None,n,23.126215222488202
161,2,3,central,turned_away,None,n,2,3,central,turned_away,None,n,23.28399133020183
162,2,3,central,turned_away,None,n,2,3,central,turned_away,None,n,23.349088144216555
163,2,3,central,turned_away,None,n,2,3,central,turned_away,None,n,23.41379208472976
164,2,3,central,turned_away,None,n,2,3,central,turned_away,None,n,23.490284342320635
165,2,3,central,turned_away,None,n,2,3,central,turned_away,None,n,23.659657024711095
166,2,3,central,turned_away,None,n,2,3,central,turned_away,None,n,23.776349600177756
167,2,3,central,turned_away,None,n,2,3,central,turned_away,None,n,23.85953754056304
168,2,3,central,turned_away,None,n,2,3,central,turned_away,None,n,23.939206669653238
169,2,3,central,turned_away,None,n,2,3,central,turned_away,None,n,24.03266461095284
170,2,3,central,turned_away,None,n,2,3,central,turned_away,None,n,24.170344474589562
171,2,3,central,turned_away,None,n,2,3,central,turned_away,None,n,24.2392024604259
172,2,3,central,turned_away,None,n,2,3,central,turned_away,None,n,24.354847208697677
173,2,3,central,turned_away,None,n,2,3,central,turned_away,None,n,24.441269240355606
174,2,3,central,turned_away,None,n,2,3,central,turned_away,None,n,24.528256082355817
175,2,3,central,turned_away,None,n,2,3,central,turned_away,None,n,24.64126317990214
176,2,3,central,turned_away,None,n,2,3,central,turned_away,None,n,24.689999539947852
177,2,3,central,turned_away,None,n,2,3,central,turned_away,None,n,24.832421609420237
178,2,3,central,turned_away,None,n,2,3,central,turned_away,None,n,24.926737927816728
179,2,3,central,turned_away,None,n,2,3,central,turned_away,None,n,24.983663325819013
180,2,3,central,turned_away,None,n,2,3,central,turned_away,None,n,25.10623468854127
181,2,3,central,turned_away,None,n,2,3,central,turned_away,None,n,25.187351228292208
182,2,3,central,turned_away,None,n,2,3,central,turned_away,None,n,25.278454820001738
183,2,3,central,turned_away,None,n,2,3,central,turned_away,None,n,25.41936835805054
184,2,3,central,turned_away,None,n,2,3,central,turned_away,None,n,25.444412656985897
185,2,3,central,turned_away,None,n,2,3,central,turned_away,None,n,25.537104822737014
186,2,3,central,turned_away,None,n,2,3,central,turned_away,None,n,25.62681395340221
187,2,3,central,turned_away,None,n,2,3,central,turned_away,None,n,25.755458378900677
188,2,3,central,turned_away,None,n,2,3,central,turned_away,None,n,25.872247613347646
189,2,3,central,turned_away,None,n,2,3,central,turned_away,None,n,25.994650297123467
190,2,3,central,turned_away,None,n,2,3,central,turned_away,None,n,26.08527919797164
191,2,3,central,turned_away,None,n,2,3,central,turned_away,None,n,26.177001661049133
192,2,3,central,turned_away,None,n,2,3,central,turned_away,None,n,26.262180055632417
193,2,3,central,turned_away,None,n,2,3,central,turned_away,None,n,26.351828099387888
194,2,3,central,turned_away,None,n,2,3,central,turned_away,None,n,26.50046640213687
195,2,3,central,turned_away,None,n,2,3,central,turned_away,None,n,26.578767116471617
196,2,3,central,turned_away,None,n,2,3,central,turned_away,None,n,26.661402072943467
197,2,3,central,turned_away,None,n,2,3,central,turned_away,None,n,26.7405706664164
198,2,3,central,turned_away,None,n,2,3,central,turned_away,None,n,26.824191924049625
199,2,3,central,turned_away,None,n,2,3,central,turned_away,None,n,26.97875129802712
200,2,3,central,turned_away,None,n,2,3,central,turned_away,None,n,27.06393423218864
201,2,3,central,turned_away,None,n,2,3,central,turned_away,None,n,27.16204136663894
202,2,3,central,turned_away,None,n,2,3,central,turned_away,None,n,27.25288343600761
203,2,3,central,turned_away,None,n,2,3,central,turned_away,None,n,27.37041448642998
204,2,3,central,turned_away,None,n,2,3,central,turned_away,None,n,27.406624504454122
205,2,3,central,turned_away,None,n,2,3,central,turned_away,None,n,27.567491294729344
206,2,3,central,turned_away,None,n,2,3,central,turned_away,None,n,27.648622939448106
207,2,3,central,turned_away,None,n,2,3,central,turned_away,None,n,27.737654233973178
208,2,3,central,turned_away,None,n,2,3,central,turned_away,None,n,27.868995308028243
209,2,3,central,turned_away,None,n,2,3,central,turned_away,None,n,27.904673750792877
210,2,3,central,turned_away,None,n,2,3,central,turned_away,None,n,28.05415774576163
211,2,3,central,turned_away,None,n,2,3,central,turned_away,None,n,28.13301671987654
212,2,3,central,turned_away,None,n,2,3,central,turned_away,None,n,28.221092316881705
213,2,3,central,turned_away,None,n,2,3,central,turned_away,None,n,28.31153907167629
214,2,3,central,turned_away,None,n,2,3,central,turned_away,None,n,28.424932458941903
215,2,3,central,turned_away,None,n,2,3,central,turned_away,None,n,28.521495264507383
216,2,3,central,turned_away,None,n,2,3,central,turned_away,None,n,28.603540988836503
217,2,3,central,turned_away,None,n,2,3,central,turned_away,None,n,28.73585921766922
218,2,3,central,turned_away,None,n,2,3,central,turned_away,None,n,28.819340105991635
219,2,3,central,turned_away,None,n,2,3,central,turned_away,None,n,28.9065313761557
220,2,3,central,turned_away,None,n,2,3,central,turned_away,None,n,28.990594776625972
221,2,3,central,turned_away,None,n,2,3,central,turned_away,None,n,29.057992047343017
222,2,3,central,turned_away,None,n,2,3,central,turned_away,None,n,29.095898752051568
223,2,3,central,turned_away,None,n,2,3,central,turned_away,None,n,29.109437978104694
224,2,3,central,turned_away,None,n,2,3,central,turned_away,None,n,29.124260974454838
225,2,3,central,turned_away,None,n,2,3,central,turned_away,None,n,29.13578242878384
226,2,3,central,slightly_facing,None,m,2,3,central,turned_away,None,n,29.13928403464761
227,2,3,central,slightly_facing,None,n,2,3,central,turned_away,None,n,29.136859634328285
228,2,3,central,slightly_facing,None,n,2,3,central,turned_away,None,n,29.136859634328285
229,2,3,central,slightly_facing,None,n,2,3,central,turned_away,None,n,29.136859634328285
230,2,3,central,slightly_facing,None,n,2,3,central,turned_away,None,n,29.136859634328285
231,2,3,central,slightly_facing,None,n,2,3,central,turned_away,None,n,29.136859634328285
232,2,3,central,slightly_facing,None,n,2,3,central,turned_away,None,n,29.136859634328285
233,2,3,central,slightly_facing,None,n,2,3,central,turned_away,None,n,29.136859634328285
234,2,3,central,slightly_facing,None,n,2,3,central,turned_away,None,n,29.136859634328285
235,2,3,central,slightly_facing,None,n,2,3,central,turned_away,None,n,29.136859634328285
236,2,3,central,slightly_facing,None,n,2,3,central,turned_away,None,n,29.136859634328285
237,2,3,central,slightly_facing,None,n,2,3,central,turned_away,None,n,29.136859634328285
238,2,3,central,slightly_facing,None,n,2,3,central,turned_away,None,n,29.136859634328285
239,2,3,central,slightly_facing,None,n,2,3,central,turned_away,None,n,29.136859634328285
240,2,3,central,slightly_facing,None,n,2,3,central,turned_away,None,n,29.136859634328285
241,2,3,central,slightly_facing,None,n,2,3,central,turned_away,None,n,29.136859634328285
242,2,3,central,slightly_facing,None,n,2,3,central,turned_away,None,n,29.136859634328285
243,2,3,central,slightly_facing,None,n,2,3,central,turned_away,None,n,29.136859634328285
244,2,3,central,slightly_facing,None,n,2,3,central,turned_away,None,n,29.136859634328285
245,2,3,central,slightly_facing,None,n,2,3,central,turned_away,None,n,29.136859634328285
246,2,3,central,slightly_facing,None,n,2,3,central,turned_away,None,n,29.136859634328285
247,2,3,central,slightly_facing,None,n,2,3,central,turned_away,None,n,29.136859634328285
248,2,3,central,slightly_facing,None,n,2,3,central,turned_away,None,n,29.136859634328285
249,2,3,central,slightly_facing,None,n,2,3,central,turned_away,None,n,29.136859634328285
250,2,3,central,slightly_facing,None,n,2,3,central,turned_away,None,n,29.136859634328285
251,2,3,central,slightly_facing,None,n,2,3,central,turned_away,None,n,29.136859634328285
252,2,3,central,slightly_facing,None,n,2,3,central,turned_away,None,n,29.136859634328285
253,2,3,central,slightly_facing,None,n,2,3,central,turned_away,None,n,29.136859634328285
254,2,3,central,slightly_facing,None,n,2,3,central,turned_away,None,n,29.136859634328285
255,2,3,central,slightly_facing,None,n,2,3,central,turned_away,None,n,29.136859634328285
256,2,3,central,slightly_facing,None,n,2,3,central,turned_away,None,n,29.136859634328285
257,2,3,central,slightly_facing,None,n,2,3,central,turned_away,None,n,29.136859634328285
258,2,3,central,slightly_facing,None,n,2,3,central,turned_away,None,n,29.136859634328285
259,2,3,central,slightly_facing,None,n,2,3,central,turned_away,None,n,29.136859634328285
260,2,3,central,slightly_facing,None,n,2,3,central,turned_away,None,n,29.136859634328285
261,2,3,central,slightly_facing,None,n,2,3,central,turned_away,None,n,29.136859634328285
