,imas_1,wti_1,viewing_area_1,body_facing_1,gesture_1,approaching_1,imas_2,wti_2,viewing_area_2,body_facing_2,gesture_2,approaching_2,distance
0,2,2,outside,slightly_facing,None,n,3,5,central,slightly_facing,None,n,17.057770790822143
1,2,2,outside,slightly_facing,None,n,2,5,central,slightly_facing,wave_wide_head,n,17.057770790822143
2,2,2,outside,slightly_facing,None,n,2,5,central,slightly_facing,wave_wide_head,n,17.057770790822143
3,2,2,outside,slightly_facing,None,n,2,5,central,slightly_facing,wave_wide_head,n,17.057770790822143
4,2,2,outside,slightly_facing,None,n,2,5,central,slightly_facing,wave_wide_head,n,17.057770790822143
5,2,2,outside,slightly_facing,None,n,2,5,central,slightly_facing,wave_wide_head,n,17.057770790822143
6,2,2,outside,slightly_facing,None,n,2,5,central,slightly_facing,wave_wide_head,n,17.057770790822143
7,2,2,outside,slightly_facing,None,n,2,5,central,slightly_facing,wave_wide_head,n,17.057770790822143
8,2,2,outside,slightly_facing,None,n,2,5,central,slightly_facing,wave_wide_head,n,17.057770790822143
9,2,2,outside,slightly_facing,None,n,2,5,central,slightly_facing,wave_wide_head,n,17.057770790822143
10,2,2,outside,slightly_facing,None,n,2,5,central,slightly_facing,wave_wide_head,n,17.057770790822143
11,2,2,outside,slightly_facing,None,n,2,5,central,slightly_facing,wave_wide_head,n,17.057770790822143
12,2,2,outside,slightly_facing,None,n,2,5,central,slightly_facing,wave_wide_head,n,17.057770790822143
13,2,2,outside,slightly_facing,None,n,2,5,central,slightly_facing,wave_wide_head,m,17.057770790822143
14,2,2,mid_peripheral,slightly_facing,None,n,2,5,central,slightly_facing,wave_wide_head,m,17.040532685131236
15,2,2,mid_peripheral,slightly_facing,None,n,2,5,central,turned_away,wave_wide_head,n,17.00042657838991
16,2,2,mid_peripheral,slightly_facing,None,n,2,5,central,turned_away,wave_wide_head,n,16.928557392406713
17,2,2,mid_peripheral,slightly_facing,None,n,2,5,central,turned_away,wave_wide_head,n,16.872404407293264
18,2,2,mid_peripheral,slightly_facing,None,n,2,5,central,turned_away,wave_wide_head,n,16.703761356282904
19,2,2,mid_peripheral,slightly_facing,None,n,2,5,central,turned_away,wave_wide_head,n,16.679538606083362
20,2,2,mid_peripheral,slightly_facing,None,n,2,5,central,slightly_facing,wave_wide_head,y,16.613524881806697
21,2,2,mid_peripheral,slightly_facing,None,n,2,5,central,slightly_facing,wave_wide_head,m,16.463112818233043
22,2,2,outside,slightly_facing,None,n,2,5,central,slightly_facing,wave_wide_head,m,16.403114828073388
23,2,2,mid_peripheral,slightly_facing,None,n,2,5,central,turned_away,wave_wide_head,n,16.375166967207512
24,2,2,mid_peripheral,slightly_facing,None,n,2,5,central,turned_away,wave_wide_head,n,16.299889373937482
25,2,2,mid_peripheral,slightly_facing,None,n,2,5,central,turned_away,wave_wide_head,n,16.25184260433413
26,2,2,mid_peripheral,slightly_facing,None,n,2,5,central,turned_away,wave_wide_head,n,16.215931485477142
27,2,2,mid_peripheral,slightly_facing,None,n,2,5,central,turned_away,wave_wide_head,n,16.176351623253275
28,2,2,mid_peripheral,slightly_facing,None,n,2,5,central,slightly_facing,wave_wide_head,m,16.117335503516117
29,2,2,mid_peripheral,slightly_facing,None,n,2,5,central,slightly_facing,wave_wide_head,m,16.0344568291069
30,2,2,mid_peripheral,slightly_facing,None,n,2,5,central,slightly_facing,wave_wide_head,m,15.96095079179295
31,2,2,outside,slightly_facing,None,n,2,5,central,slightly_facing,wave_wide_head,m,15.9033576693364
32,2,2,outside,slightly_facing,None,n,2,5,central,slightly_facing,wave_wide_head,m,15.81010388937561
33,2,2,outside,slightly_facing,None,n,2,5,central,slightly_facing,wave_wide_head,y,15.729958537641382
34,2,2,mid_peripheral,slightly_facing,None,n,2,5,central,slightly_facing,wave_wide_head,m,15.628323619091235
35,2,2,mid_peripheral,slightly_facing,None,n,2,5,central,turned_away,wave_wide_head,n,15.562910719386137
36,2,2,mid_peripheral,slightly_facing,None,n,2,5,central,turned_away,wave_wide_head,n,15.492796154568673
37,2,2,mid_peripheral,slightly_facing,None,n,2,5,central,slightly_facing,wave_wide_head,m,15.405695873890311
38,2,2,mid_peripheral,slightly_facing,None,n,2,5,central,slightly_facing,wave_wide_head,m,15.335543681639068
39,2,2,mid_peripheral,slightly_facing,None,n,2,5,central,slightly_facing,wave_wide_head,m,15.299471273006027
40,2,2,mid_peripheral,slightly_facing,None,n,2,5,central,slightly_facing,wave_wide_head,m,15.239517115473872
41,2,2,outside,slightly_facing,None,n,2,5,central,slightly_facing,wave_wide_head,y,15.172728119715975
42,2,2,outside,slightly_facing,None,n,2,5,central,slightly_facing,wave_wide_head,y,14.989392560311746
43,2,2,mid_peripheral,slightly_facing,None,n,2,5,central,slightly_facing,wave_wide_head,y,14.853551342772983
44,2,2,outside,slightly_facing,None,n,2,5,central,slightly_facing,wave_wide_head,y,14.745794039489434
45,2,2,outside,slightly_facing,None,n,2,5,central,slightly_facing,wave_wide_head,m,14.616027617809982
46,2,2,mid_peripheral,slightly_facing,None,n,2,5,central,slightly_facing,wave_wide_head,y,14.518497632752844
47,2,2,mid_peripheral,slightly_facing,None,n,2,5,central,slightly_facing,wave_wide_head,m,14.415064223368068
48,2,2,mid_peripheral,slightly_facing,None,n,2,5,central,slightly_facing,wave_wide_head,y,14.323504126246105
49,2,2,outside,slightly_facing,None,n,2,5,central,slightly_facing,wave_wide_head,m,14.215985607983889
50,2,2,central,slightly_facing,None,m,2,5,central,slightly_facing,wave_wide_head,m,14.14793826942767
51,2,2,central,slightly_facing,None,m,2,5,central,slightly_facing,wave_wide_head,m,14.065578299458044
52,3,3,central,slightly_facing,arm_raise_low,m,2,5,central,slightly_facing,wave_wide_head,m,13.998364201963344
53,3,3,central,slightly_facing,arm_raise_low,y,2,5,central,slightly_facing,wave_wide_head,y,13.912874569070224
54,3,3,central,slightly_facing,arm_raise_low,y,2,5,central,slightly_facing,wave_wide_head,y,13.699022221080744
55,3,3,central,slightly_facing,arm_raise_low,y,2,5,central,slightly_facing,wave_wide_head,y,13.477980086750772
56,3,3,central,slightly_facing,arm_raise_low,y,2,5,central,slightly_facing,wave_wide_head,y,13.234154200805433
57,3,3,central,slightly_facing,arm_raise_low,y,2,5,central,slightly_facing,wave_wide_head,y,13.01033624052236
58,3,3,central,slightly_facing,arm_raise_low,m,2,5,central,slightly_facing,wave_wide_head,m,12.885109956690307
59,3,3,central,slightly_facing,arm_raise_low,m,2,5,central,slightly_facing,wave_wide_head,m,12.81098278966801
60,3,3,central,slightly_facing,arm_raise_low,m,2,5,central,strongly_facing,wave_wide_head,m,12.731709301641514
61,3,3,central,slightly_facing,arm_raise_low,m,2,5,central,strongly_facing,wave_wide_head,m,12.698351000571254
62,3,3,central,slightly_facing,arm_raise_low,m,2,5,central,strongly_facing,None,n,12.663820439846424
63,3,3,central,slightly_facing,arm_raise_low,m,2,5,central,strongly_facing,None,n,12.635969100056915
64,4,4,central,slightly_facing,None,m,2,5,central,strongly_facing,None,n,12.575002416078846
65,4,4,central,slightly_facing,None,m,2,5,central,strongly_facing,None,n,12.505295312592867
66,4,4,central,slightly_facing,None,m,2,5,central,strongly_facing,None,n,12.455609072923448
67,4,4,central,slightly_facing,None,m,2,5,central,strongly_facing,None,n,12.424937129056223
68,4,4,central,slightly_facing,None,m,2,5,central,strongly_facing,None,n,12.37400971005187
69,4,4,central,slightly_facing,None,m,2,5,central,strongly_facing,None,n,12.364279725440133
70,4,4,central,slightly_facing,None,m,2,5,central,strongly_facing,None,n,12.360931968612803
71,4,4,central,slightly_facing,None,m,2,5,central,strongly_facing,None,n,12.35681842907894
72,4,4,central,slightly_facing,None,m,2,5,central,strongly_facing,None,n,12.3384506501019
73,4,4,central,slightly_facing,None,m,2,5,central,strongly_facing,None,n,12.293459834654357
74,4,4,central,slightly_facing,None,m,2,5,central,strongly_facing,None,n,12.251004599085618
75,4,4,central,slightly_facing,None,m,2,5,central,strongly_facing,None,n,12.228979988913627
76,4,4,central,slightly_facing,None,y,2,5,central,strongly_facing,None,n,12.157660798871547
77,4,4,central,strongly_facing,None,y,2,5,central,strongly_facing,None,n,12.057224941026394
78,4,4,central,strongly_facing,None,y,2,5,central,strongly_facing,None,n,11.91107627227901
79,4,4,central,strongly_facing,None,y,2,5,central,strongly_facing,None,n,11.732714653102324
80,4,4,central,slightly_facing,None,y,2,5,central,strongly_facing,None,n,11.528890358574191
81,4,4,central,slightly_facing,None,y,2,5,central,strongly_facing,None,n,11.381729345493417
82,4,4,central,strongly_facing,None,y,2,5,central,strongly_facing,None,n,11.241691349196532
83,4,4,central,strongly_facing,None,y,2,5,central,strongly_facing,None,n,11.020373411333077
84,4,4,central,strongly_facing,None,y,2,5,central,strongly_facing,None,n,10.804962112550795
85,4,4,central,strongly_facing,None,y,2,5,central,strongly_facing,None,n,10.61851543059278
86,4,4,central,slightly_facing,None,y,2,5,central,strongly_facing,None,n,10.496597449402833
87,4,4,central,slightly_facing,None,y,2,5,central,strongly_facing,None,n,10.294448141372559
88,4,4,central,slightly_facing,None,y,2,5,central,strongly_facing,None,n,10.165088171069694
89,4,4,central,strongly_facing,None,y,2,5,central,strongly_facing,None,n,10.038133747665501
90,4,4,central,strongly_facing,None,y,2,5,central,strongly_facing,None,n,9.788770679577546
91,4,4,central,strongly_facing,None,y,2,5,central,strongly_facing,None,n,9.660217364004652
92,4,4,central,strongly_facing,None,y,2,5,central,strongly_facing,None,n,9.53729666293945
93,4,4,central,slightly_facing,None,y,2,5,central,strongly_facing,None,n,9.329760388705061
94,4,4,central,slightly_facing,None,y,2,5,central,strongly_facing,None,n,9.204194974824738
95,4,4,central,slightly_facing,None,y,2,5,central,strongly_facing,None,n,9.017569178883633
96,4,4,central,slightly_facing,None,y,2,5,central,strongly_facing,None,n,8.849174304416714
97,4,4,central,strongly_facing,None,y,2,5,central,strongly_facing,None,n,8.64962621480397
98,4,4,central,strongly_facing,None,m,2,5,central,strongly_facing,None,n,8.529606457039218
99,4,4,central,strongly_facing,None,y,2,5,central,strongly_facing,None,n,8.449963818282125
100,4,4,central,slightly_facing,None,y,2,5,central,strongly_facing,None,n,8.278914586775562
101,4,4,central,slightly_facing,None,y,2,5,central,strongly_facing,None,n,8.138399985076003
102,4,4,central,slightly_facing,None,y,2,5,central,strongly_facing,None,n,7.975357116243753
103,4,4,central,slightly_facing,None,y,2,5,central,strongly_facing,None,n,7.790624572270758
104,4,4,central,strongly_facing,None,y,2,5,central,strongly_facing,None,n,7.67671687725657
105,4,4,central,strongly_facing,None,y,2,5,central,strongly_facing,None,n,7.544030901989334
106,4,4,central,strongly_facing,None,m,2,5,central,strongly_facing,None,n,7.3518123084725815
107,4,4,central,strongly_facing,None,y,2,5,central,strongly_facing,None,n,7.29311972925284
108,4,4,central,slightly_facing,None,y,2,5,central,strongly_facing,None,n,7.087035898386432
109,4,4,central,slightly_facing,None,y,2,5,central,strongly_facing,None,n,6.963967153384987
110,4,4,central,slightly_facing,None,m,2,5,central,strongly_facing,None,n,6.779769726195876
111,4,4,central,slightly_facing,None,y,2,5,central,strongly_facing,None,n,6.725414880360629
112,4,4,central,strongly_facing,None,y,2,5,central,strongly_facing,None,n,6.533436063189493
113,4,4,central,strongly_facing,None,y,2,5,central,strongly_facing,None,n,6.4004615809356284
114,4,4,central,strongly_facing,None,y,2,5,central,strongly_facing,None,n,6.280940815384984
115,4,4,central,strongly_facing,None,y,2,5,central,strongly_facing,None,n,6.075720902772935
116,4,4,central,slightly_facing,None,y,2,5,central,strongly_facing,None,n,5.962794073364017
117,4,4,central,slightly_facing,None,m,2,5,central,strongly_facing,None,n,5.785952862311445
118,4,4,central,slightly_facing,None,y,2,5,central,strongly_facing,None,n,5.7267710738692035
119,4,4,central,slightly_facing,None,y,2,5,central,strongly_facing,None,n,5.565156337476964
120,4,4,central,slightly_facing,None,y,2,5,central,strongly_facing,None,n,5.4614258898087185
121,4,4,central,strongly_facing,None,y,2,5,central,strongly_facing,None,n,5.333523037231678
122,4,4,central,slightly_facing,None,y,2,5,central,strongly_facing,None,n,5.210394460649789
123,4,4,central,slightly_facing,None,y,2,5,central,strongly_facing,None,n,5.007418962467786
124,4,4,central,slightly_facing,None,y,2,5,central,strongly_facing,None,n,4.8869322931553905
125,4,4,central,slightly_facing,None,y,2,5,central,strongly_facing,None,n,4.7681050247440036
126,4,4,central,slightly_facing,None,y,2,5,central,strongly_facing,None,n,4.649085527378154
127,4,4,central,slightly_facing,None,y,2,5,central,strongly_facing,None,n,4.475632085327165
128,4,4,central,slightly_facing,None,y,2,5,central,strongly_facing,None,n,4.368589485482587
129,4,4,central,slightly_facing,None,y,2,5,central,strongly_facing,None,n,4.25111607036799
130,4,4,central,slightly_facing,None,y,2,5,central,strongly_facing,None,n,4.107810586886645
131,4,4,central,slightly_facing,None,y,2,5,central,strongly_facing,None,n,3.982350487865805
132,4,4,central,slightly_facing,None,y,2,5,central,strongly_facing,None,n,3.8683208454916165
133,4,4,central,slightly_facing,None,y,2,5,central,strongly_facing,None,n,3.752086391163318
134,4,4,central,slightly_facing,None,y,2,5,central,strongly_facing,None,n,3.5809551745484085
135,4,4,central,slightly_facing,None,y,2,5,central,strongly_facing,None,n,3.4711478053354456
136,4,4,central,slightly_facing,None,y,2,5,central,strongly_facing,None,n,3.3711422146877763
137,4,4,central,slightly_facing,None,y,2,5,central,strongly_facing,None,n,3.252719472657453
138,4,4,central,slightly_facing,None,m,2,5,central,strongly_facing,None,n,3.141447635649846
139,4,4,central,slightly_facing,None,y,2,5,central,strongly_facing,None,n,3.0525112072013765
140,4,4,central,slightly_facing,None,m,2,5,central,strongly_facing,None,n,2.9188433931420503
141,4,4,central,slightly_facing,None,m,2,5,central,strongly_facing,None,n,2.818945942443382
142,4,4,central,slightly_facing,None,m,2,5,central,strongly_facing,None,n,2.7320522698617973
143,4,4,central,slightly_facing,None,y,2,5,central,strongly_facing,None,n,2.6840171456958046
144,4,4,central,slightly_facing,None,m,2,5,central,strongly_facing,None,n,2.5481712874078912
145,4,4,central,slightly_facing,None,y,2,5,central,strongly_facing,None,n,2.4954793913965716
146,4,4,central,turned_away,None,n,2,5,central,strongly_facing,None,n,2.336751255386202
147,4,4,central,slightly_facing,None,m,2,5,central,strongly_facing,None,n,2.347124134053839
148,4,4,central,slightly_facing,None,m,2,5,central,strongly_facing,None,n,2.322579460170308
149,4,4,central,slightly_facing,None,n,2,5,central,strongly_facing,None,n,2.3151545818404866
