,imas_1,wti_1,viewing_area_1,body_facing_1,gesture_1,approaching_1,imas_2,wti_2,viewing_area_2,body_facing_2,gesture_2,approaching_2,distance
0,1,2,mid_peripheral,slightly_facing,None,n,2,2,outside,turned_away,None,n,15.201852494388833
1,1,2,mid_peripheral,slightly_facing,None,n,2,2,outside,turned_away,None,n,15.201852494388833
2,1,2,mid_peripheral,slightly_facing,None,n,2,2,outside,turned_away,None,n,15.201852494388833
3,1,2,mid_peripheral,slightly_facing,None,n,2,2,outside,turned_away,None,n,15.201852494388833
4,1,2,mid_peripheral,slightly_facing,None,n,2,2,outside,turned_away,None,n,15.201852494388833
5,1,2,mid_peripheral,slightly_facing,None,n,2,2,outside,turned_away,None,n,15.201852494388833
6,1,2,mid_peripheral,slightly_facing,None,n,2,2,outside,turned_away,None,n,15.201852494388833
7,1,2,mid_peripheral,slightly_facing,None,n,2,2,outside,turned_away,None,n,15.201852494388833
8,1,2,mid_peripheral,slightly_facing,None,n,2,2,outside,turned_away,None,n,15.192398845895577
9,1,2,mid_peripheral,slightly_facing,None,n,2,2,outside,turned_away,None,n,15.159869937658204
10,1,2,mid_peripheral,slightly_facing,None,n,2,2,outside,turned_away,None,n,15.123542452403935
11,1,2,mid_peripheral,slightly_facing,None,n,2,2,outside,turned_away,None,n,15.02567538541629
12,1,2,mid_peripheral,slightly_facing,None,n,2,2,outside,turned_away,None,n,14.839345193586706
13,1,2,mid_peripheral,slightly_facing,None,n,2,2,outside,turned_away,None,n,14.78013010972261
14,1,2,mid_peripheral,slightly_facing,None,n,2,2,outside,turned_away,None,n,14.725245199621936
15,1,2,mid_peripheral,slightly_facing,None,n,2,2,outside,turned_away,None,n,14.633716389095191
16,1,2,mid_peripheral,slightly_facing,None,n,2,2,outside,turned_away,None,n,14.570148198939672
17,1,2,mid_peripheral,slightly_facing,None,n,2,2,outside,turned_away,None,n,14.621118168150412
18,2,2,central,slightly_facing,None,m,2,2,outside,turned_away,None,n,14.63347675361167
19,2,2,central,slightly_facing,None,m,2,2,outside,turned_away,None,n,14.65044027158518
20,2,2,central,slightly_facing,None,m,2,2,outside,turned_away,None,n,14.650541182086616
21,2,2,central,slightly_facing,None,m,2,2,outside,turned_away,None,n,14.620783956782663
22,2,2,central,slightly_facing,None,m,2,2,outside,turned_away,None,n,14.5470122327106
23,2,2,central,slightly_facing,None,m,2,2,outside,turned_away,None,n,14.5651720306087
24,2,2,central,slightly_facing,None,m,2,2,outside,turned_away,None,n,14.539416942061083
25,2,2,central,slightly_facing,None,m,2,3,central,turned_away,None,n,14.548036735925708
26,2,2,central,slightly_facing,None,m,2,4,central,turned_away,arm_raise_high,n,14.534565626243669
27,2,2,central,slightly_facing,None,m,2,4,central,turned_away,arm_raise_high,n,14.534589577681258
28,2,2,central,slightly_facing,None,m,2,4,central,turned_away,arm_raise_high,n,14.57372748458695
29,2,2,central,slightly_facing,None,m,2,4,central,turned_away,arm_raise_high,n,14.55036906337081
30,2,2,central,slightly_facing,None,m,2,4,central,turned_away,arm_raise_high,n,14.534606605995357
31,3,4,central,slightly_facing,wave_small_head,m,2,4,central,turned_away,arm_raise_high,n,14.531022736093005
32,3,4,central,slightly_facing,wave_small_head,m,2,4,central,turned_away,arm_raise_high,n,14.538065096806566
33,3,4,central,slightly_facing,wave_small_head,m,2,4,central,turned_away,arm_raise_high,n,14.51638641576922
34,3,4,central,slightly_facing,wave_small_head,m,2,4,central,turned_away,arm_raise_high,n,14.512319873424035
35,3,4,central,slightly_facing,wave_small_head,m,2,4,central,turned_away,arm_raise_high,n,14.545475498355975
36,3,4,central,slightly_facing,wave_small_head,m,2,4,central,turned_away,arm_raise_high,n,14.585192526044652
37,3,4,central,slightly_facing,wave_small_head,m,2,4,central,turned_away,arm_raise_high,n,14.64659243935496
38,3,4,central,slightly_facing,wave_small_head,m,2,4,central,turned_away,arm_raise_high,n,14.657637378161326
39,3,4,central,slightly_facing,wave_small_head,m,2,4,central,turned_away,arm_raise_high,n,14.695791796810754
40,3,4,central,slightly_facing,wave_small_head,m,2,4,central,turned_away,arm_raise_high,n,14.735445021974197
41,3,4,central,slightly_facing,wave_small_head,m,2,4,central,turned_away,arm_raise_high,n,14.774384260552116
42,3,4,central,slightly_facing,wave_small_head,m,2,4,central,turned_away,arm_raise_high,n,14.839444007042582
43,3,4,central,slightly_facing,wave_small_head,m,2,4,central,turned_away,arm_raise_high,n,14.844573741666148
44,3,4,central,slightly_facing,wave_small_head,m,2,4,central,turned_away,arm_raise_high,n,14.866432729860446
45,3,4,central,slightly_facing,wave_small_head,m,2,4,central,turned_away,arm_raise_high,n,14.899535266795029
46,3,4,central,slightly_facing,wave_small_head,m,2,4,central,slightly_facing,arm_raise_high,m,14.80761319032625
47,3,4,central,slightly_facing,wave_small_head,m,2,4,central,strongly_facing,arm_raise_high,m,14.74299463926213
48,3,4,central,slightly_facing,wave_small_head,y,2,4,central,slightly_facing,arm_raise_high,y,14.691195991113727
49,3,4,central,slightly_facing,wave_small_head,m,2,4,central,slightly_facing,arm_raise_high,m,14.589306305213896
50,3,4,central,slightly_facing,wave_small_head,y,2,4,central,slightly_facing,arm_raise_high,y,14.49881290426578
51,3,4,central,slightly_facing,wave_small_head,m,2,4,central,turned_away,arm_raise_high,n,14.38990748277462
52,3,4,central,slightly_facing,wave_small_head,m,2,4,central,turned_away,arm_raise_high,n,14.357152641737631
53,4,4,central,slightly_facing,None,m,2,4,central,turned_away,arm_raise_high,n,14.292477555860389
54,4,4,central,slightly_facing,None,m,2,4,central,slightly_facing,arm_raise_high,m,14.238810596466124
55,4,4,central,slightly_facing,None,y,2,4,central,slightly_facing,arm_raise_high,y,14.159557042929343
56,4,4,central,slightly_facing,None,y,2,4,central,slightly_facing,arm_raise_high,y,14.055874316826827
57,4,4,central,slightly_facing,None,y,2,4,central,slightly_facing,arm_raise_high,y,13.90296520457949
58,4,4,central,slightly_facing,None,y,2,4,central,slightly_facing,arm_raise_high,y,13.799257368524296
59,4,4,central,slightly_facing,None,m,2,4,central,slightly_facing,arm_raise_high,m,13.650886189533777
60,4,4,central,slightly_facing,None,m,2,4,central,slightly_facing,arm_raise_high,m,13.570686419548952
61,4,4,central,slightly_facing,None,y,2,4,central,turned_away,arm_raise_high,n,13.523683239461135
62,4,4,central,strongly_facing,None,m,2,4,central,strongly_facing,arm_raise_high,m,13.390006499659547
63,4,4,central,slightly_facing,None,y,2,4,central,slightly_facing,arm_raise_high,y,13.297738436206547
64,4,4,central,strongly_facing,None,y,2,4,central,slightly_facing,arm_raise_high,y,13.00453610137159
65,4,4,central,strongly_facing,None,y,2,4,central,slightly_facing,arm_raise_high,y,12.680655483263056
66,4,4,central,slightly_facing,None,y,2,4,central,strongly_facing,arm_raise_high,y,12.465185567211787
67,4,4,central,slightly_facing,None,y,2,4,central,strongly_facing,arm_raise_high,y,12.02276876604641
68,4,4,central,slightly_facing,None,y,2,4,central,slightly_facing,arm_raise_high,y,11.847931300459841
69,4,4,central,strongly_facing,None,y,2,4,central,slightly_facing,arm_raise_high,y,11.5401661740286
70,4,4,central,strongly_facing,None,y,2,4,central,slightly_facing,arm_raise_high,y,11.18068330243702
71,4,4,central,strongly_facing,None,y,2,4,central,slightly_facing,arm_raise_high,y,10.828725935648112
72,4,4,central,slightly_facing,None,y,2,4,central,slightly_facing,arm_raise_high,y,10.434132389361038
73,4,4,central,slightly_facing,None,y,2,4,central,slightly_facing,arm_raise_high,y,10.278008898756413
74,4,4,central,strongly_facing,None,y,2,4,central,slightly_facing,arm_raise_high,y,9.975032466942903
75,4,4,central,strongly_facing,None,m,2,4,central,slightly_facing,arm_raise_high,m,9.661569085134207
76,4,4,central,strongly_facing,None,y,2,4,central,slightly_facing,arm_raise_high,y,9.567018119226068
77,4,4,central,slightly_facing,None,y,2,4,central,slightly_facing,arm_raise_high,y,9.334082398537364
78,4,4,central,slightly_facing,None,y,2,4,central,slightly_facing,arm_raise_high,y,8.937716049610946
79,4,4,central,strongly_facing,None,y,2,4,central,slightly_facing,arm_raise_high,y,8.643901663272432
80,4,4,central,strongly_facing,None,y,2,4,central,slightly_facing,arm_raise_high,y,8.302284937154353
81,4,4,central,strongly_facing,None,y,2,4,central,slightly_facing,arm_raise_high,y,8.153010469919069
82,4,4,central,strongly_facing,None,y,2,4,central,slightly_facing,arm_raise_high,y,7.879127506492705
83,4,4,central,slightly_facing,None,y,2,4,central,turned_away,arm_raise_high,n,7.516608168127027
84,4,4,central,slightly_facing,None,y,2,4,central,slightly_facing,arm_raise_high,y,7.328803495304536
85,4,4,central,strongly_facing,None,y,2,4,central,slightly_facing,arm_raise_high,y,7.066239653115651
86,4,4,central,strongly_facing,None,y,2,4,central,slightly_facing,arm_raise_high,y,6.822743440501041
87,4,4,central,strongly_facing,None,y,2,4,central,slightly_facing,arm_raise_high,y,6.541814059089421
88,4,4,central,slightly_facing,None,y,2,4,central,slightly_facing,arm_raise_high,y,6.333908292255093
89,4,4,central,slightly_facing,None,y,2,4,central,slightly_facing,arm_raise_high,y,6.122376100927891
90,4,4,central,strongly_facing,None,y,2,4,central,slightly_facing,arm_raise_high,y,5.838805655402907
91,4,4,central,strongly_facing,None,y,2,4,central,slightly_facing,arm_raise_high,y,5.651503561946321
92,4,4,central,slightly_facing,None,y,2,4,central,slightly_facing,arm_raise_high,y,5.363154549318896
93,4,4,central,slightly_facing,None,m,2,4,central,strongly_facing,None,n,5.056120286075581
94,4,4,central,slightly_facing,None,y,2,4,central,strongly_facing,None,n,4.968815808995646
95,4,4,central,strongly_facing,None,y,2,4,central,strongly_facing,None,n,4.721272445358772
96,4,4,central,strongly_facing,None,y,2,4,central,strongly_facing,None,n,4.495483065938186
97,4,4,central,strongly_facing,None,y,2,4,central,strongly_facing,None,n,4.2776272901055785
98,4,4,central,slightly_facing,None,y,2,4,central,strongly_facing,None,n,4.144439475582792
99,4,4,central,slightly_facing,None,m,2,4,central,strongly_facing,None,n,3.9388933911535364
100,4,4,central,slightly_facing,None,y,2,4,central,strongly_facing,None,n,3.8506079762142758
101,4,4,central,slightly_facing,None,y,2,4,central,strongly_facing,None,n,3.6639324015894443
102,4,4,central,slightly_facing,None,m,2,4,central,strongly_facing,None,n,3.4161766678380365
103,4,4,central,slightly_facing,None,y,2,4,central,strongly_facing,None,n,3.338565365797707
104,4,4,central,slightly_facing,None,y,2,4,central,strongly_facing,None,n,3.0870736822388913
105,4,4,central,slightly_facing,None,m,2,4,central,strongly_facing,None,n,2.8628508412156246
106,4,4,central,slightly_facing,None,y,2,4,central,strongly_facing,None,n,2.7811672790756368
107,4,4,central,slightly_facing,None,y,2,4,central,strongly_facing,None,n,2.540662740480326
108,4,4,central,slightly_facing,None,y,2,4,central,strongly_facing,None,n,2.378146974924803
109,4,4,central,slightly_facing,None,y,2,4,central,strongly_facing,None,n,2.2376197280344576
110,4,4,central,slightly_facing,None,y,2,4,central,strongly_facing,None,n,2.074694107589357
111,4,4,central,slightly_facing,None,m,2,4,central,strongly_facing,None,n,1.8835755350529446
112,4,4,central,slightly_facing,None,m,2,4,central,strongly_facing,None,n,1.8718820529801021
113,4,4,central,slightly_facing,None,n,2,4,central,strongly_facing,None,n,1.8465229113926538
