,imas_1,wti_1,viewing_area_1,body_facing_1,gesture_1,approaching_1,imas_2,wti_2,viewing_area_2,body_facing_2,gesture_2,approaching_2,distance
0,2,2,central,turned_away,None,n,1,2,outside,turned_away,None,n,21.598436324035337
1,2,2,central,turned_away,None,n,1,2,outside,turned_away,None,n,21.598436324035337
2,2,2,central,turned_away,None,n,1,2,outside,turned_away,None,n,21.598436324035337
3,2,2,central,turned_away,None,n,1,2,outside,turned_away,None,n,21.598436324035337
4,2,2,central,turned_away,None,n,1,2,outside,turned_away,None,n,21.598436324035337
5,2,2,central,turned_away,None,n,1,2,outside,turned_away,None,n,21.604621314905135
6,2,2,central,turned_away,None,n,1,2,outside,turned_away,None,n,21.616798508883427
7,2,2,central,slightly_facing,None,m,1,2,mid_peripheral,slightly_facing,None,n,21.648164081070274
8,2,2,central,slightly_facing,None,y,1,2,mid_peripheral,strongly_facing,None,n,21.568976464589248
9,2,2,central,strongly_facing,None,y,1,2,mid_peripheral,slightly_facing,None,n,21.20912083495374
10,2,2,central,strongly_facing,None,y,1,2,mid_peripheral,slightly_facing,None,n,20.92322668513573
11,2,2,central,strongly_facing,None,y,1,2,mid_peripheral,slightly_facing,None,n,20.7407599926426
12,2,2,central,strongly_facing,None,y,1,2,mid_peripheral,slightly_facing,None,n,20.597837250033024
13,2,2,central,strongly_facing,None,y,1,2,mid_peripheral,slightly_facing,None,n,20.39657920514234
14,2,2,central,strongly_facing,None,y,2,3,central,slightly_facing,None,y,20.210595103021014
15,2,2,central,strongly_facing,None,y,2,3,central,strongly_facing,None,y,19.906341998408447
16,2,2,central,slightly_facing,None,y,2,3,central,slightly_facing,None,y,19.525191596476823
17,2,2,central,slightly_facing,None,y,2,3,central,slightly_facing,None,y,19.268782149631487
18,2,2,central,slightly_facing,None,y,2,3,central,slightly_facing,None,y,19.057159874085357
19,2,2,central,slightly_facing,None,y,2,3,central,slightly_facing,None,y,18.90283205930109
20,2,2,central,slightly_facing,None,m,3,4,central,slightly_facing,wave_small_head,m,18.67831627717386
21,2,2,central,slightly_facing,None,m,3,4,central,slightly_facing,wave_small_head,m,18.593283801914843
22,2,2,central,slightly_facing,None,y,3,4,central,slightly_facing,wave_small_head,y,18.515977757458288
23,2,2,central,slightly_facing,None,y,3,4,central,slightly_facing,wave_small_head,y,18.350076268000628
24,2,2,central,slightly_facing,None,y,3,4,central,slightly_facing,wave_small_head,y,18.089124642226885
25,3,4,central,slightly_facing,wave_wide_head,y,3,4,central,slightly_facing,wave_small_head,y,17.879643938675315
26,3,4,central,slightly_facing,wave_wide_head,y,3,4,central,slightly_facing,wave_small_head,y,17.68383295613328
27,3,4,central,slightly_facing,wave_wide_head,y,3,4,central,slightly_facing,wave_small_head,y,17.53811711651775
28,3,4,central,slightly_facing,wave_wide_head,y,3,4,central,slightly_facing,wave_small_head,y,17.42805022707546
29,3,4,central,slightly_facing,wave_wide_head,y,3,4,central,slightly_facing,wave_small_head,y,17.18682489730607
30,3,4,central,slightly_facing,wave_wide_head,y,3,4,central,slightly_facing,wave_small_head,y,17.07306306681695
31,3,4,central,slightly_facing,wave_wide_head,y,3,4,central,slightly_facing,wave_small_head,y,16.955497724312703
32,3,4,central,slightly_facing,wave_wide_head,m,3,4,central,slightly_facing,wave_small_head,m,16.854124666263534
33,3,4,central,slightly_facing,wave_wide_head,y,3,4,central,slightly_facing,wave_small_head,y,16.75787636321025
34,3,4,central,turned_away,wave_wide_head,n,3,4,central,slightly_facing,wave_small_head,m,16.646226728372103
35,3,4,central,turned_away,wave_wide_head,n,3,4,central,slightly_facing,wave_small_head,y,16.56018259996637
36,3,4,central,turned_away,wave_wide_head,n,3,4,central,slightly_facing,wave_small_head,m,16.433336038018968
37,3,4,central,slightly_facing,wave_wide_head,m,3,4,central,slightly_facing,wave_small_head,m,16.398775127572833
38,3,4,central,slightly_facing,wave_wide_head,y,3,4,central,slightly_facing,wave_small_head,y,16.31154043276848
39,3,4,central,slightly_facing,wave_wide_head,y,3,4,central,slightly_facing,wave_small_head,y,16.186962958191415
40,3,4,central,slightly_facing,wave_wide_head,m,3,4,central,slightly_facing,wave_small_head,m,16.062784369781472
41,3,4,central,slightly_facing,wave_wide_head,y,3,4,central,slightly_facing,wave_small_head,y,16.00232242533096
42,3,4,central,slightly_facing,wave_wide_head,m,3,4,central,slightly_facing,wave_small_head,m,15.830522712315535
43,3,4,central,slightly_facing,wave_wide_head,y,3,4,central,slightly_facing,wave_small_head,y,15.76910169395156
44,3,4,central,slightly_facing,wave_wide_head,y,3,4,central,slightly_facing,wave_small_head,y,15.639641896054181
45,3,4,central,slightly_facing,wave_wide_head,m,3,4,central,slightly_facing,wave_small_head,m,15.493842751889055
46,3,4,central,slightly_facing,wave_wide_head,y,3,4,central,slightly_facing,wave_small_head,y,15.409515075825846
47,3,4,central,slightly_facing,wave_wide_head,y,3,4,central,slightly_facing,wave_small_head,y,15.276183632551291
48,3,4,central,slightly_facing,wave_wide_head,y,3,4,central,slightly_facing,wave_small_head,y,15.153366684748315
49,3,4,central,slightly_facing,wave_wide_head,y,3,4,central,slightly_facing,wave_small_head,y,14.94175173549661
50,3,4,central,slightly_facing,wave_wide_head,y,3,4,central,slightly_facing,wave_small_head,y,14.80839917088657
51,3,4,central,slightly_facing,wave_wide_head,y,3,4,central,slightly_facing,wave_small_head,y,14.6167176298407
52,3,4,central,slightly_facing,wave_wide_head,y,3,4,central,slightly_facing,wave_small_head,y,14.465671600271447
53,3,4,central,slightly_facing,wave_wide_head,m,3,4,central,slightly_facing,wave_small_head,m,14.318978034601662
54,3,4,central,slightly_facing,wave_wide_head,m,3,4,central,slightly_facing,wave_small_head,m,14.23441349139473
55,3,4,central,slightly_facing,wave_wide_head,y,3,4,central,slightly_facing,wave_small_head,y,14.138804649084596
56,3,4,central,slightly_facing,wave_wide_head,m,3,4,central,slightly_facing,wave_small_head,m,14.01794664056459
57,3,4,central,slightly_facing,wave_wide_head,y,3,4,central,slightly_facing,wave_small_head,y,13.927975268360916
58,3,4,central,slightly_facing,wave_wide_head,y,3,4,central,slightly_facing,wave_small_head,y,13.774966910155715
59,3,4,central,slightly_facing,wave_wide_head,y,3,4,central,slightly_facing,wave_small_head,y,13.66802533366064
60,3,4,central,slightly_facing,wave_wide_head,y,3,4,central,slightly_facing,wave_small_head,y,13.553697360225513
61,3,4,central,slightly_facing,wave_wide_head,m,3,4,central,slightly_facing,wave_small_head,m,13.404550361331074
62,3,4,central,slightly_facing,wave_wide_head,m,3,4,central,slightly_facing,wave_small_head,m,13.341656385647168
63,3,4,central,slightly_facing,None,m,3,4,central,slightly_facing,wave_small_head,m,13.249348514601767
64,3,4,central,slightly_facing,None,m,3,4,central,slightly_facing,wave_small_head,m,13.194190815804056
65,3,4,central,slightly_facing,None,m,3,4,central,slightly_facing,wave_small_head,m,13.136075237697328
66,3,4,central,slightly_facing,None,m,3,4,central,slightly_facing,wave_small_head,m,13.052560032270492
67,3,4,central,slightly_facing,None,m,3,4,central,slightly_facing,wave_small_head,m,12.996181980496925
68,3,4,central,slightly_facing,None,m,3,4,central,strongly_facing,None,n,12.95233976192275
69,3,4,central,slightly_facing,None,m,3,4,central,strongly_facing,None,n,12.91780346619053
70,3,4,central,slightly_facing,None,m,3,4,central,strongly_facing,None,n,12.864551323089744
71,3,4,central,slightly_facing,None,m,3,4,central,strongly_facing,None,n,12.784091202406572
72,3,4,central,slightly_facing,None,m,3,4,central,strongly_facing,None,n,12.735395214001413
73,3,4,central,slightly_facing,None,m,3,4,central,strongly_facing,None,n,12.698526831483447
74,3,4,central,slightly_facing,None,m,3,4,central,strongly_facing,None,n,12.65340311178084
75,3,4,central,slightly_facing,None,m,3,4,central,strongly_facing,None,n,12.586428502679109
76,3,4,central,slightly_facing,None,m,3,4,central,strongly_facing,None,n,12.547728784620432
77,3,4,central,slightly_facing,None,m,3,4,central,strongly_facing,None,n,12.502508233752028
78,3,4,central,slightly_facing,None,y,3,4,central,strongly_facing,None,n,12.447342445425257
79,3,4,central,slightly_facing,None,y,3,4,central,strongly_facing,None,n,12.299631171656573
80,3,4,central,strongly_facing,None,m,3,4,central,strongly_facing,None,n,12.043538288060736
81,3,4,central,strongly_facing,None,y,3,4,central,strongly_facing,None,n,11.962662892761175
82,3,4,central,strongly_facing,None,y,3,4,central,strongly_facing,None,n,11.759510032967237
83,3,4,central,strongly_facing,None,m,3,4,central,strongly_facing,None,n,11.444058926000036
84,3,4,central,strongly_facing,None,y,3,4,central,strongly_facing,None,n,11.350479489874647
85,3,4,central,slightly_facing,None,y,3,4,central,strongly_facing,None,n,11.155566173258848
86,3,4,central,slightly_facing,None,m,3,4,central,strongly_facing,None,n,10.872716688331996
87,3,4,central,slightly_facing,None,y,3,4,central,strongly_facing,None,n,10.791212611764124
88,3,4,central,strongly_facing,None,y,3,4,central,strongly_facing,None,n,10.604906973183928
89,3,4,central,strongly_facing,None,y,3,4,central,strongly_facing,None,n,10.40367179181514
90,3,4,central,strongly_facing,None,y,3,4,central,strongly_facing,None,n,10.295273200907545
91,3,4,central,strongly_facing,None,m,3,4,central,strongly_facing,None,n,10.00672459178232
92,3,4,central,slightly_facing,None,y,3,4,central,strongly_facing,None,n,9.93600627163536
93,3,4,central,slightly_facing,None,y,3,4,central,strongly_facing,None,n,9.724185356816736
94,3,4,central,strongly_facing,None,y,3,4,central,strongly_facing,None,n,9.570180959951866
95,3,4,central,strongly_facing,None,y,3,4,central,strongly_facing,None,n,9.39186569599805
96,3,4,central,strongly_facing,None,y,3,4,central,strongly_facing,None,n,9.144017140959551
97,3,4,central,strongly_facing,None,y,3,4,central,strongly_facing,None,n,8.959380887961236
98,3,4,central,strongly_facing,None,y,3,4,central,strongly_facing,None,n,8.760931888683135
99,3,4,central,strongly_facing,None,m,3,4,central,strongly_facing,None,n,8.581792132720537
100,3,4,central,slightly_facing,None,y,3,4,central,strongly_facing,None,n,8.501650789522055
101,3,4,central,strongly_facing,None,y,3,4,central,strongly_facing,None,n,8.314214827773586
102,3,4,central,strongly_facing,None,y,3,4,central,strongly_facing,None,n,8.10936967063902
103,3,4,central,strongly_facing,None,y,3,4,central,strongly_facing,None,n,7.902457101193909
104,3,4,central,strongly_facing,None,y,3,4,central,strongly_facing,None,n,7.714613457884848
105,3,4,central,slightly_facing,None,m,3,4,central,strongly_facing,None,n,7.517533441617734
106,3,4,central,slightly_facing,None,y,3,4,central,strongly_facing,None,n,7.423963886008406
107,3,4,central,strongly_facing,None,y,3,4,central,strongly_facing,None,n,7.270204021704827
108,3,4,central,strongly_facing,None,y,3,4,central,strongly_facing,None,n,6.957271171639783
109,3,4,central,strongly_facing,None,y,3,4,central,strongly_facing,None,n,6.84423144049126
110,3,4,central,strongly_facing,None,y,3,4,central,strongly_facing,None,n,6.539247181349626
111,3,4,central,strongly_facing,None,m,3,4,central,strongly_facing,None,n,6.352212592994663
112,3,4,central,slightly_facing,None,y,3,4,central,strongly_facing,None,n,6.282118340499877
113,3,4,central,slightly_facing,None,y,3,4,central,strongly_facing,None,n,6.125007442937929
114,3,4,central,strongly_facing,None,y,3,4,central,strongly_facing,None,n,5.946062864874876
115,3,4,central,strongly_facing,None,m,3,4,central,strongly_facing,None,n,5.705636150342924
116,3,4,central,strongly_facing,None,y,3,4,central,strongly_facing,None,n,5.613060980284913
117,3,4,central,slightly_facing,None,y,3,4,central,strongly_facing,None,n,5.35573891183076
118,3,4,central,slightly_facing,None,m,3,4,central,strongly_facing,None,n,5.137096310727493
119,3,4,central,slightly_facing,None,y,3,4,central,strongly_facing,None,n,5.079608296274922
120,3,4,central,strongly_facing,None,y,3,4,central,strongly_facing,None,n,4.854007528475827
121,3,4,central,strongly_facing,None,y,3,4,central,strongly_facing,None,n,4.706998015071711
122,3,4,central,strongly_facing,None,y,3,4,central,strongly_facing,None,n,4.481977894730406
123,3,4,central,strongly_facing,None,y,3,4,central,strongly_facing,None,n,4.286975506659332
124,3,4,central,slightly_facing,None,y,3,4,central,strongly_facing,None,n,4.0909554102953765
125,3,4,central,slightly_facing,None,y,3,4,central,strongly_facing,None,n,3.926365621725008
126,3,4,central,strongly_facing,None,y,3,4,central,strongly_facing,None,n,3.7405964713137725
127,3,4,central,strongly_facing,None,y,3,4,central,strongly_facing,None,n,3.53664774282597
128,3,4,central,strongly_facing,None,y,3,4,central,strongly_facing,None,n,3.422332394325543
129,3,4,central,strongly_facing,None,y,3,4,central,strongly_facing,None,n,3.250433243284656
130,3,4,central,slightly_facing,None,m,3,4,central,strongly_facing,None,n,2.9469941960392476
131,3,4,central,slightly_facing,None,y,3,4,central,strongly_facing,None,n,2.8553095455142787
132,3,4,central,slightly_facing,None,y,3,4,central,strongly_facing,None,n,2.7038839323434374
133,3,4,central,strongly_facing,None,y,3,4,central,strongly_facing,None,n,2.5243600428316566
134,3,4,central,strongly_facing,None,y,3,4,central,strongly_facing,None,n,2.2779675056936184
135,3,4,central,strongly_facing,None,y,3,4,central,strongly_facing,None,n,2.100865108683808
136,3,4,central,slightly_facing,None,y,3,4,central,strongly_facing,None,n,1.9207538054217157
137,3,4,central,slightly_facing,None,m,3,4,central,strongly_facing,None,n,1.718274293964738
138,3,4,central,slightly_facing,None,y,3,4,central,strongly_facing,None,n,1.641038967546173
139,3,4,central,slightly_facing,None,y,3,4,central,strongly_facing,None,n,1.4668037658562234
140,3,4,central,slightly_facing,None,m,3,4,central,strongly_facing,None,n,1.1704807825752666
141,3,4,central,slightly_facing,None,y,3,4,central,strongly_facing,None,n,1.0790069340875479
142,3,4,central,slightly_facing,None,y,3,4,central,strongly_facing,None,n,0.8990445935158089
143,3,4,central,slightly_facing,None,m,3,4,central,strongly_facing,None,n,0.7356146976787544
144,3,4,central,slightly_facing,None,m,3,4,central,strongly_facing,None,n,0.6803142356367424
145,3,4,central,slightly_facing,None,m,3,4,central,strongly_facing,None,n,0.665130638901113
146,3,4,central,slightly_facing,None,n,3,4,central,strongly_facing,None,n,0.6114371495714006
