,imas_1,wti_1,viewing_area_1,body_facing_1,gesture_1,approaching_1,imas_2,wti_2,viewing_area_2,body_facing_2,gesture_2,approaching_2,distance
0,1,1,outside,turned_away,None,n,1,1,mid_peripheral,slightly_facing,None,n,17.157583604816388
1,1,1,outside,turned_away,None,n,1,1,mid_peripheral,slightly_facing,None,n,17.157583604816388
2,1,1,outside,turned_away,None,n,1,1,mid_peripheral,slightly_facing,None,n,17.157583604816388
3,1,1,outside,turned_away,None,n,1,1,mid_peripheral,slightly_facing,None,n,17.157583604816388
4,1,1,outside,turned_away,None,n,1,1,mid_peripheral,slightly_facing,None,n,17.157583604816388
5,1,1,outside,turned_away,None,n,1,1,mid_peripheral,slightly_facing,None,n,17.157583604816388
6,1,1,outside,turned_away,None,n,1,1,mid_peripheral,slightly_facing,None,n,17.18622423373802
7,1,1,outside,turned_away,None,n,1,1,mid_peripheral,slightly_facing,None,n,17.32063608575765
8,1,1,outside,turned_away,None,n,1,1,mid_peripheral,slightly_facing,None,n,17.37324348290247
9,1,1,outside,turned_away,None,n,1,1,mid_peripheral,slightly_facing,None,n,17.44541261595907
10,1,1,outside,turned_away,None,n,1,1,mid_peripheral,slightly_facing,None,n,17.449761941912282
11,1,1,outside,turned_away,None,n,1,1,mid_peripheral,slightly_facing,None,n,17.528843292660525
12,1,1,outside,turned_away,None,n,1,1,mid_peripheral,slightly_facing,None,n,17.489082290275295
13,1,1,outside,turned_away,None,n,1,1,mid_peripheral,slightly_facing,None,n,17.499334839587018
14,1,1,outside,turned_away,None,n,1,1,mid_peripheral,slightly_facing,None,n,17.52070686858821
15,1,1,outside,turned_away,None,n,1,1,mid_peripheral,slightly_facing,None,n,17.53258471269233
16,1,1,outside,turned_away,None,n,1,1,mid_peripheral,slightly_facing,None,n,17.534851396946486
17,1,1,outside,turned_away,None,n,1,1,mid_peripheral,slightly_facing,None,n,17.53520702159712
18,1,1,outside,turned_away,None,n,1,1,mid_peripheral,slightly_facing,None,n,17.48935591886317
19,1,1,outside,turned_away,None,n,1,1,mid_peripheral,slightly_facing,None,n,17.47976943383422
20,1,1,outside,turned_away,None,n,1,1,mid_peripheral,slightly_facing,None,n,17.55293333731135
21,1,1,outside,turned_away,None,n,2,3,central,slightly_facing,None,m,17.618475346717656
22,1,1,outside,turned_away,None,n,2,3,central,slightly_facing,None,m,17.65706025226706
23,1,1,outside,turned_away,None,n,2,3,central,slightly_facing,None,m,17.63989925881602
24,1,1,outside,turned_away,None,n,2,3,central,slightly_facing,None,m,17.614318743493765
25,1,1,outside,turned_away,None,n,2,3,central,slightly_facing,None,m,17.580007420565103
26,1,1,outside,turned_away,None,n,2,3,central,slightly_facing,None,m,17.57605362047083
27,1,1,outside,turned_away,None,n,2,3,central,slightly_facing,None,m,17.597280289798107
28,1,1,outside,turned_away,None,n,2,3,central,slightly_facing,None,m,17.667175665500864
29,2,3,central,turned_away,None,n,2,3,central,slightly_facing,None,m,17.678032174974227
30,2,3,central,turned_away,None,n,2,3,central,slightly_facing,None,m,17.718325013442126
31,2,3,central,turned_away,None,n,2,3,central,slightly_facing,None,m,17.74088987252049
32,2,3,central,turned_away,None,n,2,3,central,slightly_facing,None,m,17.73995627931957
33,2,3,central,turned_away,None,n,2,3,central,slightly_facing,None,m,17.718065339997167
34,2,3,central,turned_away,None,n,2,3,central,slightly_facing,None,m,17.78989167817387
35,2,3,central,turned_away,None,n,2,3,central,slightly_facing,None,m,17.82600702197037
36,2,3,central,turned_away,None,n,2,3,central,slightly_facing,None,m,17.793103617534896
37,2,3,central,turned_away,None,n,2,3,central,slightly_facing,None,m,17.798953275998734
38,2,3,central,turned_away,None,n,2,3,central,slightly_facing,None,m,17.777340635244013
39,2,3,central,turned_away,None,n,2,3,central,slightly_facing,None,m,17.7302533720761
40,2,3,central,turned_away,None,n,2,3,central,slightly_facing,None,m,17.79386621189881
41,2,3,central,turned_away,None,n,2,3,central,slightly_facing,None,m,17.7517798019882
42,2,3,central,turned_away,None,n,2,3,central,slightly_facing,None,m,17.734716861248675
43,2,3,central,turned_away,None,n,2,3,central,slightly_facing,None,m,17.766705507235322
44,2,3,central,turned_away,None,n,2,3,central,slightly_facing,None,m,17.7906668014297
45,2,3,central,turned_away,None,n,2,3,central,slightly_facing,None,m,17.75089472529703
46,2,3,central,turned_away,None,n,2,3,central,slightly_facing,None,m,17.65490756744812
47,2,3,central,turned_away,None,n,2,3,central,slightly_facing,None,m,17.65131069039331
48,2,3,central,turned_away,None,n,2,3,central,slightly_facing,None,m,17.68216175197877
49,2,3,central,turned_away,None,n,2,3,central,slightly_facing,None,m,17.69868241516337
50,2,4,central,turned_away,come_here,n,2,3,central,slightly_facing,None,m,17.74226786997144
51,2,4,central,turned_away,come_here,n,2,3,central,slightly_facing,None,m,17.72753990025621
52,2,4,central,turned_away,come_here,n,2,3,central,slightly_facing,None,m,17.723371945173668
53,2,4,central,turned_away,come_here,n,2,3,central,slightly_facing,None,m,17.664352263178287
54,2,4,central,turned_away,come_here,n,2,3,central,strongly_facing,None,m,17.737708398603125
55,2,4,central,turned_away,come_here,n,3,4,central,slightly_facing,arm_raise_high,m,17.756720525051044
56,2,4,central,turned_away,come_here,n,3,4,central,slightly_facing,arm_raise_high,m,17.815040472461828
57,2,4,central,turned_away,come_here,n,3,4,central,slightly_facing,arm_raise_high,m,17.7341405718236
58,2,4,central,turned_away,come_here,n,3,4,central,slightly_facing,arm_raise_high,m,17.728407443571687
59,2,4,central,turned_away,come_here,n,3,4,central,slightly_facing,arm_raise_high,m,17.7213910962932
60,2,4,central,turned_away,come_here,n,3,4,central,slightly_facing,arm_raise_high,m,17.808532369312328
61,2,4,central,turned_away,come_here,n,3,4,central,slightly_facing,arm_raise_high,m,17.824651227315496
62,2,4,central,turned_away,come_here,n,3,4,central,slightly_facing,arm_raise_high,y,17.79964117405014
63,2,4,central,turned_away,come_here,n,3,4,central,slightly_facing,arm_raise_high,m,17.688287764412955
64,2,4,central,turned_away,come_here,n,3,4,central,slightly_facing,arm_raise_high,m,17.639454565177292
65,2,4,central,turned_away,come_here,n,3,4,central,slightly_facing,arm_raise_high,m,17.61037862240105
66,2,4,central,turned_away,come_here,n,3,4,central,slightly_facing,arm_raise_high,m,17.676665212651407
67,2,4,central,turned_away,come_here,n,3,4,central,slightly_facing,arm_raise_high,m,17.67740034890201
68,2,4,central,turned_away,come_here,n,3,4,central,slightly_facing,arm_raise_high,m,17.650230265824437
69,2,4,central,turned_away,come_here,n,3,4,central,slightly_facing,None,m,17.5634219273756
70,2,4,central,turned_away,None,n,3,4,central,slightly_facing,None,m,17.56402480251429
71,2,4,central,turned_away,None,n,3,4,central,slightly_facing,None,m,17.574548962466746
72,2,4,central,turned_away,None,n,3,4,central,slightly_facing,None,m,17.539417792186516
73,2,4,central,turned_away,None,n,3,4,central,slightly_facing,None,m,17.503596961714496
74,2,4,central,turned_away,None,n,3,4,central,slightly_facing,None,m,17.405875987008784
75,2,4,central,turned_away,None,n,3,4,central,slightly_facing,None,m,17.41865859957488
76,2,4,central,turned_away,None,n,3,4,central,slightly_facing,None,m,17.411785299493722
77,2,4,central,turned_away,None,n,3,4,central,slightly_facing,None,m,17.400059655719144
78,2,4,central,turned_away,None,n,3,4,central,slightly_facing,None,m,17.352714063904585
79,2,4,central,turned_away,None,n,3,4,central,slightly_facing,None,m,17.317340569223827
80,2,4,central,turned_away,None,n,3,4,central,slightly_facing,None,m,17.32026654447295
81,2,4,central,turned_away,None,n,3,4,central,slightly_facing,None,m,17.35367128313582
82,2,4,central,turned_away,None,n,3,4,central,slightly_facing,None,m,17.354840640865707
83,2,4,central,turned_away,None,n,3,4,central,slightly_facing,None,m,17.299380160115362
84,2,4,central,turned_away,None,n,3,4,central,strongly_facing,None,y,17.207772505367824
85,2,4,central,turned_away,None,n,3,4,central,slightly_facing,None,m,17.093707182629398
86,2,4,central,turned_away,None,n,3,4,central,slightly_facing,None,m,17.092784974105687
87,2,4,central,turned_away,None,n,3,4,central,slightly_facing,None,m,17.13404268436757
88,2,4,central,turned_away,None,n,3,4,central,slightly_facing,None,m,17.12652015456289
89,2,4,central,turned_away,None,n,3,4,central,slightly_facing,None,m,17.133768308249415
90,2,4,central,turned_away,None,n,3,4,central,strongly_facing,None,m,17.205531264074033
91,2,4,central,turned_away,None,n,3,4,central,strongly_facing,None,m,17.172714026712523
92,2,4,central,turned_away,None,n,3,4,central,slightly_facing,None,m,17.12311450639249
93,2,4,central,turned_away,None,n,3,4,central,slightly_facing,None,m,17.109837771407417
94,2,4,central,turned_away,None,n,3,4,central,slightly_facing,None,m,17.067723110391146
95,2,4,central,turned_away,None,n,3,4,central,slightly_facing,None,m,17.145647390823843
96,2,4,central,turned_away,None,n,3,4,central,slightly_facing,None,m,17.097921859900108
97,2,4,central,turned_away,None,n,3,4,central,slightly_facing,None,m,17.093566432618122
98,2,4,central,turned_away,None,n,3,4,central,slightly_facing,None,m,17.125573201030317
99,2,4,central,turned_away,None,n,3,4,central,slightly_facing,None,m,17.154619394055935
100,2,4,central,turned_away,None,n,3,4,central,slightly_facing,None,m,17.063029348540226
101,2,4,central,turned_away,None,n,3,4,central,slightly_facing,None,m,17.043558625275555
102,2,4,central,turned_away,None,n,3,4,central,slightly_facing,None,m,17.080458179606886
103,2,4,central,turned_away,None,n,3,4,central,slightly_facing,None,m,17.111924140331066
104,2,4,central,turned_away,None,n,3,4,central,slightly_facing,None,m,17.115355214968403
105,2,4,central,turned_away,None,n,3,4,central,slightly_facing,None,m,17.15895510856066
106,2,4,central,turned_away,None,n,3,4,central,slightly_facing,None,m,17.183746239609686
107,2,4,central,turned_away,None,n,3,4,central,slightly_facing,None,m,17.217483272855098
108,2,4,central,turned_away,None,n,3,4,central,slightly_facing,None,m,17.14864175515181
109,2,4,central,turned_away,None,n,3,4,central,slightly_facing,None,n,17.087211932963196
110,2,4,central,turned_away,None,n,3,4,central,slightly_facing,None,m,17.21342364921662
111,2,4,central,turned_away,None,n,3,4,central,slightly_facing,None,m,17.22406363223278
112,2,4,central,turned_away,None,n,3,4,central,slightly_facing,None,m,17.214821778147037
113,2,4,central,turned_away,None,n,3,4,central,slightly_facing,None,m,17.28182535596353
114,2,4,central,turned_away,None,n,3,4,central,slightly_facing,None,m,17.315620023386167
115,2,4,central,turned_away,None,n,3,4,central,slightly_facing,None,m,17.383865484231347
116,2,4,central,turned_away,None,n,3,4,central,slightly_facing,None,m,17.391983238648344
117,2,4,central,turned_away,None,n,3,4,central,strongly_facing,None,m,17.455477403767137
118,2,4,central,turned_away,None,n,3,4,central,slightly_facing,None,m,17.35832068181211
119,2,4,central,turned_away,None,n,3,4,central,slightly_facing,None,m,17.30995462439879
120,2,4,central,turned_away,None,n,3,4,central,slightly_facing,None,m,17.271211845567755
121,2,4,central,turned_away,None,n,3,4,central,slightly_facing,None,m,17.25392492191878
122,2,4,central,turned_away,None,n,3,4,central,slightly_facing,None,m,17.32670706177169
123,2,4,central,turned_away,None,n,3,4,central,slightly_facing,None,m,17.354409911628803
124,2,4,central,turned_away,None,n,3,4,central,slightly_facing,None,m,17.383933152913954
125,2,4,central,turned_away,None,n,3,4,central,slightly_facing,None,m,17.427068325281333
126,2,4,central,turned_away,None,n,3,4,central,slightly_facing,None,m,17.37569862185187
127,2,4,central,turned_away,None,n,3,4,central,slightly_facing,None,m,17.37124362808791
128,2,4,central,turned_away,None,n,3,4,central,slightly_facing,None,m,17.368930092978122
129,2,4,central,turned_away,None,n,3,4,central,slightly_facing,None,m,17.36546433112772
130,2,4,central,turned_away,None,n,3,4,central,slightly_facing,None,m,17.376348071328795
131,2,4,central,slightly_facing,None,y,3,4,central,slightly_facing,None,y,17.404715378345742
132,2,4,central,turned_away,None,n,3,4,central,slightly_facing,None,m,17.27748113452433
133,2,4,central,turned_away,None,n,3,4,central,slightly_facing,None,y,17.201918120998307
134,2,4,central,turned_away,None,n,3,4,central,slightly_facing,None,y,17.0762620767981
135,2,4,central,turned_away,None,n,3,4,central,slightly_facing,None,y,16.93642422898166
136,2,4,central,turned_away,None,n,3,4,central,slightly_facing,None,m,16.810406168975366
137,2,4,central,turned_away,None,n,3,4,central,slightly_facing,None,m,16.711309564862052
138,2,4,central,turned_away,None,n,3,4,central,slightly_facing,None,y,16.63583621423083
139,2,4,central,turned_away,None,n,3,4,central,slightly_facing,None,y,16.50869535314193
140,2,4,central,turned_away,None,n,3,4,central,slightly_facing,None,y,16.40612236550895
141,2,4,central,turned_away,None,n,3,4,central,slightly_facing,None,y,16.285601292717256
142,2,4,central,turned_away,None,n,3,4,central,slightly_facing,None,y,16.18241166265183
143,2,4,central,turned_away,None,n,3,4,central,slightly_facing,None,m,16.081296038779023
144,2,4,central,turned_away,None,n,3,4,central,slightly_facing,None,y,15.982598842851969
145,2,4,central,turned_away,None,n,3,4,central,slightly_facing,None,m,15.842582188014996
146,2,4,central,turned_away,None,n,3,4,central,slightly_facing,None,y,15.758291666230638
147,2,4,central,turned_away,None,n,3,4,central,slightly_facing,None,y,15.639838881965023
148,2,4,central,turned_away,None,n,3,4,central,slightly_facing,None,m,15.517225710320327
149,2,4,central,turned_away,None,n,3,4,central,slightly_facing,None,m,15.477688689585731
150,2,4,central,turned_away,None,n,3,4,central,slightly_facing,None,y,15.399427403789565
151,2,4,central,turned_away,None,n,3,4,central,slightly_facing,None,m,15.287799749850857
152,2,4,central,turned_away,None,n,3,4,central,slightly_facing,None,y,15.193331273921757
153,2,4,central,turned_away,None,n,3,4,central,slightly_facing,None,m,14.97932590147851
154,2,4,central,turned_away,None,n,3,4,central,slightly_facing,None,y,14.88544438270665
155,2,4,central,turned_away,None,n,3,4,central,slightly_facing,None,m,14.77207559517653
156,2,4,central,turned_away,None,n,3,4,central,slightly_facing,None,y,14.700681523148683
157,2,4,central,turned_away,None,n,3,4,central,slightly_facing,None,y,14.547919842469197
158,2,4,central,turned_away,None,n,3,4,central,slightly_facing,None,y,14.443545257653229
159,2,4,central,turned_away,None,n,3,4,central,slightly_facing,None,m,14.342369818034745
160,2,4,central,turned_away,None,n,3,4,central,slightly_facing,None,y,14.271981663153296
161,2,4,central,turned_away,None,n,3,4,central,slightly_facing,None,y,14.170835845493732
162,2,4,central,turned_away,None,n,3,4,central,slightly_facing,None,m,14.028547103255702
163,2,4,central,turned_away,None,n,3,4,central,slightly_facing,None,m,13.936512498465673
164,2,4,central,turned_away,None,n,3,4,central,slightly_facing,None,m,13.854855987678434
165,2,4,central,turned_away,None,n,3,4,central,slightly_facing,None,m,13.756826068630293
166,2,4,central,turned_away,None,n,3,4,central,slightly_facing,None,m,13.676707555212039
167,2,4,central,turned_away,None,n,3,4,central,slightly_facing,None,m,13.610421500793354
168,2,4,central,turned_away,None,n,3,4,central,slightly_facing,None,m,13.573829079420221
169,2,4,central,turned_away,None,n,3,4,central,slightly_facing,None,y,13.485187927232936
170,2,4,central,turned_away,None,n,3,4,central,slightly_facing,None,y,13.384006011214506
171,2,4,central,turned_away,None,n,3,4,central,slightly_facing,None,y,13.2722339575501
172,2,4,central,turned_away,None,n,3,4,central,slightly_facing,None,m,13.156271413186985
173,2,4,central,turned_away,None,n,3,4,central,slightly_facing,None,m,13.06029449965846
174,2,4,central,turned_away,None,n,3,4,central,slightly_facing,None,y,12.984669932276061
175,2,4,central,turned_away,None,n,3,4,central,slightly_facing,None,m,12.884103107764778
176,2,4,central,turned_away,None,n,3,4,central,slightly_facing,None,m,12.788254924356371
177,2,4,central,turned_away,None,n,3,4,central,slightly_facing,None,m,12.727257660466728
178,2,4,central,turned_away,None,n,3,4,central,slightly_facing,None,m,12.670047220500246
179,2,4,central,turned_away,None,n,3,4,central,slightly_facing,None,m,12.573552442457386
180,2,4,central,turned_away,None,n,3,4,central,slightly_facing,None,m,12.505901278829052
181,2,4,central,turned_away,None,n,3,4,central,slightly_facing,None,y,12.439338619493924
182,2,4,central,turned_away,None,n,3,4,central,slightly_facing,None,m,12.295920358835536
183,2,4,central,turned_away,None,n,3,4,central,slightly_facing,None,m,12.242362522534368
184,2,4,central,turned_away,None,n,3,4,central,slightly_facing,None,m,12.213017236775562
185,2,4,central,turned_away,None,n,3,4,central,slightly_facing,None,m,12.190430939664644
186,2,4,central,turned_away,None,n,3,4,central,slightly_facing,None,m,12.172005503249865
187,2,4,central,turned_away,None,n,3,4,central,slightly_facing,None,m,12.16382303045687
188,2,4,central,turned_away,None,n,3,4,central,slightly_facing,None,m,12.156780233252269
189,2,4,central,turned_away,None,n,3,4,central,slightly_facing,None,n,12.150802139734848
