,p1_imas,p1_imas_5_pred,p1_imas_4_pred,p1_imas_3_pred,p1_imas_2_pred,p1_imas_1_pred,p2_imas,p2_imas_5_pred,p2_imas_4_pred,p2_imas_3_pred,p2_imas_2_pred,p2_imas_1_pred,p1_wti,p1_wti_5_pred,p1_wti_4_pred,p1_wti_3_pred,p1_wti_2_pred,p1_wti_1_pred,p2_wti,p2_wti_5_pred,p2_wti_4_pred,p2_wti_3_pred,p2_wti_2_pred,p2_wti_1_pred,p1_approach,p2_head,p1_body,p2_approach,p2_body,dist,p1_gesture,p2_gesture,p1_head
0,2,4e-06,7e-06,2.7e-05,0.028209,0.971754,3,1e-06,2e-06,5e-06,0.024957,0.975035,2,3e-06,9.3e-05,0.018209,0.013792,0.967903,4,1e-06,1.7e-05,0.018233,0.007414,0.974335,n,outside,strongly_facing,n,turned_away,range_27_inf,None,None,mid_peripheral
1,2,1e-06,2e-06,6e-06,0.024605,0.975386,3,0.0,0.0,0.0,0.024314,0.975685,2,2e-06,7e-06,0.018327,0.006359,0.975306,4,1e-06,1e-06,0.018228,0.006089,0.975681,n,outside,strongly_facing,n,turned_away,range_27_inf,None,None,mid_peripheral
2,2,0.0,1e-06,6e-06,0.024536,0.975457,3,0.0,0.0,0.0,0.024312,0.975688,2,1e-06,5e-06,0.018329,0.006209,0.975456,4,0.0,1e-06,0.018227,0.006084,0.975687,n,outside,slightly_facing,n,turned_away,range_27_inf,None,None,mid_peripheral
3,2,0.0,0.0,6e-06,0.024535,0.975459,3,0.0,0.0,1e-06,0.024357,0.975642,2,1e-06,5e-06,0.018329,0.006206,0.97546,4,0.0,2e-06,0.018227,0.006129,0.975642,n,mid_peripheral,slightly_facing,n,strongly_facing,range_27_inf,None,None,mid_peripheral
4,2,0.0,0.0,6e-06,0.024535,0.975459,3,0.0,0.0,1e-06,0.024358,0.975641,2,1e-06,5e-06,0.018329,0.006205,0.97546,4,0.0,2e-06,0.018227,0.00613,0.975641,n,mid_peripheral,slightly_facing,n,strongly_facing,range_27_inf,None,None,mid_peripheral
5,2,0.0,0.0,6e-06,0.024535,0.975459,3,0.0,0.0,1e-06,0.024358,0.975641,2,1e-06,5e-06,0.018329,0.006205,0.97546,4,0.0,2e-06,0.018227,0.00613,0.975641,n,mid_peripheral,slightly_facing,n,strongly_facing,range_27_inf,None,None,mid_peripheral
6,2,0.0,0.0,6e-06,0.024535,0.975459,3,0.0,0.0,0.0,0.024339,0.97566,2,1e-06,5e-06,0.018329,0.006206,0.97546,4,0.0,2e-06,0.018227,0.006111,0.97566,n,mid_peripheral,slightly_facing,n,slightly_facing,range_27_inf,None,None,mid_peripheral
7,2,0.0,0.0,6e-06,0.024535,0.975459,3,0.0,0.0,0.0,0.024339,0.975661,2,1e-06,5e-06,0.018329,0.006206,0.97546,4,0.0,2e-06,0.018227,0.006111,0.97566,n,mid_peripheral,slightly_facing,n,slightly_facing,range_27_inf,None,None,mid_peripheral
8,2,0.0,0.0,6e-06,0.024535,0.975459,3,0.0,0.0,0.0,0.024339,0.975661,2,1e-06,5e-06,0.018329,0.006206,0.97546,4,0.0,2e-06,0.018227,0.006111,0.97566,n,mid_peripheral,slightly_facing,n,slightly_facing,range_27_inf,None,None,mid_peripheral
9,2,0.0,0.0,6e-06,0.024535,0.975459,3,0.0,0.0,0.0,0.024339,0.975661,2,1e-06,5e-06,0.018329,0.006206,0.97546,4,0.0,2e-06,0.018227,0.006111,0.97566,n,mid_peripheral,slightly_facing,n,slightly_facing,range_27_inf,None,None,mid_peripheral
10,2,0.0,0.0,6e-06,0.024535,0.975459,3,0.0,0.0,0.0,0.024339,0.975661,2,1e-06,5e-06,0.018329,0.006206,0.97546,4,0.0,2e-06,0.018227,0.006111,0.97566,n,mid_peripheral,slightly_facing,n,slightly_facing,range_27_inf,None,None,mid_peripheral
11,2,0.0,0.0,6e-06,0.024544,0.97545,2,4.9e-05,9.8e-05,0.00037,0.086672,0.912811,2,1e-06,5e-06,0.018783,0.005807,0.975404,4,3e-05,0.001502,0.017351,0.068291,0.912826,n,central,slightly_facing,y,strongly_facing,range_27_inf,None,None,mid_peripheral
12,2,0.0,0.0,5e-06,0.024484,0.97551,2,0.00041,0.00082,0.002586,0.460649,0.535535,2,1.5e-05,1.9e-05,0.02143,0.003427,0.975109,4,0.000247,0.010548,0.012016,0.441584,0.535605,n,central,slightly_facing,y,strongly_facing,range_27_inf,None,None,mid_peripheral
13,2,0.0,0.0,4e-06,0.024418,0.975577,2,0.00081,0.00166,0.004972,0.863337,0.12922,2,3.2e-05,3.6e-05,0.024289,0.000866,0.974776,4,0.000495,0.020302,0.006281,0.843707,0.129215,n,central,slightly_facing,y,slightly_facing,range_27_inf,None,None,mid_peripheral
14,2,0.0,0.0,4e-06,0.024402,0.975594,2,0.000918,0.001897,0.005619,0.972499,0.019066,2,3.7e-05,4e-05,0.025067,0.000172,0.974684,4,0.000564,0.022948,0.004726,0.952883,0.018878,n,central,slightly_facing,y,slightly_facing,range_27_inf,None,None,mid_peripheral
15,2,0.0,0.0,4e-06,0.024399,0.975597,2,0.000934,0.001933,0.005712,0.988116,0.003306,2,3.8e-05,4.1e-05,0.025178,7.3e-05,0.974671,4,0.000575,0.023327,0.004501,0.968672,0.002925,n,central,slightly_facing,y,slightly_facing,range_27_inf,None,None,mid_peripheral
16,2,0.0,0.0,4e-06,0.024399,0.975597,2,0.000936,0.001938,0.005722,0.989938,0.001466,2,3.8e-05,4.1e-05,0.025191,6.1e-05,0.974669,4,0.000576,0.023372,0.004471,0.970702,0.000879,n,central,slightly_facing,y,slightly_facing,range_27_inf,None,None,mid_peripheral
17,2,0.0,0.0,4e-06,0.0244,0.975596,2,0.001175,0.002501,0.005705,0.98696,0.003659,2,8.6e-05,8.9e-05,0.025298,0.000123,0.974404,4,0.000737,0.023463,0.004625,0.969916,0.001259,n,central,slightly_facing,m,slightly_facing,range_27_inf,None,None,mid_peripheral
18,2,0.0,0.0,4e-06,0.024399,0.975597,2,0.0008,0.001731,0.004838,0.840631,0.152,2,3.4e-05,3.7e-05,0.024146,0.000991,0.974792,4,0.000508,0.019843,0.003817,0.974147,0.001685,n,central,slightly_facing,y,slightly_facing,range_27_inf,None,None,mid_peripheral
19,2,0.0,0.0,4e-06,0.024398,0.975597,2,0.000498,0.001039,0.003073,0.542822,0.452569,2,2e-05,2.2e-05,0.022013,0.002842,0.975103,4,0.000309,0.012743,0.002447,0.981387,0.003115,n,central,slightly_facing,y,strongly_facing,range_27_inf,None,None,mid_peripheral
20,2,0.0,0.0,4e-06,0.024398,0.975597,2,0.0005,0.001035,0.003073,0.542824,0.452568,2,2e-05,2.2e-05,0.022013,0.002843,0.975102,4,0.000308,0.012743,0.002448,0.981343,0.003158,n,central,slightly_facing,y,slightly_facing,range_27_inf,None,None,mid_peripheral
21,2,2.5e-05,4.9e-05,0.00019,0.056168,0.943567,2,0.00378,0.007422,0.003127,0.55131,0.43436,2,7.4e-05,0.002138,0.058418,0.002733,0.936637,4,0.007154,0.01429,0.032044,0.943271,0.00324,n,central,slightly_facing,y,slightly_facing,range_27_inf,None,arm_raise_low,mid_peripheral
22,2,4.2e-05,7.9e-05,0.000317,0.02886,0.970701,2,0.008049,0.015309,0.199406,0.699213,0.078023,2,0.001208,0.001287,0.031707,0.002359,0.963438,4,0.008221,0.814007,0.007887,0.169241,0.000644,n,central,slightly_facing,y,slightly_facing,range_24_27,None,arm_raise_low,mid_peripheral
23,2,7e-06,1.3e-05,5e-05,0.024886,0.975045,2,0.002333,0.017774,0.246624,0.732833,0.000437,2,3e-05,3.9e-05,0.027184,0.000499,0.972247,4,0.002378,0.996787,0.000158,0.000616,6.1e-05,n,central,slightly_facing,y,slightly_facing,range_24_27,None,arm_raise_low,mid_peripheral
24,2,0.01136,0.019871,0.076992,0.815089,0.076688,2,0.007589,0.157248,0.063831,0.73794,0.033392,2,0.021447,0.042679,0.892142,0.021458,0.022274,4,0.060851,0.272796,0.625543,0.020405,0.020405,y,central,slightly_facing,y,slightly_facing,range_24_27,None,arm_raise_low,central
25,2,0.001502,0.002666,0.015747,0.954342,0.025743,2,0.00151,0.007665,0.01257,0.92728,0.050974,2,0.003128,0.018939,0.97534,0.001297,0.001296,4,0.003473,0.018731,0.97455,0.001623,0.001623,y,central,slightly_facing,y,slightly_facing,range_24_27,None,arm_raise_low,central
26,2,0.00082,0.001518,0.01134,0.960768,0.025554,2,0.000907,0.001837,0.012093,0.933302,0.05186,2,0.001959,0.018009,0.979824,0.000104,0.000104,4,0.002019,0.017646,0.97998,0.000178,0.000178,y,central,slightly_facing,y,strongly_facing,range_24_27,None,arm_raise_low,central
27,2,0.000776,0.001447,0.011227,0.963747,0.022802,2,0.000787,0.001476,0.012148,0.944492,0.041097,2,0.001873,0.018119,0.979962,2.3e-05,2.3e-05,4,0.001901,0.017548,0.980465,4.3e-05,4.3e-05,y,central,slightly_facing,y,slightly_facing,range_24_27,None,arm_raise_low,central
28,2,0.00077,0.001445,0.011444,0.963258,0.023082,2,0.000783,0.001494,0.012479,0.962153,0.023091,2,0.001844,0.018258,0.979866,1.6e-05,1.6e-05,4,0.001927,0.017925,0.980089,3e-05,3e-05,y,central,slightly_facing,y,slightly_facing,range_24_27,None,arm_raise_low,central
29,2,0.00077,0.001444,0.011419,0.962809,0.023557,2,0.00078,0.001489,0.012435,0.958976,0.02632,2,0.001849,0.018236,0.979882,1.7e-05,1.7e-05,4,0.001921,0.017865,0.980154,3e-05,3e-05,y,central,slightly_facing,y,slightly_facing,range_24_27,None,arm_raise_low,central
30,2,0.000786,0.001478,0.011967,0.983988,0.001781,2,0.000788,0.001512,0.012619,0.973968,0.011112,2,0.001866,0.018777,0.97934,9e-06,9e-06,4,0.001909,0.018175,0.979868,2.3e-05,2.3e-05,y,central,slightly_facing,y,slightly_facing,range_24_27,None,arm_raise_low,central
31,2,0.000774,0.001457,0.011623,0.970413,0.015732,2,0.00079,0.001509,0.012635,0.971819,0.013248,2,0.001841,0.018449,0.979686,1.2e-05,1.2e-05,4,0.001932,0.018127,0.979889,2.6e-05,2.6e-05,y,central,slightly_facing,y,slightly_facing,range_24_27,None,arm_raise_low,central
32,2,0.000769,0.001444,0.011439,0.962699,0.023648,2,0.000783,0.001494,0.012478,0.962175,0.023069,2,0.001843,0.018249,0.979876,1.6e-05,1.6e-05,4,0.001927,0.017925,0.980089,3e-05,3e-05,y,central,slightly_facing,y,slightly_facing,range_24_27,None,arm_raise_low,central
33,2,0.000769,0.001444,0.011439,0.962699,0.023648,2,0.000783,0.001494,0.012478,0.962175,0.023069,2,0.001843,0.018249,0.979876,1.6e-05,1.6e-05,4,0.001927,0.017925,0.980089,3e-05,3e-05,y,central,slightly_facing,y,slightly_facing,range_24_27,None,arm_raise_low,central
34,2,0.000769,0.001444,0.011439,0.962702,0.023645,2,0.000783,0.001494,0.012478,0.962178,0.023067,2,0.001843,0.018249,0.979876,1.6e-05,1.6e-05,4,0.001927,0.017925,0.980089,3e-05,3e-05,y,central,slightly_facing,y,slightly_facing,range_24_27,None,arm_raise_low,central
35,2,0.001975,0.002737,0.011926,0.959664,0.023699,2,0.001911,0.002805,0.013024,0.959142,0.023118,2,0.002518,0.018811,0.977402,0.000635,0.000635,4,0.002749,0.018448,0.977579,0.000612,0.000612,y,central,slightly_facing,y,slightly_facing,range_24_27,None,None,central
36,2,0.039927,0.043565,0.055056,0.82991,0.031542,2,0.037372,0.044399,0.058517,0.82928,0.030432,2,0.039168,0.041286,0.868337,0.025605,0.025605,4,0.059877,0.035846,0.863362,0.020457,0.020457,y,central,slightly_facing,y,slightly_facing,range_24_27,None,None,central
37,2,0.105661,0.131417,0.489778,0.159162,0.113982,2,0.098493,0.138302,0.509421,0.147119,0.106664,2,0.433731,0.131277,0.177927,0.128532,0.128532,4,0.660165,0.074275,0.121697,0.071931,0.071931,y,central,slightly_facing,y,slightly_facing,range_21_24,None,None,central
38,2,0.023858,0.083332,0.478905,0.345583,0.068323,2,0.022757,0.095544,0.512328,0.305716,0.063655,2,0.76903,0.057716,0.057862,0.057696,0.057696,4,0.904581,0.023825,0.023972,0.023811,0.023811,y,central,slightly_facing,y,slightly_facing,range_21_24,None,None,central
39,2,0.009072,0.091306,0.398897,0.482022,0.018703,2,0.009465,0.106554,0.441918,0.42468,0.017383,2,0.936388,0.015903,0.015903,0.015903,0.015903,4,0.97513,0.006218,0.006218,0.006218,0.006218,y,central,strongly_facing,y,slightly_facing,range_21_24,None,None,central
40,2,0.005855,0.189839,0.255252,0.54661,0.002443,2,0.006378,0.217248,0.287498,0.486611,0.002265,2,0.985243,0.003689,0.003689,0.003689,0.003689,4,0.992555,0.001861,0.001861,0.001861,0.001861,y,central,strongly_facing,y,slightly_facing,range_21_24,None,None,central
41,2,0.003905,0.322757,0.08779,0.585403,0.000145,2,0.004228,0.366981,0.097955,0.530703,0.000133,2,0.993707,0.001573,0.001573,0.001573,0.001573,4,0.995023,0.001244,0.001244,0.001244,0.001244,y,central,slightly_facing,y,slightly_facing,range_21_24,None,None,central
42,2,0.003886,0.32426,0.08593,0.585784,0.00014,2,0.004207,0.368543,0.095973,0.531149,0.000128,2,0.993741,0.001565,0.001565,0.001565,0.001565,4,0.995028,0.001243,0.001243,0.001243,0.001243,y,central,slightly_facing,y,slightly_facing,range_21_24,wave_small_head,None,central
43,2,0.003872,0.325903,0.084445,0.585641,0.000139,2,0.004185,0.369569,0.094148,0.531971,0.000128,2,0.993764,0.001559,0.001559,0.001559,0.001559,4,0.995026,0.001244,0.001244,0.001244,0.001244,y,central,slightly_facing,y,slightly_facing,range_21_24,wave_small_head,None,central
44,2,0.003872,0.325903,0.084445,0.585641,0.000139,2,0.004185,0.369569,0.094148,0.531971,0.000128,2,0.993764,0.001559,0.001559,0.001559,0.001559,4,0.995026,0.001244,0.001244,0.001244,0.001244,y,central,slightly_facing,y,slightly_facing,range_21_24,wave_small_head,None,central
45,2,0.003872,0.325903,0.084445,0.585641,0.000139,2,0.004185,0.369569,0.094148,0.531971,0.000128,2,0.993764,0.001559,0.001559,0.001559,0.001559,4,0.995026,0.001244,0.001244,0.001244,0.001244,y,central,slightly_facing,y,slightly_facing,range_21_24,wave_small_head,None,central
46,2,0.003872,0.325903,0.084445,0.585641,0.000139,2,0.004185,0.369569,0.094148,0.531971,0.000128,2,0.993764,0.001559,0.001559,0.001559,0.001559,4,0.995026,0.001244,0.001244,0.001244,0.001244,y,central,slightly_facing,y,slightly_facing,range_21_24,wave_small_head,None,central
47,2,0.003872,0.325903,0.084445,0.585641,0.000139,2,0.004185,0.369569,0.094148,0.531971,0.000128,2,0.993764,0.001559,0.001559,0.001559,0.001559,4,0.995026,0.001244,0.001244,0.001244,0.001244,y,central,slightly_facing,y,slightly_facing,range_21_24,wave_small_head,None,central
48,2,0.003872,0.325903,0.084445,0.585641,0.000139,2,0.004185,0.369569,0.094148,0.531971,0.000128,2,0.993764,0.001559,0.001559,0.001559,0.001559,4,0.995026,0.001244,0.001244,0.001244,0.001244,y,central,slightly_facing,y,slightly_facing,range_21_24,wave_small_head,None,central
49,2,0.003872,0.325903,0.084445,0.585641,0.000139,2,0.004185,0.369569,0.094148,0.531971,0.000128,2,0.993764,0.001559,0.001559,0.001559,0.001559,4,0.995026,0.001244,0.001244,0.001244,0.001244,y,central,slightly_facing,y,slightly_facing,range_21_24,wave_small_head,None,central
50,2,0.003872,0.325901,0.084446,0.585642,0.000139,2,0.004185,0.369567,0.094152,0.531969,0.000128,2,0.993764,0.001559,0.001559,0.001559,0.001559,4,0.995026,0.001244,0.001244,0.001244,0.001244,y,central,slightly_facing,y,slightly_facing,range_21_24,wave_small_head,None,central
51,2,0.003872,0.325901,0.084445,0.585643,0.000139,2,0.004185,0.369567,0.094152,0.531969,0.000128,2,0.993764,0.001559,0.001559,0.001559,0.001559,4,0.995026,0.001243,0.001243,0.001243,0.001243,y,central,strongly_facing,y,slightly_facing,range_21_24,wave_small_head,None,central
52,2,0.003872,0.325901,0.084446,0.585642,0.000139,2,0.004185,0.369567,0.094152,0.531969,0.000128,2,0.993764,0.001559,0.001559,0.001559,0.001559,4,0.995026,0.001244,0.001244,0.001244,0.001244,y,central,slightly_facing,y,slightly_facing,range_21_24,wave_small_head,None,central
53,2,0.003875,0.325908,0.084457,0.585621,0.000139,2,0.004187,0.369573,0.094162,0.53195,0.000128,2,0.993735,0.001566,0.001566,0.001566,0.001566,4,0.994997,0.001251,0.001251,0.001251,0.001251,y,central,slightly_facing,y,slightly_facing,range_18_21,wave_small_head,None,central
54,2,0.003875,0.325908,0.084458,0.58562,0.000139,2,0.004187,0.369574,0.094163,0.531948,0.000128,2,0.993733,0.001567,0.001567,0.001567,0.001567,4,0.994995,0.001251,0.001251,0.001251,0.001251,y,central,slightly_facing,y,slightly_facing,range_18_21,wave_small_head,None,central
55,2,0.003875,0.325908,0.084458,0.58562,0.000139,2,0.004187,0.369574,0.094163,0.531948,0.000128,2,0.993733,0.001567,0.001567,0.001567,0.001567,4,0.994995,0.001251,0.001251,0.001252,0.001251,y,central,slightly_facing,y,slightly_facing,range_18_21,wave_small_head,None,central
56,2,0.003875,0.325908,0.084458,0.58562,0.000139,2,0.004187,0.369574,0.094163,0.531948,0.000128,2,0.993733,0.001567,0.001567,0.001567,0.001567,4,0.994994,0.001251,0.001251,0.001252,0.001251,y,central,slightly_facing,y,slightly_facing,range_18_21,wave_small_head,None,central
57,2,0.003875,0.325908,0.084458,0.58562,0.000139,2,0.004187,0.369574,0.094163,0.531948,0.000128,2,0.993733,0.001567,0.001567,0.001567,0.001567,4,0.994994,0.001252,0.001251,0.001252,0.001251,y,central,slightly_facing,y,slightly_facing,range_18_21,wave_small_head,None,central
58,2,0.003875,0.325908,0.084459,0.585619,0.000139,2,0.004187,0.369572,0.094163,0.53195,0.000128,2,0.993729,0.001571,0.001567,0.001567,0.001567,4,0.99499,0.001255,0.001252,0.001252,0.001251,y,central,slightly_facing,y,slightly_facing,range_18_21,wave_small_head,None,central
59,2,0.003875,0.3259,0.084472,0.585614,0.000139,2,0.004187,0.369551,0.094165,0.531969,0.000128,2,0.993662,0.001638,0.001567,0.001567,0.001567,4,0.994923,0.001317,0.001257,0.001252,0.001251,y,central,slightly_facing,y,slightly_facing,range_18_21,wave_small_head,None,central
60,5,0.003873,0.325877,0.084466,0.585645,0.000139,2,0.004186,0.369528,0.094165,0.531994,0.000128,5,0.993629,0.001691,0.00156,0.00156,0.00156,4,0.994892,0.001373,0.001247,0.001244,0.001244,y,central,slightly_facing,y,slightly_facing,range_18_21,None,None,central
61,5,0.003872,0.325762,0.084506,0.585721,0.000139,2,0.004188,0.369404,0.09437,0.531911,0.000128,5,0.993504,0.00181,0.001563,0.001562,0.001561,4,0.994773,0.001492,0.001246,0.001244,0.001244,y,central,slightly_facing,y,slightly_facing,range_18_21,None,None,central
62,5,0.003872,0.325818,0.084472,0.585699,0.000139,2,0.004187,0.369472,0.09434,0.531872,0.000128,5,0.99375,0.001569,0.00156,0.00156,0.00156,4,0.995017,0.001252,0.001243,0.001244,0.001243,y,central,strongly_facing,y,slightly_facing,range_18_21,None,None,central
63,5,0.003873,0.32582,0.084471,0.585697,0.000139,2,0.004188,0.369475,0.094339,0.53187,0.000128,5,0.993757,0.001561,0.001561,0.001561,0.00156,4,0.995024,0.001244,0.001244,0.001244,0.001244,y,central,slightly_facing,y,slightly_facing,range_18_21,None,None,central
64,5,0.003873,0.32582,0.084471,0.585698,0.000139,2,0.004188,0.369476,0.094338,0.53187,0.000128,5,0.993758,0.00156,0.001561,0.001561,0.00156,4,0.995025,0.001244,0.001244,0.001244,0.001244,y,central,slightly_facing,y,slightly_facing,range_18_21,None,None,central
65,5,0.003873,0.32582,0.08447,0.585698,0.000139,2,0.004188,0.369476,0.094338,0.53187,0.000128,5,0.993758,0.00156,0.001561,0.001561,0.00156,4,0.995025,0.001244,0.001244,0.001244,0.001244,y,central,slightly_facing,y,slightly_facing,range_18_21,None,None,central
66,5,0.003873,0.325821,0.08447,0.585698,0.000139,2,0.004188,0.369476,0.094337,0.531871,0.000128,5,0.993758,0.00156,0.001561,0.001561,0.00156,4,0.995025,0.001244,0.001244,0.001244,0.001244,y,central,slightly_facing,y,slightly_facing,range_18_21,None,None,central
67,5,0.003873,0.325823,0.084469,0.585696,0.000139,2,0.004188,0.369479,0.094332,0.531874,0.000128,5,0.993759,0.00156,0.00156,0.001561,0.00156,4,0.995025,0.001244,0.001244,0.001244,0.001244,y,central,slightly_facing,y,slightly_facing,range_18_21,None,None,central
68,5,0.003873,0.325898,0.084447,0.585643,0.000139,2,0.004186,0.369566,0.094157,0.531964,0.000128,5,0.993762,0.001559,0.00156,0.00156,0.001559,4,0.995024,0.001244,0.001244,0.001244,0.001244,y,central,slightly_facing,y,slightly_facing,range_18_21,None,None,central
69,5,0.003992,0.325889,0.084581,0.585393,0.000146,2,0.004311,0.369541,0.094276,0.531739,0.000134,5,0.99333,0.001701,0.001689,0.001649,0.00163,4,0.994647,0.001372,0.00134,0.001329,0.001313,y,central,slightly_facing,y,slightly_facing,range_15_18,None,None,central
70,5,0.004002,0.325887,0.084594,0.58537,0.000146,2,0.004321,0.369535,0.094286,0.531723,0.000135,5,0.993294,0.001714,0.001701,0.001656,0.001636,4,0.994618,0.001384,0.001346,0.001334,0.001317,y,central,slightly_facing,y,slightly_facing,range_15_18,None,None,central
71,5,0.004003,0.325885,0.084596,0.58537,0.000147,2,0.004322,0.369535,0.09429,0.531718,0.000135,5,0.99329,0.001715,0.001702,0.001656,0.001636,4,0.994616,0.001385,0.001347,0.001335,0.001318,y,central,slightly_facing,y,slightly_facing,range_15_18,None,None,central
72,5,0.004003,0.325884,0.084596,0.585369,0.000147,2,0.004322,0.369535,0.09429,0.531718,0.000135,5,0.99329,0.001715,0.001702,0.001656,0.001636,4,0.994615,0.001385,0.001347,0.001335,0.001318,y,central,slightly_facing,y,slightly_facing,range_15_18,None,None,central
73,5,0.003988,0.32594,0.084484,0.585447,0.000141,2,0.004233,0.369512,0.094253,0.531867,0.000135,5,0.993541,0.001636,0.001608,0.001608,0.001607,4,0.994731,0.001356,0.001318,0.001306,0.001289,y,central,strongly_facing,y,slightly_facing,range_15_18,None,None,central
74,5,0.004002,0.32589,0.084586,0.585376,0.000146,2,0.004315,0.369535,0.094285,0.531731,0.000135,5,0.993312,0.001707,0.001694,0.001653,0.001634,4,0.994624,0.001383,0.001345,0.001333,0.001316,y,central,slightly_facing,y,slightly_facing,range_15_18,None,None,central
75,5,0.003988,0.32594,0.084483,0.585447,0.000141,2,0.004233,0.369512,0.094253,0.531867,0.000135,5,0.993542,0.001636,0.001608,0.001607,0.001607,4,0.994731,0.001356,0.001318,0.001306,0.001289,y,central,strongly_facing,y,slightly_facing,range_15_18,None,None,central
76,5,0.003988,0.325942,0.084478,0.585451,0.000141,2,0.00423,0.36951,0.094252,0.531873,0.000135,5,0.993551,0.001632,0.001606,0.001606,0.001605,4,0.994737,0.001355,0.001316,0.001304,0.001287,y,central,strongly_facing,y,slightly_facing,range_15_18,None,None,central
77,5,0.003988,0.325981,0.084492,0.585398,0.000141,2,0.004231,0.369584,0.0943,0.531751,0.000135,5,0.99355,0.001632,0.001606,0.001606,0.001606,4,0.994737,0.001355,0.001317,0.001304,0.001287,y,central,strongly_facing,y,slightly_facing,range_15_18,None,None,central
78,5,0.003988,0.325981,0.084491,0.585399,0.000141,2,0.004231,0.369584,0.0943,0.53175,0.000135,5,0.99355,0.001632,0.001606,0.001606,0.001606,4,0.994737,0.001355,0.001317,0.001304,0.001287,y,central,strongly_facing,y,slightly_facing,range_15_18,None,None,central
79,5,0.004002,0.325927,0.084598,0.585326,0.000146,2,0.004315,0.369611,0.094333,0.531606,0.000135,5,0.99331,0.001707,0.001694,0.001654,0.001635,4,0.994623,0.001383,0.001345,0.001333,0.001316,y,central,slightly_facing,y,slightly_facing,range_15_18,None,None,central
80,5,0.004003,0.325907,0.084603,0.58534,0.000147,2,0.004323,0.369623,0.09434,0.531579,0.000135,5,0.99329,0.001715,0.001702,0.001657,0.001637,4,0.994615,0.001385,0.001347,0.001335,0.001318,y,central,slightly_facing,y,slightly_facing,range_15_18,None,None,central
81,5,0.004003,0.325851,0.084561,0.585438,0.000147,2,0.004324,0.369657,0.094348,0.531536,0.000135,5,0.993287,0.001716,0.001703,0.001657,0.001637,4,0.994616,0.001385,0.001347,0.001334,0.001318,y,central,slightly_facing,y,slightly_facing,range_15_18,None,None,central
82,5,0.004003,0.325906,0.084604,0.585339,0.000147,2,0.004323,0.369624,0.094341,0.531577,0.000135,5,0.993287,0.001716,0.001703,0.001657,0.001637,4,0.994615,0.001385,0.001347,0.001335,0.001318,y,central,slightly_facing,y,slightly_facing,range_15_18,None,None,central
83,5,0.004003,0.325846,0.084562,0.585443,0.000147,2,0.004324,0.36966,0.094349,0.531533,0.000135,5,0.993287,0.001716,0.001703,0.001657,0.001637,4,0.994616,0.001385,0.001347,0.001334,0.001318,y,central,slightly_facing,y,slightly_facing,range_15_18,None,None,central
84,5,0.004169,0.325821,0.084732,0.585122,0.000155,2,0.004498,0.369612,0.094501,0.531246,0.000143,5,0.992727,0.001951,0.001853,0.001738,0.001731,4,0.994125,0.001591,0.001468,0.001411,0.001404,y,central,slightly_facing,y,slightly_facing,range_12_15,None,None,central
85,5,0.004215,0.325794,0.084756,0.585077,0.000158,2,0.004547,0.369578,0.094522,0.531207,0.000146,5,0.992628,0.002006,0.001877,0.001748,0.001741,4,0.994047,0.001639,0.001482,0.00142,0.001413,y,central,slightly_facing,y,slightly_facing,range_12_15,None,None,central
86,5,0.004231,0.325787,0.08476,0.585063,0.000159,2,0.004564,0.369562,0.094526,0.531203,0.000146,5,0.992603,0.002023,0.001882,0.00175,0.001743,4,0.994027,0.001654,0.001484,0.001421,0.001414,y,central,slightly_facing,y,slightly_facing,range_12_15,None,None,central
87,5,0.004241,0.325853,0.08481,0.584938,0.000159,2,0.004572,0.369506,0.094518,0.531258,0.000147,5,0.992589,0.002032,0.001885,0.00175,0.001743,4,0.994016,0.001664,0.001485,0.001421,0.001414,y,central,slightly_facing,y,slightly_facing,range_12_15,None,None,central
88,5,0.004251,0.325845,0.084811,0.584934,0.000159,2,0.004582,0.369498,0.094518,0.531256,0.000147,5,0.992576,0.002043,0.001887,0.00175,0.001743,4,0.994003,0.001675,0.001486,0.001421,0.001414,y,central,slightly_facing,y,slightly_facing,range_12_15,None,None,central
89,5,0.004267,0.325834,0.084811,0.584929,0.000159,2,0.004598,0.369484,0.094517,0.531254,0.000147,5,0.992552,0.002064,0.00189,0.001751,0.001743,4,0.993981,0.001695,0.001488,0.001421,0.001414,y,central,slightly_facing,y,slightly_facing,range_12_15,None,None,central
90,5,0.004276,0.325934,0.084584,0.585058,0.000147,2,0.00443,0.369436,0.094429,0.531558,0.000148,5,0.993032,0.001902,0.00169,0.001688,0.001688,4,0.994142,0.001689,0.001439,0.001368,0.001361,y,central,strongly_facing,y,slightly_facing,range_12_15,None,None,central
91,5,0.004386,0.325811,0.08476,0.584887,0.000156,2,0.004633,0.369434,0.094477,0.531308,0.000149,5,0.992533,0.002132,0.001851,0.001745,0.001738,4,0.993819,0.001859,0.001496,0.001417,0.00141,y,central,slightly_facing,y,slightly_facing,range_12_15,None,None,central
92,5,0.004602,0.325826,0.084739,0.584673,0.000159,2,0.004839,0.369403,0.094455,0.531151,0.000153,5,0.992196,0.002423,0.001883,0.001753,0.001746,4,0.99346,0.00218,0.00152,0.001423,0.001416,y,central,slightly_facing,y,slightly_facing,range_12_15,None,None,central
93,5,0.004602,0.325821,0.084745,0.584672,0.00016,2,0.004848,0.369398,0.09446,0.531141,0.000153,5,0.99218,0.00243,0.00189,0.001753,0.001746,4,0.993457,0.002181,0.001521,0.001424,0.001417,y,central,slightly_facing,y,slightly_facing,range_12_15,None,None,central
94,5,0.004602,0.325818,0.084748,0.584672,0.00016,2,0.00485,0.369396,0.094463,0.531138,0.000153,5,0.992177,0.00243,0.001893,0.001754,0.001746,4,0.993457,0.002181,0.001521,0.001424,0.001417,y,central,slightly_facing,y,slightly_facing,range_12_15,None,None,central
95,5,0.004602,0.325813,0.084748,0.584676,0.00016,2,0.00485,0.369399,0.094465,0.531133,0.000153,5,0.992179,0.002426,0.001895,0.001754,0.001746,4,0.993457,0.002181,0.001521,0.001424,0.001417,y,central,slightly_facing,y,slightly_facing,range_12_15,None,None,central
96,5,0.004602,0.325793,0.084746,0.584699,0.00016,2,0.004845,0.369416,0.094471,0.531116,0.000153,5,0.992186,0.002417,0.001897,0.001754,0.001746,4,0.993458,0.00218,0.001521,0.001424,0.001417,y,central,slightly_facing,y,slightly_facing,range_12_15,None,None,central
97,5,0.004601,0.325718,0.084732,0.584789,0.00016,2,0.004831,0.36948,0.094486,0.531051,0.000152,5,0.992204,0.002397,0.001898,0.001754,0.001747,4,0.993459,0.00218,0.001521,0.001424,0.001417,y,central,slightly_facing,y,slightly_facing,range_12_15,None,None,central
98,5,0.004598,0.325505,0.084654,0.585083,0.00016,2,0.00479,0.369701,0.094494,0.530863,0.000152,5,0.992254,0.002347,0.001898,0.001754,0.001747,4,0.993462,0.002179,0.00152,0.001423,0.001416,y,central,slightly_facing,y,slightly_facing,range_12_15,None,None,central
99,5,0.004576,0.325933,0.084524,0.584819,0.000148,2,0.004668,0.369369,0.094378,0.531432,0.000152,5,0.992671,0.002254,0.001693,0.001691,0.001691,4,0.99367,0.002128,0.001468,0.001371,0.001364,y,central,strongly_facing,y,slightly_facing,range_12_15,None,None,central
100,5,0.005018,0.325727,0.084581,0.584522,0.000153,2,0.004903,0.369143,0.094361,0.531448,0.000146,5,0.992234,0.002589,0.001726,0.001726,0.001726,4,0.992994,0.002826,0.001395,0.001394,0.001391,y,central,strongly_facing,y,slightly_facing,range_9_12,None,None,central
101,5,0.00587,0.325432,0.084519,0.584026,0.000154,2,0.005157,0.368639,0.094273,0.531785,0.000147,5,0.991866,0.002945,0.00173,0.00173,0.00173,4,0.991781,0.004029,0.001398,0.001398,0.001395,y,central,strongly_facing,y,slightly_facing,range_9_12,None,None,central
102,5,0.007507,0.324942,0.084385,0.583012,0.000154,2,0.005492,0.3677,0.0941,0.53256,0.000148,5,0.991385,0.003426,0.00173,0.00173,0.00173,4,0.989431,0.006369,0.001401,0.001401,0.001398,y,central,strongly_facing,y,slightly_facing,range_9_12,None,None,central
103,5,0.01075,0.323795,0.084173,0.581124,0.000158,2,0.006543,0.365774,0.09376,0.533774,0.000149,5,0.989797,0.00492,0.001763,0.001761,0.001759,4,0.984682,0.011031,0.001431,0.001429,0.001427,y,central,slightly_facing,y,slightly_facing,range_9_12,None,None,central
104,5,0.017076,0.321637,0.083609,0.57752,0.000158,2,0.008404,0.36198,0.093055,0.536409,0.000151,5,0.987128,0.007583,0.001766,0.001763,0.001761,4,0.975539,0.020136,0.001445,0.001441,0.001439,y,central,slightly_facing,y,slightly_facing,range_9_12,None,None,central
105,5,0.029044,0.317589,0.082539,0.57067,0.000157,2,0.011734,0.354834,0.091737,0.54154,0.000155,5,0.982338,0.012384,0.001763,0.001759,0.001756,4,0.958176,0.037439,0.001469,0.001459,0.001457,y,central,slightly_facing,y,slightly_facing,range_9_12,None,None,central
106,5,0.050198,0.3105,0.080722,0.558425,0.000155,2,0.017114,0.34226,0.089499,0.550965,0.000162,5,0.974407,0.02034,0.001757,0.001749,0.001747,4,0.927112,0.068398,0.00151,0.001491,0.001489,y,central,slightly_facing,y,slightly_facing,range_9_12,None,None,central
107,5,0.083068,0.3001,0.078241,0.53844,0.000151,2,0.02288,0.32318,0.086382,0.567384,0.000173,5,0.964496,0.030299,0.001744,0.001732,0.00173,4,0.877126,0.118217,0.001579,0.001541,0.001539,y,central,slightly_facing,y,slightly_facing,range_9_12,None,None,central
108,5,0.117555,0.281628,0.075037,0.525629,0.000152,2,0.046006,0.296143,0.0821,0.575569,0.000183,5,0.928104,0.066663,0.001762,0.001736,0.001734,4,0.816773,0.178395,0.001657,0.001589,0.001586,y,central,slightly_facing,y,slightly_facing,range_9_12,None,None,central
109,5,0.1176,0.281741,0.07501,0.525498,0.000152,2,0.045845,0.29612,0.082066,0.575787,0.000183,5,0.928364,0.066451,0.001743,0.001721,0.001721,4,0.816745,0.178441,0.001651,0.001582,0.00158,y,central,strongly_facing,y,slightly_facing,range_9_12,None,None,central
110,5,0.117662,0.281935,0.075005,0.525244,0.000153,2,0.045638,0.29609,0.082058,0.57603,0.000183,5,0.928583,0.066234,0.001743,0.00172,0.00172,4,0.816681,0.178498,0.001654,0.001585,0.001583,y,central,strongly_facing,y,slightly_facing,range_9_12,None,None,central
111,5,0.117799,0.282301,0.074994,0.524753,0.000154,2,0.0454,0.295927,0.082052,0.576437,0.000183,5,0.928812,0.066003,0.001743,0.001721,0.001721,4,0.816538,0.178634,0.001656,0.001587,0.001585,y,central,strongly_facing,y,slightly_facing,range_9_12,None,None,central
112,5,0.11967,0.286635,0.075554,0.517993,0.000149,2,0.035729,0.297488,0.082573,0.584024,0.000186,5,0.9439,0.050976,0.00172,0.001702,0.001702,4,0.813646,0.18152,0.001659,0.001589,0.001587,y,central,strongly_facing,y,slightly_facing,range_9_12,None,None,central
113,5,0.121114,0.28998,0.075988,0.512774,0.000145,2,0.028241,0.298706,0.082977,0.589889,0.000188,5,0.955587,0.039337,0.001701,0.001688,0.001688,4,0.81141,0.183753,0.00166,0.001589,0.001587,y,central,strongly_facing,y,slightly_facing,range_9_12,None,None,central
114,5,0.12222,0.292526,0.076326,0.508787,0.000141,2,0.022484,0.299657,0.083291,0.594379,0.000189,5,0.964576,0.030385,0.001686,0.001676,0.001676,4,0.80969,0.185471,0.001661,0.00159,0.001588,y,central,strongly_facing,y,slightly_facing,range_9_12,None,None,central
115,5,0.12306,0.294425,0.076589,0.505786,0.000139,2,0.018087,0.300412,0.083536,0.597775,0.00019,5,0.971448,0.023541,0.001675,0.001668,0.001668,4,0.808377,0.186783,0.001662,0.00159,0.001588,y,central,strongly_facing,y,slightly_facing,range_9_12,None,None,central
116,5,0.12301,0.294227,0.07666,0.505962,0.000141,2,0.018227,0.300507,0.083587,0.597488,0.000191,5,0.971197,0.023716,0.001704,0.001693,0.001691,4,0.808378,0.186732,0.001679,0.001607,0.001605,y,central,slightly_facing,y,slightly_facing,range_9_12,None,None,central
117,5,0.124418,0.293525,0.076567,0.505348,0.000141,2,0.018551,0.299759,0.083434,0.598066,0.00019,5,0.970805,0.024142,0.001689,0.001682,0.001682,4,0.806123,0.189017,0.001668,0.001596,0.001596,y,central,slightly_facing,y,slightly_facing,range_6_9,None,None,central
118,5,0.125985,0.293145,0.076418,0.504314,0.000138,2,0.018654,0.298827,0.083266,0.599063,0.00019,5,0.970696,0.024316,0.001668,0.00166,0.00166,4,0.803713,0.191463,0.001657,0.001584,0.001584,y,central,strongly_facing,y,slightly_facing,range_6_9,None,None,central
119,5,0.424697,0.230155,0.059311,0.285752,8.5e-05,2,0.018509,0.131785,0.058253,0.791189,0.000265,5,0.970451,0.02597,0.001199,0.00119,0.00119,4,0.335665,0.658285,0.002185,0.001933,0.001933,m,central,strongly_facing,n,strongly_facing,range_6_9,None,None,central
120,5,0.598906,0.197558,0.049803,0.15369,4.3e-05,2,0.008624,0.036929,0.043699,0.910497,0.000251,5,0.986407,0.0117,0.000633,0.00063,0.00063,4,0.063483,0.930583,0.002217,0.001859,0.001859,m,central,strongly_facing,n,strongly_facing,range_6_9,None,None,central
121,5,0.633173,0.193386,0.048248,0.125161,3.2e-05,2,0.002147,0.019416,0.041109,0.937087,0.000241,5,0.996642,0.001863,0.000498,0.000498,0.000498,4,0.009747,0.984384,0.002209,0.00183,0.00183,y,central,strongly_facing,n,strongly_facing,range_6_9,None,None,central
122,5,0.637056,0.192892,0.048086,0.121933,3.2e-05,2,0.00153,0.017346,0.040843,0.940043,0.000239,5,0.997576,0.000944,0.000494,0.000493,0.000493,4,0.003465,0.990646,0.002218,0.001836,0.001836,m,central,strongly_facing,n,strongly_facing,range_6_9,None,None,central
123,5,0.637601,0.192946,0.048064,0.121359,3.1e-05,2,0.001275,0.017047,0.040781,0.940659,0.000238,5,0.998012,0.000543,0.000482,0.000482,0.000482,4,0.00245,0.991688,0.002209,0.001827,0.001827,y,central,strongly_facing,n,strongly_facing,range_6_9,None,None,central
124,5,0.637491,0.193075,0.048106,0.121296,3.2e-05,2,0.001258,0.017028,0.040811,0.940665,0.000238,5,0.997999,0.000528,0.000491,0.000491,0.000491,4,0.002357,0.991754,0.002218,0.001836,0.001836,m,central,strongly_facing,n,strongly_facing,range_6_9,None,None,central
125,5,0.636191,0.193494,0.048307,0.121978,3.1e-05,2,0.001245,0.017097,0.040968,0.940452,0.000238,5,0.998062,0.000493,0.000482,0.000482,0.000482,4,0.002323,0.991817,0.002209,0.001825,0.001825,y,central,strongly_facing,n,strongly_facing,range_6_9,None,None,central
126,5,0.635152,0.194046,0.048444,0.122328,3.1e-05,2,0.001245,0.017138,0.041063,0.940316,0.000238,5,0.998067,0.000489,0.000481,0.000481,0.000481,4,0.002321,0.991821,0.002209,0.001824,0.001824,y,central,strongly_facing,n,strongly_facing,range_6_9,None,None,central
127,5,0.633033,0.195382,0.048685,0.122867,3.2e-05,2,0.001251,0.017216,0.041247,0.940047,0.000238,5,0.998012,0.000513,0.000492,0.000492,0.000492,4,0.002335,0.99178,0.00222,0.001833,0.001833,m,central,strongly_facing,n,strongly_facing,range_6_9,None,None,central
128,5,0.632827,0.195434,0.048721,0.122987,3.1e-05,2,0.001248,0.017222,0.041255,0.940038,0.000238,5,0.998053,0.000495,0.000484,0.000484,0.000484,4,0.002326,0.991811,0.002213,0.001825,0.001825,y,central,slightly_facing,n,strongly_facing,range_6_9,None,None,central
129,5,0.632275,0.19556,0.048842,0.123291,3.2e-05,2,0.001252,0.017269,0.041365,0.939876,0.000238,5,0.998018,0.000505,0.000492,0.000492,0.000492,4,0.002336,0.991779,0.00222,0.001832,0.001832,m,central,strongly_facing,n,strongly_facing,range_6_9,None,None,central
130,5,0.632828,0.195434,0.048719,0.122988,3.1e-05,2,0.001246,0.01722,0.041249,0.940047,0.000238,5,0.998061,0.000492,0.000482,0.000482,0.000482,4,0.002323,0.991819,0.002211,0.001823,0.001823,y,central,strongly_facing,n,strongly_facing,range_6_9,None,None,central
131,5,0.632286,0.195562,0.048827,0.123294,3.1e-05,2,0.001247,0.017257,0.041331,0.939927,0.000238,5,0.998068,0.000486,0.000482,0.000482,0.000482,4,0.002323,0.991822,0.002211,0.001822,0.001822,y,central,strongly_facing,n,strongly_facing,range_6_9,None,None,central
132,5,0.632803,0.195441,0.048723,0.123002,3.1e-05,2,0.001246,0.017221,0.04125,0.940045,0.000238,5,0.998069,0.000486,0.000482,0.000482,0.000482,4,0.002322,0.991822,0.00221,0.001823,0.001823,y,central,strongly_facing,n,strongly_facing,range_6_9,None,None,central
133,5,0.632209,0.195581,0.048844,0.123336,3.1e-05,2,0.001247,0.017262,0.041343,0.93991,0.000238,5,0.99807,0.000484,0.000482,0.000482,0.000482,4,0.002323,0.991822,0.002211,0.001822,0.001822,y,central,strongly_facing,n,strongly_facing,range_6_9,None,None,central
134,5,0.632287,0.195559,0.048839,0.123283,3.2e-05,2,0.001252,0.017268,0.041363,0.93988,0.000238,5,0.998025,0.000499,0.000492,0.000492,0.000492,4,0.002336,0.99178,0.00222,0.001832,0.001832,m,central,strongly_facing,n,strongly_facing,range_6_9,None,None,central
135,5,0.632888,0.195422,0.048705,0.122954,3.1e-05,2,0.001246,0.017216,0.041239,0.940061,0.000238,5,0.998067,0.000487,0.000482,0.000482,0.000482,4,0.002323,0.991819,0.002211,0.001823,0.001823,y,central,strongly_facing,n,strongly_facing,range_6_9,None,None,central
136,5,0.632417,0.195528,0.048812,0.12321,3.2e-05,2,0.001252,0.017259,0.041342,0.939909,0.000238,5,0.998024,0.0005,0.000492,0.000492,0.000492,4,0.002336,0.99178,0.00222,0.001832,0.001832,m,central,strongly_facing,n,strongly_facing,range_6_9,None,None,central
137,5,0.632783,0.195442,0.04874,0.123003,3.3e-05,2,0.001252,0.017234,0.041287,0.939989,0.000238,5,0.998018,0.000504,0.000493,0.000493,0.000493,4,0.002337,0.991776,0.002221,0.001833,0.001833,m,central,strongly_facing,n,strongly_facing,range_6_9,None,None,central
138,5,0.632179,0.195583,0.048863,0.123343,3.3e-05,2,0.001253,0.017276,0.041382,0.939851,0.000238,5,0.998017,0.000504,0.000493,0.000493,0.000493,4,0.002338,0.991776,0.002221,0.001833,0.001833,m,central,strongly_facing,n,strongly_facing,range_6_9,None,None,central
139,5,0.632164,0.195581,0.048873,0.123349,3.4e-05,2,0.001257,0.017283,0.041402,0.93982,0.000238,5,0.997976,0.000528,0.000499,0.000499,0.000499,4,0.002345,0.991753,0.002226,0.001838,0.001838,m,central,slightly_facing,n,strongly_facing,range_6_9,None,None,central
140,5,0.632157,0.195574,0.048869,0.123367,3.3e-05,2,0.001254,0.01728,0.04139,0.939839,0.000238,5,0.997961,0.000559,0.000494,0.000493,0.000493,4,0.002339,0.991774,0.002221,0.001833,0.001833,m,central,strongly_facing,n,strongly_facing,range_6_9,None,None,central
141,5,0.632179,0.195543,0.048866,0.12338,3.3e-05,2,0.001254,0.017281,0.041393,0.939834,0.000238,5,0.997859,0.000661,0.000493,0.000493,0.000493,4,0.002339,0.991775,0.002221,0.001833,0.001833,m,central,strongly_facing,n,strongly_facing,range_6_9,None,None,central
142,5,0.632752,0.195413,0.048738,0.123066,3.1e-05,2,0.001247,0.01723,0.041272,0.940013,0.000238,5,0.997906,0.000646,0.000483,0.000482,0.000482,4,0.002324,0.991818,0.002211,0.001823,0.001823,y,central,strongly_facing,n,strongly_facing,range_6_9,None,None,central
143,5,0.632308,0.195543,0.048823,0.123295,3.1e-05,2,0.001247,0.017257,0.041332,0.939926,0.000238,5,0.998011,0.000543,0.000482,0.000482,0.000482,4,0.002323,0.991821,0.002211,0.001822,0.001822,y,central,strongly_facing,n,strongly_facing,range_6_9,None,None,central
144,5,0.633191,0.195346,0.048637,0.122796,3e-05,2,0.001241,0.017191,0.041181,0.940149,0.000237,5,0.998049,0.00052,0.000477,0.000477,0.000477,4,0.002314,0.991841,0.002206,0.001819,0.001819,y,central,strongly_facing,n,strongly_facing,range_3_6,None,None,central
145,5,0.633225,0.195339,0.048638,0.122767,3.1e-05,2,0.001246,0.017196,0.041198,0.940123,0.000237,5,0.998028,0.000518,0.000485,0.000485,0.000485,4,0.002324,0.991809,0.002213,0.001827,0.001827,m,central,strongly_facing,n,strongly_facing,range_3_6,None,None,central
146,5,0.633318,0.195319,0.048618,0.122714,3.2e-05,2,0.001246,0.01719,0.041185,0.940142,0.000237,5,0.998034,0.00051,0.000485,0.000485,0.000485,4,0.002325,0.991807,0.002214,0.001827,0.001827,m,central,strongly_facing,n,strongly_facing,range_3_6,None,None,central
147,5,0.633536,0.195269,0.048576,0.122588,3.2e-05,2,0.001246,0.017175,0.04115,0.940192,0.000237,5,0.998041,0.000504,0.000485,0.000485,0.000485,4,0.002325,0.991807,0.002214,0.001827,0.001827,m,central,strongly_facing,n,strongly_facing,range_3_6,None,None,central
148,5,0.63304,0.195387,0.048672,0.122871,3.1e-05,2,0.001242,0.017202,0.041207,0.940111,0.000237,5,0.998079,0.000485,0.000479,0.000479,0.000479,4,0.002316,0.991834,0.002208,0.001821,0.001821,y,central,slightly_facing,n,strongly_facing,range_3_6,None,None,central
149,5,0.632792,0.195443,0.048733,0.123001,3.1e-05,2,0.001246,0.017225,0.041264,0.940028,0.000237,5,0.998054,0.000492,0.000485,0.000485,0.000485,4,0.002325,0.991809,0.002214,0.001826,0.001826,m,central,strongly_facing,n,strongly_facing,range_3_6,None,None,central
150,5,0.632182,0.195584,0.048861,0.123341,3.2e-05,2,0.00125,0.017272,0.041372,0.939868,0.000237,5,0.998033,0.000498,0.00049,0.00049,0.00049,4,0.002332,0.99179,0.002218,0.00183,0.00183,m,central,slightly_facing,n,strongly_facing,range_3_6,None,None,central
151,5,0.63217,0.195586,0.048864,0.123348,3.3e-05,2,0.001251,0.017274,0.041375,0.939863,0.000237,5,0.998027,0.000503,0.00049,0.00049,0.00049,4,0.002333,0.991788,0.002219,0.00183,0.00183,m,central,slightly_facing,n,strongly_facing,range_3_6,None,None,central
152,5,0.632106,0.195605,0.048871,0.123387,3.2e-05,2,0.001249,0.017274,0.041372,0.939868,0.000237,5,0.998039,0.000504,0.000486,0.000486,0.000486,4,0.002328,0.991805,0.002215,0.001826,0.001826,m,central,strongly_facing,n,strongly_facing,range_3_6,None,None,central
153,5,0.63261,0.19549,0.048758,0.12311,3.1e-05,2,0.001242,0.01723,0.041269,0.940021,0.000237,5,0.998076,0.000492,0.000477,0.000477,0.000477,4,0.002316,0.99184,0.002207,0.001819,0.001819,y,central,strongly_facing,n,strongly_facing,range_3_6,None,None,central
154,5,0.632594,0.195496,0.048762,0.123118,3e-05,2,0.001242,0.017231,0.041269,0.940021,0.000237,5,0.998087,0.000483,0.000477,0.000477,0.000477,4,0.002314,0.991843,0.002206,0.001818,0.001818,y,central,strongly_facing,n,strongly_facing,range_3_6,None,None,central
155,5,0.632515,0.195515,0.048779,0.123161,3e-05,2,0.001242,0.017236,0.041281,0.940004,0.000237,5,0.99809,0.00048,0.000477,0.000477,0.000477,4,0.002314,0.991843,0.002206,0.001818,0.001818,y,central,strongly_facing,n,strongly_facing,range_3_6,None,None,central
156,5,0.632223,0.195581,0.048845,0.123318,3.1e-05,2,0.001247,0.017264,0.041351,0.939901,0.000237,5,0.998055,0.000491,0.000485,0.000485,0.000485,4,0.002325,0.99181,0.002214,0.001826,0.001826,m,central,strongly_facing,n,strongly_facing,range_3_6,None,None,central
157,5,0.63271,0.195468,0.048745,0.123046,3.2e-05,2,0.001247,0.017231,0.041277,0.940008,0.000237,5,0.998051,0.000493,0.000485,0.000485,0.000485,4,0.002326,0.991807,0.002214,0.001827,0.001827,m,central,strongly_facing,n,strongly_facing,range_3_6,None,None,central
158,5,0.63296,0.195411,0.048687,0.122911,3.1e-05,2,0.001242,0.017207,0.041218,0.940095,0.000237,5,0.998081,0.000483,0.000479,0.000479,0.000479,4,0.002316,0.991834,0.002208,0.001821,0.001821,y,central,slightly_facing,n,strongly_facing,range_3_6,None,None,central
159,5,0.632817,0.195441,0.048729,0.122981,3.2e-05,2,0.001249,0.017227,0.041271,0.940015,0.000237,5,0.998037,0.000496,0.000489,0.000489,0.000489,4,0.00233,0.991792,0.002217,0.00183,0.00183,m,central,slightly_facing,n,strongly_facing,range_3_6,None,None,central
160,5,0.632459,0.195525,0.0488,0.123184,3.2e-05,2,0.001248,0.017248,0.041316,0.93995,0.000237,5,0.998051,0.000492,0.000486,0.000486,0.000486,4,0.002326,0.991806,0.002214,0.001827,0.001827,m,central,strongly_facing,n,strongly_facing,range_3_6,None,None,central
161,5,0.632062,0.195621,0.048873,0.123413,3.1e-05,2,0.001244,0.017269,0.041357,0.939892,0.000237,5,0.998081,0.000482,0.000479,0.000479,0.000479,4,0.002317,0.991834,0.002208,0.00182,0.00182,y,central,slightly_facing,n,strongly_facing,range_3_6,None,None,central
162,5,0.632056,0.195619,0.048885,0.123408,3.2e-05,2,0.00125,0.01728,0.041389,0.939843,0.000237,5,0.998036,0.000497,0.000489,0.000489,0.000489,4,0.002331,0.991792,0.002218,0.001829,0.001829,m,central,slightly_facing,n,strongly_facing,range_3_6,None,None,central
163,5,0.632108,0.195606,0.04887,0.123384,3.2e-05,2,0.001248,0.017273,0.041371,0.93987,0.000237,5,0.998046,0.000497,0.000486,0.000486,0.000486,4,0.002327,0.991806,0.002215,0.001826,0.001826,m,central,strongly_facing,n,strongly_facing,range_3_6,None,None,central
164,5,0.632594,0.195495,0.048762,0.123118,3.1e-05,2,0.001242,0.017231,0.041271,0.940019,0.000237,5,0.998083,0.000485,0.000477,0.000477,0.000477,4,0.002315,0.99184,0.002207,0.001819,0.001819,y,central,strongly_facing,n,strongly_facing,range_3_6,None,None,central
165,5,0.632508,0.195514,0.048789,0.123158,3.1e-05,2,0.001247,0.017244,0.041307,0.939965,0.000237,5,0.998051,0.000495,0.000485,0.000485,0.000485,4,0.002325,0.99181,0.002214,0.001826,0.001826,m,central,strongly_facing,n,strongly_facing,range_3_6,None,None,central
166,5,0.63225,0.195577,0.048832,0.123311,3.1e-05,2,0.001242,0.017255,0.041324,0.939941,0.000237,5,0.998087,0.000481,0.000477,0.000477,0.000477,4,0.002315,0.991841,0.002207,0.001819,0.001819,y,central,strongly_facing,n,strongly_facing,range_3_6,None,None,central
167,5,0.632837,0.195437,0.04872,0.122974,3.1e-05,2,0.001246,0.017222,0.041255,0.940039,0.000237,5,0.998053,0.000493,0.000485,0.000485,0.000485,4,0.002324,0.99181,0.002214,0.001826,0.001826,m,central,strongly_facing,n,strongly_facing,range_3_6,None,None,central
168,5,0.632509,0.195514,0.048789,0.123157,3.2e-05,2,0.001247,0.017245,0.041308,0.939963,0.000237,5,0.998051,0.000493,0.000485,0.000485,0.000485,4,0.002326,0.991807,0.002214,0.001826,0.001826,m,central,strongly_facing,n,strongly_facing,range_3_6,None,None,central
169,5,0.632247,0.195577,0.048834,0.123311,3.1e-05,2,0.001243,0.017257,0.041329,0.939933,0.000237,5,0.99808,0.000483,0.000479,0.000479,0.000479,4,0.002317,0.991834,0.002208,0.00182,0.00182,y,central,slightly_facing,n,strongly_facing,range_3_6,None,None,central
170,5,0.632819,0.19544,0.048729,0.12298,3.2e-05,2,0.001249,0.017227,0.041271,0.940016,0.000237,5,0.998034,0.000499,0.000489,0.000489,0.000489,4,0.00233,0.991792,0.002217,0.00183,0.00183,m,central,slightly_facing,n,strongly_facing,range_3_6,None,None,central
171,5,0.632478,0.195523,0.048789,0.123179,3.1e-05,2,0.001243,0.017241,0.041293,0.939985,0.000237,5,0.99808,0.000483,0.000479,0.000479,0.000479,4,0.002317,0.991833,0.002208,0.00182,0.00182,y,central,slightly_facing,n,strongly_facing,range_3_6,None,None,central
172,5,0.632096,0.195609,0.048877,0.123386,3.2e-05,2,0.00125,0.017277,0.041384,0.939852,0.000237,5,0.998036,0.000497,0.000489,0.000489,0.000489,4,0.002331,0.991792,0.002218,0.001829,0.001829,m,central,slightly_facing,n,strongly_facing,range_3_6,None,None,central
173,5,0.63244,0.195512,0.048795,0.123222,3.2e-05,2,0.001365,0.017324,0.04154,0.939523,0.000248,5,0.997705,0.000583,0.000571,0.000571,0.000571,4,0.002509,0.99142,0.002282,0.001894,0.001894,m,central,slightly_facing,n,strongly_facing,range_0_3,None,None,central
174,5,0.632072,0.195594,0.048863,0.12344,3.1e-05,2,0.001376,0.017357,0.041603,0.939413,0.000251,5,0.99769,0.000587,0.000574,0.000574,0.000574,4,0.00253,0.991393,0.002285,0.001896,0.001896,m,central,strongly_facing,n,strongly_facing,range_0_3,None,None,central
175,5,0.632543,0.195481,0.048766,0.123179,3.1e-05,2,0.001378,0.017328,0.041529,0.939513,0.000252,5,0.997686,0.000591,0.000574,0.000574,0.000574,4,0.002535,0.991386,0.002285,0.001897,0.001897,m,central,strongly_facing,n,strongly_facing,range_0_3,None,None,central
176,5,0.632473,0.195502,0.048776,0.12322,3e-05,2,0.001369,0.017327,0.041519,0.939533,0.000252,5,0.997724,0.000573,0.000568,0.000568,0.000568,4,0.002523,0.991417,0.002278,0.001891,0.001891,y,central,strongly_facing,n,strongly_facing,range_0_3,None,None,central
177,5,0.632195,0.195566,0.048831,0.123378,3e-05,2,0.001369,0.017347,0.041561,0.939472,0.000252,5,0.997728,0.000571,0.000567,0.000567,0.000567,4,0.002523,0.991419,0.002278,0.00189,0.00189,y,central,strongly_facing,n,strongly_facing,range_0_3,None,None,central
178,5,0.632693,0.195448,0.048736,0.123092,3.1e-05,2,0.001375,0.017319,0.041504,0.93955,0.000252,5,0.997696,0.000583,0.000574,0.000574,0.000574,4,0.002535,0.991387,0.002284,0.001897,0.001897,m,central,strongly_facing,n,strongly_facing,range_0_3,None,None,central
179,5,0.632196,0.195563,0.048836,0.123374,3.1e-05,2,0.001378,0.017355,0.041583,0.939433,0.000252,5,0.997692,0.000585,0.000574,0.000574,0.000574,4,0.002539,0.991382,0.002285,0.001897,0.001897,m,central,strongly_facing,n,strongly_facing,range_0_3,None,None,central
180,5,0.632789,0.195421,0.048712,0.123048,3e-05,2,0.00137,0.01731,0.041475,0.939594,0.000252,5,0.99772,0.000574,0.000569,0.000569,0.000569,4,0.00253,0.991406,0.002279,0.001892,0.001892,y,central,slightly_facing,n,strongly_facing,range_0_3,None,None,central
181,5,0.632841,0.195272,0.048741,0.123115,3.1e-05,2,0.00138,0.017329,0.041521,0.939519,0.000252,5,0.997678,0.000589,0.000577,0.000577,0.000577,4,0.002553,0.991359,0.002288,0.0019,0.0019,m,central,slightly_facing,n,strongly_facing,range_0_3,None,None,central
182,5,0.632682,0.195308,0.048773,0.123205,3.1e-05,2,0.001382,0.01734,0.041547,0.939478,0.000252,5,0.997673,0.000592,0.000578,0.000578,0.000578,4,0.002556,0.991354,0.002288,0.001901,0.001901,m,central,slightly_facing,n,strongly_facing,range_0_3,None,None,central
183,5,0.632633,0.19532,0.048784,0.123232,3.1e-05,2,0.001383,0.017344,0.041555,0.939466,0.000252,5,0.997672,0.000593,0.000578,0.000578,0.000578,4,0.002557,0.991353,0.002288,0.001901,0.001901,m,central,slightly_facing,n,strongly_facing,range_0_3,None,None,central
184,5,0.632392,0.195381,0.048825,0.123372,3.1e-05,2,0.001372,0.017352,0.041565,0.93946,0.000252,5,0.997717,0.000575,0.000569,0.000569,0.000569,4,0.002538,0.991398,0.00228,0.001892,0.001892,y,central,slightly_facing,n,strongly_facing,range_0_3,None,None,central
185,5,0.632415,0.195376,0.048819,0.12336,3e-05,2,0.001369,0.017349,0.041556,0.939475,0.000252,5,0.997727,0.000571,0.000567,0.000567,0.000567,4,0.002534,0.991408,0.002278,0.00189,0.00189,y,central,strongly_facing,n,strongly_facing,range_0_3,None,None,central
186,5,0.632698,0.195309,0.048761,0.123201,3e-05,2,0.001368,0.017329,0.041511,0.93954,0.000252,5,0.997728,0.00057,0.000567,0.000567,0.000567,4,0.002533,0.991408,0.002278,0.00189,0.00189,y,central,strongly_facing,n,strongly_facing,range_0_3,None,None,central
187,5,0.632657,0.195317,0.048776,0.12322,3.1e-05,2,0.001376,0.017338,0.041538,0.939496,0.000252,5,0.997696,0.000582,0.000574,0.000574,0.000574,4,0.002546,0.991377,0.002284,0.001897,0.001897,m,central,strongly_facing,n,strongly_facing,range_0_3,None,None,central
188,5,0.632488,0.195358,0.048804,0.123319,3e-05,2,0.001369,0.017344,0.041545,0.93949,0.000252,5,0.997726,0.000571,0.000568,0.000568,0.000568,4,0.002534,0.991406,0.002278,0.00189,0.00189,y,central,strongly_facing,n,strongly_facing,range_0_3,None,None,central
189,5,0.632897,0.195263,0.04872,0.12309,3e-05,2,0.001368,0.017315,0.041481,0.939585,0.000252,5,0.997729,0.00057,0.000567,0.000567,0.000567,4,0.002533,0.991408,0.002278,0.001891,0.001891,y,central,strongly_facing,n,strongly_facing,range_0_3,None,None,central
190,5,0.632877,0.195267,0.048725,0.123101,3e-05,2,0.001368,0.017316,0.041483,0.939581,0.000252,5,0.997729,0.00057,0.000567,0.000567,0.000567,4,0.002533,0.991408,0.002278,0.001891,0.001891,y,central,strongly_facing,n,strongly_facing,range_0_3,None,None,central
191,5,0.632789,0.195288,0.048745,0.123148,3e-05,2,0.001369,0.017324,0.041501,0.939555,0.000252,5,0.997723,0.000572,0.000568,0.000568,0.000568,4,0.002535,0.991402,0.002279,0.001892,0.001892,y,central,slightly_facing,n,strongly_facing,range_0_3,None,None,central
192,5,0.63243,0.195369,0.048824,0.123345,3.1e-05,2,0.00138,0.017357,0.041584,0.939427,0.000252,5,0.997679,0.000589,0.000578,0.000578,0.000578,4,0.002553,0.99136,0.002288,0.0019,0.0019,m,central,slightly_facing,n,strongly_facing,range_0_3,None,None,central
193,5,0.632381,0.19538,0.048835,0.123374,3.1e-05,2,0.001383,0.017361,0.041594,0.93941,0.000252,5,0.997673,0.000592,0.000578,0.000578,0.000578,4,0.002556,0.991355,0.002288,0.0019,0.0019,m,central,slightly_facing,n,strongly_facing,range_0_3,None,None,central
194,5,0.632398,0.195375,0.048831,0.123365,3.1e-05,2,0.001383,0.01736,0.041591,0.939413,0.000252,5,0.997672,0.000593,0.000578,0.000578,0.000578,4,0.002557,0.991354,0.002288,0.0019,0.0019,m,central,slightly_facing,n,strongly_facing,range_0_3,None,None,central
195,5,0.632637,0.19532,0.04878,0.123231,3.1e-05,2,0.001379,0.01734,0.041543,0.939486,0.000252,5,0.99769,0.000586,0.000575,0.000575,0.000575,4,0.002549,0.991371,0.002285,0.001897,0.001897,m,central,strongly_facing,n,strongly_facing,range_0_3,None,None,central
196,5,0.63238,0.19538,0.048835,0.123374,3.1e-05,2,0.001383,0.017361,0.041593,0.939411,0.000252,5,0.997674,0.000592,0.000578,0.000578,0.000578,4,0.002556,0.991356,0.002288,0.0019,0.0019,m,central,slightly_facing,n,strongly_facing,range_0_3,None,None,central
197,5,0.63232,0.195372,0.048883,0.123388,3.6e-05,2,0.001447,0.017409,0.041745,0.939147,0.000252,5,0.997435,0.000689,0.000625,0.000625,0.000625,4,0.002657,0.991123,0.002332,0.001944,0.001944,n,central,slightly_facing,n,strongly_facing,range_0_3,None,None,central
