,p1_imas,p1_imas_5_pred,p1_imas_4_pred,p1_imas_3_pred,p1_imas_2_pred,p1_imas_1_pred,p2_imas,p2_imas_5_pred,p2_imas_4_pred,p2_imas_3_pred,p2_imas_2_pred,p2_imas_1_pred,p1_wti,p1_wti_5_pred,p1_wti_4_pred,p1_wti_3_pred,p1_wti_2_pred,p1_wti_1_pred,p2_wti,p2_wti_5_pred,p2_wti_4_pred,p2_wti_3_pred,p2_wti_2_pred,p2_wti_1_pred,p1_approach,p2_head,p1_body,p2_approach,p2_body,dist,p1_gesture,p2_gesture,p1_head
0,2,2e-06,4e-06,1.5e-05,0.026134,0.973846,2,2e-06,4e-06,1.3e-05,0.02631,0.97367,2,3e-06,4.3e-05,0.018287,0.009576,0.972091,3,2e-06,5e-05,0.018172,0.010216,0.97156,n,mid_peripheral,turned_away,n,strongly_facing,range_27_inf,None,None,outside
1,2,1e-06,1e-06,5e-06,0.024472,0.975521,2,1e-06,1e-06,1e-06,0.02438,0.975617,2,2e-06,3e-06,0.01833,0.00616,0.975505,3,1e-06,3e-06,0.018226,0.006177,0.975593,n,mid_peripheral,turned_away,n,strongly_facing,range_27_inf,None,None,outside
2,2,0.0,0.0,5e-06,0.024456,0.975539,2,0.0,0.0,1e-06,0.024358,0.975641,2,1e-06,3e-06,0.01833,0.006127,0.975539,3,0.0,2e-06,0.018226,0.006131,0.97564,n,mid_peripheral,turned_away,n,strongly_facing,range_27_inf,None,None,outside
3,2,0.0,0.0,5e-06,0.024456,0.975539,2,0.0,0.0,1e-06,0.024358,0.975641,2,1e-06,3e-06,0.01833,0.006126,0.975539,3,0.0,2e-06,0.018226,0.00613,0.975641,n,mid_peripheral,turned_away,n,strongly_facing,range_27_inf,None,None,outside
4,2,0.0,0.0,5e-06,0.024456,0.975539,2,0.0,0.0,1e-06,0.024358,0.975641,2,1e-06,3e-06,0.01833,0.006126,0.97554,3,0.0,2e-06,0.018226,0.00613,0.975641,n,mid_peripheral,turned_away,n,strongly_facing,range_27_inf,None,None,outside
5,2,0.0,0.0,5e-06,0.024456,0.975539,2,0.0,0.0,0.0,0.024339,0.97566,2,1e-06,3e-06,0.01833,0.006126,0.97554,3,0.0,2e-06,0.018226,0.006112,0.97566,n,mid_peripheral,turned_away,n,slightly_facing,range_27_inf,None,None,outside
6,2,0.0,0.0,5e-06,0.024525,0.975469,2,0.0,0.0,0.0,0.024339,0.975661,2,1e-06,4e-06,0.018329,0.006196,0.97547,3,0.0,2e-06,0.018227,0.006111,0.97566,n,mid_peripheral,strongly_facing,n,slightly_facing,range_27_inf,None,None,mid_peripheral
7,2,0.0,0.0,6e-06,0.024526,0.975468,2,0.0,0.0,0.0,0.024339,0.975661,2,1e-06,4e-06,0.018329,0.006197,0.975468,3,0.0,2e-06,0.018227,0.006111,0.97566,n,mid_peripheral,strongly_facing,n,slightly_facing,range_27_inf,None,None,mid_peripheral
8,2,0.0,0.0,6e-06,0.024526,0.975468,2,0.0,0.0,0.0,0.024339,0.975661,2,1e-06,4e-06,0.018329,0.006197,0.975468,3,0.0,2e-06,0.018227,0.006111,0.97566,n,mid_peripheral,strongly_facing,n,slightly_facing,range_27_inf,None,None,mid_peripheral
9,2,0.0,0.0,6e-06,0.024535,0.975459,2,0.0,0.0,0.0,0.024339,0.975661,2,1e-06,5e-06,0.018329,0.006205,0.97546,3,0.0,2e-06,0.018227,0.006111,0.97566,n,mid_peripheral,slightly_facing,n,slightly_facing,range_27_inf,None,None,mid_peripheral
10,2,0.0,0.0,6e-06,0.024535,0.975459,2,0.0,0.0,0.0,0.024339,0.975661,2,1e-06,5e-06,0.018329,0.006206,0.97546,3,0.0,2e-06,0.018227,0.006111,0.97566,n,mid_peripheral,slightly_facing,n,slightly_facing,range_27_inf,None,None,mid_peripheral
11,2,0.0,0.0,6e-06,0.024535,0.975459,2,0.0,0.0,0.0,0.024339,0.975661,2,1e-06,5e-06,0.018329,0.006206,0.97546,3,0.0,2e-06,0.018227,0.006111,0.97566,n,mid_peripheral,slightly_facing,n,slightly_facing,range_27_inf,None,None,mid_peripheral
12,2,0.0,0.0,6e-06,0.024535,0.975459,2,0.0,0.0,1e-06,0.024357,0.975642,2,1e-06,5e-06,0.018329,0.006205,0.97546,3,0.0,2e-06,0.018227,0.00613,0.975641,n,mid_peripheral,slightly_facing,n,strongly_facing,range_27_inf,None,None,mid_peripheral
13,2,0.0,0.0,6e-06,0.024535,0.975459,2,0.0,0.0,1e-06,0.024358,0.975641,2,1e-06,5e-06,0.018329,0.006205,0.97546,3,0.0,2e-06,0.018227,0.00613,0.975641,n,mid_peripheral,slightly_facing,n,strongly_facing,range_27_inf,None,None,mid_peripheral
14,2,0.0,0.0,6e-06,0.024535,0.975459,2,0.0,0.0,1e-06,0.024358,0.975641,2,1e-06,5e-06,0.018329,0.006205,0.97546,3,0.0,2e-06,0.018227,0.00613,0.975641,n,mid_peripheral,slightly_facing,n,strongly_facing,range_27_inf,None,None,mid_peripheral
15,2,0.0,0.0,6e-06,0.02454,0.975454,3,3.6e-05,7.2e-05,0.000274,0.07051,0.929107,2,1e-06,5e-06,0.018664,0.00591,0.975419,4,2.2e-05,0.001113,0.017577,0.052169,0.929118,n,central,slightly_facing,y,slightly_facing,range_27_inf,None,None,mid_peripheral
16,2,0.0,0.0,5e-06,0.024502,0.975493,3,0.000281,0.000563,0.001773,0.323434,0.673949,2,1.1e-05,1.4e-05,0.020456,0.004301,0.975218,4,0.000169,0.007231,0.013971,0.304629,0.673999,n,central,slightly_facing,y,slightly_facing,range_27_inf,None,None,mid_peripheral
17,2,0.0,0.0,4e-06,0.02443,0.975565,3,0.00073,0.001496,0.004485,0.781037,0.212253,2,2.9e-05,3.3e-05,0.023706,0.001388,0.974844,4,0.000446,0.01831,0.007455,0.761536,0.212253,n,central,strongly_facing,y,slightly_facing,range_27_inf,None,None,mid_peripheral
18,2,0.0,0.0,4e-06,0.024404,0.975592,3,0.000904,0.001868,0.005534,0.958085,0.033609,2,3.6e-05,4e-05,0.024965,0.000263,0.974696,4,0.000556,0.022599,0.004932,0.938483,0.033431,n,central,strongly_facing,y,slightly_facing,range_27_inf,None,None,mid_peripheral
19,2,0.0,0.0,4e-06,0.0244,0.975596,3,0.000932,0.001929,0.0057,0.986221,0.005217,2,3.8e-05,4.1e-05,0.025165,8.5e-05,0.974672,4,0.000574,0.023281,0.004528,0.966773,0.004844,n,central,slightly_facing,y,slightly_facing,range_27_inf,None,None,mid_peripheral
20,2,0.0,0.0,4e-06,0.024399,0.975597,3,0.000935,0.001937,0.005721,0.989683,0.001724,2,3.8e-05,4.1e-05,0.025189,6.3e-05,0.974669,4,0.000576,0.023366,0.004474,0.970462,0.001122,n,central,slightly_facing,y,slightly_facing,range_27_inf,None,None,mid_peripheral
21,2,0.0,0.0,4e-06,0.024399,0.975597,3,0.000932,0.001932,0.005703,0.986731,0.004701,2,3.8e-05,4.1e-05,0.025168,8.1e-05,0.974672,4,0.000574,0.023296,0.004452,0.971007,0.000671,n,central,slightly_facing,y,slightly_facing,range_27_inf,None,None,mid_peripheral
22,2,0.0,0.0,4e-06,0.024399,0.975597,3,0.000757,0.001567,0.004666,0.811707,0.181302,2,3e-05,3.3e-05,0.023922,0.001169,0.974846,4,0.000466,0.019132,0.003657,0.97517,0.001574,n,central,slightly_facing,y,strongly_facing,range_27_inf,None,None,mid_peripheral
23,2,0.0,0.0,4e-06,0.024398,0.975597,3,0.000497,0.001027,0.003075,0.543131,0.45227,2,2e-05,2.2e-05,0.022014,0.00284,0.975105,4,0.000306,0.012748,0.002445,0.981448,0.003053,n,central,slightly_facing,y,strongly_facing,range_27_inf,None,None,mid_peripheral
24,2,0.0,0.0,4e-06,0.024398,0.975597,3,0.0005,0.001034,0.003074,0.543076,0.452316,2,2e-05,2.2e-05,0.022015,0.002841,0.975102,4,0.000308,0.012749,0.002448,0.981347,0.003148,n,central,slightly_facing,y,slightly_facing,range_27_inf,None,None,mid_peripheral
25,2,0.0,0.0,4e-06,0.024399,0.975597,3,0.0005,0.001035,0.003074,0.543069,0.452322,2,2e-05,2.2e-05,0.022015,0.002841,0.975101,4,0.000308,0.012749,0.002449,0.981333,0.003161,n,central,strongly_facing,y,slightly_facing,range_27_inf,None,None,mid_peripheral
26,2,0.0,0.0,4e-06,0.024399,0.975597,3,0.0005,0.001035,0.003074,0.543068,0.452323,2,2e-05,2.2e-05,0.022015,0.002841,0.975101,4,0.000308,0.012749,0.002449,0.981332,0.003162,n,central,strongly_facing,y,slightly_facing,range_27_inf,None,None,mid_peripheral
27,2,0.0,0.0,4e-06,0.024398,0.975597,3,0.0005,0.001035,0.003074,0.543067,0.452323,2,2e-05,2.2e-05,0.022015,0.002841,0.975101,4,0.000308,0.012749,0.002449,0.981332,0.003162,n,central,slightly_facing,y,slightly_facing,range_27_inf,None,None,mid_peripheral
28,2,0.0,0.0,4e-06,0.024398,0.975597,3,0.0005,0.001035,0.003074,0.543063,0.452327,2,2e-05,2.2e-05,0.022015,0.002841,0.975101,4,0.000308,0.012749,0.002449,0.981332,0.003162,n,central,slightly_facing,y,slightly_facing,range_27_inf,None,None,mid_peripheral
29,2,0.0,0.0,4e-06,0.024398,0.975597,3,0.0005,0.001035,0.003074,0.543032,0.452359,2,2e-05,2.2e-05,0.022015,0.002841,0.975101,4,0.000308,0.012748,0.002449,0.981332,0.003163,n,central,slightly_facing,y,slightly_facing,range_27_inf,None,None,mid_peripheral
30,2,0.0,0.0,4e-06,0.024398,0.975597,3,0.0005,0.001035,0.003073,0.542782,0.45261,2,2e-05,2.2e-05,0.022013,0.002843,0.975102,4,0.000308,0.012742,0.002447,0.981338,0.003164,n,central,slightly_facing,y,slightly_facing,range_27_inf,None,None,mid_peripheral
31,2,0.0,0.0,4e-06,0.024398,0.975597,3,0.000497,0.001028,0.003073,0.542864,0.452537,2,2e-05,2.2e-05,0.022012,0.002842,0.975105,4,0.000306,0.012742,0.002444,0.981444,0.003064,n,central,slightly_facing,y,strongly_facing,range_27_inf,None,None,mid_peripheral
32,2,0.0,0.0,4e-06,0.024399,0.975597,3,0.000625,0.001316,0.003173,0.54312,0.451767,2,4.5e-05,4.6e-05,0.022079,0.002865,0.974966,4,0.000737,0.013144,0.002434,0.980887,0.002798,n,central,slightly_facing,y,strongly_facing,range_24_27,None,None,mid_peripheral
33,2,0.0,0.0,4e-06,0.0244,0.975595,3,0.000688,0.001693,0.003175,0.542881,0.451562,2,5.3e-05,5.5e-05,0.02214,0.002892,0.974859,4,0.001181,0.013151,0.002432,0.98044,0.002796,n,central,slightly_facing,y,strongly_facing,range_24_27,None,None,mid_peripheral
34,2,0.0,0.0,4e-06,0.024398,0.975597,3,0.000492,0.001018,0.003077,0.54327,0.452143,2,1.9e-05,2e-05,0.022012,0.002839,0.975111,4,0.000315,0.012751,0.002435,0.981699,0.0028,n,central,slightly_facing,y,slightly_facing,range_24_27,None,None,mid_peripheral
35,2,0.0,0.0,5e-06,0.024606,0.975388,2,0.019017,0.041223,0.177389,0.657459,0.104911,2,0.003329,0.003339,0.03268,0.00482,0.955832,4,0.047298,0.723952,0.000637,0.227393,0.00072,n,central,slightly_facing,y,slightly_facing,range_24_27,None,wave_small_head,mid_peripheral
36,2,1e-06,2e-06,1e-05,0.025301,0.974686,2,0.023407,0.088834,0.223277,0.66364,0.000842,2,0.003141,0.003199,0.039779,0.009187,0.944693,4,0.096485,0.902104,8.8e-05,0.001237,8.6e-05,n,central,slightly_facing,y,slightly_facing,range_24_27,None,wave_small_head,mid_peripheral
37,2,2e-06,4e-06,1.7e-05,0.026016,0.973961,2,0.025913,0.153982,0.208566,0.611225,0.000314,2,0.0031,0.003177,0.048835,0.012357,0.932531,4,0.165434,0.83432,8.3e-05,8.4e-05,7.9e-05,n,central,strongly_facing,y,slightly_facing,range_24_27,None,wave_small_head,mid_peripheral
38,2,3e-06,6e-06,2.4e-05,0.026818,0.973149,2,0.026844,0.26185,0.182679,0.528343,0.000285,2,0.002963,0.003035,0.063834,0.014638,0.91553,4,0.276346,0.723433,7.7e-05,7.2e-05,7.2e-05,n,central,strongly_facing,y,slightly_facing,range_24_27,None,wave_small_head,mid_peripheral
39,2,4e-06,7e-06,2.8e-05,0.027473,0.972488,2,0.024218,0.413791,0.145797,0.415962,0.000232,2,0.002155,0.002356,0.084637,0.01576,0.895092,4,0.42862,0.571193,6.8e-05,6e-05,5.9e-05,n,central,slightly_facing,y,slightly_facing,range_24_27,None,wave_small_head,mid_peripheral
40,2,2e-06,4e-06,1.9e-05,0.025922,0.974052,2,0.017147,0.543619,0.431104,0.008125,5e-06,2,0.001471,0.001634,0.101961,0.009023,0.88591,4,0.989087,0.010615,0.0001,9.9e-05,9.9e-05,n,central,slightly_facing,y,slightly_facing,range_24_27,None,wave_small_head,mid_peripheral
41,2,0.000474,0.000932,0.003704,0.240705,0.754184,2,0.795121,0.201435,0.003298,0.000146,0.0,2,0.354662,0.161326,0.161363,0.161326,0.161323,4,0.997522,0.000621,0.000619,0.000619,0.000619,y,central,slightly_facing,y,slightly_facing,range_24_27,None,wave_small_head,central
42,2,0.000622,0.001568,0.004743,0.576408,0.416659,2,0.456697,0.540153,0.002432,0.000717,1e-06,2,0.627437,0.093141,0.093141,0.093141,0.093141,4,0.99864,0.00034,0.00034,0.00034,0.00034,y,central,slightly_facing,y,strongly_facing,range_24_27,None,wave_small_head,central
43,2,0.000811,0.002745,0.006655,0.815648,0.17414,2,0.203463,0.792581,0.001839,0.002112,4e-06,2,0.831434,0.042142,0.042142,0.042142,0.042142,4,0.998671,0.000332,0.000332,0.000332,0.000332,y,central,slightly_facing,y,strongly_facing,range_24_27,None,wave_small_head,central
44,2,0.000893,0.004261,0.008256,0.90768,0.078909,2,0.099587,0.894341,0.001493,0.004576,2e-06,2,0.914914,0.021272,0.021272,0.021272,0.021272,4,0.99865,0.000338,0.000338,0.000338,0.000338,y,central,slightly_facing,y,strongly_facing,range_24_27,None,wave_small_head,central
45,2,0.000972,0.007149,0.010659,0.943184,0.038036,2,0.052587,0.936288,0.001444,0.009679,3e-06,2,0.952469,0.011883,0.011883,0.011883,0.011883,4,0.998585,0.000354,0.000354,0.000354,0.000354,y,central,slightly_facing,y,slightly_facing,range_24_27,None,wave_small_head,central
46,2,0.00108,0.012136,0.015394,0.950993,0.020397,2,0.031024,0.948,0.001479,0.019493,5e-06,2,0.969683,0.007579,0.007579,0.007579,0.007579,4,0.998495,0.000376,0.000376,0.000376,0.000376,y,central,slightly_facing,y,slightly_facing,range_24_27,None,wave_small_head,central
47,2,0.001253,0.018121,0.024608,0.940599,0.015419,2,0.024485,0.93881,0.001604,0.035093,9e-06,2,0.974938,0.006266,0.006266,0.006266,0.006266,4,0.998357,0.000411,0.000411,0.000411,0.000411,y,central,strongly_facing,y,slightly_facing,range_24_27,None,wave_small_head,central
48,2,0.002384,0.140163,0.054326,0.797088,0.006038,2,0.012306,0.710945,0.038328,0.238363,5.7e-05,2,0.985692,0.003577,0.003577,0.003577,0.003577,4,0.996981,0.000755,0.000755,0.000755,0.000755,y,central,slightly_facing,y,slightly_facing,range_24_27,None,wave_small_head,central
49,2,0.003872,0.325902,0.084444,0.585643,0.000139,2,0.004185,0.369568,0.094147,0.531972,0.000128,2,0.993766,0.001558,0.001558,0.001558,0.001558,4,0.995028,0.001243,0.001243,0.001243,0.001243,y,central,slightly_facing,y,slightly_facing,range_24_27,None,wave_small_head,central
50,2,0.003872,0.325902,0.084445,0.585642,0.000139,2,0.004185,0.369569,0.094148,0.531971,0.000128,2,0.993765,0.001559,0.001559,0.001559,0.001559,4,0.995027,0.001243,0.001243,0.001243,0.001243,y,central,slightly_facing,y,slightly_facing,range_21_24,None,wave_small_head,central
51,2,0.003872,0.325902,0.084445,0.585642,0.000139,2,0.004185,0.369569,0.094148,0.531971,0.000128,2,0.993765,0.001559,0.001559,0.001559,0.001559,4,0.995027,0.001243,0.001243,0.001243,0.001243,y,central,slightly_facing,y,slightly_facing,range_21_24,None,wave_small_head,central
52,2,0.003872,0.325902,0.084445,0.585642,0.000139,2,0.004185,0.369569,0.094148,0.531971,0.000128,2,0.993765,0.001559,0.001559,0.001559,0.001559,4,0.995027,0.001243,0.001243,0.001243,0.001243,y,central,slightly_facing,y,slightly_facing,range_21_24,None,wave_small_head,central
53,2,0.003872,0.325902,0.084445,0.585642,0.000139,2,0.004185,0.369569,0.094148,0.531971,0.000128,2,0.993765,0.001559,0.001559,0.001559,0.001559,4,0.995027,0.001243,0.001243,0.001243,0.001243,y,central,slightly_facing,y,slightly_facing,range_21_24,None,wave_small_head,central
54,2,0.003872,0.325902,0.084445,0.585642,0.000139,2,0.004185,0.369569,0.094148,0.531971,0.000128,2,0.993765,0.001559,0.001559,0.001559,0.001559,4,0.995027,0.001243,0.001243,0.001243,0.001243,y,central,slightly_facing,y,slightly_facing,range_21_24,None,wave_small_head,central
55,2,0.003872,0.325902,0.084445,0.585642,0.000139,2,0.004185,0.369569,0.094148,0.531971,0.000128,2,0.993765,0.001559,0.001559,0.001559,0.001559,4,0.995027,0.001243,0.001243,0.001243,0.001243,y,central,slightly_facing,y,slightly_facing,range_21_24,None,wave_small_head,central
56,2,0.003872,0.325902,0.084445,0.585642,0.000139,2,0.004185,0.369569,0.094148,0.531971,0.000128,2,0.993765,0.001559,0.001559,0.001559,0.001559,4,0.995027,0.001243,0.001243,0.001243,0.001243,y,central,slightly_facing,y,slightly_facing,range_21_24,None,wave_small_head,central
57,2,0.003872,0.325902,0.084445,0.585642,0.000139,2,0.004185,0.369569,0.094148,0.531971,0.000128,2,0.993765,0.001559,0.001559,0.001559,0.001559,4,0.995027,0.001243,0.001243,0.001243,0.001243,y,central,slightly_facing,y,slightly_facing,range_21_24,None,wave_small_head,central
58,2,0.003872,0.325901,0.084445,0.585643,0.000139,2,0.004185,0.369567,0.09415,0.531971,0.000128,2,0.993766,0.001559,0.001559,0.001559,0.001559,4,0.995028,0.001243,0.001243,0.001243,0.001243,y,central,strongly_facing,y,slightly_facing,range_21_24,None,wave_small_head,central
59,2,0.003872,0.325901,0.084445,0.585644,0.000139,2,0.004185,0.369567,0.09415,0.531971,0.000128,2,0.993766,0.001559,0.001559,0.001559,0.001559,4,0.995028,0.001243,0.001243,0.001243,0.001243,y,central,strongly_facing,y,slightly_facing,range_21_24,None,None,central
60,2,0.003872,0.325901,0.084445,0.585644,0.000139,2,0.004185,0.369567,0.09415,0.531971,0.000128,2,0.993766,0.001559,0.001558,0.001558,0.001558,4,0.995028,0.001243,0.001243,0.001243,0.001243,y,central,strongly_facing,y,slightly_facing,range_21_24,None,None,central
61,2,0.003872,0.325901,0.084445,0.585643,0.000139,2,0.004185,0.369567,0.09415,0.531971,0.000128,2,0.993766,0.001559,0.001559,0.001559,0.001559,4,0.995028,0.001243,0.001243,0.001243,0.001243,y,central,slightly_facing,y,slightly_facing,range_21_24,None,None,central
62,2,0.003872,0.325901,0.084445,0.585643,0.000139,2,0.004185,0.369567,0.09415,0.531971,0.000128,2,0.993766,0.001559,0.001559,0.001559,0.001559,4,0.995028,0.001243,0.001243,0.001243,0.001243,y,central,slightly_facing,y,slightly_facing,range_21_24,None,None,central
63,2,0.003872,0.325901,0.084445,0.585643,0.000139,2,0.004185,0.369567,0.09415,0.53197,0.000128,3,0.993765,0.001559,0.001559,0.001559,0.001559,4,0.995027,0.001243,0.001243,0.001243,0.001243,y,central,slightly_facing,y,slightly_facing,range_21_24,arm_raise_high,None,central
64,2,0.003872,0.325901,0.084445,0.585643,0.000139,2,0.004185,0.369567,0.09415,0.53197,0.000128,3,0.993765,0.001559,0.001559,0.001559,0.001559,4,0.995027,0.001243,0.001243,0.001243,0.001243,y,central,slightly_facing,y,slightly_facing,range_21_24,arm_raise_high,None,central
65,2,0.003872,0.325901,0.084445,0.585643,0.000139,2,0.004185,0.369567,0.09415,0.53197,0.000128,3,0.993765,0.001559,0.001559,0.001559,0.001559,4,0.995027,0.001243,0.001243,0.001243,0.001243,y,central,slightly_facing,y,slightly_facing,range_21_24,arm_raise_high,None,central
66,2,0.003872,0.325901,0.084445,0.585643,0.000139,2,0.004185,0.369568,0.094149,0.531971,0.000128,3,0.993765,0.001559,0.001559,0.001559,0.001559,4,0.995027,0.001243,0.001243,0.001243,0.001243,y,central,slightly_facing,y,slightly_facing,range_21_24,arm_raise_high,None,central
67,2,0.003872,0.325902,0.084445,0.585642,0.000139,2,0.004185,0.369568,0.094147,0.531972,0.000128,3,0.993765,0.001559,0.001559,0.001559,0.001559,4,0.995027,0.001243,0.001243,0.001243,0.001243,y,central,slightly_facing,y,slightly_facing,range_21_24,arm_raise_high,None,central
68,2,0.003873,0.325904,0.084447,0.585637,0.000139,2,0.004186,0.36957,0.09415,0.531967,0.000128,3,0.993758,0.00156,0.001561,0.00156,0.00156,4,0.995019,0.001245,0.001245,0.001245,0.001245,y,central,slightly_facing,y,slightly_facing,range_18_21,arm_raise_high,None,central
69,2,0.003873,0.325904,0.084446,0.585638,0.000139,2,0.004185,0.369569,0.094149,0.531968,0.000128,3,0.99376,0.00156,0.00156,0.00156,0.00156,4,0.995022,0.001245,0.001245,0.001245,0.001245,y,central,strongly_facing,y,slightly_facing,range_18_21,arm_raise_high,None,central
70,2,0.003873,0.325904,0.084446,0.585638,0.000139,2,0.004185,0.369569,0.094149,0.531968,0.000128,3,0.99376,0.00156,0.00156,0.00156,0.00156,4,0.995022,0.001245,0.001245,0.001245,0.001244,y,central,strongly_facing,y,slightly_facing,range_18_21,arm_raise_high,None,central
71,2,0.003873,0.325903,0.084447,0.585639,0.000139,2,0.004185,0.369569,0.09415,0.531968,0.000128,3,0.99376,0.00156,0.00156,0.00156,0.00156,4,0.995022,0.001245,0.001245,0.001245,0.001244,y,central,strongly_facing,y,slightly_facing,range_18_21,arm_raise_high,None,central
72,2,0.003873,0.325904,0.084448,0.585637,0.000139,2,0.004186,0.36957,0.094151,0.531966,0.000128,3,0.993758,0.001561,0.001561,0.001561,0.001561,4,0.995019,0.001245,0.001245,0.001245,0.001245,y,central,slightly_facing,y,slightly_facing,range_18_21,arm_raise_high,None,central
73,2,0.003873,0.325904,0.084448,0.585637,0.000139,2,0.004186,0.36957,0.094151,0.531966,0.000128,3,0.993758,0.001561,0.001561,0.001561,0.001561,4,0.995019,0.001245,0.001245,0.001245,0.001245,y,central,slightly_facing,y,slightly_facing,range_18_21,arm_raise_high,None,central
74,2,0.003873,0.325904,0.084448,0.585637,0.000139,2,0.004186,0.36957,0.094151,0.531966,0.000128,3,0.993758,0.001561,0.001561,0.001561,0.001561,4,0.995019,0.001245,0.001245,0.001245,0.001245,y,central,slightly_facing,y,slightly_facing,range_18_21,arm_raise_high,None,central
75,2,0.003873,0.325904,0.084448,0.585637,0.000139,2,0.004186,0.36957,0.094151,0.531966,0.000128,3,0.993758,0.001561,0.001561,0.001561,0.001561,4,0.995019,0.001245,0.001245,0.001245,0.001245,y,central,slightly_facing,y,slightly_facing,range_18_21,arm_raise_high,None,central
76,2,0.003873,0.325887,0.084453,0.585649,0.000139,2,0.004186,0.369549,0.094192,0.531945,0.000128,3,0.993757,0.001561,0.001561,0.001561,0.001561,4,0.995019,0.001245,0.001245,0.001245,0.001245,y,central,slightly_facing,y,slightly_facing,range_18_21,arm_raise_high,None,central
77,2,0.003873,0.325891,0.084451,0.585645,0.000139,2,0.004186,0.369554,0.094182,0.531951,0.000128,3,0.993757,0.001561,0.001561,0.001561,0.001561,4,0.995019,0.001245,0.001245,0.001245,0.001245,y,central,slightly_facing,y,slightly_facing,range_18_21,arm_raise_high,None,central
78,2,0.003873,0.325891,0.084451,0.585645,0.000139,2,0.004186,0.369554,0.094182,0.531951,0.000128,3,0.993757,0.001561,0.001561,0.001561,0.001561,4,0.995019,0.001245,0.001245,0.001245,0.001245,y,central,slightly_facing,y,slightly_facing,range_18_21,arm_raise_high,None,central
79,2,0.003873,0.325891,0.084451,0.585645,0.000139,2,0.004186,0.369554,0.094182,0.531951,0.000128,3,0.993757,0.001561,0.001561,0.001561,0.001561,4,0.995019,0.001245,0.001245,0.001245,0.001245,y,central,slightly_facing,y,slightly_facing,range_18_21,arm_raise_high,None,central
80,2,0.003873,0.325887,0.084453,0.585649,0.000139,2,0.004186,0.369549,0.094192,0.531945,0.000128,3,0.993757,0.001561,0.001561,0.001561,0.001561,4,0.995019,0.001245,0.001245,0.001245,0.001245,y,central,slightly_facing,y,slightly_facing,range_18_21,arm_raise_high,None,central
81,2,0.003873,0.325887,0.084453,0.585649,0.000139,2,0.004186,0.369549,0.094192,0.531945,0.000128,3,0.993757,0.001561,0.001561,0.001561,0.001561,4,0.995019,0.001245,0.001245,0.001245,0.001245,y,central,slightly_facing,y,slightly_facing,range_18_21,arm_raise_high,None,central
82,2,0.003873,0.325887,0.084453,0.585649,0.000139,2,0.004186,0.369549,0.094192,0.531945,0.000128,3,0.993757,0.001561,0.001561,0.001561,0.001561,4,0.995019,0.001245,0.001245,0.001245,0.001245,y,central,slightly_facing,y,slightly_facing,range_18_21,arm_raise_high,None,central
83,2,0.003873,0.325887,0.084453,0.585649,0.000139,2,0.004186,0.369549,0.094192,0.531945,0.000128,3,0.993757,0.001561,0.001561,0.001561,0.001561,4,0.995019,0.001245,0.001245,0.001245,0.001245,y,central,slightly_facing,y,slightly_facing,range_18_21,arm_raise_high,None,central
84,5,0.003873,0.325885,0.084451,0.585652,0.000139,2,0.004186,0.369548,0.09419,0.531948,0.000128,5,0.993761,0.00156,0.00156,0.00156,0.00156,4,0.995024,0.001244,0.001244,0.001244,0.001244,y,central,slightly_facing,y,slightly_facing,range_18_21,None,None,central
85,5,0.003873,0.325885,0.084451,0.585652,0.000139,2,0.004186,0.369548,0.09419,0.531948,0.000128,5,0.993761,0.00156,0.00156,0.00156,0.001559,4,0.995024,0.001244,0.001244,0.001244,0.001244,y,central,slightly_facing,y,slightly_facing,range_18_21,None,None,central
86,5,0.006269,0.32575,0.087342,0.580363,0.000276,2,0.00675,0.369162,0.096705,0.527131,0.000253,5,0.984589,0.004291,0.004766,0.003336,0.003019,4,0.987079,0.003662,0.00355,0.002994,0.002715,m,central,slightly_facing,m,slightly_facing,range_15_18,None,None,central
87,5,0.004221,0.32581,0.084836,0.584972,0.000161,2,0.004538,0.369431,0.094535,0.531348,0.000148,5,0.992581,0.001959,0.001954,0.001769,0.001736,4,0.994029,0.001609,0.001501,0.001444,0.001417,y,central,slightly_facing,y,slightly_facing,range_15_18,None,None,central
88,5,0.004025,0.32586,0.084625,0.585341,0.000149,2,0.004342,0.369503,0.094346,0.531672,0.000137,5,0.993226,0.001738,0.001727,0.001665,0.001644,4,0.994566,0.001407,0.001359,0.001342,0.001325,y,central,slightly_facing,y,slightly_facing,range_15_18,None,None,central
89,5,0.004006,0.325869,0.084604,0.585374,0.000147,2,0.004325,0.369514,0.094327,0.531699,0.000135,5,0.993281,0.001718,0.001706,0.001657,0.001637,4,0.99461,0.001388,0.001348,0.001335,0.001318,y,central,slightly_facing,y,slightly_facing,range_15_18,None,None,central
90,5,0.004004,0.32587,0.084602,0.585377,0.000147,2,0.004323,0.369516,0.094325,0.531701,0.000135,5,0.993287,0.001716,0.001704,0.001657,0.001637,4,0.994614,0.001386,0.001347,0.001335,0.001318,y,central,slightly_facing,y,slightly_facing,range_15_18,None,None,central
91,5,0.004004,0.325871,0.084602,0.585377,0.000147,2,0.004323,0.369516,0.094324,0.531702,0.000135,5,0.993288,0.001716,0.001703,0.001657,0.001637,4,0.994615,0.001386,0.001347,0.001335,0.001318,y,central,slightly_facing,y,slightly_facing,range_15_18,None,None,central
92,5,0.006427,0.325695,0.087588,0.579997,0.000292,2,0.006884,0.369088,0.096905,0.526855,0.000268,5,0.984006,0.004431,0.005057,0.003418,0.003087,4,0.986642,0.003807,0.003687,0.003078,0.002787,m,central,slightly_facing,m,slightly_facing,range_15_18,None,None,central
93,5,0.010463,0.323463,0.093245,0.572127,0.000702,2,0.01029,0.366339,0.102156,0.520577,0.000638,5,0.970678,0.00771,0.012228,0.004969,0.004415,4,0.976875,0.007167,0.007031,0.004704,0.004223,m,central,slightly_facing,m,slightly_facing,range_15_18,None,None,central
94,5,0.004897,0.325023,0.087407,0.582288,0.000385,2,0.005083,0.368658,0.097293,0.528625,0.000341,5,0.989411,0.002554,0.004208,0.001938,0.001889,4,0.991983,0.00227,0.002572,0.001607,0.001568,y,central,slightly_facing,y,slightly_facing,range_15_18,None,None,central
95,5,0.004114,0.325812,0.084787,0.585127,0.00016,2,0.004399,0.369476,0.094513,0.531464,0.000148,5,0.992945,0.001808,0.001905,0.001682,0.00166,4,0.994395,0.001494,0.001416,0.001356,0.001339,y,central,slightly_facing,y,slightly_facing,range_15_18,None,None,central
96,5,0.004036,0.325873,0.08468,0.585258,0.000152,2,0.004343,0.369549,0.094407,0.53156,0.000141,5,0.993161,0.001749,0.001782,0.001664,0.001644,4,0.994534,0.001425,0.00138,0.001339,0.001322,y,central,slightly_facing,y,slightly_facing,range_15_18,None,None,central
97,5,0.006633,0.325003,0.088454,0.579506,0.000404,2,0.007015,0.368319,0.09777,0.526506,0.00039,5,0.982317,0.004594,0.006543,0.003439,0.003107,4,0.985538,0.004022,0.004507,0.003113,0.002821,m,central,slightly_facing,m,slightly_facing,range_15_18,None,None,central
98,5,0.004423,0.325296,0.085389,0.584624,0.000269,2,0.004674,0.368883,0.095053,0.531124,0.000267,5,0.991233,0.00217,0.003034,0.001799,0.001765,4,0.992923,0.001857,0.002304,0.001472,0.001443,y,central,slightly_facing,y,slightly_facing,range_15_18,None,None,central
99,5,0.00421,0.325659,0.085304,0.584575,0.000252,2,0.004473,0.36941,0.095043,0.530822,0.000252,5,0.99207,0.001969,0.002594,0.001694,0.001673,4,0.993488,0.001671,0.002133,0.001363,0.001345,y,central,slightly_facing,y,slightly_facing,range_15_18,None,None,central
100,5,0.00423,0.32681,0.088489,0.580204,0.000267,2,0.004506,0.370985,0.098634,0.525609,0.000265,5,0.992175,0.002006,0.002422,0.00171,0.001688,4,0.993519,0.001699,0.00207,0.001365,0.001347,y,central,slightly_facing,y,slightly_facing,range_15_18,None,None,central
101,5,0.004013,0.326199,0.085585,0.584057,0.000145,2,0.004256,0.369972,0.095614,0.530015,0.000143,5,0.993482,0.00166,0.00162,0.001619,0.001619,4,0.99467,0.001378,0.001347,0.001311,0.001294,y,central,strongly_facing,y,slightly_facing,range_15_18,None,None,central
102,5,0.004003,0.325928,0.084604,0.585319,0.000146,2,0.004316,0.369609,0.094336,0.531604,0.000135,5,0.993306,0.001709,0.001695,0.001654,0.001635,4,0.99462,0.001385,0.001346,0.001333,0.001316,y,central,slightly_facing,y,slightly_facing,range_15_18,None,None,central
103,5,0.004004,0.325933,0.084621,0.585295,0.000147,2,0.004323,0.369622,0.094348,0.531572,0.000135,5,0.993287,0.001716,0.001703,0.001657,0.001637,4,0.994612,0.001387,0.001348,0.001335,0.001318,y,central,slightly_facing,y,slightly_facing,range_15_18,None,None,central
104,5,0.004005,0.325982,0.084682,0.585185,0.000147,2,0.004326,0.369696,0.094461,0.531382,0.000135,5,0.99328,0.001718,0.001705,0.001658,0.001638,4,0.99461,0.001387,0.001348,0.001335,0.001319,y,central,slightly_facing,y,slightly_facing,range_15_18,None,None,central
105,5,0.004005,0.326215,0.085561,0.584077,0.000142,2,0.004254,0.36999,0.095596,0.530024,0.000136,5,0.993504,0.001646,0.001617,0.001616,0.001616,4,0.994713,0.001362,0.001323,0.00131,0.001293,y,central,strongly_facing,y,slightly_facing,range_15_18,None,None,central
106,5,0.003988,0.325981,0.084492,0.585398,0.000141,2,0.004231,0.369584,0.094301,0.53175,0.000135,5,0.993549,0.001632,0.001607,0.001606,0.001606,4,0.994736,0.001355,0.001317,0.001304,0.001288,y,central,strongly_facing,y,slightly_facing,range_15_18,None,None,central
107,5,0.003988,0.325979,0.084491,0.585401,0.000141,2,0.004231,0.369586,0.094301,0.531748,0.000135,5,0.99355,0.001632,0.001607,0.001606,0.001606,4,0.994737,0.001355,0.001317,0.001304,0.001287,y,central,strongly_facing,y,slightly_facing,range_15_18,None,None,central
108,5,0.003988,0.325964,0.084486,0.585421,0.000141,2,0.004231,0.369598,0.094303,0.531733,0.000135,5,0.99355,0.001632,0.001607,0.001606,0.001606,4,0.994737,0.001355,0.001317,0.001304,0.001287,y,central,strongly_facing,y,slightly_facing,range_15_18,None,None,central
109,5,0.003987,0.325909,0.084443,0.58552,0.000141,2,0.004231,0.369632,0.09431,0.531692,0.000135,5,0.99355,0.001632,0.001607,0.001606,0.001606,4,0.994738,0.001355,0.001316,0.001304,0.001287,y,central,strongly_facing,y,slightly_facing,range_15_18,None,None,central
110,5,0.004169,0.32591,0.084763,0.585004,0.000154,2,0.004477,0.369566,0.09448,0.531334,0.000143,5,0.992773,0.001929,0.001837,0.001735,0.001728,4,0.994136,0.001589,0.001465,0.001409,0.001401,y,central,slightly_facing,y,slightly_facing,range_12_15,None,None,central
111,5,0.004216,0.325872,0.084799,0.584954,0.000158,2,0.00454,0.369532,0.094509,0.531273,0.000146,5,0.99264,0.001998,0.001873,0.001748,0.001741,4,0.994047,0.001639,0.001482,0.00142,0.001413,y,central,slightly_facing,y,slightly_facing,range_12_15,None,None,central
112,5,0.004232,0.325844,0.084802,0.584965,0.000159,2,0.00456,0.369531,0.094517,0.531246,0.000146,5,0.992608,0.002019,0.001881,0.00175,0.001742,4,0.994027,0.001654,0.001484,0.001421,0.001414,y,central,slightly_facing,y,slightly_facing,range_12_15,None,None,central
113,5,0.009293,0.324954,0.0905,0.574776,0.000477,2,0.00967,0.368057,0.099668,0.522153,0.000452,5,0.974798,0.007575,0.008753,0.004495,0.004378,4,0.97884,0.006644,0.00625,0.004193,0.004072,m,central,slightly_facing,m,slightly_facing,range_12_15,None,None,central
114,5,0.005628,0.324961,0.085623,0.583552,0.000236,2,0.00592,0.368558,0.095309,0.529983,0.000229,5,0.989511,0.003423,0.003041,0.002017,0.002008,4,0.991552,0.002951,0.00213,0.001688,0.001679,y,central,slightly_facing,y,slightly_facing,range_12_15,None,None,central
115,5,0.00479,0.325386,0.08497,0.584675,0.00018,2,0.005039,0.369073,0.0947,0.531005,0.000184,5,0.991759,0.002505,0.002178,0.001783,0.001775,4,0.993223,0.002202,0.001677,0.001453,0.001446,y,central,slightly_facing,y,slightly_facing,range_12_15,None,None,central
116,5,0.004709,0.325468,0.08488,0.584778,0.000165,2,0.004871,0.369123,0.094589,0.531232,0.000186,5,0.992108,0.002347,0.002034,0.001759,0.001752,4,0.993228,0.002202,0.001718,0.001429,0.001422,y,central,slightly_facing,y,slightly_facing,range_12_15,None,None,central
117,5,0.005022,0.325314,0.084882,0.58462,0.000162,2,0.004982,0.368867,0.094541,0.531391,0.000219,5,0.991933,0.00252,0.002036,0.00176,0.001752,4,0.99248,0.002715,0.001954,0.001429,0.001422,y,central,slightly_facing,y,slightly_facing,range_12_15,None,None,central
118,5,0.005979,0.325142,0.084578,0.584149,0.000152,2,0.00541,0.368203,0.094199,0.531888,0.0003,5,0.991368,0.003505,0.001716,0.001705,0.001705,4,0.990625,0.004185,0.002434,0.001381,0.001374,y,central,strongly_facing,y,slightly_facing,range_12_15,None,None,central
119,5,0.006358,0.32524,0.084583,0.583669,0.00015,2,0.005268,0.368226,0.094214,0.531992,0.000299,5,0.991632,0.003271,0.0017,0.001699,0.001699,4,0.990095,0.004737,0.002419,0.001378,0.001371,y,central,strongly_facing,y,slightly_facing,range_12_15,None,None,central
120,5,0.007039,0.325347,0.084735,0.582731,0.000149,2,0.005311,0.368372,0.094507,0.531512,0.000298,5,0.99165,0.003246,0.001703,0.001701,0.001701,4,0.989208,0.005632,0.002405,0.001381,0.001374,y,central,strongly_facing,y,slightly_facing,range_12_15,None,None,central
121,5,0.008247,0.324863,0.086898,0.579823,0.00017,2,0.006197,0.367788,0.096769,0.528934,0.000312,5,0.99036,0.004188,0.001897,0.001781,0.001774,4,0.987625,0.007058,0.002431,0.001447,0.001439,y,central,slightly_facing,y,slightly_facing,range_12_15,None,None,central
122,5,0.004602,0.325884,0.084746,0.584609,0.000159,2,0.00471,0.369439,0.094463,0.531236,0.000153,5,0.992385,0.002237,0.001881,0.001752,0.001745,4,0.993461,0.00218,0.00152,0.001423,0.001416,y,central,slightly_facing,y,slightly_facing,range_12_15,None,None,central
123,5,0.004602,0.325872,0.084751,0.584615,0.000159,2,0.004721,0.369438,0.094469,0.53122,0.000153,5,0.992367,0.002247,0.001888,0.001753,0.001745,4,0.993459,0.00218,0.00152,0.001424,0.001417,y,central,slightly_facing,y,slightly_facing,range_12_15,None,None,central
124,5,0.004601,0.325847,0.08475,0.584643,0.000159,2,0.004723,0.369454,0.094475,0.531196,0.000153,5,0.992365,0.002246,0.001891,0.001753,0.001746,4,0.99346,0.00218,0.00152,0.001424,0.001417,y,central,slightly_facing,y,slightly_facing,range_12_15,None,None,central
125,5,0.0046,0.32576,0.084736,0.584745,0.000159,2,0.004717,0.369522,0.09449,0.531118,0.000153,5,0.992372,0.002237,0.001893,0.001753,0.001746,4,0.993461,0.002179,0.00152,0.001423,0.001416,y,central,slightly_facing,y,slightly_facing,range_12_15,None,None,central
126,5,0.004597,0.325506,0.084658,0.58508,0.000159,2,0.004697,0.369758,0.094501,0.530893,0.000152,5,0.992397,0.002211,0.001893,0.001753,0.001746,4,0.993465,0.002178,0.001519,0.001422,0.001415,y,central,slightly_facing,y,slightly_facing,range_12_15,None,None,central
127,5,0.004597,0.325494,0.084657,0.585093,0.000159,2,0.004737,0.36974,0.094499,0.530871,0.000152,5,0.992335,0.00227,0.001895,0.001753,0.001746,4,0.993464,0.002178,0.001519,0.001423,0.001416,y,central,slightly_facing,y,slightly_facing,range_12_15,None,None,central
128,5,0.005015,0.325411,0.084498,0.584923,0.000153,2,0.004862,0.369445,0.09439,0.531158,0.000146,5,0.992294,0.002511,0.001732,0.001731,0.001731,4,0.992982,0.002828,0.001398,0.001397,0.001395,y,central,strongly_facing,y,slightly_facing,range_9_12,None,None,central
129,5,0.005869,0.325323,0.084504,0.584151,0.000154,2,0.005398,0.368575,0.094256,0.531624,0.000147,5,0.991522,0.003285,0.001731,0.001731,0.001731,4,0.99178,0.004028,0.001398,0.001398,0.001396,y,central,strongly_facing,y,slightly_facing,range_9_12,None,None,central
130,5,0.007505,0.324788,0.08436,0.583193,0.000154,2,0.005831,0.367612,0.094075,0.532334,0.000148,5,0.990896,0.003911,0.001731,0.001731,0.001731,4,0.989432,0.006367,0.001401,0.001401,0.001398,y,central,strongly_facing,y,slightly_facing,range_9_12,None,None,central
131,5,0.010741,0.323834,0.08409,0.581181,0.000154,2,0.006463,0.365764,0.093732,0.533891,0.000149,5,0.989982,0.004829,0.00173,0.001729,0.001729,4,0.984771,0.011011,0.001408,0.001406,0.001404,y,central,strongly_facing,y,slightly_facing,range_9_12,None,None,central
132,5,0.017077,0.321632,0.083594,0.57754,0.000157,2,0.008407,0.36199,0.093046,0.536405,0.000151,5,0.987099,0.007624,0.001762,0.001759,0.001757,4,0.975546,0.020136,0.001443,0.001439,0.001436,y,central,slightly_facing,y,slightly_facing,range_9_12,None,None,central
133,5,0.067961,0.304725,0.080112,0.547011,0.000191,2,0.023739,0.332026,0.088437,0.555598,0.000201,5,0.962869,0.029809,0.002531,0.002412,0.002378,4,0.900054,0.093419,0.002223,0.002172,0.002133,m,central,slightly_facing,m,slightly_facing,range_9_12,None,None,central
134,5,0.114142,0.288349,0.075044,0.522311,0.000155,2,0.036507,0.303576,0.082438,0.577298,0.000182,5,0.946348,0.048274,0.001805,0.001788,0.001786,4,0.833912,0.161105,0.001693,0.001646,0.001644,y,central,slightly_facing,y,slightly_facing,range_9_12,None,None,central
135,5,0.17512,0.266929,0.069992,0.487815,0.000144,2,0.053578,0.265566,0.076014,0.604643,0.000198,5,0.920902,0.073968,0.001727,0.001703,0.001701,4,0.74063,0.25424,0.001765,0.001683,0.001681,y,central,slightly_facing,y,slightly_facing,range_9_12,None,None,central
136,5,0.229914,0.248135,0.06715,0.454665,0.000137,2,0.065835,0.228064,0.071549,0.634332,0.000219,5,0.89714,0.097805,0.001711,0.001673,0.001671,4,0.641004,0.353574,0.0019,0.001762,0.00176,y,central,slightly_facing,y,slightly_facing,range_9_12,None,None,central
137,5,0.222852,0.241046,0.0663,0.469658,0.000145,2,0.08342,0.227298,0.070875,0.618192,0.000215,5,0.869745,0.125106,0.001748,0.001701,0.001699,4,0.65197,0.342666,0.001878,0.001744,0.001742,y,central,slightly_facing,y,slightly_facing,range_9_12,None,None,central
138,5,0.334683,0.198704,0.057188,0.409295,0.00013,2,0.121742,0.154394,0.058937,0.664691,0.000235,5,0.809463,0.185714,0.001652,0.001585,0.001585,4,0.476368,0.517695,0.002153,0.001901,0.001882,m,central,strongly_facing,m,slightly_facing,range_9_12,None,None,central
139,5,0.334893,0.198815,0.057179,0.408977,0.000136,2,0.121411,0.154516,0.058963,0.664875,0.000234,5,0.809961,0.185053,0.001705,0.00164,0.00164,4,0.47643,0.517618,0.002121,0.001917,0.001915,y,central,strongly_facing,y,slightly_facing,range_9_12,None,None,central
140,5,0.335005,0.199444,0.057182,0.408226,0.000143,2,0.12073,0.154783,0.058954,0.66529,0.000243,5,0.810595,0.184321,0.001738,0.001673,0.001673,4,0.476279,0.517697,0.002144,0.001941,0.00194,y,central,strongly_facing,y,slightly_facing,range_9_12,None,None,central
141,5,0.628158,0.19379,0.048416,0.129596,4e-05,2,0.008823,0.022089,0.041869,0.926891,0.000328,5,0.984186,0.012415,0.001138,0.00113,0.00113,4,0.021587,0.97042,0.003015,0.002521,0.002456,m,central,strongly_facing,n,turned_away,range_9_12,None,None,central
142,5,0.618327,0.194343,0.048867,0.138426,3.8e-05,2,0.00739,0.027084,0.043824,0.921378,0.000324,5,0.986946,0.009416,0.001215,0.001212,0.001212,4,0.034073,0.958379,0.002769,0.00239,0.002389,y,central,strongly_facing,y,slightly_facing,range_9_12,None,None,central
143,5,0.619201,0.19466,0.048839,0.137264,3.7e-05,2,0.006337,0.026888,0.043861,0.922563,0.000351,5,0.988761,0.007516,0.001243,0.00124,0.00124,4,0.032647,0.959836,0.002756,0.00238,0.00238,y,central,strongly_facing,y,slightly_facing,range_9_12,None,None,central
144,5,0.627926,0.192951,0.048603,0.13046,6e-05,2,0.006128,0.022089,0.043927,0.927541,0.000315,5,0.987756,0.00801,0.001544,0.001351,0.001339,4,0.018335,0.97331,0.003099,0.002632,0.002625,m,central,slightly_facing,m,slightly_facing,range_9_12,None,None,central
145,5,0.636048,0.193216,0.048928,0.121697,0.000112,2,0.001983,0.018329,0.044896,0.934479,0.000312,5,0.991277,0.003269,0.002248,0.001606,0.001599,4,0.003864,0.985895,0.004121,0.00307,0.00305,m,central,slightly_facing,n,turned_away,range_9_12,None,None,central
146,5,0.624955,0.189343,0.051904,0.133538,0.000261,2,0.001967,0.017931,0.045119,0.934053,0.000931,5,0.966331,0.02599,0.003927,0.001881,0.001871,4,0.003871,0.964252,0.024936,0.003498,0.003444,m,central,slightly_facing,n,turned_away,range_9_12,None,None,central
147,5,0.636313,0.193025,0.048427,0.122175,6e-05,2,0.001339,0.017246,0.041399,0.939774,0.000243,5,0.996017,0.002034,0.000727,0.000611,0.00061,4,0.002455,0.991123,0.002508,0.001957,0.001957,y,central,slightly_facing,n,strongly_facing,range_9_12,None,None,central
148,5,0.633971,0.193285,0.049196,0.12351,3.8e-05,2,0.001287,0.017294,0.041524,0.939655,0.00024,5,0.993491,0.004918,0.000544,0.000523,0.000523,4,0.002378,0.991595,0.002303,0.001862,0.001862,m,central,strongly_facing,n,strongly_facing,range_9_12,None,None,central
149,5,0.641983,0.193149,0.047695,0.117141,3.2e-05,2,0.001241,0.016417,0.039701,0.942401,0.00024,5,0.993482,0.005058,0.000491,0.000484,0.000484,4,0.002329,0.991783,0.002209,0.00184,0.00184,y,central,strongly_facing,n,strongly_facing,range_6_9,None,None,central
150,5,0.636614,0.192997,0.048367,0.121989,3.3e-05,2,0.001254,0.017105,0.041015,0.940389,0.000238,5,0.996519,0.002,0.000496,0.000493,0.000493,4,0.002339,0.99177,0.00222,0.001836,0.001836,m,central,strongly_facing,n,strongly_facing,range_6_9,None,None,central
151,5,0.637426,0.193538,0.048104,0.1209,3.2e-05,2,0.001245,0.016953,0.040686,0.940878,0.000238,5,0.996656,0.001895,0.000485,0.000482,0.000482,4,0.002323,0.99181,0.002209,0.001829,0.001829,y,central,strongly_facing,n,strongly_facing,range_6_9,None,None,central
152,5,0.635283,0.211983,0.050423,0.102275,3.7e-05,2,0.001206,0.014836,0.035883,0.947836,0.00024,5,0.995871,0.002699,0.000478,0.000476,0.000476,4,0.002294,0.991793,0.002184,0.001865,0.001865,y,central,strongly_facing,n,strongly_facing,range_6_9,None,None,central
153,5,0.643563,0.200376,0.047084,0.108948,2.9e-05,2,0.001215,0.015493,0.037563,0.945489,0.000239,5,0.997916,0.000659,0.000475,0.000475,0.000475,4,0.002295,0.991814,0.002192,0.00185,0.00185,y,central,strongly_facing,n,strongly_facing,range_6_9,None,None,central
154,5,0.64394,0.194373,0.046905,0.114752,3.1e-05,2,0.001233,0.016217,0.039121,0.943191,0.000239,5,0.997998,0.00054,0.000487,0.000487,0.000487,4,0.002319,0.991777,0.002209,0.001848,0.001848,m,central,strongly_facing,n,strongly_facing,range_6_9,None,None,central
155,5,0.633003,0.195417,0.048695,0.122854,3.1e-05,2,0.001246,0.017205,0.041215,0.940096,0.000238,5,0.998062,0.000491,0.000482,0.000482,0.000482,4,0.002323,0.991819,0.002211,0.001824,0.001824,y,central,strongly_facing,n,strongly_facing,range_6_9,None,None,central
156,5,0.633459,0.195289,0.048615,0.122605,3.3e-05,2,0.001254,0.01719,0.041195,0.940124,0.000238,5,0.997993,0.000516,0.000497,0.000497,0.000497,4,0.002341,0.991757,0.002225,0.001839,0.001839,m,central,slightly_facing,n,strongly_facing,range_6_9,None,None,central
157,5,0.632281,0.195561,0.048832,0.123294,3.2e-05,2,0.001248,0.01726,0.041341,0.939912,0.000238,5,0.998054,0.000491,0.000485,0.000485,0.000485,4,0.002327,0.99181,0.002213,0.001825,0.001825,y,central,slightly_facing,n,strongly_facing,range_6_9,None,None,central
158,5,0.632794,0.195442,0.048728,0.123005,3.1e-05,2,0.001247,0.017224,0.041259,0.940033,0.000238,5,0.998058,0.000491,0.000484,0.000484,0.000484,4,0.002325,0.991813,0.002212,0.001825,0.001825,y,central,slightly_facing,n,strongly_facing,range_6_9,None,None,central
159,5,0.632182,0.195583,0.048862,0.123341,3.2e-05,2,0.001252,0.017275,0.041379,0.939856,0.000238,5,0.998021,0.000502,0.000492,0.000492,0.000492,4,0.002336,0.991779,0.00222,0.001832,0.001832,m,central,strongly_facing,n,strongly_facing,range_6_9,None,None,central
160,5,0.632205,0.19558,0.048845,0.123338,3.1e-05,2,0.001247,0.017263,0.041346,0.939906,0.000238,5,0.998063,0.00049,0.000482,0.000482,0.000482,4,0.002324,0.991819,0.002211,0.001823,0.001823,y,central,strongly_facing,n,strongly_facing,range_6_9,None,None,central
161,5,0.632275,0.195559,0.048842,0.123293,3.2e-05,2,0.001252,0.017269,0.041365,0.939876,0.000238,5,0.998013,0.000511,0.000492,0.000492,0.000492,4,0.002336,0.99178,0.00222,0.001832,0.001832,m,central,strongly_facing,n,strongly_facing,range_6_9,None,None,central
162,5,0.632818,0.195426,0.048733,0.12299,3.3e-05,2,0.001252,0.017232,0.041284,0.939993,0.000238,5,0.997986,0.000536,0.000493,0.000493,0.000493,4,0.002337,0.991776,0.002221,0.001833,0.001833,m,central,strongly_facing,n,strongly_facing,range_6_9,None,None,central
163,5,0.632337,0.195547,0.048817,0.123268,3.1e-05,2,0.001247,0.017255,0.041326,0.939934,0.000238,5,0.998054,0.000499,0.000482,0.000482,0.000482,4,0.002324,0.991819,0.002211,0.001823,0.001823,y,central,strongly_facing,n,strongly_facing,range_6_9,None,None,central
164,5,0.633158,0.195347,0.048664,0.1228,3.2e-05,2,0.001251,0.017208,0.041229,0.940074,0.000238,5,0.99799,0.000535,0.000492,0.000492,0.000492,4,0.002335,0.991779,0.00222,0.001833,0.001833,m,central,strongly_facing,n,strongly_facing,range_6_9,None,None,central
165,5,0.632313,0.195542,0.048842,0.123269,3.4e-05,2,0.001256,0.017273,0.04138,0.939853,0.000238,5,0.997961,0.000544,0.000499,0.000498,0.000498,4,0.002345,0.991753,0.002226,0.001838,0.001838,m,central,slightly_facing,n,strongly_facing,range_6_9,None,None,central
166,5,0.632353,0.195515,0.048835,0.123263,3.4e-05,2,0.001257,0.017273,0.04138,0.939851,0.000238,5,0.997891,0.000612,0.000499,0.000499,0.000499,4,0.002346,0.99175,0.002227,0.001839,0.001839,m,central,slightly_facing,n,strongly_facing,range_6_9,None,None,central
167,5,0.632646,0.195401,0.048781,0.123138,3.4e-05,2,0.001258,0.017258,0.041347,0.939899,0.000238,5,0.99771,0.000792,0.0005,0.000499,0.000499,4,0.002347,0.991748,0.002227,0.001839,0.001839,m,central,slightly_facing,n,strongly_facing,range_6_9,None,None,central
168,5,0.632233,0.195538,0.048844,0.123353,3.2e-05,2,0.001249,0.017268,0.041358,0.939886,0.000238,5,0.997917,0.000627,0.000485,0.000485,0.000485,4,0.002328,0.991808,0.002213,0.001825,0.001825,y,central,slightly_facing,n,strongly_facing,range_6_9,None,None,central
169,5,0.632815,0.19534,0.048739,0.123073,3.3e-05,2,0.001253,0.017243,0.041307,0.939959,0.000238,5,0.997647,0.000875,0.000493,0.000492,0.000492,4,0.002338,0.991776,0.00222,0.001833,0.001833,m,central,strongly_facing,n,strongly_facing,range_6_9,None,None,central
170,5,0.632616,0.195387,0.048783,0.123182,3.3e-05,2,0.001254,0.017257,0.041339,0.939912,0.000238,5,0.997643,0.000877,0.000494,0.000493,0.000493,4,0.002339,0.991774,0.002221,0.001833,0.001833,m,central,strongly_facing,n,strongly_facing,range_6_9,None,None,central
171,5,0.632292,0.195527,0.048829,0.123321,3.1e-05,2,0.001248,0.017262,0.041342,0.939911,0.000238,5,0.997928,0.000624,0.000483,0.000483,0.000483,4,0.002325,0.991818,0.002211,0.001823,0.001823,y,central,strongly_facing,n,strongly_facing,range_6_9,None,None,central
172,5,0.633375,0.195279,0.0486,0.122715,3.1e-05,2,0.001246,0.017186,0.041172,0.940158,0.000238,5,0.997933,0.000622,0.000482,0.000482,0.000482,4,0.002323,0.99182,0.00221,0.001824,0.001824,y,central,strongly_facing,n,strongly_facing,range_6_9,None,None,central
173,5,0.633846,0.195192,0.048501,0.122431,3.1e-05,2,0.001245,0.01715,0.041093,0.940274,0.000238,5,0.998022,0.000534,0.000481,0.000481,0.000481,4,0.002321,0.991821,0.00221,0.001824,0.001824,y,central,strongly_facing,n,strongly_facing,range_6_9,None,None,central
174,5,0.633631,0.195239,0.04856,0.122537,3.2e-05,2,0.001251,0.017175,0.041156,0.94018,0.000238,5,0.997991,0.000534,0.000492,0.000492,0.000492,4,0.002334,0.991779,0.002219,0.001833,0.001833,m,central,strongly_facing,n,strongly_facing,range_6_9,None,None,central
175,5,0.633246,0.195337,0.048633,0.122754,3.1e-05,2,0.001246,0.017191,0.041184,0.940141,0.000238,5,0.998059,0.000495,0.000482,0.000482,0.000482,4,0.002323,0.991819,0.00221,0.001824,0.001824,y,central,strongly_facing,n,strongly_facing,range_6_9,None,None,central
176,5,0.632462,0.195518,0.048802,0.123186,3.2e-05,2,0.001249,0.017253,0.041329,0.939931,0.000237,5,0.99803,0.000502,0.000489,0.000489,0.000489,4,0.002331,0.991791,0.002218,0.00183,0.00183,m,central,slightly_facing,n,strongly_facing,range_3_6,None,None,central
177,5,0.633039,0.195387,0.048673,0.122871,3.1e-05,2,0.001242,0.017202,0.041208,0.94011,0.000237,5,0.998077,0.000487,0.000479,0.000479,0.000479,4,0.002317,0.991833,0.002208,0.001821,0.001821,y,central,slightly_facing,n,strongly_facing,range_3_6,None,None,central
178,5,0.632787,0.195442,0.048738,0.123001,3.2e-05,2,0.001249,0.01723,0.041277,0.940007,0.000237,5,0.998034,0.0005,0.000489,0.000489,0.000489,4,0.00233,0.991792,0.002218,0.00183,0.00183,m,central,slightly_facing,n,strongly_facing,range_3_6,None,None,central
179,5,0.632197,0.195584,0.048847,0.123342,3.1e-05,2,0.001243,0.017261,0.041338,0.93992,0.000237,5,0.998079,0.000483,0.000479,0.000479,0.000479,4,0.002318,0.991834,0.002209,0.00182,0.00182,y,central,slightly_facing,n,strongly_facing,range_3_6,None,None,central
180,5,0.632196,0.195581,0.048858,0.123333,3.2e-05,2,0.00125,0.017271,0.041369,0.939873,0.000237,5,0.998034,0.000499,0.000489,0.000489,0.000489,4,0.002331,0.991792,0.002218,0.00183,0.00183,m,central,slightly_facing,n,strongly_facing,range_3_6,None,None,central
181,5,0.63228,0.19556,0.048836,0.123292,3.2e-05,2,0.001248,0.017262,0.041346,0.939907,0.000237,5,0.998044,0.000499,0.000486,0.000486,0.000486,4,0.002327,0.991806,0.002215,0.001826,0.001826,m,central,strongly_facing,n,strongly_facing,range_3_6,None,None,central
182,5,0.63283,0.195435,0.048716,0.122988,3.1e-05,2,0.001242,0.017215,0.041235,0.940071,0.000237,5,0.998083,0.000485,0.000477,0.000477,0.000477,4,0.002315,0.991841,0.002207,0.001819,0.001819,y,central,strongly_facing,n,strongly_facing,range_3_6,None,None,central
183,5,0.632272,0.195564,0.048837,0.123296,3.2e-05,2,0.001247,0.017261,0.041345,0.93991,0.000237,5,0.998052,0.000493,0.000485,0.000485,0.000485,4,0.002325,0.99181,0.002214,0.001826,0.001826,m,central,strongly_facing,n,strongly_facing,range_3_6,None,None,central
184,5,0.632739,0.195462,0.048734,0.123035,3.1e-05,2,0.001242,0.017221,0.041248,0.940053,0.000237,5,0.998086,0.000482,0.000477,0.000477,0.000477,4,0.002315,0.991841,0.002207,0.001819,0.001819,y,central,strongly_facing,n,strongly_facing,range_3_6,None,None,central
185,5,0.632238,0.19558,0.048834,0.123318,3e-05,2,0.001242,0.017255,0.041325,0.939941,0.000237,5,0.99809,0.000479,0.000477,0.000477,0.000477,4,0.002314,0.991843,0.002206,0.001818,0.001818,y,central,strongly_facing,n,strongly_facing,range_3_6,None,None,central
186,5,0.632736,0.195462,0.048742,0.123029,3.1e-05,2,0.001246,0.017228,0.041271,0.940018,0.000237,5,0.998056,0.00049,0.000485,0.000485,0.000485,4,0.002324,0.99181,0.002214,0.001826,0.001826,m,central,strongly_facing,n,strongly_facing,range_3_6,None,None,central
187,5,0.632235,0.195577,0.048848,0.123308,3.2e-05,2,0.00125,0.017268,0.041363,0.939881,0.000237,5,0.998034,0.000497,0.000489,0.000489,0.000489,4,0.002332,0.99179,0.002218,0.00183,0.00183,m,central,slightly_facing,n,strongly_facing,range_3_6,None,None,central
188,5,0.632817,0.19544,0.04873,0.122981,3.2e-05,2,0.00125,0.017228,0.041274,0.940011,0.000237,5,0.99803,0.000501,0.00049,0.00049,0.00049,4,0.002332,0.991788,0.002218,0.001831,0.001831,m,central,slightly_facing,n,strongly_facing,range_3_6,None,None,central
189,5,0.632463,0.195522,0.048803,0.123179,3.3e-05,2,0.001251,0.017253,0.041329,0.939931,0.000237,5,0.998029,0.000502,0.00049,0.00049,0.00049,4,0.002333,0.991788,0.002218,0.001831,0.001831,m,central,slightly_facing,n,strongly_facing,range_3_6,None,None,central
190,5,0.632105,0.19561,0.048864,0.12339,3.1e-05,2,0.001244,0.017267,0.041352,0.9399,0.000237,5,0.998078,0.000484,0.000479,0.000479,0.000479,4,0.002318,0.991833,0.002209,0.00182,0.00182,y,central,slightly_facing,n,strongly_facing,range_3_6,None,None,central
191,5,0.632453,0.195524,0.048805,0.123185,3.2e-05,2,0.00125,0.017253,0.041328,0.939933,0.000237,5,0.99803,0.000503,0.000489,0.000489,0.000489,4,0.002331,0.991792,0.002218,0.00183,0.00183,m,central,slightly_facing,n,strongly_facing,range_3_6,None,None,central
192,5,0.632056,0.195618,0.048881,0.123412,3.2e-05,2,0.001248,0.017277,0.041379,0.939858,0.000237,5,0.998044,0.000499,0.000486,0.000486,0.000486,4,0.002327,0.991806,0.002215,0.001826,0.001826,m,central,strongly_facing,n,strongly_facing,range_3_6,None,None,central
193,5,0.632129,0.195603,0.048857,0.12338,3.1e-05,2,0.001243,0.017264,0.041343,0.939913,0.000237,5,0.99808,0.000487,0.000477,0.000477,0.000477,4,0.002316,0.99184,0.002207,0.001818,0.001818,y,central,strongly_facing,n,strongly_facing,range_3_6,None,None,central
194,5,0.632709,0.195463,0.048745,0.123051,3.1e-05,2,0.001247,0.017231,0.041277,0.940008,0.000237,5,0.998035,0.000511,0.000485,0.000485,0.000485,4,0.002326,0.991808,0.002214,0.001826,0.001826,m,central,strongly_facing,n,strongly_facing,range_3_6,None,None,central
195,5,0.632977,0.195401,0.04869,0.122901,3.2e-05,2,0.001247,0.017213,0.041237,0.940065,0.000237,5,0.998032,0.000512,0.000485,0.000485,0.000485,4,0.002327,0.991806,0.002214,0.001827,0.001827,m,central,strongly_facing,n,strongly_facing,range_3_6,None,None,central
196,5,0.632913,0.195416,0.048704,0.122935,3.2e-05,2,0.001247,0.017217,0.041246,0.940052,0.000237,5,0.998038,0.000507,0.000485,0.000485,0.000485,4,0.002326,0.991806,0.002214,0.001827,0.001827,m,central,strongly_facing,n,strongly_facing,range_3_6,None,None,central
197,5,0.632739,0.195461,0.048735,0.123034,3.1e-05,2,0.001243,0.017222,0.041252,0.940045,0.000237,5,0.998076,0.000487,0.000479,0.000479,0.000479,4,0.002317,0.991834,0.002208,0.00182,0.00182,y,central,slightly_facing,n,strongly_facing,range_3_6,None,None,central
198,5,0.632233,0.195576,0.048848,0.12331,3.2e-05,2,0.00125,0.017268,0.041362,0.939882,0.000237,5,0.998032,0.000501,0.000489,0.000489,0.000489,4,0.002331,0.991792,0.002218,0.00183,0.00183,m,central,slightly_facing,n,strongly_facing,range_3_6,None,None,central
199,5,0.632811,0.195438,0.048731,0.122987,3.2e-05,2,0.00125,0.017229,0.041275,0.940008,0.000237,5,0.998018,0.000513,0.00049,0.00049,0.00049,4,0.002333,0.991787,0.002218,0.001831,0.001831,m,central,slightly_facing,n,strongly_facing,range_3_6,None,None,central
200,5,0.63246,0.19552,0.048804,0.123184,3.3e-05,2,0.001251,0.017253,0.04133,0.939928,0.000237,5,0.998017,0.000514,0.00049,0.00049,0.00049,4,0.002334,0.991787,0.002218,0.001831,0.001831,m,central,slightly_facing,n,strongly_facing,range_3_6,None,None,central
201,5,0.632095,0.195604,0.048878,0.123391,3.3e-05,2,0.001252,0.017279,0.041387,0.939844,0.000237,5,0.99801,0.00052,0.00049,0.00049,0.00049,4,0.002335,0.991786,0.002219,0.00183,0.00183,m,central,slightly_facing,n,strongly_facing,range_3_6,None,None,central
202,5,0.632554,0.195482,0.048784,0.123148,3.3e-05,2,0.001254,0.017249,0.041319,0.93994,0.000237,5,0.997952,0.000578,0.00049,0.00049,0.00049,4,0.002338,0.991783,0.002218,0.001831,0.001831,m,central,slightly_facing,n,strongly_facing,range_3_6,None,None,central
203,5,0.632573,0.195491,0.048769,0.123137,3.1e-05,2,0.001245,0.017236,0.041282,0.940001,0.000237,5,0.998041,0.000521,0.000479,0.000479,0.000479,4,0.00232,0.991831,0.002208,0.001821,0.001821,y,central,slightly_facing,n,strongly_facing,range_3_6,None,None,central
204,5,0.632518,0.195511,0.048778,0.123162,3.1e-05,2,0.001242,0.017236,0.041282,0.940002,0.000237,5,0.998076,0.000493,0.000477,0.000477,0.000477,4,0.002315,0.991841,0.002206,0.001819,0.001819,y,central,strongly_facing,n,strongly_facing,range_3_6,None,None,central
205,5,0.632234,0.195561,0.048831,0.123344,3.1e-05,2,0.001362,0.017335,0.041561,0.939495,0.000248,5,0.997719,0.00058,0.000567,0.000567,0.000567,4,0.002503,0.991438,0.002279,0.00189,0.00189,m,central,strongly_facing,n,strongly_facing,range_0_3,None,None,central
206,5,0.63299,0.195384,0.048667,0.122929,3e-05,2,0.001367,0.017287,0.041439,0.939657,0.000251,5,0.997725,0.000575,0.000567,0.000567,0.000567,4,0.002515,0.991426,0.002278,0.001891,0.001891,y,central,strongly_facing,n,strongly_facing,range_0_3,None,None,central
207,5,0.632968,0.195384,0.048679,0.122938,3.1e-05,2,0.001379,0.017301,0.041473,0.939596,0.000252,5,0.997677,0.000592,0.000577,0.000577,0.000577,4,0.002538,0.991374,0.002287,0.0019,0.0019,m,central,slightly_facing,n,strongly_facing,range_0_3,None,None,central
208,5,0.63295,0.195391,0.048676,0.122953,3e-05,2,0.00137,0.017296,0.04145,0.939633,0.000252,5,0.997718,0.000575,0.000569,0.000569,0.000569,4,0.002525,0.991411,0.002279,0.001893,0.001893,y,central,slightly_facing,n,strongly_facing,range_0_3,None,None,central
209,5,0.632865,0.195407,0.048701,0.122996,3.1e-05,2,0.00138,0.01731,0.041489,0.93957,0.000252,5,0.997678,0.00059,0.000577,0.000577,0.000577,4,0.002541,0.99137,0.002287,0.0019,0.0019,m,central,slightly_facing,n,strongly_facing,range_0_3,None,None,central
210,5,0.632651,0.195455,0.048748,0.123114,3.1e-05,2,0.001382,0.017326,0.041523,0.939517,0.000252,5,0.997673,0.000592,0.000578,0.000578,0.000578,4,0.002546,0.991365,0.002288,0.001901,0.001901,m,central,slightly_facing,n,strongly_facing,range_0_3,None,None,central
211,5,0.632086,0.195587,0.048863,0.123433,3.2e-05,2,0.001384,0.017366,0.041611,0.939388,0.000252,5,0.997672,0.000593,0.000578,0.000578,0.000578,4,0.002549,0.991362,0.002289,0.0019,0.0019,m,central,slightly_facing,n,strongly_facing,range_0_3,None,None,central
212,5,0.632042,0.195591,0.048872,0.123463,3.2e-05,2,0.001384,0.01737,0.041619,0.939374,0.000252,5,0.997671,0.000594,0.000578,0.000578,0.000578,4,0.002552,0.991359,0.002289,0.0019,0.0019,m,central,slightly_facing,n,strongly_facing,range_0_3,None,None,central
213,5,0.632649,0.19532,0.048773,0.123228,3.1e-05,2,0.001372,0.017334,0.041525,0.939518,0.000252,5,0.997717,0.000576,0.000569,0.000569,0.000569,4,0.002538,0.991397,0.00228,0.001892,0.001892,y,central,slightly_facing,n,strongly_facing,range_0_3,None,None,central
214,5,0.632421,0.195373,0.048819,0.123356,3e-05,2,0.00137,0.017349,0.041559,0.93947,0.000252,5,0.997721,0.000573,0.000569,0.000569,0.000569,4,0.002537,0.991401,0.002279,0.001891,0.001891,y,central,slightly_facing,n,strongly_facing,range_0_3,None,None,central
215,5,0.632799,0.195285,0.048742,0.123143,3e-05,2,0.00137,0.017323,0.041499,0.939556,0.000252,5,0.997721,0.000573,0.000568,0.000568,0.000568,4,0.002536,0.991401,0.002279,0.001892,0.001892,y,central,slightly_facing,n,strongly_facing,range_0_3,None,None,central
216,5,0.632487,0.195358,0.048805,0.123319,3e-05,2,0.00137,0.017345,0.041548,0.939485,0.000252,5,0.997721,0.000573,0.000569,0.000569,0.000569,4,0.002536,0.991402,0.002279,0.001891,0.001891,y,central,slightly_facing,n,strongly_facing,range_0_3,None,None,central
217,5,0.63289,0.195261,0.04873,0.123089,3.1e-05,2,0.00138,0.017325,0.041513,0.93953,0.000252,5,0.997678,0.000589,0.000577,0.000577,0.000577,4,0.002553,0.991359,0.002287,0.0019,0.0019,m,central,slightly_facing,n,strongly_facing,range_0_3,None,None,central
218,5,0.632883,0.195261,0.048732,0.123093,3.1e-05,2,0.001382,0.017326,0.041516,0.939523,0.000252,5,0.997673,0.000592,0.000578,0.000578,0.000578,4,0.002556,0.991354,0.002288,0.001901,0.001901,m,central,slightly_facing,n,strongly_facing,range_0_3,None,None,central
219,5,0.632863,0.195265,0.048736,0.123104,3.1e-05,2,0.001383,0.017328,0.041519,0.939518,0.000252,5,0.997672,0.000593,0.000578,0.000578,0.000578,4,0.002557,0.991353,0.002288,0.001901,0.001901,m,central,slightly_facing,n,strongly_facing,range_0_3,None,None,central
220,5,0.632789,0.195287,0.048745,0.123149,3.1e-05,2,0.001371,0.017324,0.041503,0.93955,0.000252,5,0.997718,0.000575,0.000569,0.000569,0.000569,4,0.002538,0.991398,0.00228,0.001892,0.001892,y,central,slightly_facing,n,strongly_facing,range_0_3,None,None,central
221,5,0.632046,0.195329,0.049178,0.123382,6.6e-05,2,0.001783,0.017706,0.042683,0.937575,0.000254,5,0.996021,0.001221,0.000919,0.000919,0.000919,4,0.003213,0.989742,0.002607,0.002219,0.002219,n,central,turned_away,n,strongly_facing,range_0_3,None,None,central
222,5,0.630177,0.194828,0.04939,0.12549,0.000115,2,0.004236,0.017957,0.04338,0.934168,0.000259,5,0.992441,0.0041,0.001153,0.001153,0.001153,4,0.006043,0.986366,0.002788,0.002402,0.002402,n,central,turned_away,n,strongly_facing,range_0_3,None,None,central
223,5,0.631141,0.195021,0.048899,0.124887,5.2e-05,2,0.002732,0.017573,0.041782,0.93766,0.000252,5,0.995498,0.002601,0.000634,0.000633,0.000633,4,0.004268,0.98953,0.002326,0.001938,0.001938,m,central,slightly_facing,n,strongly_facing,range_0_3,None,None,central
224,5,0.630287,0.194789,0.048922,0.125964,3.8e-05,2,0.003149,0.017847,0.041747,0.937005,0.000251,5,0.994195,0.004034,0.000592,0.000589,0.000589,4,0.005156,0.988753,0.002289,0.001901,0.001901,m,central,slightly_facing,n,strongly_facing,range_0_3,None,None,central
225,5,0.627507,0.193842,0.049006,0.129608,3.6e-05,2,0.005489,0.018652,0.041937,0.933671,0.000251,5,0.989,0.009212,0.000601,0.000593,0.000593,4,0.0089,0.985027,0.002283,0.001895,0.001895,m,central,slightly_facing,n,strongly_facing,range_0_3,None,None,central
226,5,0.610803,0.189443,0.049867,0.149841,4.6e-05,2,0.01815,0.022825,0.043383,0.915395,0.000246,5,0.961944,0.036029,0.000696,0.000666,0.000666,4,0.028595,0.965313,0.002293,0.0019,0.0019,n,central,slightly_facing,n,strongly_facing,range_0_3,None,None,central
