,p1_imas,p1_imas_5_pred,p1_imas_4_pred,p1_imas_3_pred,p1_imas_2_pred,p1_imas_1_pred,p2_imas,p2_imas_5_pred,p2_imas_4_pred,p2_imas_3_pred,p2_imas_2_pred,p2_imas_1_pred,p1_wti,p1_wti_5_pred,p1_wti_4_pred,p1_wti_3_pred,p1_wti_2_pred,p1_wti_1_pred,p2_wti,p2_wti_5_pred,p2_wti_4_pred,p2_wti_3_pred,p2_wti_2_pred,p2_wti_1_pred,p1_approach,p2_head,p1_body,p2_approach,p2_body,dist,p1_gesture,p2_gesture,p1_head
0,2,4e-06,7e-06,2.7e-05,0.028198,0.971765,2,2e-06,4e-06,1.3e-05,0.026302,0.973679,2,3e-06,9.3e-05,0.018218,0.013762,0.967923,3,2e-06,5e-05,0.018187,0.010185,0.971576,n,mid_peripheral,strongly_facing,n,strongly_facing,range_27_inf,None,None,mid_peripheral
1,2,1e-06,2e-06,6e-06,0.024605,0.975386,2,1e-06,1e-06,1e-06,0.02438,0.975617,2,2e-06,7e-06,0.018327,0.006358,0.975306,3,1e-06,3e-06,0.018227,0.006177,0.975593,n,mid_peripheral,strongly_facing,n,strongly_facing,range_27_inf,None,None,mid_peripheral
2,2,0.0,1e-06,6e-06,0.024528,0.975466,2,0.0,0.0,1e-06,0.024358,0.975641,2,1e-06,4e-06,0.018329,0.0062,0.975465,3,0.0,2e-06,0.018227,0.00613,0.97564,n,mid_peripheral,strongly_facing,n,strongly_facing,range_27_inf,None,None,mid_peripheral
3,2,0.0,0.0,6e-06,0.024526,0.975468,2,0.0,0.0,1e-06,0.024358,0.975641,2,1e-06,4e-06,0.018329,0.006197,0.975468,3,0.0,2e-06,0.018227,0.00613,0.975641,n,mid_peripheral,strongly_facing,n,strongly_facing,range_27_inf,None,None,mid_peripheral
4,2,0.0,0.0,6e-06,0.024526,0.975468,2,0.0,0.0,1e-06,0.024358,0.975641,2,1e-06,4e-06,0.018329,0.006197,0.975468,3,0.0,2e-06,0.018227,0.00613,0.975641,n,mid_peripheral,strongly_facing,n,strongly_facing,range_27_inf,None,None,mid_peripheral
5,2,0.0,0.0,6e-06,0.024526,0.975468,2,0.0,0.0,0.0,0.024339,0.97566,2,1e-06,4e-06,0.018329,0.006197,0.975468,3,0.0,2e-06,0.018227,0.006111,0.97566,n,mid_peripheral,strongly_facing,n,slightly_facing,range_27_inf,None,None,mid_peripheral
6,2,0.0,0.0,6e-06,0.024526,0.975468,2,0.0,0.0,0.0,0.024339,0.975661,2,1e-06,4e-06,0.018329,0.006197,0.975468,3,0.0,2e-06,0.018227,0.006111,0.97566,n,mid_peripheral,strongly_facing,n,slightly_facing,range_27_inf,None,None,mid_peripheral
7,2,0.0,0.0,6e-06,0.024526,0.975468,2,0.0,0.0,0.0,0.024339,0.975661,2,1e-06,4e-06,0.018329,0.006197,0.975468,3,0.0,2e-06,0.018227,0.006111,0.97566,n,mid_peripheral,strongly_facing,n,slightly_facing,range_27_inf,None,None,mid_peripheral
8,2,0.0,0.0,6e-06,0.02454,0.975454,3,3.6e-05,7.2e-05,0.000273,0.070373,0.929245,2,1e-06,5e-06,0.018663,0.005911,0.97542,4,2.2e-05,0.00111,0.017579,0.052033,0.929256,n,central,slightly_facing,y,slightly_facing,range_27_inf,None,None,mid_peripheral
9,2,0.0,0.0,5e-06,0.024502,0.975493,3,0.000281,0.000561,0.00177,0.322864,0.674524,2,1.1e-05,1.4e-05,0.020452,0.004304,0.975218,4,0.000169,0.007217,0.013979,0.30406,0.674574,n,central,slightly_facing,y,slightly_facing,range_27_inf,None,None,mid_peripheral
10,2,0.0,0.0,4e-06,0.024431,0.975564,3,0.00073,0.001495,0.004482,0.780588,0.212706,2,2.9e-05,3.3e-05,0.023702,0.001393,0.974843,4,0.000446,0.018299,0.00746,0.761088,0.212706,n,central,slightly_facing,y,slightly_facing,range_27_inf,None,None,mid_peripheral
11,2,0.0,0.0,4e-06,0.024403,0.975593,3,0.000907,0.001872,0.005585,0.96675,0.024885,2,3.6e-05,3.9e-05,0.025023,0.000208,0.974695,4,0.000557,0.022805,0.004805,0.947131,0.024702,n,central,slightly_facing,y,strongly_facing,range_27_inf,None,None,mid_peripheral
12,2,0.0,0.0,4e-06,0.024399,0.975597,3,0.000933,0.001929,0.005707,0.987371,0.00406,2,3.8e-05,4.1e-05,0.025172,7.7e-05,0.974672,4,0.000574,0.023309,0.004511,0.96792,0.003687,n,central,slightly_facing,y,slightly_facing,range_27_inf,None,None,mid_peripheral
13,2,0.0,0.0,4e-06,0.024399,0.975597,3,0.00093,0.001924,0.005723,0.989977,0.001446,2,3.7e-05,4e-05,0.025188,6e-05,0.974675,4,0.000572,0.023369,0.004467,0.970728,0.000864,n,central,slightly_facing,y,strongly_facing,range_27_inf,None,None,mid_peripheral
14,2,0.0,0.0,4e-06,0.024399,0.975597,3,0.000934,0.001932,0.005713,0.988301,0.00312,2,3.8e-05,4.1e-05,0.025179,7.1e-05,0.974671,4,0.000574,0.023332,0.004458,0.971006,0.000629,n,central,slightly_facing,y,slightly_facing,range_27_inf,None,None,mid_peripheral
15,2,0.0,0.0,4e-06,0.024399,0.975597,3,0.000794,0.001644,0.004862,0.844694,0.148006,2,3.2e-05,3.5e-05,0.024159,0.000965,0.974809,4,0.000489,0.019919,0.00381,0.974357,0.001425,n,central,strongly_facing,y,slightly_facing,range_27_inf,None,None,mid_peripheral
16,2,0.0,0.0,4e-06,0.024399,0.975597,3,0.0005,0.001035,0.003074,0.543067,0.452323,2,2e-05,2.2e-05,0.022015,0.002841,0.975101,4,0.000308,0.012749,0.002449,0.981332,0.003162,n,central,strongly_facing,y,slightly_facing,range_27_inf,None,None,mid_peripheral
17,2,0.0,0.0,4e-06,0.024399,0.975597,3,0.0005,0.001035,0.003074,0.543063,0.452327,2,2e-05,2.2e-05,0.022015,0.002841,0.975101,4,0.000308,0.012749,0.002449,0.981332,0.003162,n,central,strongly_facing,y,slightly_facing,range_27_inf,None,None,mid_peripheral
18,2,7.8e-05,0.000155,0.000595,0.125108,0.874064,3,0.010908,0.021241,0.00324,0.568877,0.395734,2,0.000193,0.006722,0.137373,0.002505,0.853207,4,0.021948,0.017629,0.096307,0.8602,0.003916,n,central,strongly_facing,y,slightly_facing,range_27_inf,None,arm_raise_high,mid_peripheral
19,2,0.000727,0.001398,0.008314,0.942276,0.047285,3,0.015048,0.001611,0.008836,0.971039,0.003465,2,0.00168,0.016713,0.975316,2.7e-05,0.006264,4,0.004899,0.019227,0.963874,0.009139,0.002861,n,central,slightly_facing,y,slightly_facing,range_27_inf,None,arm_raise_high,mid_peripheral
20,2,0.00075,0.001429,0.009959,0.957382,0.030481,3,0.003724,0.001517,0.010684,0.983315,0.000759,2,0.001751,0.01749,0.980734,1e-05,1.4e-05,4,0.002518,0.017947,0.978325,0.000607,0.000603,n,central,slightly_facing,y,slightly_facing,range_27_inf,None,arm_raise_high,mid_peripheral
21,2,0.000757,0.001434,0.010737,0.958787,0.028284,3,0.001391,0.001524,0.011628,0.984513,0.000944,2,0.001777,0.017863,0.980339,1.1e-05,1.1e-05,4,0.002064,0.017933,0.979719,0.000142,0.000142,n,central,slightly_facing,y,slightly_facing,range_27_inf,None,arm_raise_high,mid_peripheral
22,2,0.00076,0.001437,0.011125,0.958907,0.027772,3,0.000918,0.001526,0.012129,0.984299,0.001128,2,0.001788,0.018058,0.980132,1.1e-05,1.1e-05,4,0.001981,0.018065,0.979855,4.9e-05,4.9e-05,n,central,slightly_facing,y,slightly_facing,range_27_inf,None,arm_raise_high,mid_peripheral
23,2,0.000762,0.001439,0.011328,0.959546,0.026927,3,0.000823,0.001526,0.012402,0.983855,0.001395,2,0.001796,0.018171,0.980011,1.1e-05,1.1e-05,4,0.001967,0.018165,0.979806,3.1e-05,3.1e-05,n,central,slightly_facing,y,slightly_facing,range_27_inf,None,arm_raise_high,mid_peripheral
24,2,0.000767,0.001445,0.01147,0.963762,0.022556,3,0.000796,0.001515,0.012546,0.976292,0.008851,2,0.001819,0.018292,0.979865,1.2e-05,1.2e-05,4,0.001948,0.018133,0.979864,2.7e-05,2.7e-05,n,central,strongly_facing,y,slightly_facing,range_27_inf,None,arm_raise_high,mid_peripheral
25,2,0.002022,0.002984,0.012138,0.959045,0.023811,3,0.001603,0.002456,0.014348,0.958876,0.022717,2,0.002566,0.018882,0.97653,0.00102,0.001001,4,0.003022,0.018724,0.97682,0.000717,0.000717,n,central,strongly_facing,y,slightly_facing,range_24_27,None,arm_raise_high,mid_peripheral
26,2,0.088841,0.116407,0.091893,0.498863,0.203996,3,0.066969,0.085667,0.292049,0.502449,0.052867,2,0.055749,0.064303,0.578322,0.122499,0.179127,4,0.22886,0.10266,0.557432,0.055527,0.055521,n,central,slightly_facing,y,slightly_facing,range_24_27,None,arm_raise_high,mid_peripheral
27,2,0.04692,0.060671,0.08896,0.028662,0.774787,3,0.052532,0.110711,0.764721,0.018851,0.053185,2,0.036201,0.036793,0.085952,0.180781,0.660273,4,0.786461,0.100816,0.038843,0.036945,0.036935,n,central,slightly_facing,y,slightly_facing,range_24_27,None,arm_raise_high,mid_peripheral
28,2,0.005758,0.007287,0.023113,0.028468,0.935374,3,0.024872,0.094411,0.857637,0.007227,0.015854,2,0.007552,0.00793,0.047216,0.086828,0.850474,4,0.946987,0.032281,0.006922,0.006906,0.006903,n,central,slightly_facing,y,slightly_facing,range_24_27,None,arm_raise_high,mid_peripheral
29,2,0.000585,0.000723,0.004943,0.026898,0.966852,3,0.019552,0.087021,0.886864,0.002836,0.003726,2,0.002621,0.002828,0.03869,0.039283,0.916579,4,0.986509,0.009348,0.001384,0.00138,0.001379,n,central,slightly_facing,y,slightly_facing,range_24_27,None,arm_raise_high,mid_peripheral
30,2,6.6e-05,8.2e-05,0.001057,0.025784,0.973012,3,0.017906,0.07924,0.900192,0.001522,0.001141,2,0.00186,0.001973,0.036436,0.019129,0.940602,4,0.995591,0.00292,0.000498,0.000496,0.000495,n,central,slightly_facing,y,slightly_facing,range_24_27,None,arm_raise_high,mid_peripheral
31,2,1e-05,1.4e-05,0.000244,0.025255,0.974477,3,0.017147,0.071646,0.90771,0.001493,0.002004,2,0.001732,0.001799,0.035263,0.010677,0.95053,4,0.996476,0.001577,0.000651,0.000649,0.000648,n,central,slightly_facing,y,slightly_facing,range_24_27,None,arm_raise_high,mid_peripheral
32,2,1e-06,1e-06,8e-06,0.024794,0.975196,3,0.0169,0.031165,0.950917,0.000975,4.3e-05,2,0.001725,0.00176,0.029615,0.005978,0.960922,4,0.999003,0.000348,0.000217,0.000216,0.000216,n,central,slightly_facing,y,slightly_facing,range_24_27,None,arm_raise_high,mid_peripheral
33,2,2e-06,4e-06,1.9e-05,0.025888,0.974087,3,0.017636,0.542467,0.439329,0.000568,0.0,2,0.001455,0.001634,0.101758,0.009217,0.885935,4,0.999488,0.00021,0.000101,0.000101,0.000101,n,central,slightly_facing,y,slightly_facing,range_24_27,None,arm_raise_high,mid_peripheral
34,2,2e-06,4e-06,1.9e-05,0.025889,0.974086,3,0.017695,0.542437,0.439292,0.000576,0.0,2,0.001455,0.001634,0.10175,0.009316,0.885846,4,0.999482,0.000216,0.000101,0.000101,0.000101,n,central,slightly_facing,y,slightly_facing,range_24_27,None,arm_raise_high,mid_peripheral
35,2,2e-06,4e-06,1.9e-05,0.025889,0.974086,3,0.017695,0.542437,0.439292,0.000576,0.0,2,0.001455,0.001634,0.10175,0.009316,0.885846,4,0.999482,0.000216,0.000101,0.000101,0.000101,n,central,slightly_facing,y,slightly_facing,range_24_27,None,arm_raise_high,mid_peripheral
36,2,2e-06,4e-06,2.1e-05,0.02596,0.974012,3,0.017747,0.542462,0.439223,0.000568,0.0,2,0.001685,0.001725,0.101828,0.008938,0.885825,4,0.999486,0.00021,0.000102,0.000101,0.000101,n,central,strongly_facing,y,slightly_facing,range_24_27,None,arm_raise_high,mid_peripheral
37,2,2e-06,5e-06,2.1e-05,0.025976,0.973995,3,0.017574,0.542585,0.43928,0.000561,0.0,2,0.001778,0.001749,0.101874,0.008606,0.885992,4,0.999492,0.000205,0.000102,0.000101,0.000101,n,central,strongly_facing,y,slightly_facing,range_24_27,None,arm_raise_high,mid_peripheral
38,2,2e-06,5e-06,2.1e-05,0.025963,0.974008,3,0.017338,0.542728,0.43938,0.000554,0.0,2,0.001818,0.001754,0.10191,0.008295,0.886223,4,0.999497,0.000199,0.000102,0.000101,0.000101,n,central,strongly_facing,y,slightly_facing,range_24_27,None,arm_raise_high,mid_peripheral
39,2,0.000498,0.001137,0.003998,0.322411,0.671956,3,0.711366,0.285066,0.003159,0.000408,0.0,2,0.422127,0.144461,0.144492,0.14446,0.144459,4,0.997835,0.000541,0.000542,0.000541,0.000541,y,central,slightly_facing,y,slightly_facing,range_24_27,None,None,central
40,2,0.00069,0.002299,0.005731,0.677051,0.314229,3,0.347798,0.648205,0.002223,0.001774,1e-06,2,0.715007,0.071248,0.071248,0.071248,0.071248,4,0.998693,0.000327,0.000327,0.000327,0.000327,y,central,slightly_facing,y,slightly_facing,range_24_27,None,None,central
41,2,0.000867,0.004121,0.008061,0.876028,0.110923,3,0.132954,0.860881,0.001667,0.004498,1e-06,2,0.887902,0.028024,0.028025,0.028024,0.028024,4,0.998669,0.000333,0.000333,0.000333,0.000333,y,central,slightly_facing,y,slightly_facing,range_24_27,None,None,central
42,2,0.000958,0.006556,0.010596,0.929912,0.051978,3,0.068184,0.921289,0.00144,0.009084,2e-06,2,0.93998,0.015005,0.015005,0.015005,0.015005,4,0.998601,0.00035,0.00035,0.00035,0.00035,y,central,slightly_facing,y,slightly_facing,range_21_24,None,None,central
43,2,0.001177,0.024206,0.017923,0.923866,0.032828,3,0.045807,0.908573,0.005598,0.040011,1e-05,2,0.95804,0.01049,0.01049,0.01049,0.01049,4,0.998367,0.000408,0.000408,0.000408,0.000408,y,central,slightly_facing,y,slightly_facing,range_21_24,None,None,central
44,2,0.003679,0.303743,0.079841,0.611144,0.001593,3,0.006115,0.410186,0.087569,0.496012,0.000119,2,0.992038,0.00199,0.00199,0.00199,0.00199,4,0.99527,0.001183,0.001183,0.001183,0.001183,y,central,slightly_facing,y,slightly_facing,range_21_24,None,None,central
45,2,0.003789,0.316061,0.082601,0.596989,0.00056,3,0.004758,0.387762,0.091195,0.516162,0.000124,2,0.993224,0.001694,0.001694,0.001694,0.001694,4,0.995133,0.001217,0.001217,0.001217,0.001217,y,central,slightly_facing,y,slightly_facing,range_21_24,None,None,central
46,2,0.003842,0.322166,0.083825,0.589907,0.000259,3,0.004351,0.376441,0.093026,0.526056,0.000126,2,0.993602,0.0016,0.0016,0.0016,0.0016,4,0.995067,0.001233,0.001233,0.001233,0.001233,y,central,slightly_facing,y,slightly_facing,range_21_24,None,None,central
47,2,0.003872,0.325902,0.084444,0.585643,0.000139,3,0.004185,0.369568,0.094147,0.531972,0.000128,2,0.993766,0.001559,0.001559,0.001559,0.001559,4,0.995028,0.001243,0.001243,0.001243,0.001243,y,central,slightly_facing,y,slightly_facing,range_21_24,None,None,central
48,2,0.003872,0.325902,0.084444,0.585643,0.000139,3,0.004185,0.369568,0.094147,0.531972,0.000128,2,0.993766,0.001559,0.001559,0.001559,0.001559,4,0.995028,0.001243,0.001243,0.001243,0.001243,y,central,slightly_facing,y,slightly_facing,range_21_24,None,None,central
49,2,0.003872,0.325902,0.084444,0.585643,0.000139,3,0.004185,0.369568,0.094147,0.531972,0.000128,2,0.993766,0.001559,0.001559,0.001559,0.001559,4,0.995028,0.001243,0.001243,0.001243,0.001243,y,central,slightly_facing,y,slightly_facing,range_21_24,None,None,central
50,2,0.003872,0.325902,0.084444,0.585643,0.000139,3,0.004185,0.369568,0.094147,0.531972,0.000128,2,0.993766,0.001559,0.001559,0.001559,0.001559,4,0.995028,0.001243,0.001243,0.001243,0.001243,y,central,slightly_facing,y,slightly_facing,range_21_24,None,None,central
51,2,0.003872,0.325902,0.084444,0.585643,0.000139,3,0.004185,0.369568,0.094147,0.531972,0.000128,2,0.993766,0.001559,0.001559,0.001559,0.001559,4,0.995028,0.001243,0.001243,0.001243,0.001243,y,central,slightly_facing,y,slightly_facing,range_21_24,None,None,central
52,2,0.003872,0.325902,0.084444,0.585643,0.000139,3,0.004185,0.369568,0.094147,0.531972,0.000128,2,0.993766,0.001559,0.001559,0.001559,0.001559,4,0.995028,0.001243,0.001243,0.001243,0.001243,y,central,slightly_facing,y,slightly_facing,range_21_24,None,None,central
53,2,0.003872,0.325902,0.084444,0.585643,0.000139,3,0.004185,0.369568,0.094147,0.531972,0.000128,2,0.993766,0.001559,0.001559,0.001559,0.001559,4,0.995028,0.001243,0.001243,0.001243,0.001243,y,central,slightly_facing,y,slightly_facing,range_21_24,None,None,central
54,2,0.003872,0.325902,0.084444,0.585643,0.000139,3,0.004185,0.369568,0.094147,0.531972,0.000128,2,0.993766,0.001559,0.001559,0.001559,0.001559,4,0.995028,0.001243,0.001243,0.001243,0.001243,y,central,slightly_facing,y,slightly_facing,range_21_24,None,None,central
55,2,0.003872,0.325902,0.084444,0.585643,0.000139,3,0.004185,0.369568,0.094147,0.531972,0.000128,2,0.993766,0.001559,0.001559,0.001559,0.001559,4,0.995028,0.001243,0.001243,0.001243,0.001243,y,central,slightly_facing,y,slightly_facing,range_21_24,None,None,central
56,2,0.003872,0.325902,0.084444,0.585643,0.000139,3,0.004185,0.369568,0.094147,0.531972,0.000128,2,0.993766,0.001559,0.001559,0.001559,0.001559,4,0.995028,0.001243,0.001243,0.001243,0.001243,y,central,slightly_facing,y,slightly_facing,range_21_24,None,None,central
57,2,0.003872,0.325902,0.084444,0.585643,0.000139,3,0.004185,0.369568,0.094147,0.531972,0.000128,2,0.993766,0.001559,0.001559,0.001559,0.001559,4,0.995028,0.001243,0.001243,0.001243,0.001243,y,central,slightly_facing,y,slightly_facing,range_21_24,None,None,central
58,2,0.003872,0.325902,0.084444,0.585643,0.000139,3,0.004185,0.369568,0.094147,0.531972,0.000128,2,0.993766,0.001559,0.001559,0.001559,0.001559,4,0.995028,0.001243,0.001243,0.001243,0.001243,y,central,slightly_facing,y,slightly_facing,range_21_24,None,None,central
59,2,0.003872,0.325902,0.084445,0.585642,0.000139,3,0.004185,0.369568,0.094148,0.531972,0.000128,3,0.993765,0.001559,0.001559,0.001559,0.001559,4,0.995027,0.001243,0.001243,0.001243,0.001243,y,central,slightly_facing,y,slightly_facing,range_21_24,arm_raise_high,None,central
60,2,0.003873,0.325904,0.084447,0.585637,0.000139,3,0.004186,0.36957,0.09415,0.531967,0.000128,3,0.993758,0.00156,0.001561,0.00156,0.00156,4,0.995019,0.001245,0.001245,0.001245,0.001245,y,central,slightly_facing,y,slightly_facing,range_18_21,arm_raise_high,None,central
61,2,0.003873,0.325904,0.084447,0.585636,0.000139,3,0.004186,0.36957,0.09415,0.531967,0.000128,3,0.993758,0.001561,0.001561,0.001561,0.001561,4,0.995019,0.001245,0.001245,0.001245,0.001245,y,central,slightly_facing,y,slightly_facing,range_18_21,arm_raise_high,None,central
62,2,0.003873,0.325904,0.084447,0.585636,0.000139,3,0.004186,0.36957,0.09415,0.531967,0.000128,3,0.993758,0.001561,0.001561,0.001561,0.001561,4,0.995019,0.001245,0.001245,0.001245,0.001245,y,central,slightly_facing,y,slightly_facing,range_18_21,arm_raise_high,None,central
63,2,0.003873,0.325904,0.084447,0.585636,0.000139,3,0.004186,0.36957,0.09415,0.531967,0.000128,3,0.993758,0.001561,0.001561,0.001561,0.001561,4,0.995019,0.001245,0.001245,0.001245,0.001245,y,central,slightly_facing,y,slightly_facing,range_18_21,arm_raise_high,None,central
64,2,0.003909,0.325996,0.084595,0.585359,0.000141,3,0.004215,0.369653,0.094283,0.53172,0.00013,3,0.993381,0.001654,0.00166,0.001652,0.001652,4,0.994638,0.00134,0.001341,0.001343,0.001338,m,central,slightly_facing,m,slightly_facing,range_18_21,arm_raise_high,None,central
65,2,0.003875,0.325909,0.084454,0.585624,0.000139,3,0.004187,0.369574,0.094156,0.531955,0.000128,3,0.99374,0.001565,0.001565,0.001565,0.001565,4,0.995002,0.001249,0.001249,0.00125,0.001249,y,central,slightly_facing,y,slightly_facing,range_18_21,arm_raise_high,None,central
66,2,0.003873,0.325904,0.084448,0.585636,0.000139,3,0.004186,0.36957,0.094151,0.531966,0.000128,3,0.993757,0.001561,0.001561,0.001561,0.001561,4,0.995018,0.001245,0.001245,0.001246,0.001245,y,central,slightly_facing,y,slightly_facing,range_18_21,arm_raise_high,None,central
67,2,0.003873,0.325904,0.084448,0.585637,0.000139,3,0.004186,0.36957,0.094151,0.531966,0.000128,3,0.993758,0.001561,0.001561,0.001561,0.001561,4,0.995019,0.001245,0.001245,0.001245,0.001245,y,central,slightly_facing,y,slightly_facing,range_18_21,arm_raise_high,None,central
68,2,0.003873,0.325886,0.084453,0.585649,0.000139,3,0.004186,0.369549,0.094192,0.531945,0.000128,3,0.993756,0.001562,0.001561,0.001561,0.001561,4,0.995018,0.001246,0.001245,0.001245,0.001245,y,central,slightly_facing,y,slightly_facing,range_18_21,arm_raise_high,None,central
69,2,0.003873,0.325886,0.084453,0.585649,0.000139,3,0.004186,0.369549,0.094192,0.531945,0.000128,3,0.993756,0.001562,0.001561,0.001561,0.001561,4,0.995018,0.001247,0.001245,0.001245,0.001245,y,central,slightly_facing,y,slightly_facing,range_18_21,arm_raise_high,None,central
70,2,0.003873,0.325886,0.084453,0.585649,0.000139,3,0.004186,0.369549,0.094192,0.531945,0.000128,3,0.993755,0.001562,0.001561,0.001561,0.001561,4,0.995018,0.001247,0.001245,0.001245,0.001245,y,central,slightly_facing,y,slightly_facing,range_18_21,arm_raise_high,None,central
71,2,0.003873,0.325882,0.084455,0.585652,0.000139,3,0.004186,0.369543,0.094203,0.531939,0.000128,3,0.993755,0.001562,0.001561,0.001561,0.001561,4,0.995018,0.001247,0.001245,0.001245,0.001245,y,central,slightly_facing,y,slightly_facing,range_18_21,arm_raise_high,None,central
72,2,0.003873,0.325766,0.084497,0.585725,0.000139,3,0.00419,0.369383,0.094503,0.531797,0.000128,3,0.99375,0.001564,0.001562,0.001562,0.001562,4,0.995018,0.001247,0.001245,0.001245,0.001245,y,central,slightly_facing,y,slightly_facing,range_18_21,arm_raise_high,None,central
73,2,0.003873,0.325887,0.084453,0.585649,0.000139,3,0.004186,0.369549,0.094192,0.531945,0.000128,3,0.993757,0.001561,0.001561,0.001561,0.001561,4,0.995019,0.001245,0.001245,0.001245,0.001245,y,central,slightly_facing,y,slightly_facing,range_18_21,arm_raise_high,None,central
74,2,0.003909,0.325978,0.084601,0.585371,0.000141,3,0.004215,0.369631,0.094325,0.531699,0.00013,3,0.993379,0.001655,0.00166,0.001652,0.001652,4,0.994637,0.001341,0.001341,0.001343,0.001338,m,central,slightly_facing,m,slightly_facing,range_18_21,arm_raise_high,None,central
75,2,0.003875,0.325891,0.08446,0.585636,0.000139,3,0.004188,0.369553,0.094198,0.531934,0.000128,3,0.993738,0.001567,0.001565,0.001565,0.001565,4,0.995001,0.001251,0.00125,0.00125,0.001249,y,central,slightly_facing,y,slightly_facing,range_18_21,arm_raise_high,None,central
76,4,0.003873,0.325885,0.084452,0.585652,0.000139,3,0.004186,0.369548,0.094191,0.531947,0.000128,4,0.99376,0.00156,0.00156,0.00156,0.00156,4,0.995023,0.001244,0.001244,0.001244,0.001244,y,central,slightly_facing,y,slightly_facing,range_18_21,None,None,central
77,4,0.003873,0.325885,0.084451,0.585652,0.000139,3,0.004186,0.369548,0.09419,0.531948,0.000128,4,0.993761,0.00156,0.00156,0.00156,0.00156,4,0.995024,0.001244,0.001244,0.001244,0.001244,y,central,slightly_facing,y,slightly_facing,range_18_21,None,None,central
78,4,0.003991,0.325875,0.084585,0.585402,0.000146,3,0.004311,0.369523,0.094309,0.531723,0.000134,4,0.993329,0.001701,0.00169,0.00165,0.001631,4,0.994647,0.001372,0.00134,0.001329,0.001313,y,central,slightly_facing,y,slightly_facing,range_15_18,None,None,central
79,4,0.004002,0.325872,0.084599,0.585381,0.000146,3,0.004322,0.369518,0.094321,0.531704,0.000135,4,0.993293,0.001714,0.001701,0.001656,0.001636,4,0.994618,0.001384,0.001346,0.001334,0.001317,y,central,slightly_facing,y,slightly_facing,range_15_18,None,None,central
80,4,0.004003,0.325871,0.0846,0.585379,0.000147,3,0.004323,0.369517,0.094323,0.531702,0.000135,4,0.993289,0.001715,0.001702,0.001656,0.001637,4,0.994616,0.001385,0.001347,0.001335,0.001318,y,central,slightly_facing,y,slightly_facing,range_15_18,None,None,central
81,4,0.004003,0.325866,0.084603,0.585381,0.000147,3,0.004323,0.369511,0.094335,0.531696,0.000135,4,0.993288,0.001715,0.001703,0.001657,0.001637,4,0.994615,0.001385,0.001347,0.001335,0.001318,y,central,slightly_facing,y,slightly_facing,range_15_18,None,None,central
82,4,0.004003,0.325749,0.084648,0.585453,0.000147,3,0.004327,0.36935,0.094637,0.531552,0.000135,4,0.993281,0.001717,0.001706,0.001658,0.001638,4,0.994616,0.001385,0.001347,0.001334,0.001318,y,central,slightly_facing,y,slightly_facing,range_15_18,None,None,central
83,4,0.004003,0.325871,0.084601,0.585378,0.000147,3,0.004323,0.369517,0.094323,0.531702,0.000135,4,0.993289,0.001715,0.001703,0.001657,0.001637,4,0.994615,0.001385,0.001347,0.001335,0.001318,y,central,slightly_facing,y,slightly_facing,range_15_18,None,None,central
84,4,0.004003,0.325884,0.084597,0.585369,0.000147,3,0.004322,0.369535,0.09429,0.531718,0.000135,4,0.99329,0.001715,0.001702,0.001656,0.001636,4,0.994615,0.001385,0.001347,0.001335,0.001318,y,central,slightly_facing,y,slightly_facing,range_15_18,None,None,central
85,4,0.004003,0.325885,0.084596,0.585369,0.000147,3,0.004322,0.369535,0.09429,0.531717,0.000135,4,0.99329,0.001715,0.001702,0.001656,0.001636,4,0.994615,0.001385,0.001347,0.001335,0.001318,y,central,slightly_facing,y,slightly_facing,range_15_18,None,None,central
86,4,0.004004,0.325924,0.08461,0.585316,0.000147,3,0.004323,0.369609,0.094339,0.531595,0.000135,4,0.993287,0.001716,0.001703,0.001657,0.001637,4,0.994614,0.001386,0.001347,0.001335,0.001318,y,central,slightly_facing,y,slightly_facing,range_15_18,None,None,central
87,4,0.004004,0.325924,0.08461,0.585316,0.000147,3,0.004323,0.369609,0.094339,0.531595,0.000135,4,0.993287,0.001716,0.001703,0.001657,0.001637,4,0.994614,0.001386,0.001347,0.001335,0.001318,y,central,slightly_facing,y,slightly_facing,range_15_18,None,None,central
88,4,0.003989,0.325979,0.084497,0.585393,0.000141,3,0.004234,0.369586,0.094302,0.531743,0.000135,4,0.993538,0.001637,0.001609,0.001608,0.001608,4,0.99473,0.001357,0.001318,0.001306,0.001289,y,central,strongly_facing,y,slightly_facing,range_15_18,None,None,central
89,4,0.003988,0.325981,0.084492,0.585398,0.000141,3,0.004231,0.369584,0.094301,0.53175,0.000135,4,0.993549,0.001632,0.001607,0.001606,0.001606,4,0.994736,0.001355,0.001317,0.001304,0.001288,y,central,strongly_facing,y,slightly_facing,range_15_18,None,None,central
90,4,0.003988,0.325981,0.084492,0.585398,0.000141,3,0.004231,0.369584,0.0943,0.531751,0.000135,4,0.99355,0.001632,0.001607,0.001606,0.001606,4,0.994737,0.001355,0.001317,0.001304,0.001287,y,central,strongly_facing,y,slightly_facing,range_15_18,None,None,central
91,4,0.003988,0.325981,0.084492,0.585398,0.000141,3,0.004231,0.369584,0.0943,0.531751,0.000135,4,0.99355,0.001632,0.001606,0.001606,0.001606,4,0.994737,0.001355,0.001317,0.001304,0.001287,y,central,strongly_facing,y,slightly_facing,range_15_18,None,None,central
92,4,0.003988,0.325981,0.084491,0.585398,0.000141,3,0.004231,0.369584,0.0943,0.531751,0.000135,4,0.99355,0.001632,0.001606,0.001606,0.001606,4,0.994737,0.001355,0.001317,0.001304,0.001287,y,central,strongly_facing,y,slightly_facing,range_15_18,None,None,central
93,4,0.004143,0.326007,0.084567,0.585138,0.000145,3,0.004321,0.369521,0.094423,0.531592,0.000143,4,0.993206,0.001769,0.001676,0.001675,0.001675,4,0.99434,0.001538,0.001414,0.001358,0.001351,y,central,strongly_facing,y,slightly_facing,range_12_15,None,None,central
94,4,0.004214,0.325895,0.084772,0.584964,0.000155,3,0.004498,0.369543,0.094494,0.531319,0.000146,4,0.992722,0.001955,0.001846,0.001742,0.001735,4,0.994067,0.001634,0.001477,0.001415,0.001408,y,central,slightly_facing,y,slightly_facing,range_12_15,None,None,central
95,4,0.004231,0.32585,0.084796,0.584964,0.000158,3,0.004547,0.369536,0.094513,0.531257,0.000146,4,0.992629,0.002006,0.001875,0.001749,0.001742,4,0.994029,0.001654,0.001484,0.00142,0.001413,y,central,slightly_facing,y,slightly_facing,range_12_15,None,None,central
96,4,0.004239,0.32578,0.084759,0.585063,0.000159,3,0.004563,0.369562,0.094525,0.531203,0.000147,4,0.992604,0.002022,0.001881,0.00175,0.001743,4,0.994018,0.001663,0.001485,0.001421,0.001414,y,central,slightly_facing,y,slightly_facing,range_12_15,None,None,central
97,4,0.004249,0.325774,0.08476,0.585058,0.000159,3,0.004571,0.369554,0.094526,0.531202,0.000147,4,0.992593,0.002031,0.001884,0.00175,0.001743,4,0.994006,0.001674,0.001486,0.001421,0.001414,y,central,slightly_facing,y,slightly_facing,range_12_15,None,None,central
98,4,0.004266,0.325765,0.08476,0.58505,0.000159,3,0.00458,0.369543,0.094525,0.531205,0.000147,4,0.992581,0.00204,0.001885,0.00175,0.001743,4,0.993983,0.001694,0.001488,0.001421,0.001414,y,central,slightly_facing,y,slightly_facing,range_12_15,None,None,central
99,4,0.004274,0.325866,0.084537,0.585176,0.000147,3,0.004401,0.369499,0.09444,0.531512,0.000148,4,0.993072,0.001862,0.00169,0.001688,0.001688,4,0.994145,0.001688,0.001438,0.001368,0.001361,y,central,strongly_facing,y,slightly_facing,range_12_15,None,None,central
100,4,0.004357,0.325834,0.084511,0.585152,0.000146,3,0.00439,0.369492,0.094433,0.531537,0.000149,4,0.993093,0.001855,0.001685,0.001683,0.001683,4,0.994031,0.001805,0.001443,0.001364,0.001357,y,central,strongly_facing,y,slightly_facing,range_12_15,None,None,central
101,4,0.004595,0.325584,0.084615,0.585049,0.000156,3,0.004634,0.369752,0.09447,0.530992,0.000152,4,0.992515,0.002147,0.001852,0.001746,0.001739,4,0.993487,0.002173,0.001514,0.001417,0.00141,y,central,slightly_facing,y,slightly_facing,range_12_15,None,None,central
102,4,0.004602,0.32586,0.084743,0.584636,0.000159,3,0.004764,0.369423,0.09446,0.5312,0.000153,4,0.992305,0.002316,0.001881,0.001752,0.001745,4,0.993461,0.00218,0.00152,0.001423,0.001416,y,central,slightly_facing,y,slightly_facing,range_12_15,None,None,central
103,4,0.004602,0.325853,0.084749,0.584636,0.000159,3,0.004776,0.369418,0.094465,0.531189,0.000153,4,0.992287,0.002326,0.001889,0.001753,0.001746,4,0.993458,0.00218,0.001521,0.001424,0.001417,y,central,slightly_facing,y,slightly_facing,range_12_15,None,None,central
104,4,0.004602,0.325846,0.084751,0.584642,0.00016,3,0.004778,0.36942,0.094468,0.531181,0.000153,4,0.992284,0.002326,0.001891,0.001753,0.001746,4,0.993458,0.00218,0.001521,0.001424,0.001417,y,central,slightly_facing,y,slightly_facing,range_12_15,None,None,central
105,4,0.004601,0.325823,0.084748,0.584668,0.00016,3,0.004776,0.369438,0.094473,0.531161,0.000153,4,0.992287,0.00232,0.001893,0.001753,0.001746,4,0.993459,0.00218,0.001521,0.001424,0.001417,y,central,slightly_facing,y,slightly_facing,range_12_15,None,None,central
106,4,0.005017,0.325649,0.084581,0.584599,0.000153,3,0.004828,0.369252,0.094387,0.531387,0.000146,4,0.992357,0.002449,0.001731,0.001731,0.001731,4,0.992979,0.002828,0.001399,0.001398,0.001396,y,central,strongly_facing,y,slightly_facing,range_9_12,None,None,central
107,4,0.005863,0.325171,0.08444,0.584373,0.000153,3,0.004913,0.36901,0.094318,0.531611,0.000147,4,0.992224,0.002586,0.00173,0.00173,0.00173,4,0.991788,0.004024,0.001397,0.001397,0.001394,y,central,strongly_facing,y,slightly_facing,range_9_12,None,None,central
108,4,0.007509,0.324538,0.084368,0.583427,0.000158,3,0.00563,0.367968,0.09415,0.532104,0.000148,4,0.991094,0.003619,0.001764,0.001762,0.00176,4,0.989348,0.006385,0.001424,0.001423,0.00142,y,central,slightly_facing,y,slightly_facing,range_9_12,None,None,central
109,4,0.010732,0.323088,0.084068,0.581952,0.00016,3,0.008099,0.365374,0.093649,0.53273,0.000149,4,0.987553,0.007143,0.001771,0.001767,0.001765,4,0.984696,0.011012,0.001433,0.001431,0.001428,y,central,slightly_facing,y,slightly_facing,range_9_12,None,None,central
110,4,0.017013,0.320295,0.083385,0.579147,0.00016,3,0.01137,0.361235,0.092826,0.534419,0.000151,4,0.982849,0.011846,0.001772,0.001768,0.001766,4,0.975621,0.020057,0.001445,0.00144,0.001438,y,central,slightly_facing,y,slightly_facing,range_9_12,None,None,central
111,4,0.028823,0.315051,0.082112,0.573854,0.00016,3,0.017426,0.353445,0.091296,0.537679,0.000154,4,0.974128,0.020568,0.001773,0.001766,0.001764,4,0.958481,0.037142,0.001466,0.001457,0.001454,y,central,slightly_facing,y,slightly_facing,range_9_12,None,None,central
112,4,0.04985,0.308351,0.080279,0.561365,0.000154,3,0.022234,0.341027,0.089051,0.547527,0.000161,4,0.967201,0.027601,0.001737,0.00173,0.00173,4,0.927669,0.067899,0.001491,0.001472,0.001469,y,central,strongly_facing,y,slightly_facing,range_9_12,None,None,central
113,4,0.08269,0.298829,0.077879,0.540452,0.00015,3,0.027189,0.321945,0.085916,0.564777,0.000173,4,0.959585,0.035271,0.001721,0.001712,0.001712,4,0.877762,0.11763,0.001562,0.001524,0.001522,y,central,strongly_facing,y,slightly_facing,range_9_12,None,None,central
114,4,0.12096,0.289498,0.076016,0.513382,0.000144,3,0.028473,0.29895,0.082998,0.589391,0.000188,4,0.955358,0.039565,0.001701,0.001688,0.001688,4,0.81156,0.183608,0.001659,0.001588,0.001586,y,central,strongly_facing,y,slightly_facing,range_9_12,None,None,central
115,4,0.120998,0.289657,0.076006,0.513195,0.000144,3,0.028369,0.298897,0.082989,0.589557,0.000188,4,0.955464,0.03946,0.001701,0.001688,0.001688,4,0.811527,0.183639,0.001659,0.001588,0.001586,y,central,strongly_facing,y,slightly_facing,range_9_12,None,None,central
116,4,0.119641,0.286584,0.075592,0.518033,0.00015,3,0.035795,0.297522,0.08261,0.583887,0.000186,4,0.943734,0.051087,0.001741,0.001721,0.001718,4,0.813645,0.181493,0.001668,0.001598,0.001596,y,central,slightly_facing,y,slightly_facing,range_9_12,None,None,central
117,4,0.119618,0.286521,0.075598,0.518114,0.000149,3,0.035863,0.297532,0.082619,0.5838,0.000186,4,0.943651,0.051164,0.001743,0.001722,0.00172,4,0.813666,0.181474,0.001667,0.001597,0.001595,y,central,slightly_facing,y,slightly_facing,range_9_12,None,None,central
118,4,0.119594,0.286422,0.075604,0.518232,0.000149,3,0.035942,0.297557,0.082624,0.583691,0.000186,4,0.943569,0.051245,0.001743,0.001723,0.001721,4,0.813688,0.181454,0.001667,0.001597,0.001595,y,central,slightly_facing,y,slightly_facing,range_9_12,None,None,central
119,4,0.122505,0.289193,0.075905,0.512253,0.000143,3,0.02875,0.297905,0.082844,0.590314,0.000187,4,0.954913,0.040028,0.001695,0.001682,0.001682,4,0.809175,0.186012,0.001652,0.001581,0.001581,y,central,strongly_facing,y,slightly_facing,range_6_9,None,None,central
120,4,0.125091,0.291129,0.076148,0.507491,0.00014,3,0.02319,0.298096,0.083015,0.595509,0.000189,4,0.963635,0.031354,0.001677,0.001667,0.001667,4,0.805103,0.190077,0.001655,0.001583,0.001582,y,central,strongly_facing,y,slightly_facing,range_6_9,None,None,central
121,4,0.126649,0.29072,0.076041,0.506448,0.00014,3,0.023381,0.297169,0.082871,0.596389,0.00019,4,0.963315,0.031678,0.001676,0.001665,0.001665,4,0.802672,0.192499,0.001659,0.001585,0.001585,y,central,strongly_facing,y,slightly_facing,range_6_9,None,None,central
122,4,0.128224,0.290338,0.075932,0.505366,0.00014,3,0.023569,0.296218,0.082724,0.597299,0.00019,4,0.962997,0.032,0.001675,0.001664,0.001664,4,0.80022,0.194941,0.001662,0.001588,0.001588,y,central,strongly_facing,y,slightly_facing,range_6_9,None,None,central
123,4,0.129829,0.290029,0.075814,0.504188,0.00014,3,0.023727,0.295224,0.082569,0.598289,0.000191,4,0.962706,0.032293,0.001674,0.001663,0.001663,4,0.797733,0.197419,0.001666,0.001591,0.001591,y,central,strongly_facing,y,slightly_facing,range_6_9,None,None,central
124,4,0.601178,0.200245,0.050052,0.148486,4e-05,3,0.003429,0.037194,0.044345,0.914723,0.000309,4,0.993821,0.003743,0.000813,0.000811,0.000811,4,0.059822,0.933572,0.002438,0.002087,0.00208,y,central,slightly_facing,n,turned_away,range_6_9,None,None,central
125,4,0.601962,0.199412,0.04994,0.148648,3.9e-05,3,0.004033,0.03708,0.045139,0.913422,0.000325,4,0.992565,0.004062,0.001125,0.001124,0.001124,4,0.059879,0.932949,0.00263,0.002271,0.002271,y,central,slightly_facing,y,slightly_facing,range_6_9,None,None,central
126,4,0.602341,0.199429,0.049973,0.148219,3.8e-05,3,0.003857,0.036891,0.045292,0.913615,0.000345,4,0.992874,0.003507,0.001207,0.001206,0.001206,4,0.058922,0.933778,0.002673,0.002314,0.002314,y,central,strongly_facing,y,slightly_facing,range_6_9,None,None,central
127,4,0.601636,0.199625,0.050143,0.148559,3.8e-05,3,0.003678,0.036987,0.045449,0.913529,0.000357,4,0.993223,0.003086,0.001231,0.00123,0.00123,4,0.058324,0.934348,0.002684,0.002322,0.002322,y,central,strongly_facing,y,slightly_facing,range_6_9,None,None,central
128,4,0.601127,0.199562,0.05014,0.149132,3.8e-05,3,0.003777,0.037506,0.045444,0.912908,0.000365,4,0.993116,0.003166,0.00124,0.001239,0.001239,4,0.058951,0.933715,0.002685,0.002324,0.002324,y,central,strongly_facing,y,slightly_facing,range_6_9,None,None,central
129,4,0.600331,0.199466,0.050126,0.150038,3.8e-05,3,0.003847,0.038406,0.045422,0.911956,0.000369,4,0.993042,0.003227,0.001244,0.001243,0.001243,4,0.059928,0.932741,0.002684,0.002323,0.002323,y,central,strongly_facing,y,slightly_facing,range_6_9,None,None,central
130,4,0.598893,0.199362,0.050112,0.151593,3.9e-05,3,0.003905,0.039977,0.04539,0.910357,0.000371,4,0.992978,0.003279,0.001248,0.001247,0.001247,4,0.061572,0.931106,0.002681,0.002321,0.002321,y,central,strongly_facing,y,slightly_facing,range_6_9,None,None,central
131,4,0.595604,0.199233,0.050136,0.154987,4e-05,3,0.004481,0.042852,0.045431,0.906866,0.000371,4,0.99214,0.004055,0.001269,0.001268,0.001268,4,0.065168,0.927495,0.002686,0.002325,0.002325,y,central,slightly_facing,y,slightly_facing,range_6_9,None,None,central
132,4,0.626126,0.196021,0.049062,0.128756,3.5e-05,3,0.002331,0.021201,0.041924,0.934272,0.000272,4,0.996336,0.001939,0.000575,0.000575,0.000575,4,0.011802,0.982148,0.002273,0.001889,0.001889,m,central,slightly_facing,n,strongly_facing,range_6_9,None,None,central
133,4,0.603796,0.198371,0.049867,0.147927,3.9e-05,3,0.004925,0.03476,0.043548,0.916515,0.000251,4,0.992204,0.006005,0.000598,0.000596,0.000596,4,0.054527,0.939565,0.002211,0.001848,0.001848,y,central,strongly_facing,n,strongly_facing,range_6_9,None,None,central
134,4,0.632902,0.19378,0.048433,0.124853,3.1e-05,3,0.00159,0.019204,0.041234,0.93773,0.000241,4,0.997519,0.000997,0.000495,0.000495,0.000495,4,0.008536,0.985598,0.002209,0.001828,0.001828,y,central,strongly_facing,n,strongly_facing,range_6_9,None,None,central
135,4,0.636305,0.193237,0.048263,0.122165,3e-05,3,0.001279,0.017311,0.040945,0.940226,0.000238,4,0.998028,0.000538,0.000478,0.000478,0.000478,4,0.003012,0.99114,0.002205,0.001822,0.001822,y,central,strongly_facing,n,strongly_facing,range_3_6,None,None,central
136,4,0.636582,0.193233,0.048258,0.121896,3e-05,3,0.001243,0.017103,0.040923,0.940493,0.000238,4,0.998086,0.000485,0.000476,0.000476,0.000476,4,0.00239,0.991764,0.002205,0.001821,0.001821,y,central,strongly_facing,n,strongly_facing,range_3_6,None,None,central
137,4,0.636451,0.193321,0.048278,0.121919,3e-05,3,0.001239,0.017086,0.040936,0.940502,0.000237,4,0.998093,0.000479,0.000476,0.000476,0.000476,4,0.00232,0.991834,0.002205,0.001821,0.001821,y,central,strongly_facing,n,strongly_facing,range_3_6,None,None,central
138,4,0.636099,0.193521,0.048323,0.122027,3e-05,3,0.001239,0.017097,0.040966,0.94046,0.000237,4,0.998094,0.000478,0.000476,0.000476,0.000476,4,0.002313,0.991842,0.002205,0.001821,0.001821,y,central,strongly_facing,n,strongly_facing,range_3_6,None,None,central
139,4,0.635327,0.194008,0.048406,0.12223,3e-05,3,0.001239,0.017121,0.041023,0.940379,0.000237,4,0.998093,0.000478,0.000476,0.000476,0.000476,4,0.002312,0.991842,0.002205,0.00182,0.00182,y,central,strongly_facing,n,strongly_facing,range_3_6,None,None,central
140,4,0.633099,0.195371,0.048675,0.122824,3.2e-05,3,0.001248,0.017208,0.041227,0.940079,0.000237,4,0.99804,0.000494,0.000489,0.000489,0.000489,4,0.002329,0.991793,0.002217,0.00183,0.00183,m,central,slightly_facing,n,strongly_facing,range_3_6,None,None,central
141,4,0.632195,0.195585,0.048846,0.123343,3.1e-05,3,0.001242,0.017259,0.041334,0.939927,0.000237,4,0.998088,0.000479,0.000478,0.000478,0.000478,4,0.002315,0.99184,0.002207,0.001819,0.001819,y,central,strongly_facing,n,strongly_facing,range_3_6,None,None,central
142,4,0.63218,0.195589,0.048848,0.123352,3e-05,3,0.001242,0.01726,0.041334,0.939927,0.000237,4,0.998091,0.000478,0.000477,0.000477,0.000477,4,0.002314,0.991843,0.002207,0.001818,0.001818,y,central,strongly_facing,n,strongly_facing,range_3_6,None,None,central
143,4,0.632065,0.195621,0.048871,0.123414,3e-05,3,0.001242,0.017267,0.041351,0.939903,0.000237,4,0.998091,0.000478,0.000477,0.000477,0.000477,4,0.002314,0.991843,0.002207,0.001818,0.001818,y,central,strongly_facing,n,strongly_facing,range_3_6,None,None,central
144,4,0.632065,0.195621,0.04887,0.123414,3e-05,3,0.001242,0.017267,0.041351,0.939903,0.000237,4,0.998091,0.000478,0.000477,0.000477,0.000477,4,0.002314,0.991843,0.002207,0.001818,0.001818,y,central,strongly_facing,n,strongly_facing,range_3_6,None,None,central
145,4,0.632064,0.195621,0.048872,0.123413,3.1e-05,3,0.001243,0.017269,0.041356,0.939895,0.000237,4,0.998084,0.00048,0.000478,0.000478,0.000478,4,0.002316,0.991837,0.002208,0.001819,0.001819,y,central,slightly_facing,n,strongly_facing,range_3_6,None,None,central
146,4,0.632058,0.195619,0.048885,0.123406,3.2e-05,3,0.001249,0.01728,0.041389,0.939844,0.000237,4,0.998038,0.000495,0.000489,0.000489,0.000489,4,0.002331,0.991793,0.002218,0.001829,0.001829,m,central,slightly_facing,n,strongly_facing,range_3_6,None,None,central
147,4,0.632131,0.195604,0.048857,0.123377,3.1e-05,3,0.001243,0.017263,0.041343,0.939914,0.000237,4,0.998088,0.00048,0.000478,0.000478,0.000478,4,0.002316,0.99184,0.002207,0.001819,0.001819,y,central,strongly_facing,n,strongly_facing,range_3_6,None,None,central
148,4,0.632679,0.195477,0.048746,0.123068,3e-05,3,0.001241,0.017224,0.041255,0.940042,0.000237,4,0.998091,0.000478,0.000477,0.000477,0.000477,4,0.002314,0.991843,0.002206,0.001819,0.001819,y,central,strongly_facing,n,strongly_facing,range_3_6,None,None,central
149,4,0.632065,0.195621,0.048871,0.123414,3e-05,3,0.001242,0.017267,0.041351,0.939903,0.000237,4,0.998091,0.000478,0.000477,0.000477,0.000477,4,0.002314,0.991843,0.002207,0.001818,0.001818,y,central,strongly_facing,n,strongly_facing,range_3_6,None,None,central
150,4,0.632065,0.195621,0.04887,0.123413,3e-05,3,0.001242,0.017267,0.041351,0.939903,0.000237,4,0.998091,0.000478,0.000477,0.000477,0.000477,4,0.002314,0.991843,0.002207,0.001818,0.001818,y,central,strongly_facing,n,strongly_facing,range_3_6,None,None,central
151,4,0.632066,0.195621,0.04887,0.123413,3e-05,3,0.001242,0.017267,0.041351,0.939903,0.000237,4,0.998091,0.000478,0.000477,0.000477,0.000477,4,0.002314,0.991843,0.002207,0.001818,0.001818,y,central,strongly_facing,n,strongly_facing,range_3_6,None,None,central
152,4,0.632082,0.195617,0.048867,0.123404,3e-05,3,0.001242,0.017266,0.041348,0.939906,0.000237,4,0.998091,0.000478,0.000477,0.000477,0.000477,4,0.002314,0.991843,0.002207,0.001818,0.001818,y,central,strongly_facing,n,strongly_facing,range_3_6,None,None,central
153,4,0.632228,0.195582,0.048838,0.123322,3.1e-05,3,0.001243,0.017257,0.041331,0.939932,0.000237,4,0.998084,0.00048,0.000478,0.000478,0.000478,4,0.002316,0.991837,0.002208,0.001819,0.001819,y,central,slightly_facing,n,strongly_facing,range_3_6,None,None,central
154,4,0.632647,0.195467,0.048745,0.123111,3e-05,3,0.001357,0.017301,0.041481,0.939613,0.000248,4,0.99775,0.000564,0.000562,0.000562,0.000562,4,0.002494,0.991459,0.002274,0.001886,0.001886,y,central,slightly_facing,n,strongly_facing,range_0_3,None,None,central
155,4,0.632025,0.195609,0.048867,0.123468,3e-05,3,0.001368,0.017353,0.041587,0.939441,0.000251,4,0.99773,0.00057,0.000567,0.000567,0.000567,4,0.002516,0.991428,0.002278,0.001889,0.001889,y,central,strongly_facing,n,strongly_facing,range_0_3,None,None,central
156,4,0.632023,0.195608,0.048867,0.123472,3e-05,3,0.001369,0.017357,0.041587,0.939436,0.000252,4,0.997728,0.00057,0.000567,0.000567,0.000567,4,0.00252,0.991422,0.002278,0.00189,0.00189,y,central,strongly_facing,n,strongly_facing,range_0_3,None,None,central
157,4,0.632022,0.195608,0.048867,0.123473,3e-05,3,0.001369,0.017358,0.041587,0.939434,0.000252,4,0.997728,0.00057,0.000567,0.000567,0.000567,4,0.002522,0.99142,0.002278,0.00189,0.00189,y,central,strongly_facing,n,strongly_facing,range_0_3,None,None,central
158,4,0.632014,0.195607,0.048874,0.123474,3.1e-05,3,0.001376,0.017366,0.041609,0.939397,0.000252,4,0.997696,0.000582,0.000574,0.000574,0.000574,4,0.002535,0.991388,0.002285,0.001896,0.001896,m,central,strongly_facing,n,strongly_facing,range_0_3,None,None,central
159,4,0.632021,0.195607,0.048867,0.123474,3e-05,3,0.001369,0.01736,0.041589,0.93943,0.000252,4,0.997726,0.000571,0.000568,0.000568,0.000568,4,0.002525,0.991416,0.002279,0.00189,0.00189,y,central,strongly_facing,n,strongly_facing,range_0_3,None,None,central
160,4,0.632027,0.195605,0.048867,0.12347,3e-05,3,0.00137,0.017361,0.04159,0.939427,0.000252,4,0.997722,0.000573,0.000569,0.000569,0.000569,4,0.002527,0.991411,0.002279,0.001891,0.001891,y,central,slightly_facing,n,strongly_facing,range_0_3,None,None,central
161,4,0.632109,0.195581,0.04885,0.123429,3e-05,3,0.001369,0.017355,0.041575,0.939449,0.000252,4,0.997728,0.00057,0.000567,0.000567,0.000567,4,0.002528,0.991414,0.002278,0.00189,0.00189,y,central,strongly_facing,n,strongly_facing,range_0_3,None,None,central
162,4,0.632434,0.195369,0.048821,0.123345,3.1e-05,3,0.001376,0.017353,0.041573,0.939446,0.000252,4,0.997696,0.000582,0.000574,0.000574,0.000574,4,0.002546,0.991377,0.002284,0.001896,0.001896,m,central,strongly_facing,n,strongly_facing,range_0_3,None,None,central
163,4,0.632393,0.195381,0.048824,0.123372,3e-05,3,0.001369,0.01735,0.04156,0.939469,0.000252,4,0.997726,0.000571,0.000568,0.000568,0.000568,4,0.002534,0.991406,0.002279,0.00189,0.00189,y,central,strongly_facing,n,strongly_facing,range_0_3,None,None,central
164,4,0.632394,0.195381,0.048823,0.123371,3e-05,3,0.001368,0.01735,0.041558,0.939472,0.000252,4,0.997728,0.00057,0.000567,0.000567,0.000567,4,0.002534,0.991408,0.002278,0.00189,0.00189,y,central,strongly_facing,n,strongly_facing,range_0_3,None,None,central
165,4,0.632412,0.195377,0.048819,0.123362,3e-05,3,0.001368,0.017349,0.041556,0.939476,0.000252,4,0.997728,0.00057,0.000567,0.000567,0.000567,4,0.002533,0.991408,0.002278,0.00189,0.00189,y,central,strongly_facing,n,strongly_facing,range_0_3,None,None,central
166,4,0.632648,0.195321,0.048772,0.123229,3e-05,3,0.001368,0.017332,0.041519,0.939529,0.000252,4,0.997729,0.00057,0.000567,0.000567,0.000567,4,0.002533,0.991408,0.002278,0.00189,0.00189,y,central,strongly_facing,n,strongly_facing,range_0_3,None,None,central
167,4,0.632395,0.19538,0.048824,0.12337,3e-05,3,0.00137,0.017351,0.041562,0.939465,0.000252,4,0.997722,0.000573,0.000568,0.000568,0.000568,4,0.002536,0.991402,0.002279,0.001891,0.001891,y,central,slightly_facing,n,strongly_facing,range_0_3,None,None,central
168,4,0.632432,0.195369,0.048824,0.123345,3.1e-05,3,0.00138,0.017357,0.041584,0.939427,0.000252,4,0.997679,0.000589,0.000578,0.000578,0.000578,4,0.002553,0.99136,0.002288,0.0019,0.0019,m,central,slightly_facing,n,strongly_facing,range_0_3,None,None,central
169,4,0.632398,0.195375,0.048831,0.123364,3.1e-05,3,0.001383,0.01736,0.041591,0.939414,0.000252,4,0.997673,0.000592,0.000578,0.000578,0.000578,4,0.002556,0.991355,0.002288,0.0019,0.0019,m,central,slightly_facing,n,strongly_facing,range_0_3,None,None,central
170,4,0.632633,0.19532,0.048784,0.123232,3.1e-05,3,0.001383,0.017344,0.041555,0.939467,0.000252,4,0.997672,0.000593,0.000578,0.000578,0.000578,4,0.002557,0.991354,0.002288,0.001901,0.001901,m,central,slightly_facing,n,strongly_facing,range_0_3,None,None,central
171,4,0.63232,0.195373,0.048883,0.123387,3.6e-05,3,0.001447,0.017409,0.041745,0.939147,0.000252,4,0.997437,0.000687,0.000625,0.000625,0.000625,4,0.002656,0.991124,0.002332,0.001944,0.001944,n,central,slightly_facing,n,strongly_facing,range_0_3,None,None,central
