,imas_1,wti_1,viewing_area_1,body_facing_1,gesture_1,approaching_1,imas_2,wti_2,viewing_area_2,body_facing_2,gesture_2,approaching_2,distance
0,1,1,mid_peripheral,slightly_facing,None,n,1,1,outside,turned_away,None,n,20.738971745004573
1,1,1,mid_peripheral,slightly_facing,None,n,1,1,outside,turned_away,None,n,20.738971745004573
2,1,1,mid_peripheral,slightly_facing,None,n,1,1,outside,turned_away,None,n,20.738971745004573
3,1,1,mid_peripheral,slightly_facing,None,n,1,1,outside,turned_away,None,n,20.738971745004573
4,1,1,mid_peripheral,slightly_facing,None,n,1,1,outside,turned_away,None,n,20.738971745004573
5,1,1,mid_peripheral,slightly_facing,None,n,1,1,outside,turned_away,None,n,20.738971745004573
6,1,1,mid_peripheral,slightly_facing,None,n,1,1,outside,turned_away,None,n,20.738971745004573
7,1,1,mid_peripheral,slightly_facing,None,n,1,1,outside,turned_away,None,n,20.75314770571734
8,1,1,mid_peripheral,slightly_facing,None,n,1,1,outside,turned_away,None,n,20.869208597136836
9,1,1,mid_peripheral,slightly_facing,None,n,1,1,outside,turned_away,None,n,20.883463754263104
10,1,1,mid_peripheral,slightly_facing,None,n,1,1,outside,turned_away,None,n,20.900393106209012
11,1,1,mid_peripheral,slightly_facing,None,n,1,1,outside,turned_away,None,n,20.87891356244213
12,1,1,mid_peripheral,slightly_facing,None,n,1,1,outside,turned_away,None,n,20.89433303399527
13,1,1,mid_peripheral,slightly_facing,None,n,1,1,outside,turned_away,None,n,20.882771672399286
14,1,1,outside,slightly_facing,None,n,1,1,outside,turned_away,None,n,20.893279032770167
15,1,1,outside,slightly_facing,None,n,1,1,outside,turned_away,None,n,20.889933007197605
16,1,1,outside,slightly_facing,None,n,1,1,outside,turned_away,None,n,21.034876046705524
17,1,1,mid_peripheral,slightly_facing,None,n,1,1,outside,turned_away,None,n,21.03518886612012
18,1,1,mid_peripheral,slightly_facing,None,n,1,1,outside,turned_away,None,n,21.01360434815248
19,1,1,mid_peripheral,slightly_facing,None,n,1,1,outside,turned_away,None,n,21.026598208907924
20,1,1,mid_peripheral,strongly_facing,None,n,1,1,outside,turned_away,None,n,20.920523220659756
21,1,1,mid_peripheral,slightly_facing,None,n,1,1,outside,turned_away,None,n,20.9177873647316
22,1,1,mid_peripheral,slightly_facing,None,n,1,1,outside,turned_away,None,n,20.848361620841672
23,1,1,mid_peripheral,slightly_facing,None,n,1,1,outside,turned_away,None,n,20.866277665568052
24,1,1,mid_peripheral,slightly_facing,None,n,1,1,outside,turned_away,None,n,20.80950522841716
25,1,1,mid_peripheral,slightly_facing,None,n,1,1,outside,turned_away,None,n,20.844650572458274
26,1,1,mid_peripheral,slightly_facing,None,n,1,1,outside,turned_away,None,n,20.808282285578137
27,1,1,mid_peripheral,slightly_facing,None,n,1,1,outside,turned_away,None,n,20.849457286422233
28,1,1,mid_peripheral,slightly_facing,None,n,1,1,outside,turned_away,None,n,20.813031741829874
29,1,1,mid_peripheral,slightly_facing,None,n,1,1,outside,turned_away,None,n,20.81081694867717
30,1,1,mid_peripheral,slightly_facing,None,n,1,1,outside,turned_away,None,n,20.806108072384347
31,1,1,mid_peripheral,slightly_facing,None,n,1,1,outside,turned_away,None,n,20.826012212237128
32,2,3,central,slightly_facing,None,m,1,1,outside,turned_away,None,n,20.788169443417694
33,2,3,central,slightly_facing,None,m,1,1,outside,turned_away,None,n,20.764081087022003
34,2,3,central,slightly_facing,None,m,1,1,outside,turned_away,None,n,20.746163792904458
35,2,3,central,slightly_facing,None,m,1,1,outside,turned_away,None,n,20.705289357625748
36,2,3,central,slightly_facing,None,m,1,1,outside,turned_away,None,n,20.735755488604436
37,2,3,central,slightly_facing,None,m,1,1,outside,turned_away,None,n,20.703321438916657
38,2,3,central,slightly_facing,None,m,1,1,outside,turned_away,None,n,20.741682083521866
39,2,3,central,slightly_facing,None,m,1,1,outside,turned_away,None,n,20.644066495588156
40,2,3,central,slightly_facing,None,m,1,1,outside,turned_away,None,n,20.572472895088648
41,2,3,central,slightly_facing,None,m,1,1,outside,turned_away,None,n,20.613932013965343
42,2,3,central,slightly_facing,None,m,1,1,outside,turned_away,None,n,20.596291126130573
43,2,3,central,slightly_facing,None,m,1,1,outside,turned_away,None,n,20.566506141848233
44,2,3,central,slightly_facing,None,m,1,1,outside,turned_away,None,n,20.54522180371533
45,2,3,central,slightly_facing,None,m,1,1,outside,turned_away,None,n,20.62081002746598
46,2,3,central,slightly_facing,None,m,1,1,outside,turned_away,None,n,20.560153216314927
47,2,3,central,slightly_facing,None,m,1,1,outside,turned_away,None,n,20.57741146896949
48,2,3,central,slightly_facing,None,m,1,1,outside,turned_away,None,n,20.5890820490967
49,2,3,central,slightly_facing,None,m,1,1,outside,turned_away,None,n,20.620052588886285
50,2,3,central,slightly_facing,None,m,1,1,outside,turned_away,None,n,20.624473407624887
51,2,3,central,slightly_facing,None,m,1,1,outside,turned_away,None,n,20.678117330684174
52,2,3,central,slightly_facing,None,m,1,1,outside,turned_away,None,n,20.67257399258247
53,2,3,central,slightly_facing,None,m,1,1,outside,turned_away,None,n,20.64873327095212
54,2,3,central,slightly_facing,None,m,1,1,outside,turned_away,None,n,20.608119954755143
55,2,3,central,slightly_facing,None,m,1,1,outside,turned_away,None,n,20.66163479618496
56,2,3,central,slightly_facing,None,m,1,1,outside,turned_away,None,n,20.7323991488801
57,2,3,central,slightly_facing,None,m,1,1,outside,turned_away,None,n,20.7938311415844
58,2,3,central,slightly_facing,None,m,1,1,outside,turned_away,None,n,20.833074419079725
59,2,3,central,slightly_facing,None,m,1,1,outside,turned_away,None,n,20.885496127722895
60,2,3,central,slightly_facing,None,m,1,1,outside,turned_away,None,n,20.920289886216132
61,3,4,central,slightly_facing,wave_small_head,m,1,1,outside,turned_away,None,n,20.931280709481904
62,3,4,central,slightly_facing,wave_small_head,m,1,1,outside,turned_away,None,n,20.973890476561373
63,3,4,central,slightly_facing,wave_small_head,m,1,1,outside,turned_away,None,n,20.9904886391175
64,3,4,central,slightly_facing,wave_small_head,m,1,1,outside,turned_away,None,n,20.99011583755259
65,3,4,central,slightly_facing,wave_small_head,m,2,3,central,turned_away,None,n,21.04838420806749
66,3,4,central,slightly_facing,wave_small_head,m,2,3,central,turned_away,None,n,21.117482841714942
67,3,4,central,slightly_facing,wave_small_head,m,2,3,central,turned_away,None,n,21.14100700798086
68,3,4,central,slightly_facing,wave_small_head,m,2,3,central,turned_away,None,n,21.157355041067778
69,3,4,central,slightly_facing,wave_small_head,m,2,3,central,turned_away,None,n,21.169976861960194
70,3,4,central,slightly_facing,wave_small_head,m,2,3,central,turned_away,None,n,21.190417894516024
71,3,4,central,slightly_facing,wave_small_head,m,2,3,central,turned_away,None,n,21.14924677966317
72,3,4,central,slightly_facing,wave_small_head,y,2,3,central,turned_away,None,n,21.13099146688212
73,3,4,central,slightly_facing,wave_small_head,m,2,3,central,turned_away,None,n,21.021742535310864
74,3,4,central,slightly_facing,wave_small_head,m,2,3,central,turned_away,None,n,21.00088507393812
75,3,4,central,slightly_facing,wave_small_head,m,2,3,central,turned_away,None,n,21.027233688386712
76,3,4,central,slightly_facing,wave_small_head,m,2,3,central,turned_away,None,n,20.963619412914483
77,3,4,central,slightly_facing,wave_small_head,m,2,3,central,turned_away,None,n,20.966563188689868
78,3,4,central,slightly_facing,wave_small_head,m,2,3,central,turned_away,None,n,20.90669363376476
79,3,4,central,slightly_facing,wave_small_head,m,2,4,central,turned_away,arm_raise_high,n,20.882276367886636
80,3,4,central,slightly_facing,wave_small_head,m,2,4,central,turned_away,arm_raise_high,n,20.81709865476591
81,3,4,central,slightly_facing,wave_small_head,m,2,4,central,turned_away,arm_raise_high,n,20.801327938331873
82,3,4,central,slightly_facing,wave_small_head,m,2,4,central,turned_away,arm_raise_high,n,20.79154131488633
83,3,4,central,slightly_facing,wave_small_head,m,2,4,central,turned_away,arm_raise_high,n,20.731354033635572
84,3,4,central,slightly_facing,wave_small_head,m,2,4,central,turned_away,arm_raise_high,n,20.676872681529503
85,3,4,central,slightly_facing,wave_small_head,m,2,4,central,turned_away,arm_raise_high,n,20.597266194007812
86,3,4,central,slightly_facing,wave_small_head,m,2,4,central,turned_away,arm_raise_high,n,20.612514800199435
87,3,4,central,slightly_facing,wave_small_head,m,2,4,central,turned_away,arm_raise_high,n,20.521705209739594
88,3,4,central,slightly_facing,wave_small_head,m,2,4,central,turned_away,arm_raise_high,n,20.537242386849307
89,3,4,central,slightly_facing,wave_small_head,y,2,4,central,strongly_facing,None,n,20.453892825513314
90,3,4,central,slightly_facing,wave_small_head,m,2,4,central,strongly_facing,None,n,20.29079399935816
91,3,4,central,slightly_facing,wave_small_head,y,2,4,central,strongly_facing,None,n,20.21583499327468
92,3,4,central,slightly_facing,wave_small_head,m,2,4,central,strongly_facing,None,n,20.095462767466014
93,3,4,central,slightly_facing,wave_small_head,y,2,4,central,strongly_facing,None,n,19.99791471721912
94,3,4,central,slightly_facing,wave_small_head,y,2,4,central,strongly_facing,None,n,19.804559666473278
95,3,4,central,slightly_facing,wave_small_head,y,2,4,central,strongly_facing,None,n,19.67020297345251
96,3,4,central,slightly_facing,wave_small_head,y,2,4,central,strongly_facing,None,n,19.504840935731725
97,3,4,central,slightly_facing,wave_small_head,m,2,4,central,strongly_facing,None,n,19.324389229203703
98,3,4,central,slightly_facing,wave_small_head,m,2,4,central,strongly_facing,None,n,19.24410609341658
99,3,4,central,slightly_facing,wave_small_head,m,2,4,central,strongly_facing,None,n,19.14943086603185
100,3,4,central,slightly_facing,wave_small_head,y,2,4,central,strongly_facing,None,n,19.049595140648005
101,3,4,central,slightly_facing,wave_small_head,y,2,4,central,strongly_facing,None,n,18.867141008721088
102,4,4,central,slightly_facing,None,y,2,4,central,strongly_facing,None,n,18.747631936681604
103,4,4,central,slightly_facing,None,y,2,4,central,strongly_facing,None,n,18.645259827446356
104,4,4,central,slightly_facing,None,y,2,4,central,strongly_facing,None,n,18.47928035886387
105,4,4,central,slightly_facing,None,y,2,4,central,strongly_facing,None,n,18.358731329427428
106,4,4,central,slightly_facing,None,y,2,4,central,strongly_facing,None,n,18.217753871636127
107,4,4,central,slightly_facing,None,m,2,4,central,strongly_facing,None,n,18.071755568185182
108,4,4,central,slightly_facing,None,m,2,4,central,strongly_facing,None,n,17.989449035126118
109,4,4,central,slightly_facing,None,y,2,4,central,strongly_facing,None,n,17.906448087817417
110,4,4,central,slightly_facing,None,m,2,4,central,strongly_facing,None,n,17.720484312742535
111,4,4,central,slightly_facing,None,y,2,4,central,strongly_facing,None,n,17.632922269865677
112,4,4,central,strongly_facing,None,y,2,4,central,strongly_facing,None,n,17.46908899398169
113,4,4,central,strongly_facing,None,y,2,4,central,strongly_facing,None,n,17.335840889981082
114,4,4,central,strongly_facing,None,y,2,4,central,strongly_facing,None,n,17.112602257153913
115,4,4,central,strongly_facing,None,y,2,4,central,strongly_facing,None,n,16.983371550776162
116,4,4,central,strongly_facing,None,y,2,4,central,strongly_facing,None,n,16.767609264939953
117,4,4,central,slightly_facing,None,m,2,4,central,strongly_facing,None,n,16.597173739558674
118,4,4,central,slightly_facing,None,y,2,4,central,strongly_facing,None,n,16.55126911596812
119,4,4,central,strongly_facing,None,y,2,4,central,strongly_facing,None,n,16.419926350986355
120,4,4,central,strongly_facing,None,m,2,4,central,strongly_facing,None,n,16.30506816515555
121,4,4,central,strongly_facing,None,y,2,4,central,strongly_facing,None,n,16.25647961603914
122,4,4,central,strongly_facing,None,m,2,4,central,strongly_facing,None,n,16.004913647786577
123,4,4,central,strongly_facing,None,y,2,4,central,strongly_facing,None,n,15.923772371873605
124,4,4,central,slightly_facing,None,y,2,4,central,strongly_facing,None,n,15.809883422280665
125,4,4,central,slightly_facing,None,y,2,4,central,strongly_facing,None,n,15.427750648449992
126,4,4,central,strongly_facing,None,y,2,4,central,strongly_facing,None,n,15.245396385987275
127,4,4,central,strongly_facing,None,y,2,4,central,strongly_facing,None,n,15.07833016547237
128,4,4,central,strongly_facing,None,y,2,4,central,strongly_facing,None,n,14.849812570260445
129,4,4,central,strongly_facing,None,y,2,4,central,strongly_facing,None,n,14.730546376033306
130,4,4,central,slightly_facing,None,y,2,4,central,strongly_facing,None,n,14.535205018172192
131,4,4,central,slightly_facing,None,y,2,4,central,strongly_facing,None,n,14.34089456386937
132,4,4,central,slightly_facing,None,y,2,4,central,strongly_facing,None,n,14.240403507084103
133,4,4,central,strongly_facing,None,y,2,4,central,strongly_facing,None,n,14.10074317982212
134,4,4,central,strongly_facing,None,y,2,4,central,strongly_facing,None,n,13.887094847375387
135,4,4,central,strongly_facing,None,y,2,4,central,strongly_facing,None,n,13.652007129954374
136,4,4,central,strongly_facing,None,y,2,4,central,strongly_facing,None,n,13.513104855253442
137,4,4,central,slightly_facing,None,y,2,4,central,strongly_facing,None,n,13.34406829098866
138,4,4,central,slightly_facing,None,y,2,4,central,strongly_facing,None,n,13.201495098498844
139,4,4,central,strongly_facing,None,y,2,4,central,strongly_facing,None,n,13.089042603327146
140,4,4,central,strongly_facing,None,m,2,4,central,strongly_facing,None,n,12.912732291190592
141,4,4,central,strongly_facing,None,y,2,4,central,strongly_facing,None,n,12.83998584977371
142,4,4,central,strongly_facing,None,y,2,4,central,strongly_facing,None,n,12.63009380165087
143,4,4,central,strongly_facing,None,y,2,4,central,strongly_facing,None,n,12.48614026481907
144,4,4,central,strongly_facing,None,y,2,4,central,strongly_facing,None,n,12.340242710996453
145,4,4,central,strongly_facing,None,y,2,4,central,strongly_facing,None,n,12.210866061617256
146,4,4,central,strongly_facing,None,y,2,4,central,strongly_facing,None,n,12.00554060562847
147,4,4,central,slightly_facing,None,y,2,4,central,strongly_facing,None,n,11.880947080700269
148,4,4,central,strongly_facing,None,y,2,4,central,strongly_facing,None,n,11.742883212811751
149,4,4,central,strongly_facing,None,y,2,4,central,strongly_facing,None,n,11.620129268925583
150,4,4,central,strongly_facing,None,y,2,4,central,strongly_facing,None,n,11.429669348375734
151,4,4,central,strongly_facing,None,y,2,4,central,strongly_facing,None,n,11.289128899504563
152,4,4,central,strongly_facing,None,y,2,4,central,strongly_facing,None,n,11.129117404896764
153,4,4,central,strongly_facing,None,y,2,4,central,strongly_facing,None,n,10.9888355450286
154,4,4,central,strongly_facing,None,m,2,4,central,strongly_facing,None,n,10.803833571032321
155,4,4,central,slightly_facing,None,m,2,4,central,strongly_facing,None,n,10.713629576143465
156,4,4,central,strongly_facing,None,y,2,4,central,strongly_facing,None,n,10.616760348970352
157,4,4,central,strongly_facing,None,y,2,4,central,strongly_facing,None,n,10.4550297981716
158,4,4,central,strongly_facing,None,y,2,4,central,strongly_facing,None,n,10.277287430302609
159,4,4,central,strongly_facing,None,y,2,4,central,strongly_facing,None,n,10.125873949147504
160,4,4,central,strongly_facing,None,y,2,4,central,strongly_facing,None,n,9.986753165689036
161,4,4,central,slightly_facing,None,y,2,4,central,strongly_facing,None,n,9.817878425542307
162,4,4,central,slightly_facing,None,y,2,4,central,strongly_facing,None,n,9.675957276703382
163,4,4,central,slightly_facing,None,y,2,4,central,strongly_facing,None,n,9.564019868642529
164,4,4,central,strongly_facing,None,y,2,4,central,strongly_facing,None,n,9.439309856530404
165,4,4,central,strongly_facing,None,y,2,4,central,strongly_facing,None,n,9.268669176613711
166,4,4,central,strongly_facing,None,y,2,4,central,strongly_facing,None,n,9.106224036432447
167,4,4,central,strongly_facing,None,y,2,4,central,strongly_facing,None,n,8.967350371084875
168,4,4,central,strongly_facing,None,y,2,4,central,strongly_facing,None,n,8.786564126848734
169,4,4,central,slightly_facing,None,y,2,4,central,strongly_facing,None,n,8.669527465770209
170,4,4,central,slightly_facing,None,m,2,4,central,strongly_facing,None,n,8.522672064315044
171,4,4,central,strongly_facing,None,y,2,4,central,strongly_facing,None,n,8.461118507865024
172,4,4,central,slightly_facing,None,y,2,4,central,strongly_facing,None,n,8.356354716434016
173,4,4,central,strongly_facing,None,y,2,4,central,strongly_facing,None,n,8.15912210184405
174,4,4,central,strongly_facing,None,y,2,4,central,strongly_facing,None,n,8.026511075832643
175,4,4,central,strongly_facing,None,y,2,4,central,strongly_facing,None,n,7.875245762957751
176,4,4,central,strongly_facing,None,y,2,4,central,strongly_facing,None,n,7.755945540454755
177,4,4,central,slightly_facing,None,y,2,4,central,strongly_facing,None,n,7.560608100973096
178,4,4,central,slightly_facing,None,y,2,4,central,strongly_facing,None,n,7.429360091072718
179,4,4,central,slightly_facing,None,y,2,4,central,strongly_facing,None,n,7.305268129172886
180,4,4,central,slightly_facing,None,y,2,4,central,strongly_facing,None,n,7.200820433457294
181,4,4,central,strongly_facing,None,y,2,4,central,strongly_facing,None,n,7.004316944017385
182,4,4,central,strongly_facing,None,y,2,4,central,strongly_facing,None,n,6.871936691514119
183,4,4,central,strongly_facing,None,y,2,4,central,strongly_facing,None,n,6.72078511985683
184,4,4,central,strongly_facing,None,y,2,4,central,strongly_facing,None,n,6.601362706155828
185,4,4,central,strongly_facing,None,y,2,4,central,strongly_facing,None,n,6.47504095372995
186,4,4,central,slightly_facing,None,y,2,4,central,strongly_facing,None,n,6.358511293005933
187,4,4,central,slightly_facing,None,y,2,4,central,strongly_facing,None,n,6.212986091756929
188,4,4,central,slightly_facing,None,y,2,4,central,strongly_facing,None,n,6.101576117813824
189,4,4,central,strongly_facing,None,m,2,4,central,strongly_facing,None,n,5.925765483260374
190,4,4,central,strongly_facing,None,y,2,4,central,strongly_facing,None,n,5.85673002896668
191,4,4,central,strongly_facing,None,y,2,4,central,strongly_facing,None,n,5.648079076510527
192,4,4,central,strongly_facing,None,y,2,4,central,strongly_facing,None,n,5.5105851431412445
193,4,4,central,strongly_facing,None,y,2,4,central,strongly_facing,None,n,5.377993276939741
194,4,4,central,slightly_facing,None,y,2,4,central,strongly_facing,None,n,5.260614316333125
195,4,4,central,slightly_facing,None,m,2,4,central,strongly_facing,None,n,5.06863474154095
196,4,4,central,slightly_facing,None,m,2,4,central,strongly_facing,None,n,4.969786263723223
197,4,4,central,strongly_facing,None,y,2,4,central,strongly_facing,None,n,4.874015094739555
198,4,4,central,strongly_facing,None,y,2,4,central,strongly_facing,None,n,4.764041424305631
199,4,4,central,strongly_facing,None,y,2,4,central,strongly_facing,None,n,4.619569620692931
200,4,4,central,strongly_facing,None,y,2,4,central,strongly_facing,None,n,4.383725659375254
201,4,4,central,strongly_facing,None,y,2,4,central,strongly_facing,None,n,4.251111531117483
202,4,4,central,slightly_facing,None,y,2,4,central,strongly_facing,None,n,4.133842862748417
203,4,4,central,slightly_facing,None,y,2,4,central,strongly_facing,None,n,4.033259182525345
204,4,4,central,slightly_facing,None,m,2,4,central,strongly_facing,None,n,3.8824049826966793
205,4,4,central,slightly_facing,None,y,2,4,central,strongly_facing,None,n,3.7912020466255867
206,4,4,central,strongly_facing,None,y,2,4,central,strongly_facing,None,n,3.6661652769247777
207,4,4,central,strongly_facing,None,y,2,4,central,strongly_facing,None,n,3.5463262511208677
208,4,4,central,turned_away,None,n,2,4,central,strongly_facing,None,n,3.3240299491925467
209,4,4,central,strongly_facing,None,m,2,4,central,strongly_facing,None,n,3.3399807764842033
210,4,4,central,strongly_facing,None,m,2,4,central,strongly_facing,None,n,3.3190811147213624
211,4,4,central,slightly_facing,None,m,2,4,central,strongly_facing,None,n,3.301410860849649
212,4,4,central,slightly_facing,None,m,2,4,central,strongly_facing,None,n,3.280195353755625
213,4,4,central,slightly_facing,None,n,2,4,central,strongly_facing,None,n,3.274010435625398
