,imas_1,wti_1,viewing_area_1,body_facing_1,gesture_1,approaching_1,imas_2,wti_2,viewing_area_2,body_facing_2,gesture_2,approaching_2,distance
0,1,2,mid_peripheral,slightly_facing,None,n,2,2,outside,turned_away,None,n,21.695948129883142
1,1,2,mid_peripheral,slightly_facing,None,n,2,2,outside,turned_away,None,n,21.695948129883142
2,1,2,mid_peripheral,slightly_facing,None,n,2,2,outside,turned_away,None,n,21.695948129883142
3,1,2,mid_peripheral,slightly_facing,None,n,2,2,outside,turned_away,None,n,21.695948129883142
4,1,2,mid_peripheral,slightly_facing,None,n,2,2,outside,turned_away,None,n,21.695948129883142
5,1,2,mid_peripheral,slightly_facing,None,n,2,2,outside,turned_away,None,n,21.695948129883142
6,1,2,mid_peripheral,slightly_facing,None,n,2,2,outside,turned_away,None,n,21.695948129883142
7,1,2,mid_peripheral,slightly_facing,None,n,2,2,outside,turned_away,None,n,21.695948129883142
8,1,2,mid_peripheral,slightly_facing,None,n,2,2,outside,turned_away,None,n,21.695948129883142
9,1,2,mid_peripheral,slightly_facing,None,n,2,2,outside,turned_away,None,n,21.726047825544896
10,1,2,mid_peripheral,slightly_facing,None,n,2,2,outside,slightly_facing,None,n,21.73355079881877
11,1,2,mid_peripheral,slightly_facing,None,n,2,2,mid_peripheral,slightly_facing,None,n,21.71516212394593
12,1,2,mid_peripheral,slightly_facing,None,n,2,2,mid_peripheral,slightly_facing,None,n,21.66366823523256
13,1,2,mid_peripheral,slightly_facing,None,n,2,2,mid_peripheral,slightly_facing,None,n,21.593508994183047
14,1,2,mid_peripheral,slightly_facing,None,n,2,2,mid_peripheral,slightly_facing,None,n,21.346607831084288
15,1,2,mid_peripheral,slightly_facing,None,n,2,2,mid_peripheral,slightly_facing,None,n,21.224599067476326
16,1,2,mid_peripheral,slightly_facing,None,n,2,2,mid_peripheral,slightly_facing,None,n,21.07338428743414
17,1,2,mid_peripheral,slightly_facing,None,n,2,2,mid_peripheral,slightly_facing,None,n,20.95687673285609
18,1,2,mid_peripheral,slightly_facing,None,n,2,2,mid_peripheral,slightly_facing,None,n,20.762154379177613
19,1,2,mid_peripheral,slightly_facing,None,n,2,2,outside,slightly_facing,None,n,20.644782772763985
20,1,2,mid_peripheral,strongly_facing,None,n,2,2,outside,slightly_facing,None,n,20.472698396886557
21,1,2,mid_peripheral,slightly_facing,None,n,2,2,central,slightly_facing,None,n,20.27649056784337
22,1,2,mid_peripheral,slightly_facing,None,n,2,2,central,slightly_facing,None,n,20.211001338043324
23,1,2,mid_peripheral,slightly_facing,None,n,2,2,central,slightly_facing,None,n,20.145855641783427
24,1,2,mid_peripheral,slightly_facing,None,n,2,2,central,slightly_facing,None,n,20.050940741641654
25,1,2,mid_peripheral,slightly_facing,None,n,2,2,central,slightly_facing,None,n,19.94754134224529
26,1,2,mid_peripheral,slightly_facing,None,n,2,2,central,slightly_facing,None,n,19.840449937731353
27,1,2,mid_peripheral,slightly_facing,None,n,2,2,central,slightly_facing,None,n,19.726997771378418
28,1,2,mid_peripheral,slightly_facing,None,n,2,2,central,slightly_facing,None,m,19.6666270816561
29,1,2,mid_peripheral,slightly_facing,None,n,2,2,central,slightly_facing,None,y,19.572081894069676
30,1,2,mid_peripheral,strongly_facing,None,n,2,2,central,slightly_facing,None,y,19.381856617670174
31,1,2,mid_peripheral,slightly_facing,None,n,2,2,central,slightly_facing,None,m,19.279847384250164
32,2,3,central,slightly_facing,None,y,2,2,central,slightly_facing,None,y,19.185427598761358
33,2,3,central,slightly_facing,None,y,2,2,central,slightly_facing,None,y,19.065511136904775
34,2,3,central,slightly_facing,None,y,2,2,central,slightly_facing,None,y,18.963605840060914
35,2,3,central,slightly_facing,None,y,2,2,central,slightly_facing,None,y,18.814958813043653
36,2,3,central,slightly_facing,None,y,3,4,central,slightly_facing,arm_raise_high,y,18.666227124149756
37,2,3,central,slightly_facing,None,m,3,4,central,slightly_facing,arm_raise_high,m,18.55034119039876
38,2,3,central,slightly_facing,None,y,3,4,central,slightly_facing,arm_raise_high,y,18.45240854841115
39,2,4,central,slightly_facing,arm_raise_low,y,3,4,central,slightly_facing,arm_raise_high,y,18.348438817716623
40,2,4,central,slightly_facing,arm_raise_low,y,3,4,central,slightly_facing,arm_raise_high,y,18.239482996638255
41,2,4,central,slightly_facing,arm_raise_low,y,3,4,central,slightly_facing,arm_raise_high,y,18.125330430028466
42,2,4,central,slightly_facing,arm_raise_low,y,3,4,central,slightly_facing,arm_raise_high,y,18.016990577721355
43,2,4,central,slightly_facing,arm_raise_low,y,3,4,central,slightly_facing,arm_raise_high,y,17.8556693658067
44,2,4,central,slightly_facing,arm_raise_low,y,3,4,central,slightly_facing,arm_raise_high,y,17.651924209023104
45,2,4,central,slightly_facing,arm_raise_low,y,3,4,central,slightly_facing,arm_raise_high,y,17.433950316256038
46,2,4,central,slightly_facing,arm_raise_low,y,3,4,central,strongly_facing,arm_raise_high,y,17.33226016524942
47,2,4,central,slightly_facing,arm_raise_low,m,3,4,central,strongly_facing,arm_raise_high,m,17.20153591754132
48,2,4,central,slightly_facing,arm_raise_low,m,3,4,central,strongly_facing,arm_raise_high,m,17.123868882593385
49,2,4,central,slightly_facing,arm_raise_low,y,3,4,central,slightly_facing,arm_raise_high,y,17.041922180763056
50,2,4,central,slightly_facing,arm_raise_low,y,3,4,central,slightly_facing,arm_raise_high,y,16.868563320700108
51,2,4,central,slightly_facing,arm_raise_low,y,3,4,central,slightly_facing,arm_raise_high,y,16.655041850594458
52,2,4,central,slightly_facing,arm_raise_low,y,3,4,central,slightly_facing,arm_raise_high,y,16.506661768208165
53,2,4,central,slightly_facing,arm_raise_low,y,3,4,central,slightly_facing,arm_raise_high,y,16.314728493429243
54,2,4,central,slightly_facing,arm_raise_low,y,3,4,central,slightly_facing,arm_raise_high,y,16.158498224069273
55,2,4,central,slightly_facing,arm_raise_low,y,3,4,central,slightly_facing,arm_raise_high,y,15.930497200603625
56,2,4,central,slightly_facing,arm_raise_low,y,3,4,central,slightly_facing,arm_raise_high,y,15.774407994503404
57,2,4,central,slightly_facing,arm_raise_low,y,3,4,central,slightly_facing,arm_raise_high,y,15.601413064126534
58,2,4,central,slightly_facing,arm_raise_low,y,3,4,central,slightly_facing,arm_raise_high,y,15.432557966924632
59,2,4,central,slightly_facing,arm_raise_low,y,3,4,central,slightly_facing,arm_raise_high,y,15.315474121610999
60,2,4,central,slightly_facing,arm_raise_low,y,3,4,central,slightly_facing,arm_raise_high,y,15.16309931129807
61,2,4,central,slightly_facing,arm_raise_low,y,3,4,central,slightly_facing,arm_raise_high,y,14.973073436170141
62,2,4,central,slightly_facing,arm_raise_low,y,3,4,central,slightly_facing,arm_raise_high,y,14.795067658633435
63,2,4,central,slightly_facing,arm_raise_low,y,3,4,central,slightly_facing,arm_raise_high,y,14.59218086848656
64,2,4,central,slightly_facing,arm_raise_low,y,3,4,central,slightly_facing,None,y,14.412894807594478
65,2,4,central,slightly_facing,arm_raise_low,y,3,4,central,slightly_facing,None,y,14.297613258442334
66,2,4,central,slightly_facing,arm_raise_low,y,3,4,central,slightly_facing,None,y,14.103147826230316
67,2,4,central,slightly_facing,arm_raise_low,y,3,4,central,slightly_facing,None,y,13.947334884973621
68,2,4,central,slightly_facing,arm_raise_low,m,3,4,central,slightly_facing,None,m,13.73903833468194
69,2,4,central,slightly_facing,arm_raise_low,y,3,4,central,slightly_facing,None,y,13.652580522604868
70,2,4,central,slightly_facing,arm_raise_low,y,3,4,central,slightly_facing,None,y,13.504683909517988
71,2,4,central,slightly_facing,arm_raise_low,y,3,4,central,slightly_facing,None,y,13.384087532772826
72,2,4,central,slightly_facing,arm_raise_low,y,3,4,central,slightly_facing,None,y,13.145881880338996
73,2,4,central,slightly_facing,arm_raise_low,y,3,4,central,slightly_facing,None,y,12.962818126227411
74,2,4,central,slightly_facing,arm_raise_low,y,3,4,central,slightly_facing,None,y,12.782928484632654
75,2,4,central,slightly_facing,arm_raise_low,y,3,4,central,slightly_facing,None,y,12.585273947065117
76,2,4,central,slightly_facing,arm_raise_low,y,3,4,central,strongly_facing,None,y,12.270459375535866
77,2,4,central,turned_away,arm_raise_low,n,3,4,central,strongly_facing,None,y,12.1217759237599
78,2,4,central,slightly_facing,arm_raise_low,y,3,4,central,strongly_facing,None,y,11.970991507475937
79,2,4,central,slightly_facing,arm_raise_low,y,3,4,central,slightly_facing,None,y,11.802773275155504
80,2,4,central,slightly_facing,arm_raise_low,m,3,4,central,slightly_facing,None,m,11.61963940853454
81,2,4,central,slightly_facing,arm_raise_low,y,3,4,central,slightly_facing,None,y,11.53418046936847
82,2,4,central,slightly_facing,arm_raise_low,y,3,4,central,strongly_facing,None,y,11.355767620271559
83,2,4,central,slightly_facing,arm_raise_low,y,3,4,central,strongly_facing,None,y,11.178147903453148
84,2,4,central,strongly_facing,None,n,3,4,central,strongly_facing,None,m,10.989598467653172
85,2,4,central,strongly_facing,None,n,3,4,central,strongly_facing,None,y,10.906746977984998
86,2,4,central,strongly_facing,None,n,3,4,central,strongly_facing,None,y,10.734677653525422
87,2,4,central,strongly_facing,None,n,3,4,central,slightly_facing,None,y,10.623320449108034
88,2,4,central,strongly_facing,None,n,3,4,central,slightly_facing,None,m,10.46041588088628
89,2,4,central,strongly_facing,None,n,3,4,central,slightly_facing,None,y,10.364214546513013
90,2,4,central,strongly_facing,None,n,3,4,central,strongly_facing,None,y,10.263942996590393
91,2,4,central,strongly_facing,None,n,3,4,central,strongly_facing,None,y,10.121735329560291
92,2,4,central,strongly_facing,None,n,3,4,central,strongly_facing,None,y,9.956661656650036
93,2,4,central,strongly_facing,None,n,3,4,central,strongly_facing,None,y,9.844114324945691
94,2,4,central,strongly_facing,None,n,3,4,central,strongly_facing,None,y,9.660230284889945
95,2,4,central,strongly_facing,None,n,3,4,central,strongly_facing,None,y,9.504335564904524
96,2,4,central,strongly_facing,None,n,3,4,central,strongly_facing,None,y,9.390419027201336
97,2,4,central,strongly_facing,None,n,3,4,central,slightly_facing,None,y,9.232034986121421
98,2,4,central,strongly_facing,None,n,3,4,central,slightly_facing,None,y,9.063107413422443
99,2,4,central,strongly_facing,None,n,3,4,central,strongly_facing,None,y,8.95641032933005
100,2,4,central,strongly_facing,None,n,3,4,central,strongly_facing,None,y,8.814556797136028
101,2,4,central,strongly_facing,None,n,3,4,central,strongly_facing,None,y,8.656513425144384
102,2,4,central,strongly_facing,None,n,3,4,central,strongly_facing,None,y,8.546607385311434
103,2,4,central,strongly_facing,None,n,3,4,central,strongly_facing,None,y,8.42935374352233
104,2,4,central,strongly_facing,None,n,3,4,central,slightly_facing,None,y,8.318331000793908
105,2,4,central,strongly_facing,None,n,3,4,central,slightly_facing,None,y,8.2151147869625
106,2,4,central,strongly_facing,None,n,3,4,central,slightly_facing,None,m,8.099316037186965
107,2,4,central,strongly_facing,None,n,3,4,central,slightly_facing,None,m,8.026565038074507
108,2,4,central,strongly_facing,None,n,3,4,central,slightly_facing,None,y,7.9599374065341095
109,2,4,central,strongly_facing,None,n,3,4,central,strongly_facing,None,y,7.803609071458726
110,2,4,central,strongly_facing,None,n,3,4,central,strongly_facing,None,m,7.6569657298021765
111,2,4,central,strongly_facing,None,n,3,4,central,strongly_facing,None,y,7.557038948601828
112,2,4,central,strongly_facing,None,n,3,4,central,strongly_facing,None,y,7.373088418076237
113,2,4,central,strongly_facing,None,n,3,4,central,strongly_facing,None,y,7.258210389377948
114,2,4,central,strongly_facing,None,n,3,4,central,strongly_facing,None,y,7.103367399054196
115,2,4,central,strongly_facing,None,n,3,4,central,slightly_facing,None,y,6.970959991351621
116,2,4,central,strongly_facing,None,n,3,4,central,slightly_facing,None,y,6.845764328897831
117,2,4,central,strongly_facing,None,n,3,4,central,strongly_facing,None,y,6.672164312931296
118,2,4,central,strongly_facing,None,n,3,4,central,strongly_facing,None,y,6.530958298615686
119,2,4,central,strongly_facing,None,n,3,4,central,strongly_facing,None,y,6.400943887959414
120,2,4,central,strongly_facing,None,n,3,4,central,strongly_facing,None,y,6.263703335992375
121,2,4,central,strongly_facing,None,n,3,4,central,slightly_facing,None,y,6.079888286882991
122,2,4,central,strongly_facing,None,n,3,4,central,slightly_facing,None,y,5.973330007022297
123,2,4,central,strongly_facing,None,n,3,4,central,slightly_facing,None,m,5.837681125121942
124,2,4,central,strongly_facing,None,n,3,4,central,slightly_facing,None,y,5.745072356746862
125,2,4,central,strongly_facing,None,n,3,4,central,strongly_facing,None,y,5.582391392653961
126,2,4,central,strongly_facing,None,n,3,4,central,strongly_facing,None,y,5.481316126213662
127,2,4,central,strongly_facing,None,n,3,4,central,strongly_facing,None,y,5.350338507371848
128,2,4,central,strongly_facing,None,n,3,4,central,strongly_facing,None,y,5.2072312455907905
129,2,4,central,strongly_facing,None,n,3,4,central,strongly_facing,None,y,5.035232828986657
130,2,4,central,strongly_facing,None,n,3,4,central,slightly_facing,None,y,4.863516185041536
131,2,4,central,strongly_facing,None,n,3,4,central,slightly_facing,None,y,4.683488003860581
132,2,4,central,strongly_facing,None,n,3,4,central,slightly_facing,None,y,4.560950031972395
133,2,4,central,strongly_facing,None,n,3,4,central,slightly_facing,None,m,4.391674437551696
134,2,4,central,strongly_facing,None,n,3,4,central,slightly_facing,None,y,4.29613462530238
135,2,4,central,strongly_facing,None,n,3,4,central,strongly_facing,None,y,4.124496943294907
136,2,4,central,strongly_facing,None,n,3,4,central,strongly_facing,None,y,3.978201035126548
137,2,4,central,strongly_facing,None,n,3,4,central,slightly_facing,None,y,3.8493015420079724
138,2,4,central,strongly_facing,None,n,3,4,central,slightly_facing,None,y,3.671677158268823
139,2,4,central,strongly_facing,None,n,3,4,central,slightly_facing,None,m,3.5216293933604046
140,2,4,central,strongly_facing,None,n,3,4,central,slightly_facing,None,y,3.452075136346252
141,2,4,central,strongly_facing,None,n,3,4,central,slightly_facing,None,m,3.3028816869712427
142,2,4,central,strongly_facing,None,n,3,4,central,slightly_facing,None,y,3.2073749291562366
143,2,4,central,strongly_facing,None,n,3,4,central,slightly_facing,None,m,3.0363881760542366
144,2,4,central,strongly_facing,None,n,3,4,central,strongly_facing,None,y,2.957844735739185
145,2,4,central,strongly_facing,None,n,3,4,central,slightly_facing,None,y,2.7791614943124463
146,2,4,central,strongly_facing,None,n,3,4,central,slightly_facing,None,y,2.6295100400776144
147,2,4,central,strongly_facing,None,n,3,4,central,slightly_facing,None,y,2.529352908364709
148,2,4,central,strongly_facing,None,n,3,4,central,slightly_facing,None,y,2.397689012679711
149,2,4,central,strongly_facing,None,n,3,4,central,slightly_facing,None,y,2.292884755939556
150,2,4,central,strongly_facing,None,n,3,4,central,slightly_facing,None,y,2.14387707866519
151,2,4,central,strongly_facing,None,n,3,4,central,slightly_facing,None,y,2.0128574593808137
152,2,4,central,strongly_facing,None,n,3,4,central,slightly_facing,None,m,1.8697198739846008
153,2,4,central,strongly_facing,None,n,3,4,central,slightly_facing,None,m,1.8587094885659239
154,2,4,central,strongly_facing,None,n,3,4,central,slightly_facing,None,m,1.8353175716275891
155,2,4,central,strongly_facing,None,n,3,4,central,slightly_facing,None,m,1.8224958981311847
156,2,4,central,strongly_facing,None,n,3,4,central,slightly_facing,None,m,1.8095207034670788
157,2,4,central,strongly_facing,None,n,3,4,central,slightly_facing,None,m,1.799531873474319
158,2,4,central,strongly_facing,None,n,3,4,central,slightly_facing,None,n,1.778165255314587
