,imas_1,wti_1,viewing_area_1,body_facing_1,gesture_1,approaching_1,imas_2,wti_2,viewing_area_2,body_facing_2,gesture_2,approaching_2,distance
0,1,2,outside,turned_away,None,n,2,2,outside,turned_away,None,n,20.94606550912073
1,1,2,outside,turned_away,None,n,2,2,outside,turned_away,None,n,20.94606550912073
2,1,2,outside,turned_away,None,n,2,2,outside,turned_away,None,n,20.94606550912073
3,1,2,outside,turned_away,None,n,2,2,outside,turned_away,None,n,20.94606550912073
4,1,2,outside,turned_away,None,n,2,2,outside,turned_away,None,n,20.94606550912073
5,1,2,outside,turned_away,None,n,2,2,outside,turned_away,None,n,20.94606550912073
6,1,2,outside,turned_away,None,n,2,2,outside,turned_away,None,n,20.953695500328262
7,1,2,mid_peripheral,slightly_facing,None,n,2,2,outside,turned_away,None,n,20.974838777590374
8,1,2,mid_peripheral,slightly_facing,None,n,2,2,outside,turned_away,None,n,20.9565961265309
9,1,2,mid_peripheral,slightly_facing,None,n,2,2,outside,turned_away,None,n,20.93970025546464
10,1,2,mid_peripheral,strongly_facing,None,n,2,2,mid_peripheral,slightly_facing,None,n,20.800679158904597
11,1,2,mid_peripheral,slightly_facing,None,n,2,2,mid_peripheral,slightly_facing,None,n,20.696264954987843
12,1,2,mid_peripheral,slightly_facing,None,n,2,2,mid_peripheral,slightly_facing,None,n,20.67779435662578
13,1,2,mid_peripheral,slightly_facing,None,n,2,2,mid_peripheral,slightly_facing,None,n,20.616847599164043
14,1,2,mid_peripheral,slightly_facing,None,n,2,2,mid_peripheral,slightly_facing,None,n,20.518440373630202
15,1,2,mid_peripheral,slightly_facing,None,n,2,2,mid_peripheral,slightly_facing,None,n,20.518440373630202
16,1,2,mid_peripheral,slightly_facing,None,n,2,2,mid_peripheral,slightly_facing,None,n,20.518440373630202
17,1,2,mid_peripheral,slightly_facing,None,n,2,2,mid_peripheral,slightly_facing,None,n,20.518440373630202
18,1,2,mid_peripheral,slightly_facing,None,n,2,2,mid_peripheral,slightly_facing,None,n,20.518440373630202
19,1,2,mid_peripheral,slightly_facing,None,n,2,2,mid_peripheral,slightly_facing,None,n,20.518440373630202
20,1,2,mid_peripheral,slightly_facing,None,n,2,2,mid_peripheral,slightly_facing,None,n,20.471474745814373
21,1,2,mid_peripheral,slightly_facing,None,n,2,2,mid_peripheral,slightly_facing,None,n,20.426483731562733
22,1,2,mid_peripheral,slightly_facing,None,n,2,2,central,slightly_facing,None,y,20.15416985682042
23,1,2,mid_peripheral,slightly_facing,None,n,2,2,central,slightly_facing,None,y,19.860095166465694
24,1,2,mid_peripheral,slightly_facing,None,n,2,2,central,slightly_facing,None,y,19.67628414441553
25,1,2,mid_peripheral,slightly_facing,None,n,2,2,central,slightly_facing,None,y,19.545056246945045
26,1,2,mid_peripheral,slightly_facing,None,n,2,2,central,slightly_facing,None,y,19.39777512841784
27,1,2,mid_peripheral,slightly_facing,None,n,2,2,central,slightly_facing,None,y,19.27755176600735
28,2,3,central,slightly_facing,None,y,2,2,central,slightly_facing,None,y,19.086383884448097
29,2,3,central,slightly_facing,None,y,2,2,central,slightly_facing,None,y,18.9421792515005
30,2,3,central,slightly_facing,None,y,2,2,central,slightly_facing,None,y,18.7474712453169
31,2,3,central,slightly_facing,None,m,2,2,central,slightly_facing,None,m,18.626060930829844
32,2,3,central,slightly_facing,None,y,2,2,central,slightly_facing,None,y,18.548247110342903
33,2,3,central,slightly_facing,None,y,2,2,central,slightly_facing,None,y,18.43652027090549
34,2,3,central,slightly_facing,None,y,2,2,central,slightly_facing,None,y,18.27832180088763
35,2,3,central,strongly_facing,None,y,2,2,central,slightly_facing,None,y,18.084492881766433
36,2,4,central,slightly_facing,arm_raise_low,y,2,2,central,slightly_facing,None,y,17.9188269904104
37,2,4,central,slightly_facing,arm_raise_low,y,2,2,central,slightly_facing,None,y,17.755063652012574
38,2,4,central,slightly_facing,arm_raise_low,y,3,4,central,slightly_facing,arm_raise_high,y,17.53386963329079
39,2,4,central,slightly_facing,arm_raise_low,y,3,4,central,slightly_facing,arm_raise_high,y,17.299030289350032
40,2,4,central,slightly_facing,arm_raise_low,y,3,4,central,strongly_facing,arm_raise_high,y,17.032750402629432
41,2,4,central,slightly_facing,arm_raise_low,y,3,4,central,strongly_facing,arm_raise_high,y,16.843516316919857
42,2,4,central,slightly_facing,arm_raise_low,y,3,4,central,strongly_facing,arm_raise_high,y,16.632610475241968
43,2,4,central,slightly_facing,arm_raise_low,y,3,4,central,strongly_facing,arm_raise_high,y,16.51887846829103
44,2,4,central,slightly_facing,arm_raise_low,y,3,4,central,strongly_facing,arm_raise_high,y,16.40603460242106
45,2,4,central,slightly_facing,arm_raise_low,m,3,4,central,strongly_facing,arm_raise_high,m,16.220107492920786
46,2,4,central,slightly_facing,arm_raise_low,y,3,4,central,slightly_facing,arm_raise_high,y,16.165098698039095
47,2,4,central,slightly_facing,arm_raise_low,y,3,4,central,slightly_facing,arm_raise_high,y,16.038130527863057
48,2,4,central,slightly_facing,arm_raise_low,y,3,4,central,slightly_facing,arm_raise_high,y,15.87975239793193
49,2,4,central,slightly_facing,arm_raise_low,y,3,4,central,slightly_facing,arm_raise_high,y,15.75925343815452
50,2,4,central,slightly_facing,arm_raise_low,y,3,4,central,slightly_facing,arm_raise_high,y,15.624850074249325
51,2,4,central,slightly_facing,arm_raise_low,y,3,4,central,slightly_facing,arm_raise_high,y,15.427180104576792
52,2,4,central,slightly_facing,arm_raise_low,y,3,4,central,slightly_facing,None,y,15.186966563401691
53,2,4,central,slightly_facing,arm_raise_low,y,3,4,central,slightly_facing,None,y,15.020321177368642
54,2,4,central,slightly_facing,arm_raise_low,y,3,4,central,slightly_facing,None,y,14.7292003438316
55,2,4,central,slightly_facing,arm_raise_low,y,3,4,central,slightly_facing,None,y,14.508212953318028
56,2,4,central,slightly_facing,arm_raise_low,y,3,4,central,slightly_facing,None,y,14.33209922237273
57,2,4,central,slightly_facing,arm_raise_low,y,3,4,central,slightly_facing,None,y,14.214786382873319
58,2,4,central,slightly_facing,arm_raise_low,y,3,4,central,slightly_facing,None,y,14.025037997012522
59,2,4,central,slightly_facing,arm_raise_low,m,3,4,central,slightly_facing,None,m,13.773841872619856
60,2,4,central,slightly_facing,arm_raise_low,y,3,4,central,slightly_facing,None,y,13.688518366378807
61,2,4,central,slightly_facing,arm_raise_low,y,3,4,central,slightly_facing,None,y,13.432913816046021
62,2,4,central,slightly_facing,arm_raise_low,y,3,4,central,strongly_facing,None,y,13.236538313433536
63,2,4,central,slightly_facing,arm_raise_low,y,3,4,central,strongly_facing,None,y,12.847174789825816
64,2,4,central,slightly_facing,arm_raise_low,y,3,4,central,slightly_facing,None,y,12.429513138756684
65,2,4,central,slightly_facing,arm_raise_low,y,3,4,central,slightly_facing,None,y,12.09712267668787
66,2,4,central,slightly_facing,arm_raise_low,y,3,4,central,slightly_facing,None,y,11.891903934957977
67,2,4,central,slightly_facing,arm_raise_low,y,3,4,central,strongly_facing,None,y,11.533790279732195
68,2,4,central,slightly_facing,arm_raise_low,y,3,4,central,strongly_facing,None,y,11.239653565947357
69,2,4,central,turned_away,arm_raise_low,n,3,4,central,strongly_facing,None,y,11.109037787749438
70,2,4,central,turned_away,arm_raise_low,n,3,4,central,strongly_facing,None,y,10.904145055504816
71,2,4,central,strongly_facing,None,n,3,4,central,slightly_facing,None,y,10.763974710658376
72,2,4,central,strongly_facing,None,n,3,4,central,slightly_facing,None,y,10.557012528690162
73,2,4,central,strongly_facing,None,n,3,4,central,strongly_facing,None,y,10.326508783723616
74,2,4,central,strongly_facing,None,n,3,4,central,strongly_facing,None,y,10.168612913226859
75,2,4,central,strongly_facing,None,n,3,4,central,strongly_facing,None,y,10.03515079163975
76,2,4,central,strongly_facing,None,n,3,4,central,strongly_facing,None,y,9.809397460969809
77,2,4,central,strongly_facing,None,n,3,4,central,slightly_facing,None,y,9.672828834177723
78,2,4,central,strongly_facing,None,n,3,4,central,slightly_facing,None,y,9.465932910174779
79,2,4,central,strongly_facing,None,n,3,4,central,slightly_facing,None,y,9.342674877622636
80,2,4,central,strongly_facing,None,n,3,4,central,strongly_facing,None,y,9.201025480872119
81,2,4,central,strongly_facing,None,n,3,4,central,strongly_facing,None,y,9.05810452797019
82,2,4,central,strongly_facing,None,n,3,4,central,strongly_facing,None,y,8.81805484148772
83,2,4,central,strongly_facing,None,n,3,4,central,slightly_facing,None,y,8.585268673575976
84,2,4,central,strongly_facing,None,n,3,4,central,slightly_facing,None,y,8.467635613840807
85,2,4,central,strongly_facing,None,n,3,4,central,slightly_facing,None,y,8.281561449914205
86,2,4,central,strongly_facing,None,n,3,4,central,strongly_facing,None,m,8.117227214436344
87,2,4,central,strongly_facing,None,n,3,4,central,strongly_facing,None,y,8.031536976421698
88,2,4,central,strongly_facing,None,n,3,4,central,strongly_facing,None,y,7.766712336537318
89,2,4,central,strongly_facing,None,n,3,4,central,strongly_facing,None,y,7.629500332893435
90,2,4,central,strongly_facing,None,n,3,4,central,slightly_facing,None,m,7.404938406797591
91,2,4,central,strongly_facing,None,n,3,4,central,slightly_facing,None,y,7.342061666791487
92,2,4,central,strongly_facing,None,n,3,4,central,slightly_facing,None,y,7.138481254475148
93,2,4,central,strongly_facing,None,n,3,4,central,strongly_facing,None,y,6.938998852496592
94,2,4,central,strongly_facing,None,n,3,4,central,strongly_facing,None,y,6.669304636635666
95,2,4,central,strongly_facing,None,n,3,4,central,strongly_facing,None,y,6.555032889641741
96,2,4,central,strongly_facing,None,n,3,4,central,slightly_facing,None,y,6.326652796068552
97,2,4,central,strongly_facing,None,n,3,4,central,slightly_facing,None,y,6.182017736741057
98,2,4,central,strongly_facing,None,n,3,4,central,slightly_facing,None,y,6.0751836534940225
99,2,4,central,strongly_facing,None,n,3,4,central,slightly_facing,None,y,5.923063844593014
100,2,4,central,strongly_facing,None,n,3,4,central,strongly_facing,None,y,5.787598703543738
101,2,4,central,strongly_facing,None,n,3,4,central,strongly_facing,None,m,5.533727983281889
102,2,4,central,strongly_facing,None,n,3,4,central,strongly_facing,None,y,5.438434871566822
103,2,4,central,strongly_facing,None,n,3,4,central,slightly_facing,None,y,5.168917815869776
104,2,4,central,strongly_facing,None,n,3,4,central,slightly_facing,None,m,4.996091376084507
105,2,4,central,strongly_facing,None,n,3,4,central,slightly_facing,None,y,4.904500952400764
106,2,4,central,strongly_facing,None,n,3,4,central,slightly_facing,None,y,4.762914233870273
107,2,4,central,strongly_facing,None,n,3,4,central,strongly_facing,None,y,4.625353957569088
108,2,4,central,strongly_facing,None,n,3,4,central,strongly_facing,None,y,4.391247925334324
109,2,4,central,strongly_facing,None,n,3,4,central,slightly_facing,None,y,4.148088253583084
110,2,4,central,strongly_facing,None,n,3,4,central,slightly_facing,None,y,3.997275142619156
111,2,4,central,strongly_facing,None,n,3,4,central,slightly_facing,None,m,3.8616968576807014
112,2,4,central,strongly_facing,None,n,3,4,central,slightly_facing,None,y,3.77486211157825
113,2,4,central,strongly_facing,None,n,3,4,central,slightly_facing,None,y,3.5795683386454598
114,2,4,central,strongly_facing,None,n,3,4,central,strongly_facing,None,y,3.437818380732323
115,2,4,central,strongly_facing,None,n,3,4,central,strongly_facing,None,y,3.191872998697945
116,2,4,central,strongly_facing,None,n,3,4,central,slightly_facing,None,y,2.9651788632569924
117,2,4,central,strongly_facing,None,n,3,4,central,slightly_facing,None,y,2.8237565336482198
118,2,4,central,strongly_facing,None,n,3,4,central,slightly_facing,None,y,2.661022225478957
119,2,4,central,strongly_facing,None,n,3,4,central,slightly_facing,None,y,2.473001468965593
120,2,4,central,strongly_facing,None,n,3,4,central,slightly_facing,None,y,2.336035599429087
121,2,4,central,strongly_facing,None,n,3,4,central,slightly_facing,None,m,2.183273479388233
122,2,4,central,strongly_facing,None,n,3,4,central,slightly_facing,None,m,2.1711838908957035
123,2,4,central,strongly_facing,None,n,3,4,central,slightly_facing,None,m,2.143498549229276
124,2,4,central,strongly_facing,None,n,3,4,central,slightly_facing,None,n,2.1186318645885596
