,imas_1,wti_1,viewing_area_1,body_facing_1,gesture_1,approaching_1,imas_2,wti_2,viewing_area_2,body_facing_2,gesture_2,approaching_2,distance
0,2,2,mid_peripheral,strongly_facing,None,n,3,4,outside,turned_away,None,n,31.67892541348415
1,2,2,mid_peripheral,strongly_facing,None,n,3,4,outside,turned_away,None,n,31.692805644739625
2,2,2,mid_peripheral,slightly_facing,None,n,3,4,mid_peripheral,slightly_facing,None,n,31.680369572451216
3,2,2,mid_peripheral,slightly_facing,None,n,3,4,mid_peripheral,slightly_facing,None,n,31.57167537068029
4,2,2,mid_peripheral,slightly_facing,None,n,3,4,mid_peripheral,strongly_facing,None,n,31.36301869738922
5,2,2,mid_peripheral,slightly_facing,None,n,3,4,mid_peripheral,strongly_facing,None,n,31.194952071626076
6,2,2,mid_peripheral,slightly_facing,None,n,3,4,mid_peripheral,strongly_facing,None,n,30.94040505807213
7,2,2,mid_peripheral,slightly_facing,None,n,3,4,mid_peripheral,strongly_facing,None,n,30.741182469141048
8,2,2,mid_peripheral,slightly_facing,None,n,3,4,mid_peripheral,slightly_facing,None,n,30.508093663408633
9,2,2,mid_peripheral,slightly_facing,None,n,3,4,mid_peripheral,slightly_facing,None,n,30.214248159921443
10,2,2,mid_peripheral,slightly_facing,None,n,3,4,mid_peripheral,slightly_facing,None,n,30.084439583805196
11,2,2,mid_peripheral,strongly_facing,None,n,3,4,mid_peripheral,slightly_facing,None,n,29.85554850205725
12,2,2,mid_peripheral,slightly_facing,None,n,3,4,mid_peripheral,strongly_facing,None,n,29.648345825302645
13,2,2,mid_peripheral,slightly_facing,None,n,3,4,mid_peripheral,strongly_facing,None,n,29.372760410554488
14,2,2,mid_peripheral,slightly_facing,None,n,3,4,mid_peripheral,strongly_facing,None,n,29.131424291996453
15,2,2,mid_peripheral,slightly_facing,None,n,3,4,mid_peripheral,strongly_facing,None,n,28.860181010248372
16,2,2,mid_peripheral,slightly_facing,None,n,3,4,mid_peripheral,slightly_facing,None,n,28.63187970789052
17,2,2,mid_peripheral,slightly_facing,None,n,3,4,mid_peripheral,slightly_facing,None,n,28.43297301639814
18,2,2,mid_peripheral,slightly_facing,None,n,2,4,central,slightly_facing,None,y,28.2274112243636
19,2,2,mid_peripheral,strongly_facing,None,n,2,4,central,slightly_facing,None,y,28.10682157586592
20,2,2,mid_peripheral,slightly_facing,None,n,2,4,central,slightly_facing,None,y,27.88351978557996
21,2,2,mid_peripheral,slightly_facing,None,n,2,4,central,strongly_facing,None,y,27.768988690907726
22,2,2,mid_peripheral,slightly_facing,None,n,2,4,central,strongly_facing,None,y,27.564039246995804
23,2,2,mid_peripheral,slightly_facing,None,n,2,4,central,strongly_facing,None,y,27.320849829883418
24,2,2,mid_peripheral,slightly_facing,None,n,2,4,central,slightly_facing,None,y,26.964912682743126
25,2,2,mid_peripheral,slightly_facing,None,n,2,4,central,slightly_facing,None,y,26.76969722834356
26,2,2,mid_peripheral,slightly_facing,None,n,2,4,central,slightly_facing,None,y,26.576907701230027
27,2,2,mid_peripheral,slightly_facing,None,n,2,4,central,slightly_facing,None,y,26.4190545778739
28,2,2,mid_peripheral,slightly_facing,None,n,2,4,central,slightly_facing,arm_raise_low,y,26.316099693360435
29,2,2,central,slightly_facing,None,y,2,4,central,slightly_facing,arm_raise_low,y,26.05248073467218
30,2,2,central,slightly_facing,None,y,2,4,central,slightly_facing,arm_raise_low,y,25.947624381241994
31,2,2,central,slightly_facing,None,y,2,4,central,slightly_facing,arm_raise_low,y,25.764548439640272
32,2,2,central,slightly_facing,None,y,2,4,central,slightly_facing,arm_raise_low,y,25.649794646821736
33,2,2,central,slightly_facing,None,y,2,4,central,slightly_facing,arm_raise_low,y,25.439865528319523
34,2,2,central,slightly_facing,None,y,2,4,central,slightly_facing,arm_raise_low,y,25.28265773034917
35,2,2,central,slightly_facing,None,y,2,4,central,slightly_facing,arm_raise_low,y,25.076073986989854
36,2,2,central,slightly_facing,None,y,2,4,central,slightly_facing,arm_raise_low,y,24.93675827099154
37,2,2,central,slightly_facing,None,m,2,4,central,slightly_facing,arm_raise_low,m,24.806515691415857
38,2,2,central,slightly_facing,None,y,2,4,central,slightly_facing,arm_raise_low,y,24.708649205390607
39,2,2,central,slightly_facing,None,y,2,4,central,slightly_facing,arm_raise_low,y,24.502205739104653
40,2,2,central,slightly_facing,None,y,2,4,central,slightly_facing,arm_raise_low,y,24.350751648580705
41,2,2,central,slightly_facing,None,y,2,4,central,slightly_facing,arm_raise_low,y,24.180932173487854
42,2,2,central,slightly_facing,None,y,2,4,central,slightly_facing,arm_raise_low,y,24.00067561807709
43,2,2,central,slightly_facing,None,y,2,4,central,slightly_facing,arm_raise_low,y,23.834530167727348
44,2,2,central,slightly_facing,None,y,2,4,central,slightly_facing,arm_raise_low,y,23.652544151786394
45,2,2,central,slightly_facing,None,y,2,4,central,slightly_facing,arm_raise_low,y,23.467461287618864
46,2,2,central,slightly_facing,wave_small_head,m,2,4,central,slightly_facing,arm_raise_low,m,23.29849091877182
47,2,2,central,slightly_facing,wave_small_head,y,2,4,central,slightly_facing,arm_raise_low,y,23.207782613207858
48,2,2,central,slightly_facing,wave_small_head,m,2,4,central,slightly_facing,arm_raise_low,m,23.081648104230275
49,2,2,central,slightly_facing,wave_small_head,y,2,4,central,slightly_facing,arm_raise_low,y,22.98881112020976
50,2,2,central,slightly_facing,wave_small_head,y,2,4,central,slightly_facing,arm_raise_low,y,22.77417489514494
51,2,2,central,slightly_facing,wave_small_head,y,2,4,central,slightly_facing,None,y,22.601421405159325
52,2,2,central,slightly_facing,wave_small_head,y,2,4,central,slightly_facing,None,y,22.477373348200494
53,2,2,central,slightly_facing,wave_small_head,y,2,4,central,slightly_facing,None,y,22.28428559968212
54,2,2,central,slightly_facing,wave_small_head,y,2,4,central,slightly_facing,None,y,22.162571320892365
55,2,2,central,slightly_facing,wave_small_head,y,2,4,central,slightly_facing,None,y,22.033906751382634
56,2,2,central,slightly_facing,wave_small_head,m,2,4,central,slightly_facing,None,m,21.866636014748252
57,2,2,central,slightly_facing,wave_small_head,y,2,4,central,slightly_facing,None,y,21.80044172161147
58,2,2,central,slightly_facing,wave_small_head,y,2,4,central,slightly_facing,None,y,21.654293356330047
59,2,2,central,slightly_facing,wave_small_head,y,2,4,central,slightly_facing,None,y,21.49620507818964
60,5,5,central,strongly_facing,None,y,2,4,central,slightly_facing,None,y,21.296457096421765
61,5,5,central,strongly_facing,None,y,2,4,central,slightly_facing,None,y,21.096721326974958
62,5,5,central,strongly_facing,None,y,2,4,central,slightly_facing,None,y,20.92262111824934
63,5,5,central,strongly_facing,None,y,2,4,central,slightly_facing,None,y,20.67030828636334
64,5,5,central,slightly_facing,None,y,2,4,central,slightly_facing,None,y,20.496705881812353
65,5,5,central,slightly_facing,None,y,2,4,central,slightly_facing,None,y,20.31323975206301
66,5,5,central,strongly_facing,None,y,2,4,central,slightly_facing,None,y,20.049662807205742
67,5,5,central,strongly_facing,None,y,2,4,central,slightly_facing,None,y,19.85169682678377
68,5,5,central,strongly_facing,None,y,2,4,central,slightly_facing,None,y,19.68405544233983
69,5,5,central,slightly_facing,None,y,2,4,central,slightly_facing,None,y,19.503536447096405
70,5,5,central,slightly_facing,None,y,2,4,central,slightly_facing,None,y,19.29601029180903
71,5,5,central,slightly_facing,None,y,2,4,central,slightly_facing,None,y,19.07189825972341
72,5,5,central,slightly_facing,None,y,2,4,central,slightly_facing,None,y,18.900543343840777
73,5,5,central,slightly_facing,None,y,2,4,central,slightly_facing,None,y,18.644321511801106
74,5,5,central,slightly_facing,None,y,2,4,central,slightly_facing,None,y,18.454775074828195
75,5,5,central,slightly_facing,None,y,2,4,central,slightly_facing,None,y,18.22341790809971
76,5,5,central,slightly_facing,None,y,2,4,central,slightly_facing,None,y,17.889394874844733
77,5,5,central,slightly_facing,None,y,2,4,central,slightly_facing,None,y,17.69639383008032
78,5,5,central,slightly_facing,None,y,2,4,central,slightly_facing,None,y,17.50356267905365
79,5,5,central,slightly_facing,None,y,2,4,central,slightly_facing,None,y,17.276300455774695
80,5,5,central,slightly_facing,None,y,2,4,central,slightly_facing,None,y,17.131987758795685
81,5,5,central,slightly_facing,None,y,2,4,central,slightly_facing,None,y,16.875169099060603
82,5,5,central,slightly_facing,None,y,2,4,central,slightly_facing,None,y,16.64872461894571
83,5,5,central,slightly_facing,None,y,2,4,central,slightly_facing,None,y,16.441992878679397
84,5,5,central,slightly_facing,None,y,2,4,central,slightly_facing,None,y,16.208672554635353
85,5,5,central,slightly_facing,None,y,2,4,central,slightly_facing,None,y,16.06220575270595
86,5,5,central,slightly_facing,None,y,2,4,central,slightly_facing,None,y,15.75188942204616
87,5,5,central,slightly_facing,None,y,2,4,central,slightly_facing,None,y,15.539298434653636
88,5,5,central,slightly_facing,None,y,2,4,central,slightly_facing,None,y,15.342744695319576
89,5,5,central,slightly_facing,None,y,2,4,central,slightly_facing,None,y,15.151194191532559
90,5,5,central,slightly_facing,None,y,2,4,central,slightly_facing,None,y,14.947580459402563
91,5,5,central,slightly_facing,None,y,2,4,central,slightly_facing,None,y,14.68426091979906
92,5,5,central,slightly_facing,None,y,2,4,central,slightly_facing,None,y,14.45765388125352
93,5,5,central,slightly_facing,None,y,2,4,central,slightly_facing,None,y,14.221494750133582
94,5,5,central,slightly_facing,None,y,2,4,central,slightly_facing,None,y,13.942193687383813
95,5,5,central,slightly_facing,None,y,2,4,central,slightly_facing,None,y,13.723761495422812
96,5,5,central,slightly_facing,None,y,2,4,central,slightly_facing,None,y,13.471761209894012
97,5,5,central,slightly_facing,None,y,2,4,central,slightly_facing,None,y,13.33323175943631
98,5,5,central,slightly_facing,None,y,2,4,central,slightly_facing,None,y,13.141002826283014
99,5,5,central,slightly_facing,None,y,2,4,central,slightly_facing,None,y,12.879875072550547
100,5,5,central,slightly_facing,None,y,2,4,central,slightly_facing,None,y,12.60577556403988
101,5,5,central,slightly_facing,None,y,2,4,central,slightly_facing,None,y,12.419373095996834
102,5,5,central,slightly_facing,None,y,2,4,central,slightly_facing,None,y,12.13719405840019
103,5,5,central,slightly_facing,None,y,2,4,central,slightly_facing,None,y,11.83687358015054
104,5,5,central,slightly_facing,None,y,2,4,central,slightly_facing,None,y,11.643803658954788
105,5,5,central,slightly_facing,None,y,2,4,central,slightly_facing,None,y,11.467274333030018
106,5,5,central,slightly_facing,None,y,2,4,central,slightly_facing,None,y,11.28948406947351
107,5,5,central,slightly_facing,None,y,2,4,central,slightly_facing,None,y,11.050204895528093
108,5,5,central,strongly_facing,None,y,2,4,central,slightly_facing,None,y,10.829962914302566
109,5,5,central,slightly_facing,None,y,2,4,central,slightly_facing,None,y,10.575508004170434
110,5,5,central,slightly_facing,None,y,2,4,central,slightly_facing,None,y,10.361477703906182
111,5,5,central,slightly_facing,None,y,2,4,central,slightly_facing,None,y,10.133541949237934
112,5,5,central,slightly_facing,None,y,2,4,central,slightly_facing,None,y,9.832459676280447
113,5,5,central,slightly_facing,None,y,2,4,central,slightly_facing,None,y,9.625733318176904
114,5,5,central,slightly_facing,None,y,2,4,central,slightly_facing,None,y,9.438168526528493
115,5,5,central,slightly_facing,None,y,2,4,central,slightly_facing,None,y,9.225269014500551
116,5,5,central,slightly_facing,None,y,2,4,central,slightly_facing,None,y,9.019499738511279
117,5,5,central,slightly_facing,None,y,2,4,central,slightly_facing,None,y,8.743254556622038
118,5,5,central,slightly_facing,None,y,2,4,central,slightly_facing,None,y,8.544120280152544
119,5,5,central,slightly_facing,None,y,2,4,central,slightly_facing,None,y,8.29304661460847
120,5,5,central,slightly_facing,None,y,2,4,central,slightly_facing,None,y,7.988078733477334
121,5,5,central,slightly_facing,None,y,2,4,central,slightly_facing,None,y,7.843066852685875
122,5,5,central,slightly_facing,None,y,2,4,central,slightly_facing,None,y,7.691575884369405
123,5,5,central,slightly_facing,None,y,2,4,central,slightly_facing,None,y,7.507051835336492
124,5,5,central,strongly_facing,None,y,2,4,central,slightly_facing,None,y,7.2812288907295075
125,5,5,central,strongly_facing,None,y,2,4,central,slightly_facing,None,y,6.964041864569887
126,5,5,central,slightly_facing,None,y,2,4,central,slightly_facing,None,y,6.778476849680173
127,5,5,central,slightly_facing,None,y,2,4,central,slightly_facing,None,y,6.5883556656158815
128,5,5,central,slightly_facing,None,y,2,4,central,slightly_facing,None,y,6.349135891607061
129,5,5,central,slightly_facing,None,y,2,4,central,slightly_facing,None,y,6.124093986908832
130,5,5,central,slightly_facing,None,y,2,4,central,slightly_facing,None,y,5.912548241522011
131,5,5,central,slightly_facing,None,y,2,4,central,slightly_facing,None,y,5.742194337048686
132,5,5,central,slightly_facing,None,y,2,4,central,slightly_facing,None,y,5.507682838237237
133,5,5,central,strongly_facing,None,y,2,4,central,slightly_facing,None,y,5.329994894991648
134,5,5,central,strongly_facing,None,y,2,4,central,slightly_facing,None,y,5.0791584420807245
135,5,5,central,strongly_facing,None,y,2,4,central,slightly_facing,None,y,4.778771133371004
136,5,5,central,slightly_facing,None,y,2,4,central,slightly_facing,None,y,4.651515819149278
137,5,5,central,slightly_facing,None,y,2,4,central,slightly_facing,None,y,4.394942358367512
138,5,5,central,slightly_facing,None,y,2,4,central,slightly_facing,None,y,4.270310991270306
139,5,5,central,slightly_facing,None,y,2,4,central,slightly_facing,None,y,4.063315160014661
140,5,5,central,strongly_facing,None,y,2,4,central,turned_away,None,n,3.787257730203484
141,5,5,central,strongly_facing,None,y,2,4,central,slightly_facing,None,y,3.6511938324850606
142,5,5,central,strongly_facing,None,y,2,4,central,slightly_facing,None,y,3.484818543702529
143,5,5,central,strongly_facing,None,y,2,4,central,slightly_facing,None,y,3.381298814403881
144,5,5,central,slightly_facing,None,y,2,4,central,slightly_facing,None,y,3.246383296234135
145,5,5,central,slightly_facing,None,y,2,4,central,slightly_facing,None,y,3.071747533385676
146,5,5,central,slightly_facing,None,y,2,4,central,strongly_facing,None,n,2.8655702717666918
147,5,5,central,slightly_facing,None,y,2,4,central,strongly_facing,None,n,2.7568203710262
148,5,5,central,slightly_facing,None,y,2,4,central,strongly_facing,None,n,2.6293589531967685
149,5,5,central,strongly_facing,None,y,2,4,central,strongly_facing,None,n,2.508014452582366
150,5,5,central,strongly_facing,None,m,2,4,central,strongly_facing,None,n,2.283814510771399
151,5,5,central,strongly_facing,None,y,2,4,central,strongly_facing,None,n,2.219223565539297
152,5,5,central,strongly_facing,None,y,2,4,central,strongly_facing,None,n,2.0866485851108285
153,5,5,central,slightly_facing,None,m,2,4,central,strongly_facing,None,n,1.9701253633132139
154,5,5,central,slightly_facing,None,y,2,4,central,strongly_facing,None,n,1.871121587602473
155,5,5,central,slightly_facing,None,y,2,4,central,strongly_facing,None,n,1.7243617613949234
156,5,5,central,slightly_facing,None,y,2,4,central,strongly_facing,None,n,1.623062102879916
157,5,5,central,slightly_facing,None,y,2,4,central,strongly_facing,None,n,1.508090218081125
158,5,5,central,slightly_facing,None,y,2,4,central,strongly_facing,None,n,1.3986079433529646
159,5,5,central,strongly_facing,None,m,2,4,central,strongly_facing,None,n,1.2461017898967985
160,5,5,central,strongly_facing,None,m,2,4,central,strongly_facing,None,n,1.1481533525905845
161,5,5,central,slightly_facing,None,m,2,4,central,strongly_facing,None,n,1.113342220283145
162,5,5,central,slightly_facing,None,m,2,4,central,strongly_facing,None,n,1.0918952529546986
163,5,5,central,slightly_facing,None,m,2,4,central,strongly_facing,None,n,1.072816223748508
164,5,5,central,slightly_facing,None,n,2,4,central,strongly_facing,None,n,1.0613484632546515
