,imas_1,wti_1,viewing_area_1,body_facing_1,gesture_1,approaching_1,imas_2,wti_2,viewing_area_2,body_facing_2,gesture_2,approaching_2,distance
0,2,2,mid_peripheral,slightly_facing,None,n,1,2,mid_peripheral,slightly_facing,None,n,16.684418639140326
1,2,2,mid_peripheral,slightly_facing,None,n,1,2,mid_peripheral,slightly_facing,None,n,16.684418639140326
2,2,2,mid_peripheral,slightly_facing,None,n,1,2,mid_peripheral,slightly_facing,None,n,16.684418639140326
3,2,2,mid_peripheral,slightly_facing,None,n,1,2,mid_peripheral,slightly_facing,None,n,16.684418639140326
4,2,2,mid_peripheral,slightly_facing,None,n,1,2,mid_peripheral,slightly_facing,None,n,16.684418639140326
5,2,2,mid_peripheral,slightly_facing,None,n,1,2,mid_peripheral,slightly_facing,None,n,16.684418639140326
6,2,2,mid_peripheral,slightly_facing,None,n,1,2,mid_peripheral,slightly_facing,None,n,16.684418639140326
7,2,2,mid_peripheral,slightly_facing,None,n,1,2,mid_peripheral,slightly_facing,None,n,16.684418639140326
8,2,2,mid_peripheral,slightly_facing,None,n,1,2,mid_peripheral,slightly_facing,None,n,16.477161040619226
9,2,2,mid_peripheral,slightly_facing,None,n,1,2,mid_peripheral,slightly_facing,None,n,16.3416930870855
10,2,2,mid_peripheral,slightly_facing,None,n,1,2,mid_peripheral,slightly_facing,None,n,16.148345435491933
11,2,2,mid_peripheral,slightly_facing,None,n,1,2,mid_peripheral,slightly_facing,None,n,15.90318735012541
12,2,2,mid_peripheral,slightly_facing,None,n,1,2,mid_peripheral,slightly_facing,None,n,15.550393676010264
13,2,2,central,slightly_facing,None,y,1,2,mid_peripheral,slightly_facing,None,n,15.296371272911623
14,2,2,central,slightly_facing,None,y,1,2,mid_peripheral,slightly_facing,None,n,14.933208551331797
15,2,4,central,slightly_facing,arm_raise_low,y,1,2,mid_peripheral,slightly_facing,None,n,14.645402922536547
16,2,4,central,slightly_facing,arm_raise_low,y,1,2,mid_peripheral,slightly_facing,None,n,14.494562545879365
17,2,4,central,slightly_facing,arm_raise_low,y,1,2,mid_peripheral,slightly_facing,None,n,14.335243179616072
18,2,4,central,slightly_facing,arm_raise_low,y,1,2,mid_peripheral,slightly_facing,None,n,14.16851582653822
19,2,4,central,slightly_facing,arm_raise_low,y,1,2,mid_peripheral,slightly_facing,None,n,13.982277575813251
20,2,4,central,slightly_facing,arm_raise_low,y,1,2,outside,slightly_facing,None,n,13.794761547205274
21,2,4,central,slightly_facing,arm_raise_low,y,1,2,mid_peripheral,slightly_facing,None,n,13.549764747047453
22,2,4,central,slightly_facing,arm_raise_low,y,2,3,central,slightly_facing,None,y,13.191517719990303
23,2,3,central,slightly_facing,None,y,2,3,central,slightly_facing,None,y,12.827343412079058
24,2,3,central,slightly_facing,None,y,2,3,central,slightly_facing,None,y,12.70921549748473
25,2,3,central,slightly_facing,None,y,2,3,central,slightly_facing,None,y,12.381768858000576
26,2,3,central,slightly_facing,None,y,2,3,central,slightly_facing,None,y,12.2578939252901
27,2,3,central,slightly_facing,None,y,2,3,central,slightly_facing,arm_raise_low,y,12.052760576964303
28,2,3,central,slightly_facing,None,m,2,3,central,slightly_facing,arm_raise_low,m,11.69668810222404
29,2,3,central,slightly_facing,None,y,2,3,central,slightly_facing,arm_raise_low,y,11.62680226433619
30,2,3,central,slightly_facing,None,y,2,3,central,slightly_facing,arm_raise_low,y,11.501880925901856
31,2,3,central,slightly_facing,None,y,2,3,central,slightly_facing,arm_raise_low,y,11.303571541636959
32,2,3,central,slightly_facing,None,y,2,3,central,slightly_facing,None,y,11.129437304969235
33,2,3,central,slightly_facing,None,y,2,3,central,slightly_facing,None,y,10.986996185064639
34,2,3,central,slightly_facing,None,m,2,3,central,slightly_facing,None,m,10.845360504202532
35,2,3,central,slightly_facing,None,y,2,3,central,slightly_facing,None,y,10.752611656190782
36,2,3,central,slightly_facing,None,m,2,3,central,turned_away,None,n,10.651837515766553
37,2,3,central,slightly_facing,None,m,2,3,central,turned_away,None,n,10.592014879856615
38,2,3,central,slightly_facing,None,y,2,3,central,slightly_facing,None,y,10.5595535035259
39,2,3,central,slightly_facing,None,m,2,3,central,slightly_facing,None,m,10.437068040088896
40,2,3,central,slightly_facing,None,m,2,3,central,slightly_facing,None,m,10.39953624544191
41,2,3,central,slightly_facing,None,m,2,3,central,slightly_facing,None,m,10.340420652672504
42,2,3,central,slightly_facing,None,m,2,3,central,slightly_facing,None,m,10.287227230319207
43,2,3,central,slightly_facing,None,y,2,3,central,slightly_facing,None,y,10.238445586819761
44,2,3,central,slightly_facing,None,m,2,3,central,slightly_facing,None,m,10.132114365606819
45,2,3,central,slightly_facing,None,m,2,3,central,slightly_facing,None,m,10.053767748418005
46,2,3,central,slightly_facing,None,m,2,3,central,slightly_facing,None,m,9.987502054914932
47,2,3,central,turned_away,None,n,2,3,central,turned_away,None,n,9.9671785525303
48,2,3,central,slightly_facing,None,m,2,3,central,turned_away,None,n,9.974419281277168
49,2,3,central,slightly_facing,None,m,2,3,central,slightly_facing,None,m,9.9836825685536
50,2,3,central,slightly_facing,None,m,2,3,central,slightly_facing,None,m,9.94504096326973
51,2,3,central,slightly_facing,None,m,2,3,central,slightly_facing,None,m,9.927979990025007
52,2,3,central,turned_away,None,n,2,3,central,slightly_facing,None,m,9.897148661276386
53,2,3,central,turned_away,None,n,2,3,central,slightly_facing,None,m,9.900675369199263
54,2,3,central,turned_away,None,n,2,3,central,turned_away,None,n,9.933181370454584
55,2,3,central,turned_away,None,n,2,3,central,turned_away,None,n,9.97715642411705
56,2,3,central,slightly_facing,None,m,2,3,central,turned_away,None,n,10.010692185140833
57,2,3,central,turned_away,None,n,2,3,central,turned_away,None,n,10.027444801962266
58,2,3,central,turned_away,None,n,2,3,central,turned_away,None,n,10.069270024247539
59,2,3,central,turned_away,None,n,2,3,central,turned_away,None,n,10.177181395964698
60,2,3,central,turned_away,None,n,2,3,central,turned_away,None,n,10.26806297645511
61,2,3,central,turned_away,None,n,2,3,central,turned_away,None,n,10.391860062580577
62,2,3,central,turned_away,None,n,2,3,central,turned_away,None,n,10.462124169910432
63,2,3,central,turned_away,None,n,2,3,central,turned_away,None,n,10.495646960436735
64,2,3,central,turned_away,None,n,2,3,central,turned_away,None,n,10.620560181502901
65,2,3,central,turned_away,None,n,2,3,central,turned_away,None,n,10.660715169920126
66,2,3,central,turned_away,None,n,2,3,central,turned_away,None,n,10.859743360419944
67,2,3,central,turned_away,None,n,2,3,central,turned_away,None,n,11.000048582116882
68,2,3,central,turned_away,None,n,2,3,central,turned_away,None,n,11.244939670622509
69,2,3,central,turned_away,None,n,2,3,central,turned_away,None,n,11.33787415087061
70,2,3,central,turned_away,None,n,2,3,central,turned_away,None,n,11.451643207687752
71,2,3,central,turned_away,None,n,2,3,central,turned_away,None,n,11.5792095886656
72,2,3,central,turned_away,None,n,2,3,central,turned_away,None,n,11.754878527573178
73,2,3,central,turned_away,None,n,2,3,central,turned_away,None,n,11.9071320038584
74,2,3,central,turned_away,None,n,2,3,central,turned_away,None,n,12.080915069696703
75,2,3,central,turned_away,None,n,2,3,central,turned_away,None,n,12.226935495664309
76,2,3,central,turned_away,None,n,2,3,central,turned_away,None,n,12.447345094887984
77,2,3,central,turned_away,None,n,2,3,central,turned_away,None,n,12.600430716255785
78,2,3,central,turned_away,None,n,2,3,central,turned_away,None,n,12.867989212707052
79,2,3,central,turned_away,None,n,2,3,central,turned_away,None,n,13.052311138127987
80,2,3,central,turned_away,None,n,2,3,central,turned_away,None,n,13.268326786241925
81,2,3,central,turned_away,None,n,2,3,central,turned_away,None,n,13.538596202992725
82,2,3,central,turned_away,None,n,2,3,central,turned_away,None,n,13.63097634443699
83,2,3,central,turned_away,None,n,2,3,central,turned_away,None,n,13.817208907786835
84,2,3,central,turned_away,None,n,2,3,central,turned_away,None,n,14.034052360983015
85,2,3,central,turned_away,None,n,2,3,central,turned_away,None,n,14.300086833153005
86,2,3,central,turned_away,None,n,2,3,central,turned_away,None,n,14.574858211261546
87,2,3,central,turned_away,None,n,2,3,central,turned_away,None,n,14.780625941926303
88,2,3,central,turned_away,None,n,2,3,central,turned_away,None,n,14.971497315124259
89,2,3,central,turned_away,None,n,2,3,central,turned_away,None,n,15.130852203918353
90,2,3,central,turned_away,None,n,2,3,central,turned_away,None,n,15.478667599488826
91,2,3,central,turned_away,None,n,2,3,central,turned_away,None,n,15.658940820019472
92,2,3,central,turned_away,None,n,2,3,central,turned_away,None,n,15.897819490452012
93,2,3,central,turned_away,None,n,2,3,central,turned_away,None,n,16.22113163787104
94,2,3,central,turned_away,None,n,2,3,central,turned_away,None,n,16.365980848832283
95,2,3,central,turned_away,None,n,2,3,central,turned_away,None,n,16.567690869097298
96,2,3,central,turned_away,None,n,2,3,central,turned_away,None,n,16.817037709093594
97,2,3,central,turned_away,None,n,2,3,central,turned_away,None,n,17.095371483933565
98,2,3,central,turned_away,None,n,2,3,central,turned_away,None,n,17.397044466762157
99,2,3,central,turned_away,None,n,2,3,central,turned_away,None,n,17.54514968332987
100,2,3,central,turned_away,None,n,2,3,central,turned_away,None,n,17.889273638654107
101,2,3,central,turned_away,None,n,2,3,central,turned_away,None,n,18.030054527552142
102,2,3,central,turned_away,None,n,2,3,central,turned_away,None,n,18.233674763290534
103,2,3,central,turned_away,None,n,2,3,central,turned_away,None,n,18.627136597680767
104,2,3,central,turned_away,None,n,2,3,central,turned_away,None,n,18.711549308100604
105,2,3,central,turned_away,None,n,2,3,central,turned_away,None,n,19.086055122780074
106,2,3,central,turned_away,None,n,2,3,central,turned_away,None,n,19.386502707737698
107,2,3,central,turned_away,None,n,2,3,central,turned_away,None,n,19.525384551321398
108,2,3,central,turned_away,None,n,2,3,central,turned_away,None,n,19.77274233077762
109,2,3,central,turned_away,None,n,2,3,central,turned_away,None,n,20.023878959939942
110,2,3,central,turned_away,None,n,2,3,central,turned_away,None,n,20.385235196556646
111,2,3,central,turned_away,None,n,2,3,central,turned_away,None,n,20.618578034891264
112,2,3,central,turned_away,None,n,2,3,central,turned_away,None,n,20.88690392864629
113,2,3,central,turned_away,None,n,2,3,central,turned_away,None,n,21.20548259466579
114,2,3,central,turned_away,None,n,2,3,central,turned_away,None,n,21.362410609185964
115,2,3,central,turned_away,None,n,2,3,central,turned_away,None,n,21.689303766281974
116,2,3,central,turned_away,None,n,2,3,central,turned_away,None,n,22.017137877664407
117,2,3,central,turned_away,None,n,2,3,central,turned_away,None,n,22.189796666863263
118,2,3,central,turned_away,None,n,2,3,central,turned_away,None,n,22.5403417074797
119,2,3,central,turned_away,None,n,2,3,central,turned_away,None,n,22.824222529901732
120,2,3,central,turned_away,None,n,2,3,central,turned_away,None,n,23.024795464042587
121,2,3,central,turned_away,None,n,2,3,central,turned_away,None,n,23.16324094120726
122,2,3,central,turned_away,None,n,2,3,central,turned_away,None,n,23.293803914911994
123,2,3,central,turned_away,None,n,2,3,central,turned_away,None,n,23.39775148511765
124,2,3,central,turned_away,None,n,2,3,central,turned_away,None,n,23.48854100123718
125,2,3,central,turned_away,None,n,2,3,central,turned_away,None,n,23.58410759663592
126,2,3,central,turned_away,None,n,2,3,central,turned_away,None,n,23.755866622562944
127,2,3,central,turned_away,None,n,2,3,central,turned_away,None,n,23.86203706617843
128,2,3,central,turned_away,None,n,2,3,central,turned_away,None,n,23.97515665472176
129,2,3,central,turned_away,None,n,2,3,central,turned_away,None,n,24.07981306420372
130,2,3,central,turned_away,None,n,2,3,central,turned_away,None,n,24.175136424621087
131,2,3,central,turned_away,None,n,2,3,central,turned_away,None,n,24.28064306071814
132,2,3,central,turned_away,None,n,2,3,central,turned_away,None,n,24.360138113867276
133,2,3,central,turned_away,None,n,2,3,central,turned_away,None,n,24.451626600933857
134,2,3,central,turned_away,None,n,2,3,central,turned_away,None,n,24.598311735592343
135,2,3,central,turned_away,None,n,2,3,central,turned_away,None,n,24.724097561447785
136,2,3,central,turned_away,None,n,2,3,central,turned_away,None,n,24.813963963923623
137,2,3,central,turned_away,None,n,2,3,central,turned_away,None,n,24.912939993498743
138,2,3,central,turned_away,None,n,2,3,central,turned_away,None,n,25.018252597321823
139,2,3,central,turned_away,None,n,2,3,central,turned_away,None,n,25.11027168076969
140,2,3,central,turned_away,None,n,2,3,central,turned_away,None,n,25.249906012489554
141,2,3,central,turned_away,None,n,2,3,central,turned_away,None,n,25.341033611856346
142,2,3,central,turned_away,None,n,2,3,central,turned_away,None,n,25.421260041053614
143,2,3,central,turned_away,None,n,2,3,central,turned_away,None,n,25.513684433976778
144,2,3,central,turned_away,None,n,2,3,central,turned_away,None,n,25.661648097507786
145,2,3,central,turned_away,None,n,2,3,central,turned_away,None,n,25.757021571728924
146,2,3,central,turned_away,None,n,2,3,central,turned_away,None,n,25.878621513661834
147,2,3,central,turned_away,None,n,2,3,central,turned_away,None,n,25.979769215999077
148,2,3,central,turned_away,None,n,2,3,central,turned_away,None,n,26.1484197850456
149,2,3,central,turned_away,None,n,2,3,central,turned_away,None,n,26.222101723339975
150,2,3,central,turned_away,None,n,2,3,central,turned_away,None,n,26.328564105733626
151,2,3,central,turned_away,None,n,2,3,central,turned_away,None,n,26.41262978206996
152,2,3,central,turned_away,None,n,2,3,central,turned_away,None,n,26.494604294923224
153,2,3,central,turned_away,None,n,2,3,central,turned_away,None,n,26.589292022248152
154,2,3,central,turned_away,None,n,2,3,central,turned_away,None,n,26.74033759228769
155,2,3,central,turned_away,None,n,2,3,central,turned_away,None,n,26.837149347824948
156,2,3,central,turned_away,None,n,2,3,central,turned_away,None,n,26.96042847241523
157,2,3,central,turned_away,None,n,2,3,central,turned_away,None,n,27.06750128797596
158,2,3,central,turned_away,None,n,2,3,central,turned_away,None,n,27.186360888263806
159,2,3,central,turned_away,None,n,2,3,central,turned_away,None,n,27.35343222278004
160,2,3,central,turned_away,None,n,2,3,central,turned_away,None,n,27.475773718068435
161,2,3,central,turned_away,None,n,2,3,central,turned_away,None,n,27.549003201874623
162,2,3,central,turned_away,None,n,2,3,central,turned_away,None,n,27.62698285202221
163,2,3,central,turned_away,None,n,2,3,central,turned_away,None,n,27.778185554222663
164,2,3,central,turned_away,None,n,2,3,central,turned_away,None,n,27.867690165020655
165,2,3,central,turned_away,None,n,2,3,central,turned_away,None,n,27.965541462194167
166,2,3,central,turned_away,None,n,2,3,central,turned_away,None,n,28.08769513459994
167,2,3,central,turned_away,None,n,2,3,central,turned_away,None,n,28.189134490063743
168,2,3,central,turned_away,None,n,2,3,central,turned_away,None,n,28.29984202509599
169,2,3,central,turned_away,None,n,2,3,central,turned_away,None,n,28.394945577557163
170,2,3,central,turned_away,None,n,2,3,central,turned_away,None,n,28.539451908614147
171,2,3,central,turned_away,None,n,2,3,central,turned_away,None,n,28.624151598520527
172,2,3,central,turned_away,None,n,2,3,central,turned_away,None,n,28.630529244644325
173,2,3,central,turned_away,None,n,2,3,central,turned_away,None,n,28.650454336953267
174,2,3,central,turned_away,None,n,2,3,central,turned_away,None,n,28.679110273453553
175,2,3,central,turned_away,None,n,2,3,central,turned_away,None,n,28.70335883543311
176,2,3,central,turned_away,None,n,2,3,central,turned_away,None,n,28.708404628362235
177,2,3,central,turned_away,None,n,2,3,central,turned_away,None,n,28.708404628362235
178,2,3,central,turned_away,None,n,2,3,central,turned_away,None,n,28.708404628362235
179,2,3,central,turned_away,None,n,2,3,central,turned_away,None,n,28.708404628362235
180,2,3,central,turned_away,None,n,2,3,central,turned_away,None,n,28.708404628362235
181,2,3,central,turned_away,None,n,2,3,central,turned_away,None,n,28.708404628362235
182,2,3,central,turned_away,None,n,2,3,central,turned_away,None,n,28.708404628362235
183,2,3,central,turned_away,None,n,2,3,central,turned_away,None,n,28.708404628362235
184,2,3,central,turned_away,None,n,2,3,central,turned_away,None,n,28.708404628362235
185,2,3,central,turned_away,None,n,2,3,central,turned_away,None,n,28.708404628362235
186,2,3,central,turned_away,None,n,2,3,central,turned_away,None,n,28.708404628362235
187,2,3,central,turned_away,None,n,2,3,central,turned_away,None,n,28.708404628362235
188,2,3,central,turned_away,None,n,2,3,central,turned_away,None,n,28.708404628362235
189,2,3,central,turned_away,None,n,2,3,central,turned_away,None,n,28.708404628362235
190,2,3,central,turned_away,None,n,2,3,central,turned_away,None,n,28.708404628362235
191,2,3,central,turned_away,None,n,2,3,central,turned_away,None,n,28.708404628362235
192,2,3,central,turned_away,None,n,2,3,central,turned_away,None,n,28.708404628362235
193,2,3,central,turned_away,None,n,2,3,central,turned_away,None,n,28.708404628362235
194,2,3,central,turned_away,None,n,2,3,central,turned_away,None,n,28.708404628362235
195,2,3,central,turned_away,None,n,2,3,central,turned_away,None,n,28.708404628362235
196,2,3,central,turned_away,None,n,2,3,central,turned_away,None,n,28.708404628362235
197,2,3,central,turned_away,None,n,2,3,central,turned_away,None,n,28.708404628362235
198,2,3,central,turned_away,None,n,2,3,central,turned_away,None,n,28.708404628362235
199,2,3,central,turned_away,None,n,2,3,central,turned_away,None,n,28.708404628362235
200,2,3,central,turned_away,None,n,2,3,central,turned_away,None,n,28.708404628362235
201,2,3,central,turned_away,None,n,2,3,central,turned_away,None,n,28.708404628362235
202,2,3,central,turned_away,None,n,2,3,central,turned_away,None,n,28.708404628362235
203,2,3,central,turned_away,None,n,2,3,central,turned_away,None,n,28.708404628362235
204,2,3,central,turned_away,None,n,2,3,central,turned_away,None,n,28.708404628362235
205,2,3,central,turned_away,None,n,2,3,central,turned_away,None,n,28.708404628362235
206,2,3,central,turned_away,None,n,2,3,central,turned_away,None,n,28.708404628362235
207,2,3,central,turned_away,None,n,2,3,central,turned_away,None,n,28.708404628362235
208,2,3,central,turned_away,None,n,2,3,central,turned_away,None,n,28.708404628362235
209,2,3,central,turned_away,None,n,2,3,central,turned_away,None,n,28.708404628362235
210,2,3,central,turned_away,None,n,2,3,central,turned_away,None,n,28.708404628362235
211,2,3,central,turned_away,None,n,2,3,central,turned_away,None,n,28.708404628362235
212,2,3,central,turned_away,None,n,2,3,central,turned_away,None,n,28.708404628362235
213,2,3,central,turned_away,None,n,2,3,central,turned_away,None,n,28.708404628362235
214,2,3,central,turned_away,None,n,2,3,central,turned_away,None,n,28.708404628362235
215,2,3,central,turned_away,None,n,2,3,central,turned_away,None,n,28.708404628362235
216,2,3,central,turned_away,None,n,2,3,central,turned_away,None,n,28.708404628362235
217,2,3,central,turned_away,None,n,2,3,central,turned_away,None,n,28.708404628362235
218,2,3,central,turned_away,None,n,2,3,central,turned_away,None,n,28.708404628362235
219,2,3,central,turned_away,None,n,2,3,central,turned_away,None,n,28.708404628362235
220,2,3,central,turned_away,None,n,2,3,central,turned_away,None,n,28.708404628362235
221,2,3,central,turned_away,None,n,2,3,central,turned_away,None,n,28.708404628362235
222,2,3,central,turned_away,None,n,2,3,central,turned_away,None,n,28.708404628362235
223,2,3,central,turned_away,None,n,2,3,central,turned_away,None,n,28.708404628362235
224,2,3,central,turned_away,None,n,2,3,central,turned_away,None,n,28.708404628362235
225,2,3,central,turned_away,None,n,2,3,central,turned_away,None,n,28.708404628362235
226,2,3,central,turned_away,None,n,2,3,central,turned_away,None,n,28.708404628362235
227,2,3,central,turned_away,None,n,2,3,central,turned_away,None,n,28.708404628362235
228,2,3,central,turned_away,None,n,2,3,central,turned_away,None,n,28.708404628362235
229,2,3,central,turned_away,None,n,2,3,central,turned_away,None,n,28.708404628362235
230,2,3,central,turned_away,None,n,2,3,central,turned_away,None,n,28.708404628362235
231,2,3,central,turned_away,None,n,2,3,central,turned_away,None,n,28.708404628362235
232,2,3,central,turned_away,None,n,2,3,central,turned_away,None,n,28.708404628362235
233,2,3,central,turned_away,None,n,2,3,central,turned_away,None,n,28.708404628362235
234,2,3,central,turned_away,None,n,2,3,central,turned_away,None,n,28.708404628362235
235,2,3,central,turned_away,None,n,2,3,central,turned_away,None,n,28.708404628362235
236,2,3,central,turned_away,None,n,2,3,central,turned_away,None,n,28.708404628362235
237,2,3,central,turned_away,None,n,2,3,central,turned_away,None,n,28.708404628362235
238,2,3,central,turned_away,None,n,2,3,central,turned_away,None,n,28.708404628362235
239,2,3,central,turned_away,None,n,2,3,central,turned_away,None,n,28.708404628362235
240,2,3,central,turned_away,None,n,2,3,central,turned_away,None,n,28.708404628362235
241,2,3,central,turned_away,None,n,2,3,central,turned_away,None,n,28.708404628362235
242,2,3,central,turned_away,None,n,2,3,central,turned_away,None,n,28.708404628362235
243,2,3,central,turned_away,None,n,2,3,central,turned_away,None,n,28.708404628362235
244,2,3,central,turned_away,None,n,2,3,central,turned_away,None,n,28.708404628362235
245,2,3,central,turned_away,None,n,2,3,central,turned_away,None,n,28.708404628362235
246,2,3,central,turned_away,None,n,2,3,central,turned_away,None,n,28.708404628362235
247,2,3,central,turned_away,None,n,2,3,central,turned_away,None,n,28.708404628362235
248,2,3,central,turned_away,None,n,2,3,central,turned_away,None,n,28.708404628362235
249,2,3,central,turned_away,None,n,2,3,central,turned_away,None,n,28.708404628362235
250,2,3,central,turned_away,None,n,2,3,central,turned_away,None,n,28.708404628362235
251,2,3,central,turned_away,None,n,2,3,central,turned_away,None,n,28.708404628362235
252,2,3,central,turned_away,None,n,2,3,central,turned_away,None,n,28.708404628362235
253,2,3,central,turned_away,None,n,2,3,central,turned_away,None,n,28.708404628362235
254,2,3,central,turned_away,None,n,2,3,central,turned_away,None,n,28.708404628362235
255,2,3,central,turned_away,None,n,2,3,central,turned_away,None,n,28.708404628362235
256,2,3,central,turned_away,None,n,2,3,central,turned_away,None,n,28.708404628362235
257,2,3,central,turned_away,None,n,2,3,central,turned_away,None,n,28.708404628362235
