,imas_1,wti_1,viewing_area_1,body_facing_1,gesture_1,approaching_1,imas_2,wti_2,viewing_area_2,body_facing_2,gesture_2,approaching_2,distance
0,1,2,mid_peripheral,slightly_facing,None,n,2,2,mid_peripheral,slightly_facing,None,n,21.32461666031371
1,1,2,mid_peripheral,slightly_facing,None,n,2,2,mid_peripheral,slightly_facing,None,n,21.32461666031371
2,1,2,mid_peripheral,slightly_facing,None,n,2,2,mid_peripheral,slightly_facing,None,n,21.309212597724414
3,1,2,mid_peripheral,slightly_facing,None,n,2,2,mid_peripheral,slightly_facing,None,n,21.18857859386288
4,1,2,mid_peripheral,slightly_facing,None,n,2,2,mid_peripheral,slightly_facing,None,n,20.93794762973802
5,1,2,mid_peripheral,slightly_facing,None,n,2,2,mid_peripheral,slightly_facing,None,n,20.80260239450365
6,1,2,mid_peripheral,slightly_facing,None,n,2,2,mid_peripheral,slightly_facing,None,n,20.531674552707017
7,1,2,mid_peripheral,slightly_facing,None,n,2,2,mid_peripheral,slightly_facing,None,n,20.46403138619407
8,1,2,mid_peripheral,slightly_facing,None,n,2,2,mid_peripheral,slightly_facing,None,n,20.36424640677835
9,1,2,mid_peripheral,slightly_facing,None,n,2,2,central,slightly_facing,None,y,20.233237459221126
10,1,2,mid_peripheral,slightly_facing,None,n,2,2,central,slightly_facing,None,y,19.985978160552957
11,1,2,mid_peripheral,slightly_facing,None,n,2,2,central,slightly_facing,None,y,19.731634819719048
12,1,2,mid_peripheral,slightly_facing,None,n,2,2,central,slightly_facing,None,y,19.492583125827245
13,1,2,mid_peripheral,slightly_facing,None,n,2,2,central,slightly_facing,None,y,19.28303427794143
14,1,2,mid_peripheral,slightly_facing,None,n,2,2,central,slightly_facing,None,y,19.16272356267892
15,1,2,mid_peripheral,slightly_facing,None,n,2,2,central,slightly_facing,None,y,18.982233634262457
16,2,3,central,slightly_facing,None,m,2,2,central,slightly_facing,None,m,18.8267599763573
17,2,3,central,slightly_facing,None,m,2,2,central,slightly_facing,None,m,18.76126569799354
18,2,3,central,slightly_facing,None,y,2,2,central,slightly_facing,None,y,18.682099913550402
19,2,3,central,slightly_facing,None,y,2,2,central,slightly_facing,None,y,18.55490722119389
20,2,3,central,slightly_facing,None,y,2,2,central,slightly_facing,None,y,18.315111776574696
21,2,3,central,slightly_facing,None,y,2,2,central,slightly_facing,None,y,18.093698308660283
22,2,3,central,slightly_facing,None,y,4,4,central,slightly_facing,arm_raise_high,y,17.973876841586794
23,2,3,central,slightly_facing,None,y,4,4,central,slightly_facing,arm_raise_high,y,17.84490116106587
24,2,3,central,slightly_facing,None,y,4,4,central,slightly_facing,arm_raise_high,y,17.690101685212607
25,2,3,central,slightly_facing,None,y,4,4,central,slightly_facing,arm_raise_high,y,17.45644127642931
26,2,5,central,slightly_facing,come_here,m,4,4,central,slightly_facing,arm_raise_high,m,17.326533206222297
27,2,5,central,slightly_facing,come_here,y,4,4,central,slightly_facing,arm_raise_high,y,17.258404294128695
28,2,5,central,slightly_facing,come_here,y,4,4,central,slightly_facing,arm_raise_high,y,17.08365486291387
29,2,5,central,strongly_facing,come_here,y,4,4,central,slightly_facing,arm_raise_high,y,16.93270756182277
30,2,5,central,strongly_facing,come_here,y,4,4,central,slightly_facing,arm_raise_high,y,16.795381290155337
31,2,5,central,slightly_facing,come_here,y,4,4,central,slightly_facing,None,y,16.677220097186012
32,2,5,central,slightly_facing,come_here,y,4,4,central,slightly_facing,None,y,16.553623734780132
33,2,5,central,slightly_facing,come_here,y,4,4,central,slightly_facing,None,y,16.436796478660316
34,2,5,central,slightly_facing,come_here,m,4,4,central,slightly_facing,None,m,16.33645223263145
35,2,5,central,slightly_facing,come_here,y,4,4,central,slightly_facing,None,y,16.23990263135275
36,2,5,central,slightly_facing,come_here,y,4,4,central,strongly_facing,None,y,16.100599608641783
37,2,5,central,slightly_facing,come_here,y,4,4,central,slightly_facing,None,y,15.965509970712239
38,2,5,central,slightly_facing,come_here,y,4,4,central,slightly_facing,None,y,15.706782653735427
39,2,5,central,slightly_facing,come_here,y,4,4,central,strongly_facing,None,y,15.453251712097618
40,2,5,central,slightly_facing,come_here,y,4,4,central,strongly_facing,None,y,15.31754929310332
41,2,5,central,slightly_facing,come_here,y,4,4,central,strongly_facing,None,y,15.12554790245646
42,2,5,central,slightly_facing,come_here,y,4,4,central,strongly_facing,None,y,14.90060282904638
43,2,5,central,slightly_facing,come_here,y,4,4,central,strongly_facing,None,y,14.600704972375986
44,2,5,central,slightly_facing,come_here,y,4,4,central,slightly_facing,None,y,14.292024397006081
45,2,5,central,slightly_facing,come_here,y,4,4,central,slightly_facing,None,y,14.008735886736467
46,2,5,central,slightly_facing,come_here,y,4,4,central,slightly_facing,None,y,13.6846894502442
47,2,5,central,slightly_facing,come_here,y,4,4,central,slightly_facing,None,y,13.422249033691966
48,2,5,central,slightly_facing,come_here,y,4,4,central,strongly_facing,None,y,13.106990523331168
49,2,5,central,slightly_facing,come_here,y,4,4,central,slightly_facing,None,y,12.922778085812078
50,2,5,central,slightly_facing,come_here,y,4,4,central,slightly_facing,None,y,12.551911892680726
51,2,5,central,slightly_facing,come_here,y,4,4,central,slightly_facing,None,y,12.324686640817932
52,2,5,central,slightly_facing,come_here,y,4,4,central,slightly_facing,None,y,12.12484920929328
53,2,5,central,slightly_facing,come_here,y,4,4,central,strongly_facing,None,y,11.870299265442846
54,2,5,central,slightly_facing,None,y,4,4,central,slightly_facing,None,y,11.573496594503887
55,2,5,central,slightly_facing,None,y,4,4,central,slightly_facing,None,y,11.219262654582074
56,2,5,central,slightly_facing,None,y,4,4,central,slightly_facing,None,y,10.895967798525701
57,2,5,central,slightly_facing,None,y,4,4,central,slightly_facing,None,y,10.71193457512181
58,2,5,central,slightly_facing,None,y,4,4,central,slightly_facing,None,y,10.386292223639577
59,2,5,central,slightly_facing,None,y,4,4,central,strongly_facing,None,y,10.13556903172634
60,2,5,central,slightly_facing,None,y,4,4,central,strongly_facing,None,y,9.862025612560242
61,2,5,central,slightly_facing,None,y,4,4,central,slightly_facing,None,y,9.553435623347761
62,2,5,central,slightly_facing,None,y,4,4,central,slightly_facing,None,y,9.27392287338999
63,2,5,central,slightly_facing,None,y,4,4,central,slightly_facing,None,y,9.051580175314639
64,2,5,central,slightly_facing,None,y,4,4,central,slightly_facing,None,y,8.751934652610016
65,2,5,central,slightly_facing,None,y,4,4,central,slightly_facing,None,y,8.399917754666177
66,2,5,central,slightly_facing,None,y,4,4,central,slightly_facing,None,y,8.068378248616884
67,2,5,central,slightly_facing,None,y,4,4,central,slightly_facing,None,y,7.777261647881789
68,2,5,central,slightly_facing,None,y,4,4,central,slightly_facing,None,y,7.617068884959951
69,2,5,central,slightly_facing,None,y,4,4,central,slightly_facing,None,y,7.27999884050128
70,2,5,central,slightly_facing,None,y,4,4,central,strongly_facing,None,y,7.063748570980225
71,2,5,central,slightly_facing,None,y,4,4,central,slightly_facing,None,y,6.689410884983213
72,2,5,central,slightly_facing,None,y,4,4,central,slightly_facing,None,y,6.4716935377655975
73,2,5,central,slightly_facing,None,y,4,4,central,slightly_facing,None,y,6.1609167590728715
74,2,5,central,slightly_facing,None,y,4,4,central,strongly_facing,None,y,5.86593407259687
75,2,5,central,slightly_facing,None,y,4,4,central,strongly_facing,None,y,5.471555344975412
76,2,5,central,slightly_facing,None,y,4,4,central,slightly_facing,None,y,5.2535220574822015
77,2,5,central,slightly_facing,None,y,4,4,central,slightly_facing,None,y,4.8846349122179
78,2,5,central,slightly_facing,None,y,4,4,central,slightly_facing,None,y,4.6463396158234085
79,2,5,central,slightly_facing,None,y,4,4,central,slightly_facing,None,y,4.377625193909823
80,2,5,central,slightly_facing,None,y,4,4,central,strongly_facing,None,y,4.150128706564415
81,2,5,central,slightly_facing,None,y,4,4,central,slightly_facing,None,y,3.8599475259439693
82,2,5,central,slightly_facing,None,y,4,4,central,slightly_facing,None,y,3.612045272241889
83,2,5,central,strongly_facing,None,y,4,4,central,slightly_facing,None,y,3.392716068157784
84,2,5,central,strongly_facing,None,y,4,4,central,slightly_facing,None,y,3.22113567326121
85,2,5,central,strongly_facing,None,y,4,4,central,strongly_facing,None,y,3.071953344820847
86,2,5,central,strongly_facing,None,y,4,4,central,strongly_facing,None,y,2.770607240898103
87,2,5,central,strongly_facing,None,n,4,4,central,slightly_facing,None,y,2.618643062651535
88,2,5,central,strongly_facing,None,n,4,4,central,slightly_facing,None,y,2.352228919238095
89,2,5,central,strongly_facing,None,n,4,4,central,slightly_facing,None,m,2.211099901973909
90,2,5,central,strongly_facing,None,n,4,4,central,slightly_facing,None,n,2.1952210372882734
