,imas_1,wti_1,viewing_area_1,body_facing_1,gesture_1,approaching_1,imas_2,wti_2,viewing_area_2,body_facing_2,gesture_2,approaching_2,distance
0,2,2,mid_peripheral,slightly_facing,None,n,1,2,outside,turned_away,None,n,21.769979500137705
1,2,2,mid_peripheral,slightly_facing,None,n,1,2,outside,turned_away,None,n,21.769979500137705
2,2,2,mid_peripheral,slightly_facing,None,n,1,2,outside,turned_away,None,n,21.769979500137705
3,2,2,mid_peripheral,slightly_facing,None,n,1,2,outside,turned_away,None,n,21.780714188541122
4,2,2,mid_peripheral,slightly_facing,None,n,1,2,mid_peripheral,slightly_facing,None,n,21.75087909357884
5,2,2,mid_peripheral,slightly_facing,None,n,1,2,mid_peripheral,slightly_facing,None,n,21.650165951904384
6,2,2,central,slightly_facing,None,y,1,2,mid_peripheral,strongly_facing,None,n,21.37744663323815
7,2,2,central,slightly_facing,None,y,2,3,central,slightly_facing,None,y,21.083875613389964
8,2,2,central,slightly_facing,None,y,2,3,central,slightly_facing,None,y,20.851414500517418
9,2,2,central,slightly_facing,None,n,2,3,central,slightly_facing,None,n,20.5819481058961
10,2,2,central,slightly_facing,None,m,2,3,central,slightly_facing,None,m,20.5819481058961
11,2,2,central,slightly_facing,None,y,2,3,central,slightly_facing,None,y,20.50017279837124
12,2,2,central,strongly_facing,None,y,2,3,central,slightly_facing,None,y,20.2603927503523
13,3,4,central,strongly_facing,wave_small_head,y,2,3,central,slightly_facing,None,y,19.99051029637625
14,3,4,central,slightly_facing,wave_small_head,y,2,4,central,slightly_facing,wave_small_head,y,19.777987101933963
15,3,4,central,slightly_facing,wave_small_head,y,2,4,central,strongly_facing,wave_small_head,y,19.49891541400444
16,3,4,central,slightly_facing,wave_small_head,y,2,4,central,strongly_facing,wave_small_head,y,19.316280606514546
17,3,4,central,slightly_facing,wave_small_head,y,2,4,central,strongly_facing,wave_small_head,y,19.190046440602824
18,3,4,central,slightly_facing,wave_small_head,y,2,4,central,slightly_facing,wave_small_head,y,19.04476305352705
19,3,4,central,slightly_facing,wave_small_head,m,2,4,central,slightly_facing,wave_small_head,m,18.924210674360026
20,3,4,central,slightly_facing,None,n,2,4,central,slightly_facing,wave_small_head,m,18.830878789392937
21,3,4,central,slightly_facing,wave_small_head,y,2,4,central,slightly_facing,wave_small_head,y,18.822356042457304
22,3,4,central,slightly_facing,wave_small_head,y,2,4,central,slightly_facing,wave_small_head,y,18.660876301655826
23,3,4,central,slightly_facing,wave_small_head,y,2,4,central,slightly_facing,wave_small_head,y,18.501261236710807
24,3,4,central,slightly_facing,wave_small_head,y,2,4,central,slightly_facing,wave_small_head,y,18.352517004710418
25,3,4,central,slightly_facing,wave_small_head,y,2,4,central,turned_away,wave_small_head,n,18.217696493160847
26,3,4,central,slightly_facing,wave_small_head,m,2,4,central,turned_away,wave_small_head,n,18.113612102368123
27,3,4,central,slightly_facing,wave_small_head,y,2,4,central,turned_away,wave_small_head,n,18.024105805629304
28,3,4,central,slightly_facing,wave_small_head,m,2,4,central,turned_away,wave_small_head,n,17.915928111414825
29,3,4,central,slightly_facing,wave_small_head,m,2,4,central,turned_away,wave_small_head,n,17.82844876452788
30,3,4,central,slightly_facing,wave_small_head,m,2,4,central,turned_away,wave_small_head,n,17.756477983783665
31,3,4,central,slightly_facing,wave_small_head,m,2,4,central,turned_away,wave_small_head,n,17.700853338141787
32,3,4,central,slightly_facing,wave_small_head,y,2,4,central,turned_away,wave_small_head,n,17.664848216659205
33,3,4,central,slightly_facing,wave_small_head,m,2,4,central,slightly_facing,wave_small_head,m,17.54395172558067
34,3,4,central,slightly_facing,wave_small_head,m,2,4,central,slightly_facing,wave_small_head,m,17.458353165084755
35,3,4,central,slightly_facing,wave_small_head,y,2,4,central,slightly_facing,wave_small_head,y,17.365263723955394
36,3,4,central,slightly_facing,wave_small_head,y,2,4,central,slightly_facing,wave_small_head,y,17.251627243347222
37,4,4,central,slightly_facing,None,y,2,4,central,slightly_facing,wave_small_head,y,17.12040130298309
38,4,4,central,slightly_facing,None,y,2,4,central,slightly_facing,wave_small_head,y,16.971542494205558
39,4,4,central,slightly_facing,None,y,2,4,central,slightly_facing,None,y,16.81576449992997
40,4,4,central,slightly_facing,None,y,2,4,central,slightly_facing,None,y,16.651189344032485
41,4,4,central,slightly_facing,None,y,2,4,central,slightly_facing,None,y,16.50403567394012
42,4,4,central,slightly_facing,None,y,2,4,central,slightly_facing,None,y,16.326470607407007
43,4,4,central,slightly_facing,None,y,2,4,central,slightly_facing,None,y,16.169184593236917
44,4,4,central,slightly_facing,None,y,2,4,central,slightly_facing,None,y,16.015241122665746
45,4,4,central,slightly_facing,None,m,2,4,central,slightly_facing,None,m,15.79084421631399
46,4,4,central,slightly_facing,None,y,2,4,central,slightly_facing,None,y,15.7151344760595
47,4,4,central,slightly_facing,None,y,2,4,central,slightly_facing,None,y,15.55081760467639
48,4,4,central,strongly_facing,None,y,2,4,central,slightly_facing,None,y,15.400684170839686
49,4,4,central,strongly_facing,None,y,2,4,central,slightly_facing,None,y,15.06910052183666
50,4,4,central,strongly_facing,None,y,2,4,central,slightly_facing,None,y,14.918281115202285
51,4,4,central,slightly_facing,None,y,2,4,central,slightly_facing,None,y,14.750126395948241
52,4,4,central,slightly_facing,None,y,2,4,central,slightly_facing,None,y,14.524551956428986
53,4,4,central,slightly_facing,None,y,2,4,central,slightly_facing,None,y,14.267637909741332
54,4,4,central,slightly_facing,None,y,2,4,central,slightly_facing,None,y,14.043929472370051
55,4,4,central,slightly_facing,None,y,2,4,central,slightly_facing,None,y,13.857488172397087
56,4,4,central,strongly_facing,None,y,2,4,central,slightly_facing,None,y,13.652961273335134
57,4,4,central,strongly_facing,None,y,2,4,central,slightly_facing,None,y,13.422162451573
58,4,4,central,strongly_facing,None,y,2,4,central,slightly_facing,None,y,13.187710294415064
59,4,4,central,strongly_facing,None,y,2,4,central,slightly_facing,None,y,12.904929720803015
60,4,4,central,slightly_facing,None,y,2,4,central,slightly_facing,None,y,12.729389622598132
61,4,4,central,slightly_facing,None,y,2,4,central,slightly_facing,None,y,12.513072407784106
62,4,4,central,slightly_facing,None,y,2,4,central,slightly_facing,None,y,12.287150605539754
63,4,4,central,slightly_facing,None,y,2,4,central,slightly_facing,None,y,12.08608599948097
64,4,4,central,strongly_facing,None,y,2,4,central,slightly_facing,None,y,11.900140298947274
65,4,4,central,strongly_facing,None,y,2,4,central,slightly_facing,None,y,11.732280784948507
66,4,4,central,strongly_facing,None,y,2,4,central,slightly_facing,None,y,11.475193068713258
67,4,4,central,strongly_facing,None,y,2,4,central,slightly_facing,None,y,11.262747515630185
68,4,4,central,slightly_facing,None,y,2,4,central,slightly_facing,None,y,11.031057487707061
69,4,4,central,slightly_facing,None,y,2,4,central,slightly_facing,None,y,10.734773061157275
70,4,4,central,slightly_facing,None,y,2,4,central,slightly_facing,None,y,10.627925995813104
71,4,4,central,slightly_facing,None,y,2,4,central,slightly_facing,None,y,10.463804967512962
72,4,4,central,strongly_facing,None,y,2,4,central,slightly_facing,None,y,10.27071765638823
73,4,4,central,strongly_facing,None,y,2,4,central,slightly_facing,None,y,10.09147890528405
74,4,4,central,strongly_facing,None,y,2,4,central,slightly_facing,None,y,9.778196124002069
75,4,4,central,strongly_facing,None,y,2,4,central,slightly_facing,None,y,9.644196433822419
76,4,4,central,strongly_facing,None,y,2,4,central,slightly_facing,None,y,9.39407133985994
77,4,4,central,strongly_facing,None,y,2,4,central,slightly_facing,None,y,9.216357207415195
78,4,4,central,slightly_facing,None,y,2,4,central,slightly_facing,None,y,8.97779841877473
79,4,4,central,slightly_facing,None,y,2,4,central,slightly_facing,None,y,8.772435071059173
80,4,4,central,strongly_facing,None,y,2,4,central,slightly_facing,None,y,8.628875566450649
81,4,4,central,strongly_facing,None,y,2,4,central,slightly_facing,None,y,8.425911931407121
82,4,4,central,strongly_facing,None,y,2,4,central,slightly_facing,None,y,8.186207838454935
83,4,4,central,strongly_facing,None,y,2,4,central,slightly_facing,None,y,7.974938157769625
84,4,4,central,strongly_facing,None,y,2,4,central,slightly_facing,None,y,7.778893608071779
85,4,4,central,slightly_facing,None,y,2,4,central,slightly_facing,None,y,7.567850015691703
86,4,4,central,slightly_facing,None,m,2,4,central,turned_away,None,n,7.385061239711687
87,4,4,central,slightly_facing,None,y,2,4,central,slightly_facing,None,y,7.32580745752391
88,4,4,central,strongly_facing,None,y,2,4,central,slightly_facing,None,y,7.21421917146223
89,4,4,central,strongly_facing,None,y,2,4,central,slightly_facing,None,y,7.010557924346105
90,4,4,central,strongly_facing,None,y,2,4,central,slightly_facing,None,y,6.875813511380596
91,4,4,central,strongly_facing,None,m,2,4,central,slightly_facing,None,m,6.72670186102826
92,4,4,central,strongly_facing,None,y,2,4,central,slightly_facing,None,y,6.654007468971234
93,4,4,central,strongly_facing,None,y,2,4,central,slightly_facing,None,y,6.500608413089434
94,4,4,central,strongly_facing,None,m,2,4,central,strongly_facing,None,n,6.322424135377193
95,4,4,central,slightly_facing,None,y,2,4,central,strongly_facing,None,n,6.238341708847707
96,4,4,central,slightly_facing,None,m,2,4,central,strongly_facing,None,n,6.113097527338825
97,4,4,central,strongly_facing,None,y,2,4,central,strongly_facing,None,n,6.035465954721308
98,4,4,central,strongly_facing,None,y,2,4,central,strongly_facing,None,n,5.93339263418333
99,4,4,central,strongly_facing,None,y,2,4,central,strongly_facing,None,n,5.754476548466596
100,4,4,central,strongly_facing,None,m,2,4,central,strongly_facing,None,n,5.548705401890519
101,4,4,central,strongly_facing,None,y,2,4,central,strongly_facing,None,n,5.484311766756524
102,4,4,central,strongly_facing,None,y,2,4,central,strongly_facing,None,n,5.352557398927446
103,4,4,central,strongly_facing,None,y,2,4,central,strongly_facing,None,n,5.234728642987522
104,4,4,central,slightly_facing,None,m,2,4,central,strongly_facing,None,n,5.038828763033338
105,4,4,central,slightly_facing,None,m,2,4,central,strongly_facing,None,n,4.976804813816293
106,4,4,central,strongly_facing,None,y,2,4,central,strongly_facing,None,n,4.898972087586639
107,4,4,central,strongly_facing,None,y,2,4,central,strongly_facing,None,n,4.796721681299007
108,4,4,central,strongly_facing,None,y,2,4,central,strongly_facing,None,n,4.582898854020347
109,4,4,central,strongly_facing,None,y,2,4,central,strongly_facing,None,n,4.412152341666025
110,4,4,central,strongly_facing,None,y,2,4,central,strongly_facing,None,n,4.290668909242241
111,4,4,central,strongly_facing,None,y,2,4,central,strongly_facing,None,n,4.160382805122139
112,4,4,central,slightly_facing,None,y,2,4,central,strongly_facing,None,n,3.955753830603721
113,4,4,central,strongly_facing,None,y,2,4,central,strongly_facing,None,n,3.8391577772282153
114,4,4,central,strongly_facing,None,y,2,4,central,strongly_facing,None,n,3.7302372941475164
115,4,4,central,strongly_facing,None,y,2,4,central,strongly_facing,None,n,3.605158654442417
116,4,4,central,strongly_facing,None,y,2,4,central,strongly_facing,None,n,3.402963686518707
117,4,4,central,strongly_facing,None,y,2,4,central,strongly_facing,None,n,3.258944204866968
118,4,4,central,strongly_facing,None,y,2,4,central,strongly_facing,None,n,3.140198221084301
119,4,4,central,strongly_facing,None,y,2,4,central,strongly_facing,None,n,3.014452989242329
120,4,4,central,strongly_facing,None,y,2,4,central,strongly_facing,None,n,2.8970131731949342
121,4,4,central,slightly_facing,None,y,2,4,central,strongly_facing,None,n,2.749012434650849
122,4,4,central,strongly_facing,None,y,2,4,central,strongly_facing,None,n,2.5931760059936138
123,4,4,central,strongly_facing,None,y,2,4,central,strongly_facing,None,n,2.4653866586239577
124,4,4,central,strongly_facing,None,y,2,4,central,strongly_facing,None,n,2.256975603877901
125,4,4,central,strongly_facing,None,y,2,4,central,strongly_facing,None,n,2.124886346448909
126,4,4,central,strongly_facing,None,y,2,4,central,strongly_facing,None,n,1.9972232210186185
127,4,4,central,strongly_facing,None,y,2,4,central,strongly_facing,None,n,1.8575224560927919
128,4,4,central,strongly_facing,None,y,2,4,central,strongly_facing,None,n,1.733612705327229
129,4,4,central,strongly_facing,None,y,2,4,central,strongly_facing,None,n,1.5164217052970446
130,4,4,central,strongly_facing,None,y,2,4,central,strongly_facing,None,n,1.4104610430635827
131,4,4,central,strongly_facing,None,y,2,4,central,strongly_facing,None,n,1.2835991525912613
132,4,4,central,strongly_facing,None,y,2,4,central,strongly_facing,None,n,1.1629669668507376
133,4,4,central,turned_away,None,n,2,4,central,strongly_facing,None,n,0.926546562760882
134,4,4,central,strongly_facing,None,m,2,4,central,strongly_facing,None,n,0.9419835843845684
135,4,4,central,strongly_facing,None,m,2,4,central,strongly_facing,None,n,0.9213317745025429
136,4,4,central,strongly_facing,None,m,2,4,central,strongly_facing,None,n,0.8982820951883657
137,4,4,central,slightly_facing,None,m,2,4,central,strongly_facing,None,n,0.8854510491585671
138,4,4,central,slightly_facing,None,n,2,4,central,strongly_facing,None,n,0.8675386311427298
