,imas_1,wti_1,viewing_area_1,body_facing_1,gesture_1,approaching_1,imas_2,wti_2,viewing_area_2,body_facing_2,gesture_2,approaching_2,distance
0,1,2,outside,turned_away,None,n,2,2,mid_peripheral,slightly_facing,None,n,21.11963427626099
1,1,2,outside,turned_away,None,n,2,2,mid_peripheral,slightly_facing,None,n,21.11963427626099
2,1,2,outside,turned_away,None,n,2,2,mid_peripheral,slightly_facing,None,n,21.11963427626099
3,1,2,outside,turned_away,None,n,2,2,mid_peripheral,slightly_facing,None,n,21.11963427626099
4,1,2,outside,turned_away,None,n,2,2,mid_peripheral,slightly_facing,None,n,21.11963427626099
5,1,2,outside,turned_away,None,n,2,2,mid_peripheral,slightly_facing,None,n,21.11963427626099
6,1,2,outside,turned_away,None,n,2,2,mid_peripheral,slightly_facing,None,n,21.11963427626099
7,1,2,outside,turned_away,None,n,2,2,mid_peripheral,slightly_facing,None,n,21.11963427626099
8,1,2,outside,turned_away,None,n,2,2,mid_peripheral,slightly_facing,None,n,21.11963427626099
9,1,2,mid_peripheral,slightly_facing,None,n,2,2,mid_peripheral,slightly_facing,None,n,21.099583928110906
10,1,2,mid_peripheral,slightly_facing,None,n,2,2,central,slightly_facing,None,y,20.971230062261895
11,1,2,mid_peripheral,strongly_facing,None,n,2,2,central,slightly_facing,None,y,20.66910010155953
12,1,2,mid_peripheral,slightly_facing,None,n,2,2,central,slightly_facing,None,y,20.524400850144616
13,1,2,mid_peripheral,slightly_facing,None,n,2,2,central,slightly_facing,None,y,20.26871538276664
14,1,2,mid_peripheral,slightly_facing,None,n,2,2,central,slightly_facing,None,y,20.04856169941387
15,1,2,mid_peripheral,slightly_facing,None,n,2,2,central,slightly_facing,None,y,19.72111478783393
16,2,3,central,strongly_facing,None,y,2,2,central,slightly_facing,None,y,19.463789736147998
17,2,3,central,strongly_facing,None,y,2,2,central,slightly_facing,None,y,19.110322127417557
18,2,3,central,strongly_facing,None,y,2,2,central,slightly_facing,None,y,18.845581567882512
19,2,3,central,strongly_facing,None,m,2,2,central,slightly_facing,None,m,18.71186378326299
20,2,3,central,strongly_facing,None,y,2,2,central,slightly_facing,None,y,18.612990711120148
21,2,3,central,strongly_facing,None,y,2,2,central,slightly_facing,None,y,18.43922572683368
22,2,3,central,slightly_facing,None,y,3,4,central,slightly_facing,arm_raise_high,y,18.138930086417393
23,2,3,central,strongly_facing,None,y,3,4,central,slightly_facing,arm_raise_high,y,17.92097579721066
24,2,3,central,strongly_facing,None,y,3,4,central,slightly_facing,arm_raise_high,y,17.603589235799525
25,2,3,central,slightly_facing,None,y,3,4,central,slightly_facing,arm_raise_high,y,17.27288137981552
26,2,3,central,slightly_facing,None,y,3,4,central,slightly_facing,arm_raise_high,y,17.16138254341779
27,2,3,central,slightly_facing,None,y,3,4,central,slightly_facing,arm_raise_high,y,17.015212575425704
28,2,3,central,slightly_facing,None,y,3,4,central,slightly_facing,arm_raise_high,y,16.893314980079737
29,2,4,central,slightly_facing,arm_raise_low,y,3,4,central,slightly_facing,arm_raise_high,y,16.63936715910151
30,2,4,central,slightly_facing,arm_raise_low,y,3,4,central,slightly_facing,arm_raise_high,y,16.448879863626736
31,2,4,central,slightly_facing,arm_raise_low,y,3,4,central,slightly_facing,arm_raise_high,y,16.31377610380126
32,2,4,central,slightly_facing,arm_raise_low,y,3,4,central,slightly_facing,arm_raise_high,y,16.118744761761565
33,2,4,central,slightly_facing,arm_raise_low,y,3,4,central,slightly_facing,arm_raise_high,y,15.973923618843704
34,2,4,central,slightly_facing,arm_raise_low,y,3,4,central,slightly_facing,arm_raise_high,y,15.838513075486755
35,2,4,central,slightly_facing,arm_raise_low,y,3,4,central,slightly_facing,arm_raise_high,y,15.639976852588667
36,2,4,central,slightly_facing,arm_raise_low,y,3,4,central,slightly_facing,None,y,15.52586139414944
37,2,4,central,slightly_facing,arm_raise_low,y,3,4,central,slightly_facing,None,y,15.38055988954749
38,2,4,central,slightly_facing,arm_raise_low,m,3,4,central,slightly_facing,None,m,15.267391009229371
39,2,4,central,slightly_facing,arm_raise_low,y,3,4,central,slightly_facing,None,y,15.175098389697805
40,2,4,central,slightly_facing,arm_raise_low,y,3,4,central,slightly_facing,None,y,14.936619084194822
41,2,4,central,slightly_facing,arm_raise_low,m,3,4,central,slightly_facing,None,m,14.781613910042468
42,2,4,central,slightly_facing,arm_raise_low,y,3,4,central,slightly_facing,None,y,14.713103780068977
43,2,4,central,slightly_facing,arm_raise_low,y,3,4,central,slightly_facing,None,y,14.589065592071695
44,2,4,central,slightly_facing,arm_raise_low,y,3,4,central,slightly_facing,None,y,14.46056382110919
45,2,4,central,slightly_facing,arm_raise_low,y,3,4,central,slightly_facing,None,y,14.223613619847976
46,2,4,central,slightly_facing,arm_raise_low,m,3,4,central,slightly_facing,None,m,14.060471411937227
47,2,4,central,slightly_facing,arm_raise_low,y,3,4,central,slightly_facing,None,y,13.973857899691765
48,2,4,central,slightly_facing,arm_raise_low,y,3,4,central,slightly_facing,None,y,13.707926132111487
49,2,4,central,slightly_facing,arm_raise_low,y,3,4,central,strongly_facing,None,y,13.268096894943293
50,2,4,central,slightly_facing,arm_raise_low,y,3,4,central,slightly_facing,None,y,12.99969868244376
51,2,4,central,slightly_facing,arm_raise_low,y,3,4,central,slightly_facing,None,y,12.676851655648417
52,2,4,central,slightly_facing,arm_raise_low,y,3,4,central,slightly_facing,None,y,12.43113007461385
53,2,4,central,slightly_facing,arm_raise_low,y,3,4,central,strongly_facing,None,y,11.978163059847947
54,2,4,central,slightly_facing,arm_raise_low,y,3,4,central,strongly_facing,None,y,11.622230955023563
55,2,4,central,turned_away,arm_raise_low,n,3,4,central,strongly_facing,None,y,11.44615725491923
56,2,4,central,slightly_facing,arm_raise_low,y,3,4,central,slightly_facing,None,y,11.236955268189147
57,2,4,central,slightly_facing,arm_raise_low,m,3,4,central,slightly_facing,None,m,10.974030756772098
58,2,4,central,slightly_facing,arm_raise_low,y,3,4,central,slightly_facing,None,y,10.879400396921373
59,2,4,central,slightly_facing,arm_raise_low,y,3,4,central,strongly_facing,None,y,10.56460309373414
60,2,4,central,slightly_facing,arm_raise_low,y,3,4,central,strongly_facing,None,y,10.362012091754611
61,2,4,central,strongly_facing,None,n,3,4,central,slightly_facing,None,y,10.135987733794185
62,2,4,central,strongly_facing,None,n,3,4,central,slightly_facing,None,y,9.766070503561306
63,2,4,central,strongly_facing,None,n,3,4,central,slightly_facing,None,y,9.662647698814913
64,2,4,central,strongly_facing,None,n,3,4,central,strongly_facing,None,y,9.426523526864937
65,2,4,central,strongly_facing,None,n,3,4,central,strongly_facing,None,y,9.135924910706803
66,2,4,central,strongly_facing,None,n,3,4,central,slightly_facing,None,y,8.990187940639512
67,2,4,central,strongly_facing,None,n,3,4,central,slightly_facing,None,y,8.71295080473023
68,2,4,central,strongly_facing,None,n,3,4,central,slightly_facing,None,y,8.474924400681882
69,2,4,central,strongly_facing,None,n,3,4,central,strongly_facing,None,y,8.26689273917849
70,2,4,central,strongly_facing,None,n,3,4,central,strongly_facing,None,y,7.999401450521979
71,2,4,central,strongly_facing,None,n,3,4,central,strongly_facing,None,y,7.893427222314276
72,2,4,central,strongly_facing,None,n,3,4,central,slightly_facing,None,y,7.680410658443342
73,2,4,central,strongly_facing,None,n,3,4,central,slightly_facing,None,y,7.439283129020233
74,2,4,central,strongly_facing,None,n,3,4,central,strongly_facing,None,y,7.308245537072841
75,2,4,central,strongly_facing,None,n,3,4,central,strongly_facing,None,y,6.886176398277137
76,2,4,central,strongly_facing,None,n,3,4,central,strongly_facing,None,y,6.780268214637612
77,2,4,central,strongly_facing,None,n,3,4,central,slightly_facing,None,y,6.5675302517236345
78,2,4,central,strongly_facing,None,n,3,4,central,slightly_facing,None,m,6.327515189522667
79,2,4,central,strongly_facing,None,n,3,4,central,slightly_facing,None,y,6.263110541687163
80,2,4,central,strongly_facing,None,n,3,4,central,strongly_facing,None,y,5.98888072318134
81,2,4,central,strongly_facing,None,n,3,4,central,strongly_facing,None,y,5.776312842799726
82,2,4,central,strongly_facing,None,n,3,4,central,slightly_facing,None,y,5.5734615175368365
83,2,4,central,strongly_facing,None,n,3,4,central,slightly_facing,None,y,5.360942501393301
84,2,4,central,strongly_facing,None,n,3,4,central,slightly_facing,None,y,5.217994361806848
85,2,4,central,strongly_facing,None,n,3,4,central,slightly_facing,None,y,4.9220385613284305
86,2,4,central,strongly_facing,None,n,3,4,central,strongly_facing,None,y,4.649783211369003
87,2,4,central,strongly_facing,None,n,3,4,central,slightly_facing,None,y,4.544012149721655
88,2,4,central,strongly_facing,None,n,3,4,central,slightly_facing,None,y,4.25022678442281
89,2,4,central,strongly_facing,None,n,3,4,central,slightly_facing,None,y,4.094263965757217
90,2,4,central,strongly_facing,None,n,3,4,central,slightly_facing,None,y,3.9181708243124174
91,2,4,central,strongly_facing,None,n,3,4,central,slightly_facing,None,y,3.7088373262541476
92,2,4,central,strongly_facing,None,n,3,4,central,strongly_facing,None,y,3.5339908093690675
93,2,4,central,strongly_facing,None,n,3,4,central,slightly_facing,None,y,3.325013131668053
94,2,4,central,strongly_facing,None,n,3,4,central,slightly_facing,None,y,3.1100140724487133
95,2,4,central,strongly_facing,None,n,3,4,central,slightly_facing,None,y,2.913970977637221
96,2,4,central,strongly_facing,None,n,3,4,central,slightly_facing,None,y,2.7237213566391105
97,2,4,central,strongly_facing,None,n,3,4,central,slightly_facing,None,y,2.4692105134009936
98,2,4,central,strongly_facing,None,n,3,4,central,slightly_facing,None,y,2.2681370144027917
99,2,4,central,strongly_facing,None,n,3,4,central,slightly_facing,None,m,2.0688551556646018
100,2,4,central,strongly_facing,None,n,3,4,central,slightly_facing,None,m,1.9693265200044927
101,2,4,central,strongly_facing,None,n,3,4,central,slightly_facing,None,m,1.9515504941620165
102,2,4,central,strongly_facing,None,n,3,4,central,slightly_facing,None,n,1.9245301175988414
