,imas_1,wti_1,viewing_area_1,body_facing_1,gesture_1,approaching_1,imas_2,wti_2,viewing_area_2,body_facing_2,gesture_2,approaching_2,distance
0,1,2,outside,slightly_facing,None,n,1,1,outside,turned_away,None,n,10.379277717906401
1,1,2,outside,slightly_facing,None,n,1,1,outside,turned_away,None,n,10.379277717906401
2,1,2,outside,slightly_facing,None,n,1,1,outside,turned_away,None,n,10.379277717906401
3,1,2,outside,slightly_facing,None,n,1,1,outside,turned_away,None,n,10.379277717906401
4,1,2,outside,slightly_facing,None,n,1,1,outside,turned_away,None,n,10.37932440118306
5,1,2,outside,slightly_facing,None,n,1,1,outside,turned_away,None,n,10.370616031181363
6,1,2,outside,turned_away,None,n,1,1,outside,turned_away,None,n,10.363500621033644
7,1,2,outside,turned_away,None,n,1,1,outside,slightly_facing,None,n,10.387645602768368
8,1,2,outside,turned_away,None,n,1,1,outside,slightly_facing,None,n,10.398786658322882
9,1,2,outside,slightly_facing,None,n,1,1,outside,slightly_facing,None,n,10.375708861307988
10,1,2,outside,slightly_facing,None,n,1,1,outside,slightly_facing,None,n,10.326145367516185
11,1,2,outside,slightly_facing,None,n,1,1,outside,turned_away,None,n,10.281084678480665
12,1,2,mid_peripheral,slightly_facing,None,n,1,1,outside,turned_away,None,n,10.203412249451167
13,1,2,mid_peripheral,slightly_facing,None,n,2,2,central,slightly_facing,None,m,10.204575222346543
14,1,2,outside,slightly_facing,None,n,2,2,central,slightly_facing,None,m,10.158328506064827
15,1,2,outside,slightly_facing,None,n,2,2,central,slightly_facing,None,m,10.111836741451125
16,1,2,outside,slightly_facing,None,n,2,2,central,slightly_facing,None,m,10.086613059982877
17,1,2,outside,slightly_facing,None,n,2,2,central,slightly_facing,None,m,10.069760306567382
18,1,2,outside,turned_away,None,n,2,2,central,slightly_facing,None,m,10.06048115156333
19,1,2,outside,slightly_facing,None,n,2,2,central,slightly_facing,None,m,10.042549078717522
20,1,2,outside,slightly_facing,None,n,2,2,central,slightly_facing,None,m,10.027200891011852
21,1,2,outside,slightly_facing,None,n,2,2,central,turned_away,None,n,10.017719902500223
22,1,2,outside,slightly_facing,None,n,2,2,central,turned_away,None,n,9.997207400017718
23,1,2,outside,slightly_facing,None,n,2,2,central,slightly_facing,None,m,9.951484448537707
24,1,2,outside,slightly_facing,None,n,2,2,central,slightly_facing,None,m,9.88873545729938
25,1,2,outside,slightly_facing,None,n,2,2,central,slightly_facing,None,m,9.85038915369242
26,1,2,outside,slightly_facing,None,n,2,2,central,slightly_facing,None,m,9.827310749660299
27,1,2,outside,slightly_facing,None,n,2,2,central,slightly_facing,None,m,9.793928702141194
28,1,2,outside,slightly_facing,None,n,2,2,central,slightly_facing,None,m,9.782455746635609
29,1,2,outside,slightly_facing,None,n,3,4,central,slightly_facing,wave_small_head,m,9.757248098560824
30,1,2,outside,slightly_facing,None,n,3,4,central,turned_away,wave_small_head,n,9.736366914463016
31,1,2,outside,slightly_facing,None,n,3,4,central,turned_away,wave_small_head,n,9.696309026881622
32,1,2,outside,slightly_facing,None,n,3,4,central,turned_away,wave_small_head,n,9.685984164551378
33,1,2,outside,slightly_facing,None,n,3,4,central,turned_away,wave_small_head,n,9.667212483185118
34,1,2,outside,slightly_facing,None,n,3,4,central,turned_away,wave_small_head,n,9.651873550595242
35,1,2,outside,slightly_facing,None,n,3,4,central,slightly_facing,wave_small_head,m,9.62815745414023
36,1,2,outside,slightly_facing,None,n,3,4,central,slightly_facing,wave_small_head,m,9.599745200027865
37,1,2,outside,slightly_facing,None,n,3,4,central,slightly_facing,wave_small_head,m,9.570562031835173
38,1,2,outside,slightly_facing,None,n,3,4,central,slightly_facing,wave_small_head,m,9.529266391401237
39,1,2,outside,slightly_facing,None,n,3,4,central,slightly_facing,wave_small_head,m,9.5105835530756
40,2,2,central,slightly_facing,None,m,3,4,central,slightly_facing,wave_small_head,m,9.49822164374374
41,2,2,central,slightly_facing,None,m,3,4,central,turned_away,wave_small_head,n,9.461045419696918
42,2,2,central,slightly_facing,None,m,3,4,central,turned_away,wave_small_head,n,9.428568260637869
43,2,2,central,slightly_facing,None,m,3,4,central,slightly_facing,wave_small_head,m,9.42111553683134
44,2,2,central,slightly_facing,None,m,3,4,central,turned_away,wave_small_head,n,9.388785911659717
45,2,2,central,slightly_facing,None,m,3,4,central,turned_away,wave_small_head,n,9.350768994856676
46,2,2,central,slightly_facing,None,m,3,4,central,turned_away,wave_small_head,n,9.355415888220305
47,2,2,central,slightly_facing,None,m,3,4,central,turned_away,wave_small_head,n,9.364856850771933
48,2,2,central,slightly_facing,None,m,3,4,central,turned_away,wave_small_head,n,9.383815039447716
49,2,2,central,slightly_facing,None,m,3,4,central,turned_away,wave_small_head,n,9.425342203478076
50,2,2,central,slightly_facing,None,n,3,4,central,turned_away,wave_small_head,n,9.43499282744953
51,2,4,central,slightly_facing,arm_raise_low,m,3,4,central,turned_away,wave_small_head,n,9.53674427104869
52,2,4,central,slightly_facing,arm_raise_low,m,3,4,central,turned_away,wave_small_head,n,9.558289622265738
53,2,4,central,slightly_facing,arm_raise_low,m,3,4,central,turned_away,wave_small_head,n,9.557491498159655
54,2,4,central,slightly_facing,arm_raise_low,m,3,4,central,turned_away,wave_small_head,n,9.57016821567229
55,2,4,central,slightly_facing,arm_raise_low,m,3,4,central,turned_away,wave_small_head,n,9.545750844152014
56,2,4,central,slightly_facing,arm_raise_low,m,5,5,central,turned_away,None,n,9.529112606349084
57,2,4,central,slightly_facing,arm_raise_low,m,5,5,central,turned_away,None,n,9.529534515747605
58,2,4,central,slightly_facing,arm_raise_low,m,5,5,central,turned_away,None,n,9.503585836612201
59,2,4,central,slightly_facing,arm_raise_low,m,5,5,central,turned_away,None,n,9.41632786751288
60,2,4,central,slightly_facing,arm_raise_low,m,5,5,central,turned_away,None,n,9.421457951496153
61,2,4,central,slightly_facing,arm_raise_low,m,5,5,central,turned_away,None,n,9.46802139474864
62,2,4,central,slightly_facing,arm_raise_low,m,5,5,central,turned_away,None,n,9.492302440657483
63,2,4,central,slightly_facing,arm_raise_low,m,5,5,central,turned_away,None,n,9.480875987231823
64,2,4,central,slightly_facing,arm_raise_low,m,5,5,central,turned_away,None,n,9.428532053805037
65,2,4,central,slightly_facing,arm_raise_low,m,5,5,central,turned_away,None,n,9.455896096123361
66,2,4,central,slightly_facing,arm_raise_low,m,5,5,central,turned_away,None,n,9.522885134211002
67,2,4,central,slightly_facing,arm_raise_low,m,5,5,central,turned_away,None,n,9.525245885277968
68,2,4,central,slightly_facing,arm_raise_low,m,5,5,central,turned_away,None,n,9.59094902025993
69,2,4,central,turned_away,arm_raise_low,n,5,5,central,slightly_facing,None,m,9.613420238942274
70,2,4,central,turned_away,arm_raise_low,n,5,5,central,slightly_facing,None,m,9.585910616044456
71,2,4,central,turned_away,arm_raise_low,n,5,5,central,slightly_facing,None,m,9.585279496367807
72,2,4,central,turned_away,arm_raise_low,n,5,5,central,slightly_facing,None,m,9.528077309896476
73,2,4,central,turned_away,arm_raise_low,n,5,5,central,slightly_facing,None,y,9.429583584281964
74,2,4,central,turned_away,None,n,5,5,central,slightly_facing,None,y,9.244113352430185
75,2,4,central,turned_away,None,n,5,5,central,slightly_facing,None,y,9.097558929270859
76,2,4,central,turned_away,None,n,5,5,central,slightly_facing,None,m,8.828100258240903
77,2,4,central,turned_away,None,n,5,5,central,slightly_facing,None,m,8.788531734996749
78,2,4,central,turned_away,None,n,5,5,central,slightly_facing,None,y,8.735409136725828
79,2,4,central,turned_away,None,n,5,5,central,slightly_facing,None,y,8.624834263887333
80,2,4,central,turned_away,None,n,5,5,central,slightly_facing,None,m,8.427403539955174
81,2,4,central,turned_away,None,n,5,5,central,slightly_facing,None,y,8.353036904132113
82,2,4,central,turned_away,None,n,5,5,central,slightly_facing,None,y,8.20806000519831
83,2,4,central,turned_away,None,n,5,5,central,slightly_facing,None,m,8.10500481713861
84,2,4,central,turned_away,None,n,5,5,central,slightly_facing,None,y,8.103876931277336
85,2,4,central,turned_away,None,n,5,5,central,slightly_facing,None,y,7.934104426930626
86,2,4,central,turned_away,None,n,5,5,central,slightly_facing,None,m,7.757827919612863
87,2,4,central,turned_away,None,n,5,5,central,slightly_facing,None,y,7.682660171691378
88,2,4,central,slightly_facing,None,y,5,5,central,slightly_facing,None,y,7.509987246293566
89,2,4,central,slightly_facing,None,m,5,5,central,slightly_facing,None,m,7.249926818035132
90,2,4,central,slightly_facing,None,y,5,5,central,slightly_facing,None,y,7.17000420327081
91,2,4,central,slightly_facing,None,y,5,5,central,slightly_facing,None,y,6.995184432438146
92,2,4,central,slightly_facing,None,y,5,5,central,slightly_facing,None,y,6.806343149011504
93,2,4,central,slightly_facing,None,y,5,5,central,slightly_facing,None,y,6.695432686024772
94,2,4,central,slightly_facing,None,y,5,5,central,slightly_facing,None,y,6.396240034436484
95,2,4,central,slightly_facing,None,y,5,5,central,slightly_facing,None,y,6.167589811387337
96,2,4,central,slightly_facing,None,y,5,5,central,slightly_facing,None,y,6.0125124065921804
97,2,4,central,slightly_facing,None,y,5,5,central,slightly_facing,None,y,5.78527253039068
98,2,4,central,slightly_facing,None,y,5,5,central,slightly_facing,None,y,5.581413956947206
99,2,4,central,slightly_facing,None,y,5,5,central,strongly_facing,None,y,5.293910227023973
100,2,4,central,slightly_facing,None,y,5,5,central,slightly_facing,None,y,5.08117494299498
101,2,4,central,slightly_facing,None,y,5,5,central,slightly_facing,None,y,4.86179017367317
102,2,4,central,slightly_facing,None,y,5,5,central,slightly_facing,None,y,4.616363354235132
103,2,4,central,slightly_facing,None,y,5,5,central,slightly_facing,None,y,4.426946513278074
104,2,4,central,slightly_facing,None,y,5,5,central,strongly_facing,None,y,4.303059597573449
105,2,4,central,slightly_facing,None,y,5,5,central,strongly_facing,None,y,3.991072559554505
106,2,4,central,slightly_facing,None,y,5,5,central,strongly_facing,None,y,3.868132269077163
107,2,4,central,slightly_facing,None,y,5,5,central,slightly_facing,None,y,3.6358565334350046
108,2,4,central,turned_away,None,n,5,5,central,slightly_facing,None,m,3.3614383372998162
109,2,4,central,slightly_facing,None,y,5,5,central,slightly_facing,None,y,3.297579486974645
110,2,4,central,slightly_facing,None,y,5,5,central,strongly_facing,None,y,3.1093548191343494
111,2,4,central,turned_away,None,n,5,5,central,strongly_facing,None,m,2.8947979519216793
112,2,4,central,turned_away,None,n,5,5,central,strongly_facing,None,y,2.7960391878859685
113,2,4,central,turned_away,None,n,5,5,central,strongly_facing,None,y,2.621950924777209
114,2,4,central,strongly_facing,None,n,5,5,central,strongly_facing,None,m,2.319143608105368
115,2,4,central,strongly_facing,None,n,5,5,central,slightly_facing,None,y,2.2491276525988937
116,2,4,central,strongly_facing,None,n,5,5,central,slightly_facing,None,y,2.0953598989350244
117,2,4,central,strongly_facing,None,n,5,5,central,strongly_facing,None,y,1.9129600125023516
118,2,4,central,strongly_facing,None,n,5,5,central,strongly_facing,None,m,1.6646362540882649
119,2,4,central,strongly_facing,None,n,5,5,central,strongly_facing,None,y,1.572034827848289
120,2,4,central,strongly_facing,None,n,5,5,central,slightly_facing,None,y,1.3149406473191072
121,2,4,central,strongly_facing,None,n,5,5,central,slightly_facing,None,m,1.0991439405214403
122,2,4,central,strongly_facing,None,n,5,5,central,slightly_facing,None,m,1.0905291302592475
123,2,4,central,strongly_facing,None,n,5,5,central,slightly_facing,None,n,1.061614614121337
