,imas_1,wti_1,viewing_area_1,body_facing_1,gesture_1,approaching_1,imas_2,wti_2,viewing_area_2,body_facing_2,gesture_2,approaching_2,distance
0,1,1,mid_peripheral,slightly_facing,None,n,1,1,outside,turned_away,None,n,20.574174786566836
1,1,1,mid_peripheral,slightly_facing,None,n,1,1,outside,turned_away,None,n,20.574174786566836
2,1,1,mid_peripheral,slightly_facing,None,n,1,1,outside,turned_away,None,n,20.574174786566836
3,1,1,mid_peripheral,slightly_facing,None,n,1,1,outside,turned_away,None,n,20.574174786566836
4,1,1,mid_peripheral,slightly_facing,None,n,1,1,outside,turned_away,None,n,20.549555056873746
5,1,1,mid_peripheral,slightly_facing,None,n,1,1,outside,turned_away,None,n,20.323646529558477
6,1,1,outside,slightly_facing,None,n,1,1,outside,turned_away,None,n,20.277745132486956
7,1,1,mid_peripheral,slightly_facing,None,n,1,1,outside,turned_away,None,n,20.21771514719524
8,1,1,mid_peripheral,slightly_facing,None,n,1,1,outside,turned_away,None,n,20.2447047579208
9,1,1,mid_peripheral,slightly_facing,None,n,1,1,outside,turned_away,None,n,20.380051117229314
10,1,1,mid_peripheral,slightly_facing,None,n,1,1,outside,turned_away,None,n,20.255269106887962
11,1,1,mid_peripheral,slightly_facing,None,n,1,1,outside,turned_away,None,n,20.229366314764732
12,1,1,mid_peripheral,slightly_facing,None,n,1,1,outside,turned_away,None,n,20.19527416623218
13,1,1,mid_peripheral,slightly_facing,None,n,1,1,outside,turned_away,None,n,20.21460861900546
14,1,1,mid_peripheral,slightly_facing,None,n,1,1,outside,turned_away,None,n,20.245282821291507
15,1,1,mid_peripheral,slightly_facing,None,n,1,1,outside,turned_away,None,n,20.292851993201474
16,1,1,mid_peripheral,slightly_facing,None,n,1,1,outside,turned_away,None,n,20.242108387471994
17,1,1,mid_peripheral,slightly_facing,None,n,1,1,outside,turned_away,None,n,20.28872620274127
18,2,3,central,slightly_facing,None,m,1,1,outside,turned_away,None,n,20.286931927887593
19,2,3,central,slightly_facing,None,m,1,1,outside,turned_away,None,n,20.311675092805636
20,2,3,central,slightly_facing,None,m,1,1,outside,turned_away,None,n,20.312809046746377
21,2,3,central,slightly_facing,None,m,1,1,outside,turned_away,None,n,20.315978609507198
22,2,3,central,slightly_facing,None,m,1,1,outside,turned_away,None,n,20.32429644713078
23,2,3,central,slightly_facing,None,m,1,1,outside,turned_away,None,n,20.342143705774102
24,2,3,central,slightly_facing,None,m,1,1,outside,turned_away,None,n,20.365606419274176
25,2,3,central,slightly_facing,None,m,1,1,outside,turned_away,None,n,20.377377368351425
26,2,3,central,slightly_facing,None,m,1,1,outside,turned_away,None,n,20.358771180197806
27,2,3,central,slightly_facing,None,m,1,1,outside,turned_away,None,n,20.37784076556682
28,2,3,central,slightly_facing,None,m,1,1,outside,turned_away,None,n,20.35975154515214
29,2,3,central,slightly_facing,None,m,1,1,outside,turned_away,None,n,20.28642539905276
30,2,3,central,slightly_facing,None,m,1,1,outside,turned_away,None,n,20.26881085483559
31,2,3,central,slightly_facing,None,m,1,1,outside,turned_away,None,n,20.230053612778484
32,2,3,central,slightly_facing,None,m,1,1,outside,turned_away,None,n,20.24702567239593
33,2,3,central,slightly_facing,None,m,1,1,outside,turned_away,None,n,20.29205804645495
34,2,3,central,slightly_facing,None,m,1,1,outside,turned_away,None,n,20.284756528836255
35,2,3,central,slightly_facing,None,m,1,1,outside,turned_away,None,n,20.29581098101894
36,2,3,central,slightly_facing,None,m,1,1,outside,turned_away,None,n,20.32583633149987
37,2,3,central,slightly_facing,None,m,1,1,outside,turned_away,None,n,20.397229417594247
38,2,3,central,slightly_facing,None,m,1,1,outside,turned_away,None,n,20.370674284066546
39,2,3,central,slightly_facing,None,m,1,1,outside,turned_away,None,n,20.314042394292134
40,2,3,central,slightly_facing,None,m,1,1,outside,turned_away,None,n,20.322933016599375
41,2,3,central,slightly_facing,None,m,1,1,outside,turned_away,None,n,20.368014854007352
42,2,3,central,slightly_facing,None,m,1,1,outside,turned_away,None,n,20.408630677561543
43,2,3,central,slightly_facing,None,m,1,1,outside,turned_away,None,n,20.359774801556327
44,2,3,central,slightly_facing,None,m,1,1,outside,turned_away,None,n,20.34621857614639
45,2,3,central,slightly_facing,None,m,1,1,outside,turned_away,None,n,20.32718607467841
46,2,3,central,slightly_facing,None,m,1,1,outside,turned_away,None,n,20.330482521239084
47,2,3,central,slightly_facing,None,m,1,1,outside,turned_away,None,n,20.35406203681076
48,2,3,central,slightly_facing,None,m,1,1,outside,turned_away,None,n,20.336211421183943
49,2,3,central,slightly_facing,None,m,1,1,outside,turned_away,None,n,20.276516961590616
50,2,3,central,slightly_facing,None,m,1,1,outside,turned_away,None,n,20.226484266873197
51,2,3,central,slightly_facing,None,m,1,1,outside,turned_away,None,n,20.307443785118203
52,3,4,central,slightly_facing,wave_small_head,m,1,1,outside,turned_away,None,n,20.265260607701382
53,3,4,central,slightly_facing,wave_small_head,m,1,1,outside,turned_away,None,n,20.24060817939105
54,3,4,central,slightly_facing,wave_small_head,m,1,1,outside,turned_away,None,n,20.19712048913177
55,3,4,central,slightly_facing,wave_small_head,m,1,1,outside,turned_away,None,n,20.1854993285292
56,3,4,central,slightly_facing,wave_small_head,m,1,1,outside,turned_away,None,n,20.217030689566652
57,3,4,central,slightly_facing,wave_small_head,m,2,3,central,turned_away,None,n,20.20875368995575
58,3,4,central,slightly_facing,wave_small_head,y,2,3,central,turned_away,None,n,20.143029527884732
59,3,4,central,slightly_facing,wave_small_head,m,2,3,central,turned_away,None,n,20.025649006837536
60,3,4,central,slightly_facing,wave_small_head,m,2,3,central,turned_away,None,n,20.031201140202075
61,3,4,central,slightly_facing,wave_small_head,m,2,3,central,turned_away,None,n,20.005639072681678
62,3,4,central,slightly_facing,wave_small_head,m,2,3,central,turned_away,None,n,20.041168374130738
63,3,4,central,slightly_facing,wave_small_head,m,2,3,central,turned_away,None,n,20.032622531533136
64,3,4,central,slightly_facing,wave_small_head,m,2,3,central,turned_away,None,n,20.03570493791973
65,3,4,central,slightly_facing,wave_small_head,m,2,3,central,turned_away,None,n,19.98998798033906
66,3,4,central,slightly_facing,wave_small_head,m,2,3,central,turned_away,None,n,19.898081578780324
67,3,4,central,slightly_facing,wave_small_head,m,2,3,central,turned_away,None,n,19.867016521711854
68,3,4,central,slightly_facing,wave_small_head,m,2,3,central,turned_away,None,n,19.845910553449137
69,3,4,central,slightly_facing,wave_small_head,m,2,3,central,turned_away,None,n,19.856205861452683
70,3,4,central,slightly_facing,wave_small_head,m,2,3,central,turned_away,None,n,19.843390540585066
71,3,4,central,slightly_facing,wave_small_head,m,2,3,central,turned_away,None,n,19.887475572997392
72,3,4,central,slightly_facing,wave_small_head,m,2,3,central,turned_away,None,n,19.851060271887746
73,3,4,central,slightly_facing,wave_small_head,m,2,3,central,turned_away,None,n,19.76702966875967
74,3,4,central,slightly_facing,wave_small_head,m,2,3,central,turned_away,None,n,19.71659852330366
75,3,4,central,slightly_facing,wave_small_head,m,2,3,central,turned_away,None,n,19.694838179574468
76,3,4,central,slightly_facing,wave_small_head,m,2,3,central,turned_away,None,n,19.63086540021874
77,3,4,central,slightly_facing,wave_small_head,m,2,4,central,turned_away,arm_raise_high,n,19.71123024455816
78,3,4,central,slightly_facing,wave_small_head,y,2,4,central,turned_away,arm_raise_high,n,19.682882467733126
79,3,4,central,slightly_facing,wave_small_head,m,2,4,central,turned_away,arm_raise_high,n,19.57858408694686
80,3,4,central,slightly_facing,wave_small_head,m,2,4,central,turned_away,arm_raise_high,n,19.565019224147825
81,3,4,central,slightly_facing,wave_small_head,n,2,4,central,turned_away,arm_raise_high,n,19.524738573874146
82,3,4,central,slightly_facing,wave_small_head,m,2,4,central,turned_away,arm_raise_high,n,19.712013069637813
83,3,4,central,slightly_facing,wave_small_head,m,2,4,central,turned_away,arm_raise_high,n,19.72784063505931
84,3,4,central,slightly_facing,wave_small_head,m,2,4,central,turned_away,arm_raise_high,n,19.7794618625912
85,3,4,central,slightly_facing,wave_small_head,y,2,4,central,turned_away,arm_raise_high,n,19.837139262542717
86,3,4,central,slightly_facing,wave_small_head,y,2,4,central,turned_away,arm_raise_high,n,19.60710997503559
87,3,4,central,slightly_facing,wave_small_head,m,2,4,central,turned_away,arm_raise_high,n,19.424781037483257
88,4,4,central,slightly_facing,None,m,2,4,central,turned_away,arm_raise_high,n,19.397575788293647
89,4,4,central,slightly_facing,None,y,2,4,central,turned_away,arm_raise_high,n,19.3413766914927
90,4,4,central,slightly_facing,None,m,2,4,central,turned_away,arm_raise_high,n,19.187049262142736
91,4,4,central,slightly_facing,None,y,2,4,central,turned_away,arm_raise_high,n,19.114809510209614
92,4,4,central,slightly_facing,None,y,2,4,central,slightly_facing,arm_raise_high,y,19.00571599188076
93,4,4,central,slightly_facing,None,y,2,4,central,slightly_facing,arm_raise_high,y,18.892882172907576
94,4,4,central,slightly_facing,None,y,2,4,central,slightly_facing,arm_raise_high,y,18.72562180435288
95,4,4,central,slightly_facing,None,y,2,4,central,slightly_facing,arm_raise_high,y,18.590987899105635
96,4,4,central,strongly_facing,None,y,2,4,central,slightly_facing,arm_raise_high,y,18.329614280327124
97,4,4,central,strongly_facing,None,y,2,4,central,slightly_facing,arm_raise_high,y,18.194761981463923
98,4,4,central,strongly_facing,None,y,2,4,central,slightly_facing,arm_raise_high,y,17.900411514989987
99,4,4,central,strongly_facing,None,y,2,4,central,strongly_facing,arm_raise_high,y,17.60431491256451
100,4,4,central,strongly_facing,None,y,2,4,central,strongly_facing,arm_raise_high,y,17.328190336931467
101,4,4,central,slightly_facing,None,y,2,4,central,strongly_facing,arm_raise_high,y,17.146145887549253
102,4,4,central,slightly_facing,None,y,2,4,central,strongly_facing,arm_raise_high,y,16.923386204948624
103,4,4,central,slightly_facing,None,y,2,4,central,slightly_facing,arm_raise_high,y,16.677727320604234
104,4,4,central,strongly_facing,None,y,2,4,central,slightly_facing,arm_raise_high,y,16.359629912935475
105,4,4,central,strongly_facing,None,y,2,4,central,slightly_facing,arm_raise_high,y,15.974148000232901
106,4,4,central,strongly_facing,None,y,2,4,central,slightly_facing,arm_raise_high,y,15.658807487979411
107,4,4,central,slightly_facing,None,y,2,4,central,slightly_facing,arm_raise_high,y,15.334074053889069
108,4,4,central,slightly_facing,None,y,2,4,central,slightly_facing,arm_raise_high,y,15.129754674736523
109,4,4,central,strongly_facing,None,y,2,4,central,slightly_facing,arm_raise_high,y,14.767742760434583
110,4,4,central,strongly_facing,None,y,2,4,central,slightly_facing,arm_raise_high,y,14.500127817706883
111,4,4,central,strongly_facing,None,y,2,4,central,slightly_facing,arm_raise_high,y,14.227195254460558
112,4,4,central,slightly_facing,None,y,2,4,central,slightly_facing,arm_raise_high,y,13.926425341295914
113,4,4,central,slightly_facing,None,y,2,4,central,slightly_facing,arm_raise_high,y,13.724242112841239
114,4,4,central,slightly_facing,None,y,2,4,central,slightly_facing,arm_raise_high,y,13.558386274282944
115,4,4,central,strongly_facing,None,y,2,4,central,slightly_facing,arm_raise_high,y,13.321606408667277
116,4,4,central,strongly_facing,None,y,2,4,central,slightly_facing,arm_raise_high,y,13.106343648689595
117,4,4,central,strongly_facing,None,y,2,4,central,slightly_facing,arm_raise_high,y,12.818994246417494
118,4,4,central,strongly_facing,None,y,2,4,central,slightly_facing,arm_raise_high,y,12.533315864493963
119,4,4,central,slightly_facing,None,y,2,4,central,slightly_facing,arm_raise_high,y,12.32675393488574
120,4,4,central,slightly_facing,None,m,2,4,central,turned_away,arm_raise_high,n,12.04948396316888
121,4,4,central,slightly_facing,None,y,2,4,central,turned_away,arm_raise_high,n,11.97166722558868
122,4,4,central,strongly_facing,None,y,2,4,central,slightly_facing,arm_raise_high,y,11.80302249621363
123,4,4,central,strongly_facing,None,y,2,4,central,slightly_facing,arm_raise_high,y,11.564022968863563
124,4,4,central,strongly_facing,None,y,2,4,central,slightly_facing,arm_raise_high,y,11.38262338623395
125,4,4,central,strongly_facing,None,y,2,4,central,slightly_facing,arm_raise_high,y,11.200234019992427
126,4,4,central,slightly_facing,None,y,2,4,central,slightly_facing,arm_raise_high,y,11.034595755384245
127,4,4,central,slightly_facing,None,y,2,4,central,slightly_facing,arm_raise_high,y,10.88274472450792
128,4,4,central,strongly_facing,None,y,2,4,central,slightly_facing,arm_raise_high,y,10.753826035566366
129,4,4,central,strongly_facing,None,y,2,4,central,slightly_facing,arm_raise_high,y,10.586159570222108
130,4,4,central,strongly_facing,None,y,2,4,central,strongly_facing,arm_raise_high,y,10.302540192485008
131,4,4,central,strongly_facing,None,y,2,4,central,strongly_facing,arm_raise_high,y,10.14797895814314
132,4,4,central,strongly_facing,None,y,2,4,central,strongly_facing,arm_raise_high,y,9.977794675788477
133,4,4,central,slightly_facing,None,y,2,4,central,strongly_facing,None,n,9.806554059759872
134,4,4,central,strongly_facing,None,y,2,4,central,strongly_facing,None,n,9.685072022648725
135,4,4,central,strongly_facing,None,y,2,4,central,strongly_facing,None,n,9.451888730389344
136,4,4,central,strongly_facing,None,y,2,4,central,strongly_facing,None,n,9.294732527707566
137,4,4,central,strongly_facing,None,m,2,4,central,strongly_facing,None,n,9.02397740571163
138,4,4,central,strongly_facing,None,y,2,4,central,strongly_facing,None,n,8.949276766761496
139,4,4,central,strongly_facing,None,y,2,4,central,strongly_facing,None,n,8.6891192788785
140,4,4,central,strongly_facing,None,m,2,4,central,strongly_facing,None,n,8.542887375794793
141,4,4,central,slightly_facing,None,y,2,4,central,strongly_facing,None,n,8.472237657625586
142,4,4,central,strongly_facing,None,y,2,4,central,strongly_facing,None,n,8.307966313838126
143,4,4,central,strongly_facing,None,y,2,4,central,strongly_facing,None,n,8.146722708306019
144,4,4,central,strongly_facing,None,y,2,4,central,strongly_facing,None,n,7.878307858719533
145,4,4,central,strongly_facing,None,y,2,4,central,strongly_facing,None,n,7.719229465496803
146,4,4,central,slightly_facing,None,y,2,4,central,strongly_facing,None,n,7.57235938977945
147,4,4,central,slightly_facing,None,y,2,4,central,strongly_facing,None,n,7.3855139511073995
148,4,4,central,slightly_facing,None,y,2,4,central,strongly_facing,None,n,7.246995056779466
149,4,4,central,strongly_facing,None,y,2,4,central,strongly_facing,None,n,7.088700729282484
150,4,4,central,strongly_facing,None,y,2,4,central,strongly_facing,None,n,6.809555347167169
151,4,4,central,strongly_facing,None,y,2,4,central,strongly_facing,None,n,6.665193153664043
152,4,4,central,slightly_facing,None,y,2,4,central,strongly_facing,None,n,6.514879923283322
153,4,4,central,slightly_facing,None,m,2,4,central,strongly_facing,None,n,6.278214740562639
154,4,4,central,slightly_facing,None,y,2,4,central,strongly_facing,None,n,6.19101978366295
155,4,4,central,strongly_facing,None,y,2,4,central,strongly_facing,None,n,6.06038938397806
156,4,4,central,strongly_facing,None,y,2,4,central,strongly_facing,None,n,5.894375582317945
157,4,4,central,strongly_facing,None,y,2,4,central,strongly_facing,None,n,5.680196641729934
158,4,4,central,strongly_facing,None,y,2,4,central,strongly_facing,None,n,5.442784870849117
159,4,4,central,slightly_facing,None,y,2,4,central,strongly_facing,None,n,5.29673687542179
160,4,4,central,slightly_facing,None,m,2,4,central,strongly_facing,None,n,5.112160721330365
161,4,4,central,slightly_facing,None,y,2,4,central,strongly_facing,None,n,5.061830837466312
162,4,4,central,strongly_facing,None,y,2,4,central,strongly_facing,None,n,4.931336178916726
163,4,4,central,strongly_facing,None,y,2,4,central,strongly_facing,None,n,4.6664344635143005
164,4,4,central,strongly_facing,None,y,2,4,central,strongly_facing,None,n,4.473066178915086
165,4,4,central,strongly_facing,None,y,2,4,central,strongly_facing,None,n,4.306553322794694
166,4,4,central,slightly_facing,None,y,2,4,central,strongly_facing,None,n,4.086974285625495
167,4,4,central,slightly_facing,None,y,2,4,central,strongly_facing,None,n,3.9822177200281286
168,4,4,central,slightly_facing,None,y,2,4,central,strongly_facing,None,n,3.847572526752539
169,4,4,central,strongly_facing,None,y,2,4,central,strongly_facing,None,n,3.6867476120055986
170,4,4,central,strongly_facing,None,y,2,4,central,strongly_facing,None,n,3.399488384393455
171,4,4,central,strongly_facing,None,y,2,4,central,strongly_facing,None,n,3.2550613443426824
172,4,4,central,slightly_facing,None,y,2,4,central,strongly_facing,None,n,3.104864952748993
173,4,4,central,slightly_facing,None,n,2,4,central,strongly_facing,None,n,2.83354767460334
174,4,4,central,slightly_facing,None,y,2,4,central,strongly_facing,None,n,2.83354767460334
175,4,4,central,strongly_facing,None,y,2,4,central,strongly_facing,None,n,2.656621416528899
176,4,4,central,strongly_facing,None,y,2,4,central,strongly_facing,None,n,2.495601975416954
177,4,4,central,slightly_facing,None,m,2,4,central,strongly_facing,None,n,2.290144335168638
178,4,4,central,slightly_facing,None,m,2,4,central,strongly_facing,None,n,2.2880058944753645
179,4,4,central,slightly_facing,None,m,2,4,central,strongly_facing,None,n,2.244301200775199
180,4,4,central,slightly_facing,None,m,2,4,central,strongly_facing,None,n,2.2337307548605647
181,4,4,central,slightly_facing,None,n,2,4,central,strongly_facing,None,n,2.2146174792485063
