,imas_1,wti_1,viewing_area_1,body_facing_1,gesture_1,approaching_1,imas_2,wti_2,viewing_area_2,body_facing_2,gesture_2,approaching_2,distance
0,1,1,outside,slightly_facing,None,n,1,2,outside,turned_away,None,n,11.51145427000821
1,1,1,outside,slightly_facing,None,n,1,2,outside,turned_away,None,n,11.51145427000821
2,1,1,outside,slightly_facing,None,n,1,2,outside,turned_away,None,n,11.51145427000821
3,1,1,outside,slightly_facing,None,n,1,2,outside,turned_away,None,n,11.51145427000821
4,1,1,outside,slightly_facing,None,n,1,2,outside,turned_away,None,n,11.51145427000821
5,1,1,outside,slightly_facing,None,n,1,2,outside,turned_away,None,n,11.51537714386533
6,1,1,outside,slightly_facing,None,n,1,2,outside,turned_away,None,n,11.524917046384546
7,1,1,outside,slightly_facing,None,n,1,2,outside,slightly_facing,None,n,11.514329119836768
8,1,1,outside,turned_away,None,n,1,2,outside,slightly_facing,None,n,11.455971385588038
9,1,1,outside,turned_away,None,n,1,2,outside,slightly_facing,None,n,11.43171374135344
10,1,1,outside,turned_away,None,n,1,2,outside,slightly_facing,None,n,11.4867705265881
11,1,1,outside,turned_away,None,n,1,2,outside,turned_away,None,n,11.49949530881287
12,1,1,outside,slightly_facing,None,n,1,2,outside,turned_away,None,n,11.51757265893278
13,1,1,outside,slightly_facing,None,n,1,2,outside,turned_away,None,n,11.54251749080836
14,1,1,outside,slightly_facing,None,n,1,2,outside,turned_away,None,n,11.527266261202083
15,1,1,outside,slightly_facing,None,n,1,2,outside,turned_away,None,n,11.483250412003779
16,2,2,central,slightly_facing,None,m,1,2,outside,slightly_facing,None,n,11.442111614527546
17,2,2,central,turned_away,None,n,1,2,outside,slightly_facing,None,n,11.414692276978336
18,2,2,central,turned_away,None,n,1,2,outside,slightly_facing,None,n,11.430186887767354
19,2,2,central,turned_away,None,n,1,2,outside,slightly_facing,None,n,11.425990944018997
20,2,2,central,slightly_facing,None,m,1,2,outside,slightly_facing,None,n,11.439809301564855
21,2,2,central,slightly_facing,None,m,1,2,outside,turned_away,None,n,11.429703302650875
22,2,2,central,slightly_facing,None,m,1,2,outside,turned_away,None,n,11.423372980351507
23,2,2,central,slightly_facing,None,m,1,2,outside,turned_away,None,n,11.4148059455625
24,2,2,central,slightly_facing,None,m,1,2,outside,turned_away,None,n,11.416808652504084
25,2,2,central,turned_away,None,n,1,2,outside,slightly_facing,None,n,11.427418763149793
26,2,2,central,turned_away,None,n,1,2,outside,slightly_facing,None,n,11.428767971661044
27,2,2,central,strongly_facing,None,m,1,2,outside,slightly_facing,None,n,11.428178321570984
28,2,2,central,slightly_facing,None,m,1,2,outside,slightly_facing,None,n,11.395296990636968
29,2,2,central,slightly_facing,None,m,1,2,outside,slightly_facing,None,n,11.357656540919931
30,2,2,central,slightly_facing,None,m,1,2,outside,turned_away,None,n,11.30541635167166
31,2,2,central,slightly_facing,None,m,1,2,outside,turned_away,None,n,11.239365298280854
32,2,2,central,slightly_facing,None,m,2,3,central,turned_away,None,n,11.169983739477878
33,2,2,central,slightly_facing,None,m,2,3,central,turned_away,None,n,11.090505270189315
34,2,2,central,slightly_facing,None,m,2,3,central,turned_away,None,n,11.05381883129853
35,2,2,central,slightly_facing,None,m,2,3,central,turned_away,None,n,11.006202761874277
36,2,2,central,slightly_facing,None,m,2,3,central,slightly_facing,None,m,10.932218899872433
37,2,2,central,slightly_facing,None,m,2,3,central,slightly_facing,None,m,10.889436185967842
38,3,4,central,slightly_facing,wave_fast_shoulder,m,2,3,central,slightly_facing,None,m,10.833280758198088
39,3,4,central,slightly_facing,wave_fast_shoulder,m,2,3,central,slightly_facing,None,m,10.754952508278809
40,3,4,central,slightly_facing,wave_fast_shoulder,m,2,3,central,turned_away,None,n,10.70636805767993
41,3,4,central,slightly_facing,wave_fast_shoulder,m,2,3,central,turned_away,None,n,10.621661470031185
42,3,4,central,slightly_facing,wave_fast_shoulder,m,2,3,central,turned_away,None,n,10.57772533590337
43,3,4,central,slightly_facing,wave_fast_shoulder,m,2,4,central,turned_away,arm_raise_high,n,10.489015465815656
44,3,4,central,slightly_facing,wave_fast_shoulder,m,2,4,central,turned_away,arm_raise_high,n,10.442818820506897
45,3,4,central,slightly_facing,wave_fast_shoulder,m,2,4,central,slightly_facing,arm_raise_high,m,10.384537004358927
46,3,4,central,slightly_facing,wave_fast_shoulder,m,2,4,central,slightly_facing,arm_raise_high,m,10.3224997380976
47,3,4,central,slightly_facing,wave_fast_shoulder,y,2,4,central,slightly_facing,arm_raise_high,y,10.242459051374574
48,3,4,central,slightly_facing,wave_fast_shoulder,y,2,4,central,slightly_facing,arm_raise_high,y,10.067374223589496
49,3,4,central,slightly_facing,wave_fast_shoulder,m,2,4,central,slightly_facing,arm_raise_high,m,9.939817424533505
50,3,4,central,slightly_facing,wave_fast_shoulder,m,2,4,central,slightly_facing,arm_raise_high,m,9.845167663249448
51,3,4,central,slightly_facing,wave_fast_shoulder,m,2,4,central,slightly_facing,arm_raise_high,m,9.793949735753491
52,3,4,central,slightly_facing,wave_fast_shoulder,m,2,4,central,slightly_facing,arm_raise_high,m,9.731453248898287
53,3,4,central,slightly_facing,wave_fast_shoulder,m,2,4,central,slightly_facing,arm_raise_high,m,9.671149818139517
54,3,4,central,slightly_facing,wave_fast_shoulder,m,2,4,central,slightly_facing,arm_raise_high,m,9.633631426206206
55,3,4,central,turned_away,wave_fast_shoulder,n,2,4,central,slightly_facing,arm_raise_high,m,9.61463149799684
56,3,4,central,turned_away,wave_fast_shoulder,n,2,4,central,slightly_facing,arm_raise_high,m,9.599287600409165
57,3,4,central,turned_away,wave_fast_shoulder,n,2,4,central,slightly_facing,arm_raise_high,m,9.619259369889974
58,3,4,central,turned_away,wave_fast_shoulder,n,2,4,central,slightly_facing,arm_raise_high,m,9.667485949127043
59,3,4,central,turned_away,wave_fast_shoulder,n,2,4,central,slightly_facing,arm_raise_high,m,9.696148071633859
60,5,5,central,turned_away,None,n,2,4,central,slightly_facing,arm_raise_high,m,9.733182313113268
61,5,5,central,turned_away,None,n,2,4,central,turned_away,arm_raise_high,n,9.774742829731936
62,5,5,central,turned_away,None,n,2,4,central,turned_away,arm_raise_high,n,9.8020845670874
63,5,5,central,turned_away,None,n,2,4,central,turned_away,arm_raise_high,n,9.84538965091916
64,5,5,central,turned_away,None,n,2,4,central,turned_away,arm_raise_high,n,9.887482039005528
65,5,5,central,turned_away,None,n,2,4,central,turned_away,arm_raise_high,n,9.93082605215869
66,5,5,central,turned_away,None,n,2,4,central,turned_away,arm_raise_high,n,10.007115553031852
67,5,5,central,turned_away,None,n,2,4,central,turned_away,arm_raise_high,n,10.058327311914239
68,5,5,central,turned_away,None,n,2,4,central,turned_away,arm_raise_high,n,10.18025815903983
69,5,5,central,turned_away,None,n,2,4,central,turned_away,arm_raise_high,n,10.254754338634257
70,5,5,central,turned_away,None,n,2,4,central,turned_away,arm_raise_high,n,10.326303553059246
71,5,5,central,turned_away,None,n,2,4,central,turned_away,arm_raise_high,n,10.366767651037428
72,5,5,central,turned_away,None,n,2,4,central,turned_away,arm_raise_high,n,10.401430115147246
73,5,5,central,slightly_facing,None,m,2,4,central,turned_away,arm_raise_high,n,10.42893750057502
74,5,5,central,strongly_facing,None,m,2,4,central,turned_away,arm_raise_high,n,10.426879191706895
75,5,5,central,slightly_facing,None,y,2,4,central,turned_away,arm_raise_high,n,10.331873899042368
76,5,5,central,slightly_facing,None,y,2,4,central,turned_away,arm_raise_high,n,10.145190706628679
77,5,5,central,strongly_facing,None,y,2,4,central,turned_away,arm_raise_high,n,9.87191463779327
78,5,5,central,strongly_facing,None,m,2,4,central,strongly_facing,None,n,9.628594659784191
79,5,5,central,strongly_facing,None,y,2,4,central,strongly_facing,None,n,9.5351792919213
80,5,5,central,strongly_facing,None,y,2,4,central,strongly_facing,None,n,9.316660511079109
81,5,5,central,strongly_facing,None,y,2,4,central,strongly_facing,None,n,9.038709311266112
82,5,5,central,strongly_facing,None,y,2,4,central,strongly_facing,None,n,8.860974741509239
83,5,5,central,slightly_facing,None,y,2,4,central,strongly_facing,None,n,8.652288563986977
84,5,5,central,strongly_facing,None,y,2,4,central,strongly_facing,None,n,8.497619589242257
85,5,5,central,strongly_facing,None,m,2,4,central,strongly_facing,None,n,8.241440625693595
86,5,5,central,strongly_facing,None,y,2,4,central,strongly_facing,None,n,8.145605032312142
87,5,5,central,strongly_facing,None,y,2,4,central,strongly_facing,None,n,7.8201905209671825
88,5,5,central,strongly_facing,None,y,2,4,central,strongly_facing,None,n,7.584470087963686
89,5,5,central,strongly_facing,None,y,2,4,central,strongly_facing,None,n,7.371737465533066
90,5,5,central,strongly_facing,None,y,2,4,central,strongly_facing,None,n,7.186908574483804
91,5,5,central,strongly_facing,None,y,2,4,central,strongly_facing,None,n,6.972820090223023
92,5,5,central,strongly_facing,None,y,2,4,central,strongly_facing,None,n,6.790847627772901
93,5,5,central,strongly_facing,None,y,2,4,central,strongly_facing,None,n,6.589514133792339
94,5,5,central,strongly_facing,None,y,2,4,central,strongly_facing,None,n,6.371810187407952
95,5,5,central,strongly_facing,None,y,2,4,central,strongly_facing,None,n,6.217753043393153
96,5,5,central,strongly_facing,None,y,2,4,central,strongly_facing,None,n,5.905418542859502
97,5,5,central,strongly_facing,None,y,2,4,central,strongly_facing,None,n,5.63681047896857
98,5,5,central,strongly_facing,None,y,2,4,central,strongly_facing,None,n,5.524181762205951
99,5,5,central,strongly_facing,None,y,2,4,central,strongly_facing,None,n,5.28827962877152
100,5,5,central,strongly_facing,None,y,2,4,central,strongly_facing,None,n,5.075604973097581
101,5,5,central,strongly_facing,None,y,2,4,central,strongly_facing,None,n,4.936560320543529
102,5,5,central,strongly_facing,None,y,2,4,central,strongly_facing,None,n,4.723110871523652
103,5,5,central,strongly_facing,None,y,2,4,central,strongly_facing,None,n,4.5109954681089945
104,5,5,central,strongly_facing,None,y,2,4,central,strongly_facing,None,n,4.194261865725119
105,5,5,central,strongly_facing,None,m,2,4,central,strongly_facing,None,n,3.938961901640196
106,5,5,central,strongly_facing,None,y,2,4,central,strongly_facing,None,n,3.8696690601973796
107,5,5,central,strongly_facing,None,y,2,4,central,strongly_facing,None,n,3.6816421284384666
108,5,5,central,slightly_facing,None,y,2,4,central,strongly_facing,None,n,3.37534685877821
109,5,5,central,strongly_facing,None,y,2,4,central,strongly_facing,None,n,3.2700291791097205
110,5,5,central,strongly_facing,None,y,2,4,central,strongly_facing,None,n,2.960982694385248
111,5,5,central,strongly_facing,None,y,2,4,central,strongly_facing,None,n,2.8050075640220533
112,5,5,central,strongly_facing,None,y,2,4,central,strongly_facing,None,n,2.598738368499592
113,5,5,central,slightly_facing,None,y,2,4,central,strongly_facing,None,n,2.383406893209791
114,5,5,central,slightly_facing,None,y,2,4,central,strongly_facing,None,n,2.2220898854647957
115,5,5,central,strongly_facing,None,y,2,4,central,strongly_facing,None,n,1.882126860993685
116,5,5,central,strongly_facing,None,m,2,4,central,strongly_facing,None,n,1.6704126008471518
117,5,5,central,slightly_facing,None,y,2,4,central,strongly_facing,None,n,1.5876615110532608
118,5,5,central,slightly_facing,None,y,2,4,central,strongly_facing,None,n,1.2848629184877913
119,5,5,central,turned_away,None,n,2,4,central,strongly_facing,None,n,1.1302057167069044
120,5,5,central,slightly_facing,None,m,2,4,central,strongly_facing,None,n,1.1307731804964154
121,5,5,central,strongly_facing,None,m,2,4,central,strongly_facing,None,n,1.101448500486967
122,5,5,central,strongly_facing,None,n,2,4,central,strongly_facing,None,n,1.066818998620656
