,imas_1,wti_1,viewing_area_1,body_facing_1,gesture_1,approaching_1,imas_2,wti_2,viewing_area_2,body_facing_2,gesture_2,approaching_2,distance
0,1,2,outside,turned_away,None,n,1,1,outside,turned_away,None,n,10.5577715582047
1,1,2,outside,turned_away,None,n,1,1,outside,turned_away,None,n,10.5577715582047
2,1,2,outside,turned_away,None,n,1,1,outside,turned_away,None,n,10.5577715582047
3,1,2,outside,turned_away,None,n,1,1,outside,turned_away,None,n,10.5577715582047
4,1,2,outside,turned_away,None,n,1,1,outside,turned_away,None,n,10.5577715582047
5,1,2,outside,turned_away,None,n,1,1,outside,slightly_facing,None,n,10.57333681785064
6,1,2,outside,turned_away,None,n,1,1,outside,slightly_facing,None,n,10.562406583842957
7,1,2,outside,turned_away,None,n,1,1,outside,slightly_facing,None,n,10.60534430568759
8,1,2,outside,turned_away,None,n,1,1,outside,slightly_facing,None,n,10.581744879435341
9,1,2,outside,turned_away,None,n,1,1,outside,slightly_facing,None,n,10.579332968907352
10,1,2,outside,slightly_facing,None,n,1,1,outside,slightly_facing,None,n,10.59241644739183
11,1,2,outside,slightly_facing,None,n,1,1,outside,slightly_facing,None,n,10.53413145311492
12,1,2,outside,slightly_facing,None,n,1,1,outside,slightly_facing,None,n,10.44495620515821
13,1,2,outside,slightly_facing,None,n,1,1,outside,slightly_facing,None,n,10.408334002213467
14,1,2,outside,turned_away,None,n,1,1,outside,slightly_facing,None,n,10.381209949632124
15,1,2,outside,turned_away,None,n,1,1,outside,slightly_facing,None,n,10.372297479531765
16,1,2,outside,turned_away,None,n,1,1,outside,slightly_facing,None,n,10.34788373175521
17,1,2,outside,turned_away,None,n,1,1,outside,slightly_facing,None,n,10.324270477080699
18,1,2,outside,slightly_facing,None,n,1,1,outside,slightly_facing,None,n,10.30414792084843
19,1,2,outside,slightly_facing,None,n,1,1,outside,slightly_facing,None,n,10.262254301373355
20,1,2,outside,slightly_facing,None,n,1,1,outside,slightly_facing,None,n,10.207722305470504
21,1,2,outside,slightly_facing,None,n,1,1,outside,slightly_facing,None,n,10.146905629027687
22,1,2,outside,turned_away,None,n,2,3,central,slightly_facing,None,m,10.134761655084986
23,1,2,outside,turned_away,None,n,2,3,central,slightly_facing,None,m,10.148263906875892
24,1,2,outside,turned_away,None,n,2,3,central,slightly_facing,None,m,10.147360007489677
25,1,2,outside,turned_away,None,n,2,3,central,slightly_facing,None,m,10.15666870985487
26,1,2,outside,turned_away,None,n,2,3,central,slightly_facing,None,m,10.119369223620417
27,1,2,outside,slightly_facing,None,n,2,3,central,slightly_facing,None,m,10.093052939085023
28,1,2,outside,slightly_facing,None,n,2,3,central,slightly_facing,None,m,10.036411776409981
29,1,2,outside,slightly_facing,None,n,2,3,central,slightly_facing,None,m,9.971313879698
30,1,2,outside,turned_away,None,n,2,3,central,slightly_facing,None,m,9.943119403248872
31,1,2,outside,turned_away,None,n,2,3,central,slightly_facing,None,m,9.924610187555572
32,1,2,outside,turned_away,None,n,2,3,central,turned_away,None,n,9.922557404634603
33,1,2,outside,turned_away,None,n,2,3,central,turned_away,None,n,9.951109410823351
34,2,3,central,turned_away,None,n,2,3,central,turned_away,None,n,9.99271942260689
35,2,3,central,turned_away,None,n,2,3,central,turned_away,None,n,10.029996042162775
36,2,3,central,slightly_facing,None,m,2,3,central,turned_away,None,n,10.050519761097389
37,2,3,central,slightly_facing,None,m,2,3,central,turned_away,None,n,10.091393483157024
38,2,3,central,slightly_facing,None,m,2,4,central,slightly_facing,arm_raise_high,m,10.069373995955308
39,2,3,central,slightly_facing,None,m,2,4,central,turned_away,arm_raise_high,n,10.052886445891108
40,2,3,central,turned_away,None,n,2,4,central,turned_away,arm_raise_high,n,10.04483630332023
41,2,3,central,turned_away,None,n,2,4,central,turned_away,arm_raise_high,n,10.056364455065513
42,2,3,central,turned_away,None,n,2,4,central,turned_away,arm_raise_high,n,10.091035529660823
43,2,4,central,turned_away,arm_raise_low,n,2,4,central,turned_away,arm_raise_high,n,10.140819238283909
44,2,4,central,turned_away,arm_raise_low,n,2,4,central,turned_away,arm_raise_high,n,10.16775224215707
45,2,4,central,turned_away,arm_raise_low,n,2,4,central,turned_away,arm_raise_high,n,10.200632240018265
46,2,4,central,slightly_facing,arm_raise_low,m,2,4,central,slightly_facing,arm_raise_high,m,10.227925332981762
47,2,4,central,slightly_facing,arm_raise_low,m,2,4,central,turned_away,arm_raise_high,n,10.22706747571179
48,2,4,central,slightly_facing,arm_raise_low,m,2,4,central,slightly_facing,arm_raise_high,m,10.21853793267442
49,2,4,central,slightly_facing,arm_raise_low,m,2,4,central,slightly_facing,arm_raise_high,m,10.200185231125019
50,2,4,central,slightly_facing,arm_raise_low,m,2,4,central,turned_away,arm_raise_high,n,10.18358930821373
51,2,4,central,turned_away,arm_raise_low,n,2,4,central,turned_away,arm_raise_high,n,10.18804989876365
52,2,4,central,turned_away,arm_raise_low,n,2,4,central,turned_away,arm_raise_high,n,10.218847114778649
53,2,4,central,turned_away,arm_raise_low,n,2,4,central,turned_away,arm_raise_high,n,10.279892990371302
54,2,4,central,turned_away,arm_raise_low,n,4,4,central,turned_away,None,n,10.32810874995117
55,2,4,central,turned_away,arm_raise_low,n,4,4,central,slightly_facing,None,m,10.368908381256906
56,2,4,central,turned_away,arm_raise_low,n,4,4,central,slightly_facing,None,m,10.36531362611017
57,2,4,central,slightly_facing,arm_raise_low,m,4,4,central,slightly_facing,None,m,10.349386188478714
58,2,4,central,slightly_facing,arm_raise_low,m,4,4,central,turned_away,None,n,10.334783758439269
59,2,4,central,slightly_facing,arm_raise_low,m,4,4,central,turned_away,None,n,10.344310126816815
60,2,4,central,turned_away,arm_raise_low,n,4,4,central,turned_away,None,n,10.360622945543623
61,2,4,central,turned_away,arm_raise_low,n,4,4,central,turned_away,None,n,10.374639837203457
62,2,4,central,turned_away,arm_raise_low,n,4,4,central,turned_away,None,n,10.405566162846542
63,2,4,central,turned_away,arm_raise_low,n,4,4,central,slightly_facing,None,m,10.461670217618694
64,2,4,central,turned_away,arm_raise_low,n,4,4,central,slightly_facing,None,m,10.474111262539166
65,2,4,central,turned_away,arm_raise_low,n,4,4,central,slightly_facing,None,m,10.500866517527598
66,2,4,central,turned_away,arm_raise_low,n,4,4,central,slightly_facing,None,m,10.503670908295632
67,2,4,central,turned_away,arm_raise_low,n,4,4,central,slightly_facing,None,y,10.420628073452384
68,2,4,central,turned_away,arm_raise_low,n,4,4,central,strongly_facing,None,m,10.308934515917446
69,2,4,central,slightly_facing,arm_raise_low,y,4,4,central,strongly_facing,None,y,10.24808367059413
70,2,4,central,slightly_facing,arm_raise_low,y,4,4,central,strongly_facing,None,y,10.08020581227606
71,2,4,central,turned_away,arm_raise_low,n,4,4,central,strongly_facing,None,m,9.822468419506368
72,2,4,central,turned_away,arm_raise_low,n,4,4,central,strongly_facing,None,y,9.732651880094817
73,2,4,central,strongly_facing,None,n,4,4,central,strongly_facing,None,y,9.481961602273874
74,2,4,central,strongly_facing,None,n,4,4,central,strongly_facing,None,y,9.32419270719541
75,2,4,central,strongly_facing,None,n,4,4,central,slightly_facing,None,y,9.130395161293743
76,2,4,central,strongly_facing,None,n,4,4,central,slightly_facing,None,y,8.978611047351597
77,2,4,central,strongly_facing,None,n,4,4,central,strongly_facing,None,y,8.826254036380897
78,2,4,central,strongly_facing,None,n,4,4,central,strongly_facing,None,y,8.657398499694533
79,2,4,central,strongly_facing,None,n,4,4,central,strongly_facing,None,y,8.498817004701314
80,2,4,central,strongly_facing,None,n,4,4,central,strongly_facing,None,y,8.307856919945124
81,2,4,central,strongly_facing,None,n,4,4,central,slightly_facing,None,y,8.14610455990691
82,2,4,central,strongly_facing,None,n,4,4,central,slightly_facing,None,y,8.034399109665648
83,2,4,central,strongly_facing,None,n,4,4,central,strongly_facing,None,y,7.79846483304247
84,2,4,central,strongly_facing,None,n,4,4,central,strongly_facing,None,y,7.640353847712367
85,2,4,central,strongly_facing,None,n,4,4,central,strongly_facing,None,y,7.457297153836374
86,2,4,central,strongly_facing,None,n,4,4,central,strongly_facing,None,y,7.308864098036922
87,2,4,central,strongly_facing,None,n,4,4,central,slightly_facing,None,y,7.15443002270042
88,2,4,central,strongly_facing,None,n,4,4,central,slightly_facing,None,m,6.9219990798829985
89,2,4,central,strongly_facing,None,n,4,4,central,slightly_facing,None,y,6.886606119192609
90,2,4,central,strongly_facing,None,n,4,4,central,strongly_facing,None,y,6.628898716228295
91,2,4,central,strongly_facing,None,n,4,4,central,strongly_facing,None,y,6.470019174829092
92,2,4,central,strongly_facing,None,n,4,4,central,strongly_facing,None,y,6.305576641097632
93,2,4,central,strongly_facing,None,n,4,4,central,strongly_facing,None,m,6.04943157515647
94,2,4,central,strongly_facing,None,n,4,4,central,strongly_facing,None,y,5.983684196602967
95,2,4,central,strongly_facing,None,n,4,4,central,slightly_facing,None,m,5.744760733692567
96,2,4,central,strongly_facing,None,n,4,4,central,slightly_facing,None,y,5.684734342933285
97,2,4,central,strongly_facing,None,n,4,4,central,strongly_facing,None,y,5.521959707842955
98,2,4,central,strongly_facing,None,n,4,4,central,strongly_facing,None,y,5.356809400617228
99,2,4,central,strongly_facing,None,n,4,4,central,strongly_facing,None,y,5.184246284700708
100,2,4,central,strongly_facing,None,n,4,4,central,strongly_facing,None,y,4.923297751223782
101,2,4,central,strongly_facing,None,n,4,4,central,strongly_facing,None,y,4.765333868179233
102,2,4,central,strongly_facing,None,n,4,4,central,slightly_facing,None,y,4.571930568031418
103,2,4,central,strongly_facing,None,n,4,4,central,slightly_facing,None,y,4.434196052799208
104,2,4,central,strongly_facing,None,n,4,4,central,strongly_facing,None,y,4.276829709801885
105,2,4,central,strongly_facing,None,n,4,4,central,strongly_facing,None,m,3.9981599131725765
106,2,4,central,strongly_facing,None,n,4,4,central,strongly_facing,None,y,3.9167870095949913
107,2,4,central,strongly_facing,None,n,4,4,central,strongly_facing,None,y,3.6762667255486323
108,2,4,central,strongly_facing,None,n,4,4,central,slightly_facing,None,m,3.524083364789483
109,2,4,central,strongly_facing,None,n,4,4,central,slightly_facing,None,y,3.4385056135101855
110,2,4,central,strongly_facing,None,n,4,4,central,strongly_facing,None,y,3.2607471120796903
111,2,4,central,strongly_facing,None,n,4,4,central,strongly_facing,None,y,3.0993552922406393
112,2,4,central,strongly_facing,None,n,4,4,central,strongly_facing,None,y,2.894278823744534
113,2,4,central,strongly_facing,None,n,4,4,central,strongly_facing,None,y,2.7932994605421486
114,2,4,central,strongly_facing,None,n,4,4,central,slightly_facing,None,y,2.6331999741614824
115,2,4,central,strongly_facing,None,n,4,4,central,slightly_facing,None,m,2.323326936447177
116,2,4,central,strongly_facing,None,n,4,4,central,slightly_facing,None,y,2.253623677078544
117,2,4,central,strongly_facing,None,n,4,4,central,slightly_facing,None,y,2.0936668616931473
118,2,4,central,strongly_facing,None,n,4,4,central,strongly_facing,None,y,1.9391528344452449
119,2,4,central,strongly_facing,None,n,4,4,central,strongly_facing,None,y,1.7574313603666059
120,2,4,central,strongly_facing,None,n,4,4,central,strongly_facing,None,y,1.6160329406902656
121,2,4,central,strongly_facing,None,n,4,4,central,slightly_facing,None,y,1.3778102331598499
122,2,4,central,strongly_facing,None,n,4,4,central,turned_away,None,n,1.204953498936786
123,2,4,central,strongly_facing,None,n,4,4,central,turned_away,None,n,1.211834908773061
124,2,4,central,strongly_facing,None,n,4,4,central,strongly_facing,None,m,1.2132098834876068
125,2,4,central,strongly_facing,None,n,4,4,central,slightly_facing,None,n,1.1862462564341303
