,imas_1,wti_1,viewing_area_1,body_facing_1,gesture_1,approaching_1,imas_2,wti_2,viewing_area_2,body_facing_2,gesture_2,approaching_2,distance
0,1,2,outside,turned_away,None,n,2,3,central,turned_away,None,n,16.601875020705467
1,1,2,outside,turned_away,None,n,2,3,central,turned_away,None,n,16.601875020705467
2,1,2,outside,turned_away,None,n,2,3,central,turned_away,None,n,16.601875020705467
3,1,2,outside,turned_away,None,n,2,3,central,turned_away,None,n,16.601875020705467
4,1,2,outside,turned_away,None,n,2,3,central,turned_away,None,n,16.601875020705467
5,1,2,outside,turned_away,None,n,2,3,central,turned_away,None,n,16.601875020705467
6,1,2,outside,turned_away,None,n,2,3,central,turned_away,None,n,16.601875020705467
7,1,2,outside,turned_away,None,n,2,3,central,turned_away,None,n,16.6248254367038
8,1,2,outside,turned_away,None,n,2,3,central,turned_away,None,n,16.6892102722492
9,1,2,outside,turned_away,None,n,2,3,central,slightly_facing,None,m,16.785723089960257
10,1,2,outside,turned_away,None,n,2,3,central,slightly_facing,None,m,16.870184426007445
11,1,2,outside,turned_away,None,n,2,3,central,slightly_facing,None,y,16.896486893386008
12,1,2,outside,turned_away,None,n,2,3,central,slightly_facing,None,m,16.77802669086731
13,1,2,outside,turned_away,None,n,2,3,central,slightly_facing,None,m,16.841875051022104
14,1,2,outside,turned_away,None,n,2,3,central,slightly_facing,None,m,16.86178440212437
15,1,2,outside,turned_away,None,n,2,3,central,slightly_facing,None,m,16.81003329460358
16,1,2,outside,turned_away,None,n,2,3,central,slightly_facing,None,m,16.81411297151655
17,1,2,outside,turned_away,None,n,2,3,central,slightly_facing,None,m,16.80171577761426
18,1,2,outside,turned_away,None,n,2,3,central,slightly_facing,None,m,16.86989320322953
19,1,2,outside,turned_away,None,n,2,3,central,slightly_facing,None,m,16.84956239539721
20,1,2,outside,turned_away,None,n,2,3,central,slightly_facing,None,m,16.84120482634625
21,1,2,outside,turned_away,None,n,2,3,central,slightly_facing,None,n,16.798667021072834
22,1,2,outside,turned_away,None,n,2,3,central,slightly_facing,None,m,16.93647332323396
23,1,2,outside,turned_away,None,n,2,3,central,slightly_facing,None,m,16.90692483888259
24,1,2,outside,turned_away,None,n,2,3,central,slightly_facing,None,m,16.885806291881593
25,1,2,outside,turned_away,None,n,2,3,central,slightly_facing,None,m,16.879334921202847
26,1,2,outside,turned_away,None,n,2,3,central,slightly_facing,None,m,16.913446070458846
27,1,2,outside,turned_away,None,n,2,3,central,slightly_facing,None,n,16.95405187561372
28,2,3,central,turned_away,None,n,3,4,central,slightly_facing,arm_raise_high,m,17.063656496872095
29,2,3,central,turned_away,None,n,3,4,central,slightly_facing,arm_raise_high,m,17.10837674420391
30,2,3,central,turned_away,None,n,3,4,central,slightly_facing,arm_raise_high,m,17.081340019735475
31,2,3,central,turned_away,None,n,3,4,central,slightly_facing,arm_raise_high,m,17.073240650081903
32,2,3,central,turned_away,None,n,3,4,central,slightly_facing,arm_raise_high,m,17.101963138281086
33,2,3,central,turned_away,None,n,3,4,central,slightly_facing,arm_raise_high,m,17.145779077400984
34,2,3,central,turned_away,None,n,3,4,central,slightly_facing,arm_raise_high,m,17.193510172038746
35,2,3,central,turned_away,None,n,3,4,central,slightly_facing,arm_raise_high,m,17.206007975990538
36,2,3,central,turned_away,None,n,3,4,central,slightly_facing,arm_raise_high,m,17.22174824277171
37,2,3,central,turned_away,None,n,3,4,central,slightly_facing,arm_raise_high,n,17.31533909912671
38,2,3,central,turned_away,None,n,3,4,central,slightly_facing,arm_raise_high,m,17.419028756162614
39,2,3,central,turned_away,None,n,3,4,central,slightly_facing,arm_raise_high,m,17.451199141034923
40,2,3,central,turned_away,None,n,3,4,central,slightly_facing,arm_raise_high,m,17.403632570977734
41,2,3,central,turned_away,None,n,3,4,central,slightly_facing,arm_raise_high,m,17.386561997947748
42,2,3,central,turned_away,None,n,3,4,central,slightly_facing,arm_raise_high,m,17.403520902227225
43,2,3,central,turned_away,None,n,3,4,central,slightly_facing,arm_raise_high,m,17.431220403418493
44,2,3,central,turned_away,None,n,3,4,central,slightly_facing,arm_raise_high,m,17.48910804307049
45,2,3,central,turned_away,None,n,3,4,central,slightly_facing,arm_raise_high,m,17.460616727847157
46,2,3,central,turned_away,None,n,3,4,central,slightly_facing,arm_raise_high,m,17.46550196264911
47,2,3,central,turned_away,None,n,3,4,central,slightly_facing,arm_raise_high,m,17.53731989669531
48,2,3,central,turned_away,None,n,3,4,central,slightly_facing,arm_raise_high,m,17.552437708328974
49,2,3,central,turned_away,None,n,3,4,central,slightly_facing,arm_raise_high,m,17.463777434682484
50,2,3,central,turned_away,None,n,3,4,central,slightly_facing,arm_raise_high,m,17.466918815308354
51,2,3,central,turned_away,None,n,3,4,central,slightly_facing,arm_raise_high,m,17.472753989097658
52,2,4,central,turned_away,wave_fast_shoulder,n,3,4,central,slightly_facing,arm_raise_high,m,17.48663940289846
53,2,4,central,turned_away,wave_fast_shoulder,n,3,4,central,slightly_facing,arm_raise_high,m,17.457350998224786
54,2,4,central,turned_away,wave_fast_shoulder,n,3,4,central,slightly_facing,arm_raise_high,m,17.40786197065628
55,2,4,central,turned_away,wave_fast_shoulder,n,3,4,central,slightly_facing,arm_raise_high,m,17.464490125775217
56,2,4,central,turned_away,wave_fast_shoulder,n,3,4,central,slightly_facing,arm_raise_high,m,17.480640306464746
57,2,4,central,turned_away,wave_fast_shoulder,n,3,4,central,slightly_facing,arm_raise_high,m,17.507989409923702
58,2,4,central,turned_away,wave_fast_shoulder,n,3,4,central,slightly_facing,arm_raise_high,m,17.46544624860785
59,2,4,central,turned_away,wave_fast_shoulder,n,3,4,central,slightly_facing,arm_raise_high,m,17.43266806742436
60,2,4,central,turned_away,wave_fast_shoulder,n,3,4,central,slightly_facing,arm_raise_high,m,17.408349359196045
61,2,4,central,turned_away,wave_fast_shoulder,n,3,4,central,slightly_facing,arm_raise_high,m,17.468617690391017
62,2,4,central,turned_away,wave_fast_shoulder,n,4,5,central,slightly_facing,None,m,17.485766958975294
63,2,4,central,turned_away,wave_fast_shoulder,n,4,5,central,slightly_facing,None,m,17.43911226059045
64,2,4,central,turned_away,wave_fast_shoulder,n,4,5,central,slightly_facing,None,m,17.39913960393251
65,2,4,central,turned_away,wave_fast_shoulder,n,4,5,central,slightly_facing,None,m,17.37957412090426
66,2,4,central,turned_away,wave_fast_shoulder,n,4,5,central,slightly_facing,None,y,17.329403919356604
67,2,4,central,turned_away,wave_fast_shoulder,n,4,5,central,slightly_facing,None,m,17.21389644450601
68,2,4,central,slightly_facing,wave_fast_shoulder,y,4,5,central,slightly_facing,None,y,17.123767214220592
69,2,4,central,slightly_facing,wave_fast_shoulder,m,4,5,central,slightly_facing,None,m,17.02033456025718
70,2,4,central,slightly_facing,wave_fast_shoulder,y,4,5,central,slightly_facing,None,y,16.951844348916843
71,2,4,central,slightly_facing,wave_fast_shoulder,m,4,5,central,slightly_facing,None,m,16.81102625394848
72,2,4,central,slightly_facing,wave_fast_shoulder,y,4,5,central,slightly_facing,None,y,16.762453993076786
73,2,4,central,slightly_facing,wave_fast_shoulder,y,4,5,central,strongly_facing,None,y,16.531948946863338
74,2,4,central,slightly_facing,wave_fast_shoulder,y,4,5,central,slightly_facing,None,y,16.26019150745098
75,2,4,central,slightly_facing,wave_fast_shoulder,y,4,5,central,strongly_facing,None,y,16.0699117871848
76,2,4,central,slightly_facing,wave_fast_shoulder,y,4,5,central,slightly_facing,None,y,15.892179883306133
77,2,4,central,slightly_facing,wave_fast_shoulder,y,4,5,central,strongly_facing,None,y,15.672976618179613
78,2,4,central,slightly_facing,wave_fast_shoulder,y,4,5,central,strongly_facing,None,y,15.442759489282505
79,2,4,central,slightly_facing,wave_fast_shoulder,y,4,5,central,slightly_facing,None,y,15.119383900709185
80,2,4,central,slightly_facing,wave_fast_shoulder,y,4,5,central,slightly_facing,None,y,14.849184441149351
81,2,4,central,slightly_facing,wave_fast_shoulder,y,4,5,central,strongly_facing,None,y,14.525970201982515
82,2,4,central,strongly_facing,wave_fast_shoulder,y,4,5,central,strongly_facing,None,y,14.233303140848266
83,2,4,central,strongly_facing,wave_fast_shoulder,y,4,5,central,strongly_facing,None,y,14.001825523713142
84,2,4,central,turned_away,wave_fast_shoulder,n,4,5,central,strongly_facing,None,y,13.669795480967121
85,2,4,central,slightly_facing,wave_fast_shoulder,y,4,5,central,strongly_facing,None,y,13.53763396263808
86,2,4,central,strongly_facing,wave_fast_shoulder,y,4,5,central,slightly_facing,None,y,13.318655740385994
87,2,4,central,strongly_facing,wave_fast_shoulder,y,4,5,central,strongly_facing,None,y,13.069163060704112
88,2,4,central,strongly_facing,wave_fast_shoulder,y,4,5,central,strongly_facing,None,y,12.91581689587836
89,2,4,central,slightly_facing,wave_fast_shoulder,y,4,5,central,strongly_facing,None,y,12.696234899210785
90,2,4,central,slightly_facing,wave_fast_shoulder,y,4,5,central,strongly_facing,None,y,12.472088372901313
91,2,4,central,slightly_facing,wave_fast_shoulder,y,4,5,central,slightly_facing,None,y,12.153376844059759
92,2,4,central,slightly_facing,wave_fast_shoulder,y,4,5,central,strongly_facing,None,y,12.025099030555465
93,2,4,central,slightly_facing,wave_fast_shoulder,y,4,5,central,strongly_facing,None,y,11.881330371728119
94,2,4,central,strongly_facing,None,n,4,5,central,slightly_facing,None,y,11.718299101082716
95,2,4,central,strongly_facing,None,n,4,5,central,strongly_facing,None,y,11.488416048747759
96,2,4,central,strongly_facing,None,n,4,5,central,strongly_facing,None,m,11.362333634504845
97,2,4,central,strongly_facing,None,n,4,5,central,strongly_facing,None,y,11.295408197695599
98,2,4,central,strongly_facing,None,n,4,5,central,strongly_facing,None,m,10.987598962443794
99,2,4,central,strongly_facing,None,n,4,5,central,strongly_facing,None,y,10.892750864630845
100,2,4,central,strongly_facing,None,n,4,5,central,strongly_facing,None,y,10.687098320741697
101,2,4,central,strongly_facing,None,n,4,5,central,strongly_facing,None,y,10.540397138660815
102,2,4,central,strongly_facing,None,n,4,5,central,strongly_facing,None,y,10.367405345361252
103,2,4,central,strongly_facing,None,n,4,5,central,strongly_facing,None,y,10.119937509425442
104,2,4,central,strongly_facing,None,n,4,5,central,strongly_facing,None,y,9.97249565635749
105,2,4,central,strongly_facing,None,n,4,5,central,strongly_facing,None,y,9.82825119704416
106,2,4,central,strongly_facing,None,n,4,5,central,slightly_facing,None,y,9.63109844099645
107,2,4,central,strongly_facing,None,n,4,5,central,strongly_facing,None,y,9.488282140291203
108,2,4,central,strongly_facing,None,n,4,5,central,strongly_facing,None,y,9.216409831606663
109,2,4,central,strongly_facing,None,n,4,5,central,strongly_facing,None,y,9.104720678146917
110,2,4,central,strongly_facing,None,n,4,5,central,strongly_facing,None,y,8.94602057161831
111,2,4,central,strongly_facing,None,n,4,5,central,slightly_facing,None,y,8.806769787268713
112,2,4,central,strongly_facing,None,n,4,5,central,slightly_facing,None,m,8.64180910109266
113,2,4,central,strongly_facing,None,n,4,5,central,slightly_facing,None,y,8.562948399386743
114,2,4,central,strongly_facing,None,n,4,5,central,strongly_facing,None,y,8.396054232968545
115,2,4,central,strongly_facing,None,n,4,5,central,strongly_facing,None,y,8.23964026325931
116,2,4,central,strongly_facing,None,n,4,5,central,strongly_facing,None,y,7.9707750669537765
117,2,4,central,strongly_facing,None,n,4,5,central,strongly_facing,None,y,7.819516810251132
118,2,4,central,strongly_facing,None,n,4,5,central,slightly_facing,None,y,7.682449166479131
119,2,4,central,strongly_facing,None,n,4,5,central,slightly_facing,None,m,7.508903198790088
120,2,4,central,strongly_facing,None,n,4,5,central,slightly_facing,None,y,7.410374160510126
121,2,4,central,strongly_facing,None,n,4,5,central,strongly_facing,None,y,7.206448255865992
122,2,4,central,strongly_facing,None,n,4,5,central,strongly_facing,None,y,7.0628444949682985
123,2,4,central,strongly_facing,None,n,4,5,central,strongly_facing,None,y,6.896959133349204
124,2,4,central,strongly_facing,None,n,4,5,central,strongly_facing,None,y,6.66418060043731
125,2,4,central,strongly_facing,None,n,4,5,central,slightly_facing,None,y,6.524930127128104
126,2,4,central,strongly_facing,None,n,4,5,central,slightly_facing,None,m,6.359994759395644
127,2,4,central,strongly_facing,None,n,4,5,central,slightly_facing,None,y,6.326612942017248
128,2,4,central,strongly_facing,None,n,4,5,central,strongly_facing,None,y,6.095211589586044
129,2,4,central,strongly_facing,None,n,4,5,central,strongly_facing,None,y,5.894303551690906
130,2,4,central,strongly_facing,None,n,4,5,central,strongly_facing,None,y,5.746190003329251
131,2,4,central,strongly_facing,None,n,4,5,central,strongly_facing,None,y,5.597475402413213
132,2,4,central,strongly_facing,None,n,4,5,central,strongly_facing,None,y,5.440604335576886
133,2,4,central,strongly_facing,None,n,4,5,central,slightly_facing,None,y,5.21204295276948
134,2,4,central,strongly_facing,None,n,4,5,central,slightly_facing,None,y,5.077251482920463
135,2,4,central,strongly_facing,None,n,4,5,central,strongly_facing,None,y,4.93273978871337
136,2,4,central,strongly_facing,None,n,4,5,central,strongly_facing,None,y,4.78069283891833
137,2,4,central,strongly_facing,None,n,4,5,central,strongly_facing,None,y,4.625800297916024
138,2,4,central,strongly_facing,None,n,4,5,central,strongly_facing,None,y,4.477383566511695
139,2,4,central,strongly_facing,None,n,4,5,central,strongly_facing,None,y,4.229907800771668
140,2,4,central,strongly_facing,None,n,4,5,central,slightly_facing,None,y,4.049155439680725
141,2,4,central,strongly_facing,None,n,4,5,central,slightly_facing,None,y,3.9415609580307116
142,2,4,central,strongly_facing,None,n,4,5,central,strongly_facing,None,y,3.7267151339618154
143,2,4,central,strongly_facing,None,n,4,5,central,strongly_facing,None,y,3.5841807541054655
144,2,4,central,strongly_facing,None,n,4,5,central,strongly_facing,None,y,3.4364935727060524
145,2,4,central,strongly_facing,None,n,4,5,central,strongly_facing,None,y,3.2955315754821757
146,2,4,central,strongly_facing,None,n,4,5,central,strongly_facing,None,y,3.1559982429364566
147,2,4,central,strongly_facing,None,n,4,5,central,slightly_facing,None,y,3.012003016864361
148,2,4,central,strongly_facing,None,n,4,5,central,slightly_facing,None,y,2.8417271708172445
149,2,4,central,strongly_facing,None,n,4,5,central,slightly_facing,None,m,2.639875012969367
150,2,4,central,strongly_facing,None,n,4,5,central,strongly_facing,None,y,2.558092564753868
151,2,4,central,strongly_facing,None,n,4,5,central,turned_away,None,n,2.322295095427801
152,2,4,central,strongly_facing,None,n,4,5,central,strongly_facing,None,m,2.3377944990353643
153,2,4,central,strongly_facing,None,n,4,5,central,strongly_facing,None,m,2.3101465089089013
154,2,4,central,strongly_facing,None,n,4,5,central,slightly_facing,None,m,2.2925631250537033
155,2,4,central,strongly_facing,None,n,4,5,central,slightly_facing,None,n,2.2638524574549943
