,imas_1,wti_1,viewing_area_1,body_facing_1,gesture_1,approaching_1,imas_2,wti_2,viewing_area_2,body_facing_2,gesture_2,approaching_2,distance
0,2,2,central,turned_away,None,n,1,2,outside,turned_away,None,n,20.992842088742655
1,2,2,central,turned_away,None,n,1,2,outside,turned_away,None,n,20.992842088742655
2,2,2,central,turned_away,None,n,1,2,outside,turned_away,None,n,20.992842088742655
3,2,2,central,turned_away,None,n,1,2,outside,turned_away,None,n,20.992842088742655
4,2,2,central,turned_away,None,n,1,2,outside,turned_away,None,n,20.992842088742655
5,2,2,central,turned_away,None,n,1,2,outside,turned_away,None,n,20.992842088742655
6,2,2,central,turned_away,None,n,1,2,outside,turned_away,None,n,20.992842088742655
7,2,2,central,turned_away,None,n,1,2,outside,turned_away,None,n,20.992842088742655
8,2,2,central,turned_away,None,n,1,2,outside,turned_away,None,n,20.992842088742655
9,2,2,central,turned_away,None,n,1,2,outside,turned_away,None,n,20.992842088742655
10,2,2,central,turned_away,None,n,1,2,outside,turned_away,None,n,20.992842088742655
11,2,2,central,turned_away,None,n,1,2,outside,turned_away,None,n,20.992842088742655
12,2,2,central,turned_away,None,n,1,2,outside,turned_away,None,n,20.992842088742655
13,2,2,central,turned_away,None,n,1,2,outside,turned_away,None,n,21.020028195342864
14,2,2,central,slightly_facing,None,m,1,2,outside,turned_away,None,n,21.03220259146885
15,2,2,central,slightly_facing,None,m,1,2,outside,turned_away,None,n,20.992307703149596
16,2,2,central,slightly_facing,None,y,1,2,mid_peripheral,slightly_facing,None,n,20.95257760744076
17,2,2,central,slightly_facing,None,y,1,2,mid_peripheral,slightly_facing,None,n,20.755233504685844
18,2,2,central,slightly_facing,None,y,2,3,central,strongly_facing,None,y,20.571726861292372
19,2,2,central,slightly_facing,None,y,2,3,central,slightly_facing,None,y,20.395126119187026
20,2,2,central,slightly_facing,None,y,2,3,central,slightly_facing,None,y,20.14177348943682
21,2,2,central,slightly_facing,None,y,2,3,central,slightly_facing,None,y,19.94961472216524
22,2,2,central,slightly_facing,None,y,2,3,central,slightly_facing,None,y,19.67449096314639
23,3,4,central,slightly_facing,wave_small_head,m,2,3,central,slightly_facing,None,m,19.560106229292312
24,3,4,central,slightly_facing,wave_small_head,y,2,3,central,slightly_facing,None,y,19.492627417285853
25,3,4,central,slightly_facing,wave_small_head,y,2,3,central,strongly_facing,None,y,19.241738830399115
26,3,4,central,slightly_facing,wave_small_head,y,2,3,central,strongly_facing,None,y,19.114195099915086
27,3,4,central,slightly_facing,wave_small_head,y,2,3,central,slightly_facing,None,y,18.891763452866037
28,3,4,central,slightly_facing,wave_small_head,m,2,3,central,strongly_facing,None,m,18.768235664270893
29,3,4,central,slightly_facing,wave_small_head,y,2,3,central,slightly_facing,None,y,18.68732335764684
30,3,4,central,slightly_facing,wave_small_head,m,2,3,central,slightly_facing,None,m,18.54685193615739
31,3,4,central,slightly_facing,wave_small_head,m,2,3,central,slightly_facing,None,m,18.45135669968908
32,3,4,central,slightly_facing,wave_small_head,m,2,3,central,turned_away,None,n,18.358588426105232
33,3,4,central,slightly_facing,wave_small_head,m,2,4,central,turned_away,wave_small_head,n,18.299123273258854
34,3,4,central,slightly_facing,wave_small_head,m,2,4,central,slightly_facing,wave_small_head,m,18.272326548644276
35,3,4,central,slightly_facing,wave_small_head,m,2,4,central,turned_away,wave_small_head,n,18.20536097167329
36,3,4,central,slightly_facing,wave_small_head,m,2,4,central,turned_away,wave_small_head,n,18.14887186832076
37,3,4,central,slightly_facing,wave_small_head,m,2,4,central,turned_away,wave_small_head,n,18.099174342243238
38,3,4,central,slightly_facing,wave_small_head,y,2,4,central,turned_away,wave_small_head,n,18.04473386410764
39,3,4,central,slightly_facing,wave_small_head,m,2,4,central,turned_away,wave_small_head,n,17.919772665360238
40,3,4,central,slightly_facing,wave_small_head,m,2,4,central,turned_away,wave_small_head,n,17.882026406709503
41,3,4,central,slightly_facing,wave_small_head,m,2,4,central,turned_away,wave_small_head,n,17.866763700487816
42,3,4,central,slightly_facing,wave_small_head,y,2,4,central,slightly_facing,wave_small_head,y,17.767834388126534
43,3,4,central,slightly_facing,wave_small_head,y,2,4,central,slightly_facing,wave_small_head,y,17.58926220513905
44,3,4,central,slightly_facing,wave_small_head,y,2,4,central,slightly_facing,wave_small_head,y,17.478657699266552
45,3,4,central,slightly_facing,wave_small_head,y,2,4,central,slightly_facing,wave_small_head,y,17.26031840062567
46,3,4,central,slightly_facing,wave_small_head,y,2,4,central,slightly_facing,wave_small_head,y,17.124235405647767
47,4,4,central,slightly_facing,None,y,2,4,central,slightly_facing,None,y,16.98403026763651
48,4,4,central,slightly_facing,None,y,2,4,central,slightly_facing,None,y,16.823430581465246
49,4,4,central,slightly_facing,None,y,2,4,central,slightly_facing,None,y,16.610850102043937
50,4,4,central,slightly_facing,None,y,2,4,central,slightly_facing,None,y,16.353206832941915
51,4,4,central,slightly_facing,None,y,2,4,central,slightly_facing,None,y,16.153978255985606
52,4,4,central,slightly_facing,None,y,2,4,central,slightly_facing,None,y,15.946332999937635
53,4,4,central,slightly_facing,None,y,2,4,central,slightly_facing,None,y,15.714813423969787
54,4,4,central,slightly_facing,None,y,2,4,central,slightly_facing,None,y,15.43799667929437
55,4,4,central,strongly_facing,None,y,2,4,central,slightly_facing,None,y,15.227410863341735
56,4,4,central,strongly_facing,None,y,2,4,central,slightly_facing,None,y,14.910639325959872
57,4,4,central,strongly_facing,None,y,2,4,central,slightly_facing,None,y,14.622445195947911
58,4,4,central,strongly_facing,None,y,2,4,central,slightly_facing,None,y,14.31448429437903
59,4,4,central,slightly_facing,None,y,2,4,central,slightly_facing,None,y,13.9821822404203
60,4,4,central,slightly_facing,None,y,2,4,central,slightly_facing,None,y,13.60788040389042
61,4,4,central,strongly_facing,None,y,2,4,central,slightly_facing,None,y,13.325728672599412
62,4,4,central,strongly_facing,None,y,2,4,central,slightly_facing,None,y,12.978153052556934
63,4,4,central,slightly_facing,None,y,2,4,central,slightly_facing,None,y,12.628835801366053
64,4,4,central,slightly_facing,None,y,2,4,central,slightly_facing,None,y,12.364256527081974
65,4,4,central,slightly_facing,None,y,2,4,central,slightly_facing,None,y,12.158892889240574
66,4,4,central,strongly_facing,None,y,2,4,central,slightly_facing,None,y,11.823717321570399
67,4,4,central,strongly_facing,None,y,2,4,central,slightly_facing,None,y,11.43420467927997
68,4,4,central,strongly_facing,None,y,2,4,central,slightly_facing,None,y,11.095660404440693
69,4,4,central,slightly_facing,None,y,2,4,central,slightly_facing,None,y,10.650480545093396
70,4,4,central,slightly_facing,None,y,2,4,central,slightly_facing,None,y,10.339533704081054
71,4,4,central,strongly_facing,None,y,2,4,central,slightly_facing,None,y,10.064627021518735
72,4,4,central,strongly_facing,None,y,2,4,central,slightly_facing,None,y,9.712380809896707
73,4,4,central,strongly_facing,None,y,2,4,central,slightly_facing,None,y,9.438542672709863
74,4,4,central,slightly_facing,None,y,2,4,central,slightly_facing,None,y,9.195130217482946
75,4,4,central,slightly_facing,None,y,2,4,central,slightly_facing,None,y,8.790203407403272
76,4,4,central,slightly_facing,None,y,2,4,central,slightly_facing,None,y,8.620399488807234
77,4,4,central,strongly_facing,None,y,2,4,central,slightly_facing,None,y,8.388731401068215
78,4,4,central,slightly_facing,None,y,2,4,central,slightly_facing,None,y,8.147927599784866
79,4,4,central,slightly_facing,None,y,2,4,central,slightly_facing,None,y,8.005468414117496
80,4,4,central,strongly_facing,None,y,2,4,central,slightly_facing,None,y,7.857467650961349
81,4,4,central,strongly_facing,None,y,2,4,central,slightly_facing,None,y,7.677504178182187
82,4,4,central,strongly_facing,None,y,2,4,central,slightly_facing,None,y,7.340777521809324
83,4,4,central,strongly_facing,None,y,2,4,central,slightly_facing,None,y,7.240754262801634
84,4,4,central,strongly_facing,None,y,2,4,central,strongly_facing,None,n,6.990570979463693
85,4,4,central,strongly_facing,None,y,2,4,central,strongly_facing,None,n,6.801781043203686
86,4,4,central,strongly_facing,None,y,2,4,central,strongly_facing,None,n,6.560435656590883
87,4,4,central,strongly_facing,None,y,2,4,central,strongly_facing,None,n,6.320836582444448
88,4,4,central,strongly_facing,None,y,2,4,central,strongly_facing,None,n,6.13021950407553
89,4,4,central,strongly_facing,None,y,2,4,central,strongly_facing,None,n,5.956101553968756
90,4,4,central,strongly_facing,None,y,2,4,central,strongly_facing,None,n,5.731021941855482
91,4,4,central,strongly_facing,None,y,2,4,central,strongly_facing,None,n,5.54922651156249
92,4,4,central,strongly_facing,None,y,2,4,central,strongly_facing,None,n,5.31438246938861
93,4,4,central,strongly_facing,None,y,2,4,central,strongly_facing,None,n,5.094426996615226
94,4,4,central,slightly_facing,None,y,2,4,central,strongly_facing,None,n,4.976698088638689
95,4,4,central,strongly_facing,None,y,2,4,central,strongly_facing,None,n,4.724021935021999
96,4,4,central,strongly_facing,None,y,2,4,central,strongly_facing,None,n,4.498094030106195
97,4,4,central,strongly_facing,None,y,2,4,central,strongly_facing,None,n,4.340667550601864
98,4,4,central,strongly_facing,None,y,2,4,central,strongly_facing,None,n,4.1513821891395475
99,4,4,central,strongly_facing,None,y,2,4,central,strongly_facing,None,n,3.9884698752411283
100,4,4,central,strongly_facing,None,y,2,4,central,strongly_facing,None,n,3.79225150990503
101,4,4,central,strongly_facing,None,y,2,4,central,strongly_facing,None,n,3.549824653653757
102,4,4,central,strongly_facing,None,y,2,4,central,strongly_facing,None,n,3.2892154598548253
103,4,4,central,strongly_facing,None,y,2,4,central,strongly_facing,None,n,3.1433584238124985
104,4,4,central,strongly_facing,None,y,2,4,central,strongly_facing,None,n,2.904398467137041
105,4,4,central,strongly_facing,None,m,2,4,central,strongly_facing,None,n,2.7555353030850482
106,4,4,central,strongly_facing,None,y,2,4,central,strongly_facing,None,n,2.684204961581176
107,4,4,central,strongly_facing,None,y,2,4,central,strongly_facing,None,n,2.4529591631808745
108,4,4,central,slightly_facing,None,y,2,4,central,strongly_facing,None,n,2.2649326185624123
109,4,4,central,slightly_facing,None,y,2,4,central,strongly_facing,None,n,2.0224135155412686
110,4,4,central,strongly_facing,None,y,2,4,central,strongly_facing,None,n,1.871299340349635
111,4,4,central,strongly_facing,None,y,2,4,central,strongly_facing,None,n,1.5973405494345914
112,4,4,central,strongly_facing,None,y,2,4,central,strongly_facing,None,n,1.460074968335534
113,4,4,central,slightly_facing,None,y,2,4,central,strongly_facing,None,n,1.2952869559213533
114,4,4,central,slightly_facing,None,y,2,4,central,strongly_facing,None,n,1.0143526816965602
115,4,4,central,slightly_facing,None,y,2,4,central,strongly_facing,None,n,0.8778755611246982
116,4,4,central,slightly_facing,None,y,2,4,central,strongly_facing,None,n,0.5829752283459422
117,4,4,central,slightly_facing,None,m,2,4,central,strongly_facing,None,n,0.4766838112344412
118,4,4,central,slightly_facing,None,m,2,4,central,strongly_facing,None,n,0.44895808648136554
119,4,4,central,slightly_facing,None,n,2,4,central,strongly_facing,None,n,0.43502065367059956
