,imas_1,wti_1,viewing_area_1,body_facing_1,gesture_1,approaching_1,imas_2,wti_2,viewing_area_2,body_facing_2,gesture_2,approaching_2,distance
0,1,2,outside,turned_away,None,n,2,2,mid_peripheral,strongly_facing,None,n,21.29267506023124
1,1,2,outside,turned_away,None,n,2,2,mid_peripheral,strongly_facing,None,n,21.29267506023124
2,1,2,outside,turned_away,None,n,2,2,mid_peripheral,strongly_facing,None,n,21.29267506023124
3,1,2,outside,turned_away,None,n,2,2,mid_peripheral,strongly_facing,None,n,21.29267506023124
4,1,2,outside,turned_away,None,n,2,2,mid_peripheral,slightly_facing,None,n,21.282474887651812
5,1,2,mid_peripheral,slightly_facing,None,n,2,2,mid_peripheral,slightly_facing,None,n,21.118462608325473
6,1,2,mid_peripheral,slightly_facing,None,n,2,2,mid_peripheral,slightly_facing,None,n,21.118462608325473
7,1,2,mid_peripheral,slightly_facing,None,n,2,2,mid_peripheral,slightly_facing,None,n,21.008673547639784
8,1,2,mid_peripheral,slightly_facing,None,n,2,2,mid_peripheral,slightly_facing,None,n,20.770017726375972
9,1,2,mid_peripheral,slightly_facing,None,n,2,2,mid_peripheral,slightly_facing,None,n,20.542550532917307
10,1,2,mid_peripheral,slightly_facing,None,n,2,2,mid_peripheral,slightly_facing,None,n,20.308498163347025
11,1,2,mid_peripheral,slightly_facing,None,n,2,2,central,slightly_facing,None,y,20.08383402198636
12,1,2,mid_peripheral,slightly_facing,None,n,2,2,central,strongly_facing,None,y,19.80201325329748
13,2,3,central,slightly_facing,None,y,2,2,central,slightly_facing,None,y,19.60999322785829
14,2,3,central,slightly_facing,None,y,2,2,central,slightly_facing,None,y,19.362956766742467
15,2,3,central,slightly_facing,None,m,2,2,central,slightly_facing,None,m,19.12781407507133
16,2,3,central,slightly_facing,None,y,2,2,central,slightly_facing,None,y,19.03588620505032
17,2,3,central,slightly_facing,None,y,2,2,central,slightly_facing,None,y,18.92440634441527
18,2,3,central,slightly_facing,None,y,2,2,central,slightly_facing,None,y,18.664491151438813
19,2,3,central,slightly_facing,None,y,4,4,central,slightly_facing,arm_raise_high,y,18.47654260536871
20,2,3,central,slightly_facing,None,y,4,4,central,slightly_facing,arm_raise_high,y,18.18753623235121
21,2,3,central,slightly_facing,None,y,4,4,central,slightly_facing,arm_raise_high,y,17.98942862126891
22,2,3,central,slightly_facing,None,y,4,4,central,slightly_facing,arm_raise_high,y,17.77996646320082
23,2,3,central,slightly_facing,None,y,4,4,central,slightly_facing,arm_raise_high,y,17.595387923136588
24,2,3,central,slightly_facing,None,y,4,4,central,slightly_facing,arm_raise_high,y,17.38019599879912
25,2,3,central,slightly_facing,None,y,4,4,central,slightly_facing,arm_raise_high,y,17.217575537648177
26,2,5,central,slightly_facing,come_here,y,4,4,central,slightly_facing,arm_raise_high,y,16.944157230222576
27,2,5,central,slightly_facing,come_here,y,4,4,central,slightly_facing,arm_raise_high,y,16.76225477826969
28,2,5,central,slightly_facing,come_here,y,4,4,central,slightly_facing,arm_raise_high,y,16.533092609199315
29,2,5,central,slightly_facing,come_here,y,4,4,central,slightly_facing,None,y,16.225055492275764
30,2,5,central,slightly_facing,come_here,y,4,4,central,slightly_facing,None,y,16.04608113914148
31,2,5,central,slightly_facing,come_here,y,4,4,central,slightly_facing,None,y,15.843662307952693
32,2,5,central,slightly_facing,come_here,y,4,4,central,slightly_facing,None,y,15.66463642828294
33,2,5,central,slightly_facing,come_here,y,4,4,central,slightly_facing,None,y,15.474936455057549
34,2,5,central,slightly_facing,come_here,y,4,4,central,slightly_facing,None,y,15.209718408079523
35,2,5,central,slightly_facing,come_here,y,4,4,central,slightly_facing,None,y,15.023429967006063
36,2,5,central,slightly_facing,come_here,y,4,4,central,strongly_facing,None,y,14.799491381439429
37,2,5,central,slightly_facing,come_here,y,4,4,central,strongly_facing,None,y,14.512380667950241
38,2,5,central,slightly_facing,come_here,y,4,4,central,slightly_facing,None,y,14.249238513183817
39,2,5,central,slightly_facing,come_here,y,4,4,central,slightly_facing,None,y,13.922318927814185
40,2,5,central,slightly_facing,come_here,y,4,4,central,slightly_facing,None,y,13.503000434532506
41,2,5,central,slightly_facing,come_here,y,4,4,central,slightly_facing,None,y,13.197742829881934
42,2,5,central,slightly_facing,come_here,y,4,4,central,slightly_facing,None,y,13.017204708106739
43,2,5,central,slightly_facing,come_here,y,4,4,central,slightly_facing,None,y,12.784773555264874
44,2,5,central,slightly_facing,come_here,y,4,4,central,strongly_facing,None,y,12.41608098522638
45,2,5,central,slightly_facing,come_here,y,4,4,central,slightly_facing,None,y,12.126437409730078
46,2,5,central,slightly_facing,come_here,y,4,4,central,slightly_facing,None,y,11.82696763356478
47,2,5,central,slightly_facing,come_here,y,4,4,central,slightly_facing,None,y,11.505987136942442
48,2,5,central,slightly_facing,come_here,y,4,4,central,slightly_facing,None,y,11.248194555900653
49,2,5,central,slightly_facing,come_here,y,4,4,central,slightly_facing,None,y,10.937581489406693
50,2,5,central,slightly_facing,come_here,y,4,4,central,slightly_facing,None,y,10.768469120322585
51,2,5,central,slightly_facing,come_here,y,4,4,central,slightly_facing,None,y,10.383770103162528
52,2,5,central,slightly_facing,None,y,4,4,central,slightly_facing,None,y,10.146094922227768
53,2,5,central,slightly_facing,None,y,4,4,central,slightly_facing,None,y,9.890904233090922
54,2,5,central,slightly_facing,None,y,4,4,central,slightly_facing,None,y,9.643896040898886
55,2,5,central,slightly_facing,None,y,4,4,central,slightly_facing,None,y,9.292488455936441
56,2,5,central,slightly_facing,None,y,4,4,central,slightly_facing,None,y,9.028463910717095
57,2,5,central,slightly_facing,None,y,4,4,central,slightly_facing,None,y,8.77506244439958
58,2,5,central,slightly_facing,None,y,4,4,central,slightly_facing,None,y,8.611730993199508
59,2,5,central,slightly_facing,None,y,4,4,central,slightly_facing,None,y,8.25179220596944
60,2,5,central,slightly_facing,None,y,4,4,central,strongly_facing,None,y,8.02209563741327
61,2,5,central,slightly_facing,None,y,4,4,central,slightly_facing,None,y,7.782387217222747
62,2,5,central,slightly_facing,None,y,4,4,central,slightly_facing,None,y,7.4985358382903655
63,2,5,central,slightly_facing,None,y,4,4,central,slightly_facing,None,y,7.301220249200537
64,2,5,central,slightly_facing,None,y,4,4,central,slightly_facing,None,y,6.96607850972159
65,2,5,central,slightly_facing,None,y,4,4,central,strongly_facing,None,y,6.574803965788561
66,2,5,central,slightly_facing,None,y,4,4,central,slightly_facing,None,y,6.378347432455055
67,2,5,central,slightly_facing,None,y,4,4,central,slightly_facing,None,y,6.077141943864811
68,2,5,central,slightly_facing,None,y,4,4,central,slightly_facing,None,y,5.696665429841038
69,2,5,central,slightly_facing,None,y,4,4,central,slightly_facing,None,y,5.310534345201056
70,2,5,central,slightly_facing,None,y,4,4,central,strongly_facing,None,y,5.151010637651997
71,2,5,central,slightly_facing,None,y,4,4,central,strongly_facing,None,y,4.783094263728673
72,2,5,central,slightly_facing,None,y,4,4,central,slightly_facing,None,y,4.484474102449591
73,2,5,central,slightly_facing,None,y,4,4,central,slightly_facing,None,y,4.0998530429516595
74,2,5,central,slightly_facing,None,y,4,4,central,slightly_facing,None,y,3.8700305626107014
75,2,5,central,slightly_facing,None,y,4,4,central,strongly_facing,None,y,3.5945554844438035
76,2,5,central,slightly_facing,None,y,4,4,central,strongly_facing,None,y,3.3394118072620134
77,2,5,central,slightly_facing,None,y,4,4,central,slightly_facing,None,y,2.9775058788499504
78,2,5,central,slightly_facing,None,m,4,4,central,slightly_facing,None,m,2.563874117338059
79,2,5,central,slightly_facing,None,y,4,4,central,slightly_facing,None,y,2.477481270413567
80,2,5,central,slightly_facing,None,y,4,4,central,strongly_facing,None,y,2.252882612302955
81,2,5,central,slightly_facing,None,m,4,4,central,turned_away,None,n,1.9720055829041159
82,2,5,central,slightly_facing,None,m,4,4,central,strongly_facing,None,m,1.9626144474779066
83,2,5,central,slightly_facing,None,m,4,4,central,slightly_facing,None,m,1.9087060764300607
84,2,5,central,slightly_facing,None,n,4,4,central,slightly_facing,None,n,1.8549653268880766
