,imas_1,wti_1,viewing_area_1,body_facing_1,gesture_1,approaching_1,imas_2,wti_2,viewing_area_2,body_facing_2,gesture_2,approaching_2,distance
0,2,2,mid_peripheral,slightly_facing,None,n,1,2,mid_peripheral,slightly_facing,None,n,16.22622210973093
1,2,2,mid_peripheral,slightly_facing,None,n,1,2,mid_peripheral,slightly_facing,None,n,16.22622210973093
2,2,2,mid_peripheral,slightly_facing,None,n,1,2,mid_peripheral,slightly_facing,None,n,16.22622210973093
3,2,2,mid_peripheral,slightly_facing,None,n,1,2,mid_peripheral,slightly_facing,None,n,16.22622210973093
4,2,2,mid_peripheral,slightly_facing,None,n,1,2,mid_peripheral,slightly_facing,None,n,16.22622210973093
5,2,2,mid_peripheral,slightly_facing,None,n,1,2,mid_peripheral,slightly_facing,None,n,16.22622210973093
6,2,2,mid_peripheral,slightly_facing,None,n,1,2,mid_peripheral,slightly_facing,None,n,16.18090445244483
7,2,2,mid_peripheral,slightly_facing,None,n,1,2,mid_peripheral,slightly_facing,None,n,15.707340301493439
8,2,2,mid_peripheral,slightly_facing,None,n,1,2,mid_peripheral,slightly_facing,None,n,15.595991764361031
9,2,2,central,slightly_facing,None,y,1,2,mid_peripheral,slightly_facing,None,n,15.326479762226555
10,2,2,central,slightly_facing,None,y,1,2,mid_peripheral,slightly_facing,None,n,15.070577148583123
11,2,2,central,slightly_facing,None,y,2,3,central,slightly_facing,None,y,14.7395363048944
12,2,2,central,slightly_facing,None,y,2,3,central,slightly_facing,None,y,14.503233507593263
13,2,2,central,slightly_facing,None,y,2,3,central,slightly_facing,None,y,14.384332121039227
14,2,2,central,slightly_facing,None,y,2,3,central,slightly_facing,None,y,14.046300188876396
15,2,4,central,slightly_facing,arm_raise_low,y,2,3,central,slightly_facing,arm_raise_low,y,13.69067349553282
16,2,4,central,slightly_facing,arm_raise_low,y,2,3,central,slightly_facing,arm_raise_low,y,13.270361651893134
17,2,4,central,slightly_facing,arm_raise_low,y,2,3,central,slightly_facing,arm_raise_low,y,12.841078038426913
18,2,4,central,slightly_facing,arm_raise_low,m,2,3,central,strongly_facing,arm_raise_low,m,12.650322931065958
19,2,4,central,slightly_facing,arm_raise_low,y,2,3,central,strongly_facing,arm_raise_low,y,12.563023924649036
20,2,4,central,slightly_facing,arm_raise_low,y,2,3,central,strongly_facing,arm_raise_low,y,12.329632775762667
21,2,4,central,slightly_facing,arm_raise_low,m,2,3,central,strongly_facing,arm_raise_low,m,11.965842495197274
22,2,4,central,slightly_facing,None,n,2,3,central,strongly_facing,arm_raise_low,m,11.89244077389654
23,2,4,central,slightly_facing,arm_raise_low,y,2,3,central,slightly_facing,arm_raise_low,y,11.82100650531624
24,2,3,central,slightly_facing,None,y,2,3,central,slightly_facing,arm_raise_low,y,11.326258320189764
25,2,3,central,slightly_facing,None,y,2,3,central,slightly_facing,arm_raise_low,y,11.087720129143689
26,2,3,central,slightly_facing,None,y,2,3,central,slightly_facing,arm_raise_low,y,10.844227010467874
27,2,3,central,slightly_facing,None,y,2,3,central,slightly_facing,arm_raise_low,y,10.735425695318275
28,2,3,central,slightly_facing,None,n,2,3,central,slightly_facing,arm_raise_low,m,10.514073219534527
29,2,3,central,slightly_facing,None,y,2,3,central,turned_away,arm_raise_low,n,10.50830675344882
30,2,3,central,slightly_facing,None,m,2,3,central,turned_away,arm_raise_low,n,10.396887724743639
31,2,3,central,slightly_facing,None,n,2,3,central,turned_away,None,n,10.353171350451799
32,2,3,central,slightly_facing,None,m,2,3,central,turned_away,None,n,10.459024199417646
33,2,3,central,slightly_facing,None,m,2,3,central,turned_away,None,n,10.525432681695749
34,2,3,central,slightly_facing,None,m,2,3,central,turned_away,None,n,10.550720697097852
35,2,3,central,slightly_facing,None,m,2,3,central,turned_away,None,n,10.54193780335333
36,2,3,central,slightly_facing,None,n,2,3,central,turned_away,None,n,10.603496206655613
37,2,3,central,slightly_facing,None,m,2,3,central,slightly_facing,None,m,10.777235916522995
38,2,3,central,slightly_facing,None,y,2,3,central,slightly_facing,None,y,10.702269082682326
39,2,3,central,slightly_facing,None,m,2,3,central,slightly_facing,None,m,10.601054097806028
40,2,3,central,slightly_facing,None,m,2,3,central,slightly_facing,None,m,10.530614059277124
41,2,3,central,slightly_facing,None,m,2,3,central,slightly_facing,None,m,10.469874636501812
42,2,3,central,turned_away,None,n,2,3,central,slightly_facing,None,m,10.451446610901526
43,2,3,central,turned_away,None,n,2,3,central,slightly_facing,None,m,10.430260818668822
44,2,3,central,slightly_facing,None,m,2,3,central,slightly_facing,None,m,10.404523750553897
45,2,3,central,slightly_facing,None,m,2,3,central,slightly_facing,None,m,10.378953564534921
46,2,3,central,slightly_facing,None,m,2,3,central,turned_away,None,n,10.296515763981748
47,2,3,central,turned_away,None,n,2,3,central,turned_away,None,n,10.3218152223233
48,2,3,central,turned_away,None,n,2,3,central,turned_away,None,n,10.36848941559725
49,2,3,central,slightly_facing,None,m,2,3,central,turned_away,None,n,10.455305369072159
50,2,3,central,turned_away,None,n,2,3,central,turned_away,None,n,10.4847678039463
51,2,3,central,turned_away,None,n,2,3,central,slightly_facing,None,m,10.511977535736328
52,2,3,central,turned_away,None,n,2,3,central,turned_away,None,n,10.56696864773114
53,2,3,central,turned_away,None,n,2,3,central,turned_away,None,n,10.661263991433326
54,2,3,central,turned_away,None,n,2,3,central,turned_away,None,n,10.802844021220702
55,2,3,central,turned_away,None,n,2,3,central,turned_away,None,n,10.955932090279868
56,2,3,central,turned_away,None,n,2,3,central,turned_away,None,n,11.120522255057493
57,2,3,central,turned_away,None,n,2,3,central,turned_away,None,n,11.22636315867969
58,2,3,central,turned_away,None,n,2,3,central,turned_away,None,n,11.35563179566175
59,2,3,central,turned_away,None,n,2,3,central,turned_away,None,n,11.45045031038383
60,2,3,central,turned_away,None,n,2,3,central,turned_away,None,n,11.658359137099866
61,2,3,central,turned_away,None,n,2,3,central,turned_away,None,n,11.842785182667493
62,2,3,central,turned_away,None,n,2,3,central,turned_away,None,n,11.992232018021202
63,2,3,central,turned_away,None,n,2,3,central,turned_away,None,n,12.20960596166085
64,2,3,central,turned_away,None,n,2,3,central,turned_away,None,n,12.458467912092608
65,2,3,central,turned_away,None,n,2,3,central,turned_away,None,n,12.621383333579606
66,2,3,central,turned_away,None,n,2,3,central,turned_away,None,n,12.814608142605572
67,2,3,central,turned_away,None,n,2,3,central,turned_away,None,n,13.045407436857973
68,2,3,central,turned_away,None,n,2,3,central,turned_away,None,n,13.35739753061328
69,2,3,central,turned_away,None,n,2,3,central,turned_away,None,n,13.595562510487353
70,2,3,central,turned_away,None,n,2,3,central,turned_away,None,n,13.885147225639919
71,2,3,central,turned_away,None,n,2,3,central,turned_away,None,n,14.135215736369961
72,2,3,central,turned_away,None,n,2,3,central,turned_away,None,n,14.281691866716967
73,2,3,central,turned_away,None,n,2,3,central,turned_away,None,n,14.544431946348983
74,2,3,central,turned_away,None,n,2,3,central,turned_away,None,n,14.984604971540914
75,2,3,central,turned_away,None,n,2,3,central,turned_away,None,n,15.218549296878885
76,2,3,central,turned_away,None,n,2,3,central,turned_away,None,n,15.539359024364206
77,2,3,central,turned_away,None,n,2,3,central,turned_away,None,n,15.898900173383188
78,2,3,central,turned_away,None,n,2,3,central,turned_away,None,n,16.1153408232683
79,2,3,central,turned_away,None,n,2,3,central,turned_away,None,n,16.331361555098088
80,2,3,central,turned_away,None,n,2,3,central,turned_away,None,n,16.570946397116256
81,2,3,central,turned_away,None,n,2,3,central,turned_away,None,n,17.029790067490552
82,2,3,central,turned_away,None,n,2,3,central,turned_away,None,n,17.438954592373396
83,2,3,central,turned_away,None,n,2,3,central,turned_away,None,n,17.62839584238566
84,2,3,central,turned_away,None,n,2,3,central,turned_away,None,n,17.893144364729224
85,2,3,central,turned_away,None,n,2,3,central,turned_away,None,n,18.305154021862258
86,2,3,central,turned_away,None,n,2,3,central,turned_away,None,n,18.513761424671003
87,2,3,central,turned_away,None,n,2,3,central,turned_away,None,n,18.92518774764135
88,2,3,central,turned_away,None,n,2,3,central,turned_away,None,n,19.18466304297576
89,2,3,central,turned_away,None,n,2,3,central,turned_away,None,n,19.416315083248936
90,2,3,central,turned_away,None,n,2,3,central,turned_away,None,n,19.734942880097325
91,2,3,central,turned_away,None,n,2,3,central,turned_away,None,n,20.121306605076576
92,2,3,central,turned_away,None,n,2,3,central,turned_away,None,n,20.458342165098927
93,2,3,central,turned_away,None,n,2,3,central,turned_away,None,n,20.82803948313985
94,2,3,central,turned_away,None,n,2,3,central,turned_away,None,n,21.039508806163347
95,2,3,central,turned_away,None,n,2,3,central,turned_away,None,n,21.440603946618882
96,2,3,central,turned_away,None,n,2,3,central,turned_away,None,n,21.859102672115167
97,2,3,central,turned_away,None,n,2,3,central,turned_away,None,n,22.211527025088795
98,2,3,central,turned_away,None,n,2,3,central,turned_away,None,n,22.54559245555657
99,2,3,central,turned_away,None,n,2,3,central,turned_away,None,n,22.8078124569325
100,2,3,central,turned_away,None,n,2,3,central,turned_away,None,n,23.04182203527985
101,2,3,central,turned_away,None,n,2,3,central,turned_away,None,n,23.544557354592587
102,2,3,central,turned_away,None,n,2,3,central,turned_away,None,n,23.734983419471543
103,2,3,central,turned_away,None,n,2,3,central,turned_away,None,n,24.14738372908576
104,2,3,central,slightly_facing,None,n,2,3,central,turned_away,None,n,24.547293269195464
105,2,3,central,turned_away,None,n,2,3,central,turned_away,None,n,24.72816012109016
106,2,3,central,turned_away,None,n,2,3,central,turned_away,None,n,24.86168735711927
107,2,3,central,turned_away,None,n,2,3,central,turned_away,None,n,24.980462546490624
108,2,3,central,turned_away,None,n,2,3,central,turned_away,None,n,25.123718405901084
109,2,3,central,turned_away,None,n,2,3,central,turned_away,None,n,25.351351418084455
110,2,3,central,turned_away,None,n,2,3,central,turned_away,None,n,25.516014324808346
111,2,3,central,turned_away,None,n,2,3,central,turned_away,None,n,25.66918130412425
112,2,3,central,turned_away,None,n,2,3,central,turned_away,None,n,25.80198153352647
113,2,3,central,turned_away,None,n,2,3,central,turned_away,None,n,25.963427283949784
114,2,3,central,turned_away,None,n,2,3,central,turned_away,None,n,26.091213564983303
115,2,3,central,turned_away,None,n,2,3,central,turned_away,None,n,26.22407905816305
116,2,3,central,turned_away,None,n,2,3,central,turned_away,None,n,26.381281588907104
117,2,3,central,turned_away,None,n,2,3,central,turned_away,None,n,26.539976056220716
118,2,3,central,turned_away,None,n,2,3,central,turned_away,None,n,26.77475663440332
119,2,3,central,turned_away,None,n,2,3,central,turned_away,None,n,26.918753165116456
120,2,3,central,turned_away,None,n,2,3,central,turned_away,None,n,26.998853815236615
121,2,3,central,turned_away,None,n,2,3,central,turned_away,None,n,27.124701773857453
122,2,3,central,turned_away,None,n,2,3,central,turned_away,None,n,27.360867567652157
123,2,3,central,turned_away,None,n,2,3,central,turned_away,None,n,27.53873250890035
124,2,3,central,turned_away,None,n,2,3,central,turned_away,None,n,27.684372230857335
125,2,3,central,turned_away,None,n,2,3,central,turned_away,None,n,27.83362584733647
126,2,3,central,turned_away,None,n,2,3,central,turned_away,None,n,27.984554462588566
127,2,3,central,turned_away,None,n,2,3,central,turned_away,None,n,28.122572302229035
128,2,3,central,turned_away,None,n,2,3,central,turned_away,None,n,28.245630648496867
129,2,3,central,turned_away,None,n,2,3,central,turned_away,None,n,28.40264002476572
130,2,3,central,turned_away,None,n,2,3,central,strongly_facing,None,m,28.608897749791566
131,2,3,central,turned_away,None,n,2,3,central,turned_away,None,n,28.594091223956354
132,2,3,central,turned_away,None,n,2,3,central,turned_away,None,n,28.62364995592925
133,2,3,central,turned_away,None,n,2,3,central,turned_away,None,n,28.651575081011114
134,2,3,central,turned_away,None,n,2,3,central,turned_away,None,n,28.677048473454057
135,2,3,central,turned_away,None,n,2,3,central,turned_away,None,n,28.69111291467631
136,2,3,central,turned_away,None,n,2,3,central,turned_away,None,n,28.69111291467631
137,2,3,central,turned_away,None,n,2,3,central,turned_away,None,n,28.69111291467631
138,2,3,central,turned_away,None,n,2,3,central,turned_away,None,n,28.69111291467631
139,2,3,central,turned_away,None,n,2,3,central,turned_away,None,n,28.69111291467631
140,2,3,central,turned_away,None,n,2,3,central,turned_away,None,n,28.69111291467631
141,2,3,central,turned_away,None,n,2,3,central,turned_away,None,n,28.69111291467631
142,2,3,central,turned_away,None,n,2,3,central,turned_away,None,n,28.69111291467631
143,2,3,central,turned_away,None,n,2,3,central,turned_away,None,n,28.69111291467631
144,2,3,central,turned_away,None,n,2,3,central,turned_away,None,n,28.69111291467631
145,2,3,central,turned_away,None,n,2,3,central,turned_away,None,n,28.69111291467631
146,2,3,central,turned_away,None,n,2,3,central,turned_away,None,n,28.69111291467631
147,2,3,central,turned_away,None,n,2,3,central,turned_away,None,n,28.69111291467631
148,2,3,central,turned_away,None,n,2,3,central,turned_away,None,n,28.69111291467631
149,2,3,central,turned_away,None,n,2,3,central,turned_away,None,n,28.69111291467631
150,2,3,central,turned_away,None,n,2,3,central,turned_away,None,n,28.69111291467631
151,2,3,central,turned_away,None,n,2,3,central,turned_away,None,n,28.69111291467631
152,2,3,central,turned_away,None,n,2,3,central,turned_away,None,n,28.69111291467631
153,2,3,central,turned_away,None,n,2,3,central,turned_away,None,n,28.69111291467631
154,2,3,central,turned_away,None,n,2,3,central,turned_away,None,n,28.69111291467631
155,2,3,central,turned_away,None,n,2,3,central,turned_away,None,n,28.69111291467631
156,2,3,central,turned_away,None,n,2,3,central,turned_away,None,n,28.69111291467631
157,2,3,central,turned_away,None,n,2,3,central,turned_away,None,n,28.69111291467631
158,2,3,central,turned_away,None,n,2,3,central,turned_away,None,n,28.69111291467631
159,2,3,central,turned_away,None,n,2,3,central,turned_away,None,n,28.69111291467631
160,2,3,central,turned_away,None,n,2,3,central,turned_away,None,n,28.69111291467631
161,2,3,central,turned_away,None,n,2,3,central,turned_away,None,n,28.69111291467631
162,2,3,central,turned_away,None,n,2,3,central,turned_away,None,n,28.69111291467631
163,2,3,central,turned_away,None,n,2,3,central,turned_away,None,n,28.69111291467631
164,2,3,central,turned_away,None,n,2,3,central,turned_away,None,n,28.69111291467631
165,2,3,central,turned_away,None,n,2,3,central,turned_away,None,n,28.69111291467631
166,2,3,central,turned_away,None,n,2,3,central,turned_away,None,n,28.69111291467631
167,2,3,central,turned_away,None,n,2,3,central,turned_away,None,n,28.69111291467631
168,2,3,central,turned_away,None,n,2,3,central,turned_away,None,n,28.69111291467631
169,2,3,central,turned_away,None,n,2,3,central,turned_away,None,n,28.69111291467631
170,2,3,central,turned_away,None,n,2,3,central,turned_away,None,n,28.69111291467631
171,2,3,central,turned_away,None,n,2,3,central,turned_away,None,n,28.69111291467631
172,2,3,central,turned_away,None,n,2,3,central,turned_away,None,n,28.69111291467631
173,2,3,central,turned_away,None,n,2,3,central,turned_away,None,n,28.69111291467631
174,2,3,central,turned_away,None,n,2,3,central,turned_away,None,n,28.69111291467631
175,2,3,central,turned_away,None,n,2,3,central,turned_away,None,n,28.69111291467631
176,2,3,central,turned_away,None,n,2,3,central,turned_away,None,n,28.69111291467631
177,2,3,central,turned_away,None,n,2,3,central,turned_away,None,n,28.69111291467631
178,2,3,central,turned_away,None,n,2,3,central,turned_away,None,n,28.69111291467631
179,2,3,central,turned_away,None,n,2,3,central,turned_away,None,n,28.69111291467631
180,2,3,central,turned_away,None,n,2,3,central,turned_away,None,n,28.69111291467631
181,2,3,central,turned_away,None,n,2,3,central,turned_away,None,n,28.69111291467631
182,2,3,central,turned_away,None,n,2,3,central,turned_away,None,n,28.69111291467631
183,2,3,central,turned_away,None,n,2,3,central,turned_away,None,n,28.69111291467631
184,2,3,central,turned_away,None,n,2,3,central,turned_away,None,n,28.69111291467631
185,2,3,central,turned_away,None,n,2,3,central,turned_away,None,n,28.69111291467631
186,2,3,central,turned_away,None,n,2,3,central,turned_away,None,n,28.69111291467631
187,2,3,central,turned_away,None,n,2,3,central,turned_away,None,n,28.69111291467631
188,2,3,central,turned_away,None,n,2,3,central,turned_away,None,n,28.69111291467631
189,2,3,central,turned_away,None,n,2,3,central,turned_away,None,n,28.69111291467631
190,2,3,central,turned_away,None,n,2,3,central,turned_away,None,n,28.69111291467631
191,2,3,central,turned_away,None,n,2,3,central,turned_away,None,n,28.69111291467631
192,2,3,central,turned_away,None,n,2,3,central,turned_away,None,n,28.69111291467631
193,2,3,central,turned_away,None,n,2,3,central,turned_away,None,n,28.69111291467631
194,2,3,central,turned_away,None,n,2,3,central,turned_away,None,n,28.69111291467631
195,2,3,central,turned_away,None,n,2,3,central,turned_away,None,n,28.69111291467631
196,2,3,central,turned_away,None,n,2,3,central,turned_away,None,n,28.69111291467631
197,2,3,central,turned_away,None,n,2,3,central,turned_away,None,n,28.69111291467631
198,2,3,central,turned_away,None,n,2,3,central,turned_away,None,n,28.69111291467631
199,2,3,central,turned_away,None,n,2,3,central,turned_away,None,n,28.69111291467631
200,2,3,central,turned_away,None,n,2,3,central,turned_away,None,n,28.69111291467631
201,2,3,central,turned_away,None,n,2,3,central,turned_away,None,n,28.69111291467631
202,2,3,central,turned_away,None,n,2,3,central,turned_away,None,n,28.69111291467631
203,2,3,central,turned_away,None,n,2,3,central,turned_away,None,n,28.69111291467631
204,2,3,central,turned_away,None,n,2,3,central,turned_away,None,n,28.69111291467631
205,2,3,central,turned_away,None,n,2,3,central,turned_away,None,n,28.69111291467631
206,2,3,central,turned_away,None,n,2,3,central,turned_away,None,n,28.69111291467631
207,2,3,central,turned_away,None,n,2,3,central,turned_away,None,n,28.69111291467631
208,2,3,central,turned_away,None,n,2,3,central,turned_away,None,n,28.69111291467631
209,2,3,central,turned_away,None,n,2,3,central,turned_away,None,n,28.69111291467631
210,2,3,central,turned_away,None,n,2,3,central,turned_away,None,n,28.69111291467631
211,2,3,central,turned_away,None,n,2,3,central,turned_away,None,n,28.69111291467631
212,2,3,central,turned_away,None,n,2,3,central,turned_away,None,n,28.69111291467631
213,2,3,central,turned_away,None,n,2,3,central,turned_away,None,n,28.69111291467631
214,2,3,central,turned_away,None,n,2,3,central,turned_away,None,n,28.69111291467631
215,2,3,central,turned_away,None,n,2,3,central,turned_away,None,n,28.69111291467631
216,2,3,central,turned_away,None,n,2,3,central,turned_away,None,n,28.69111291467631
217,2,3,central,turned_away,None,n,2,3,central,turned_away,None,n,28.69111291467631
218,2,3,central,turned_away,None,n,2,3,central,turned_away,None,n,28.69111291467631
219,2,3,central,turned_away,None,n,2,3,central,turned_away,None,n,28.69111291467631
220,2,3,central,turned_away,None,n,2,3,central,turned_away,None,n,28.69111291467631
221,2,3,central,turned_away,None,n,2,3,central,turned_away,None,n,28.69111291467631
222,2,3,central,turned_away,None,n,2,3,central,turned_away,None,n,28.69111291467631
223,2,3,central,turned_away,None,n,2,3,central,turned_away,None,n,28.69111291467631
224,2,3,central,turned_away,None,n,2,3,central,turned_away,None,n,28.69111291467631
225,2,3,central,turned_away,None,n,2,3,central,turned_away,None,n,28.69111291467631
226,2,3,central,turned_away,None,n,2,3,central,turned_away,None,n,28.69111291467631
227,2,3,central,turned_away,None,n,2,3,central,turned_away,None,n,28.69111291467631
228,2,3,central,turned_away,None,n,2,3,central,turned_away,None,n,28.69111291467631
229,2,3,central,turned_away,None,n,2,3,central,turned_away,None,n,28.69111291467631
230,2,3,central,turned_away,None,n,2,3,central,turned_away,None,n,28.69111291467631
231,2,3,central,turned_away,None,n,2,3,central,turned_away,None,n,28.69111291467631
232,2,3,central,turned_away,None,n,2,3,central,turned_away,None,n,28.69111291467631
233,2,3,central,turned_away,None,n,2,3,central,turned_away,None,n,28.69111291467631
234,2,3,central,turned_away,None,n,2,3,central,turned_away,None,n,28.69111291467631
235,2,3,central,turned_away,None,n,2,3,central,turned_away,None,n,28.69111291467631
236,2,3,central,turned_away,None,n,2,3,central,turned_away,None,n,28.69111291467631
237,2,3,central,turned_away,None,n,2,3,central,turned_away,None,n,28.69111291467631
238,2,3,central,turned_away,None,n,2,3,central,turned_away,None,n,28.69111291467631
239,2,3,central,turned_away,None,n,2,3,central,turned_away,None,n,28.69111291467631
240,2,3,central,turned_away,None,n,2,3,central,turned_away,None,n,28.69111291467631
241,2,3,central,turned_away,None,n,2,3,central,turned_away,None,n,28.69111291467631
242,2,3,central,turned_away,None,n,2,3,central,turned_away,None,n,28.69111291467631
243,2,3,central,turned_away,None,n,2,3,central,turned_away,None,n,28.69111291467631
244,2,3,central,turned_away,None,n,2,3,central,turned_away,None,n,28.69111291467631
245,2,3,central,turned_away,None,n,2,3,central,turned_away,None,n,28.69111291467631
246,2,3,central,turned_away,None,n,2,3,central,turned_away,None,n,28.69111291467631
247,2,3,central,turned_away,None,n,2,3,central,turned_away,None,n,28.69111291467631
248,2,3,central,turned_away,None,n,2,3,central,turned_away,None,n,28.69111291467631
249,2,3,central,turned_away,None,n,2,3,central,turned_away,None,n,28.69111291467631
250,2,3,central,turned_away,None,n,2,3,central,turned_away,None,n,28.69111291467631
251,2,3,central,turned_away,None,n,2,3,central,turned_away,None,n,28.69111291467631
252,2,3,central,turned_away,None,n,2,3,central,turned_away,None,n,28.69111291467631
253,2,3,central,turned_away,None,n,2,3,central,turned_away,None,n,28.69111291467631
254,2,3,central,turned_away,None,n,2,3,central,turned_away,None,n,28.69111291467631
255,2,3,central,turned_away,None,n,2,3,central,turned_away,None,n,28.69111291467631
256,2,3,central,turned_away,None,n,2,3,central,turned_away,None,n,28.69111291467631
257,2,3,central,turned_away,None,n,2,3,central,turned_away,None,n,28.69111291467631
258,2,3,central,turned_away,None,n,2,3,central,turned_away,None,n,28.69111291467631
259,2,3,central,turned_away,None,n,2,3,central,turned_away,None,n,28.69111291467631
260,2,3,central,turned_away,None,n,2,3,central,turned_away,None,n,28.69111291467631
261,2,3,central,turned_away,None,n,2,3,central,turned_away,None,n,28.69111291467631
262,2,3,central,turned_away,None,n,2,3,central,turned_away,None,n,28.69111291467631
263,2,3,central,turned_away,None,n,2,3,central,turned_away,None,n,28.69111291467631
