,imas_1,wti_1,viewing_area_1,body_facing_1,gesture_1,approaching_1,imas_2,wti_2,viewing_area_2,body_facing_2,gesture_2,approaching_2,distance
0,1,1,outside,slightly_facing,None,n,1,1,outside,turned_away,None,n,12.513719092045857
1,1,1,outside,slightly_facing,None,n,1,1,outside,turned_away,None,n,12.513719092045857
2,1,1,outside,slightly_facing,None,n,1,1,outside,turned_away,None,n,12.513719092045857
3,1,1,outside,slightly_facing,None,n,1,1,outside,turned_away,None,n,12.513719092045857
4,1,1,outside,slightly_facing,None,n,1,1,outside,turned_away,None,n,12.513719092045857
5,1,1,outside,slightly_facing,None,n,1,1,outside,turned_away,None,n,12.513719092045857
6,1,1,outside,slightly_facing,None,n,1,1,outside,turned_away,None,n,12.511817074782908
7,1,1,outside,slightly_facing,None,n,1,1,outside,turned_away,None,n,12.495093578235148
8,1,1,outside,slightly_facing,None,n,1,1,outside,slightly_facing,None,n,12.441883708502026
9,1,1,mid_peripheral,slightly_facing,None,n,1,1,outside,turned_away,None,n,12.418495076806575
10,1,1,mid_peripheral,slightly_facing,None,n,1,1,outside,turned_away,None,n,12.33131784010732
11,1,1,mid_peripheral,slightly_facing,None,n,1,1,outside,turned_away,None,n,12.341113452543587
12,1,1,mid_peripheral,slightly_facing,None,n,1,1,outside,turned_away,None,n,12.34655475892332
13,1,1,outside,slightly_facing,None,n,1,1,outside,turned_away,None,n,12.326726850344182
14,1,1,outside,slightly_facing,None,n,1,1,outside,turned_away,None,n,12.391534026785214
15,1,1,outside,turned_away,None,n,1,1,outside,turned_away,None,n,12.429794234394063
16,1,1,outside,slightly_facing,None,n,1,1,outside,turned_away,None,n,12.492356494639834
17,1,1,outside,slightly_facing,None,n,1,1,outside,turned_away,None,n,12.551483887599748
18,1,1,outside,slightly_facing,None,n,1,1,outside,turned_away,None,n,12.547218702024162
19,1,1,outside,slightly_facing,None,n,1,1,outside,turned_away,None,n,12.524047610160425
20,2,3,central,slightly_facing,None,m,1,1,outside,turned_away,None,n,12.510307256717946
21,2,3,central,slightly_facing,None,m,1,1,outside,turned_away,None,n,12.500315176527193
22,2,3,central,slightly_facing,None,m,1,1,outside,turned_away,None,n,12.54574214092166
23,2,3,central,slightly_facing,None,m,1,1,outside,turned_away,None,n,12.561309674152962
24,2,3,central,slightly_facing,None,m,1,1,outside,turned_away,None,n,12.55432807465875
25,2,3,central,slightly_facing,None,m,1,1,outside,turned_away,None,n,12.585982688544465
26,2,4,central,turned_away,arm_raise_high,n,2,3,central,turned_away,None,n,12.634801924118163
27,2,4,central,slightly_facing,arm_raise_high,m,2,3,central,turned_away,None,n,12.667442099584282
28,2,4,central,slightly_facing,arm_raise_high,m,2,3,central,turned_away,None,n,12.677218287820438
29,2,4,central,slightly_facing,None,n,2,3,central,turned_away,None,n,12.648868305623711
30,2,4,central,slightly_facing,arm_raise_high,m,2,3,central,turned_away,None,n,12.653192539276127
31,2,4,central,slightly_facing,arm_raise_high,m,2,3,central,turned_away,None,n,12.614972185507346
32,2,4,central,slightly_facing,arm_raise_high,m,2,3,central,turned_away,None,n,12.580942962446045
33,2,4,central,slightly_facing,arm_raise_high,m,2,3,central,turned_away,None,n,12.542028842394087
34,2,4,central,slightly_facing,arm_raise_high,m,2,3,central,turned_away,None,n,12.524628333980052
35,2,4,central,slightly_facing,arm_raise_high,m,2,3,central,turned_away,None,n,12.521000673571141
36,2,4,central,slightly_facing,arm_raise_high,m,2,3,central,turned_away,None,n,12.506885058832605
37,2,4,central,slightly_facing,arm_raise_high,m,2,3,central,turned_away,None,n,12.488191224195797
38,2,4,central,slightly_facing,arm_raise_high,m,2,3,central,turned_away,None,n,12.488311766025436
39,2,4,central,slightly_facing,arm_raise_high,m,2,3,central,turned_away,None,n,12.445264687833037
40,2,4,central,slightly_facing,arm_raise_high,y,2,3,central,turned_away,None,n,12.38966059327115
41,2,4,central,slightly_facing,arm_raise_high,m,2,3,central,turned_away,None,n,12.274138031782305
42,2,4,central,turned_away,arm_raise_high,n,2,3,central,turned_away,None,n,12.31125114359466
43,2,4,central,slightly_facing,arm_raise_high,m,2,4,central,turned_away,come_here,n,12.357661342441135
44,2,4,central,slightly_facing,arm_raise_high,m,2,4,central,turned_away,come_here,n,12.382179882918392
45,2,4,central,slightly_facing,arm_raise_high,m,2,4,central,turned_away,come_here,n,12.40532720231438
46,3,4,central,slightly_facing,None,m,2,4,central,turned_away,come_here,n,12.44609237621207
47,3,4,central,turned_away,None,n,2,4,central,turned_away,come_here,n,12.473879453682407
48,3,4,central,turned_away,None,n,2,4,central,turned_away,come_here,n,12.526659896570836
49,3,4,central,turned_away,None,n,2,4,central,turned_away,come_here,n,12.571747215450358
50,3,4,central,turned_away,None,n,2,4,central,turned_away,come_here,n,12.616163497726431
51,3,4,central,turned_away,None,n,2,4,central,turned_away,come_here,n,12.687657552204056
52,3,4,central,turned_away,None,n,2,4,central,turned_away,come_here,n,12.761556955792823
53,3,4,central,turned_away,None,n,2,4,central,turned_away,come_here,n,12.910985119811253
54,3,4,central,turned_away,None,n,2,4,central,slightly_facing,come_here,m,13.077450834011238
55,3,4,central,slightly_facing,None,m,2,4,central,slightly_facing,come_here,m,13.129248739825941
56,3,4,central,slightly_facing,None,n,2,4,central,turned_away,come_here,n,13.068346692432682
57,3,4,central,slightly_facing,None,y,2,4,central,slightly_facing,come_here,y,13.070391004312315
58,3,4,central,slightly_facing,None,y,2,4,central,slightly_facing,come_here,y,12.958165377070502
59,3,4,central,strongly_facing,None,y,2,4,central,slightly_facing,come_here,y,12.756012315377943
60,3,4,central,slightly_facing,None,y,2,4,central,slightly_facing,come_here,y,12.41559065386519
61,3,4,central,slightly_facing,None,y,2,4,central,slightly_facing,come_here,y,12.117448331430886
62,3,4,central,strongly_facing,None,y,2,4,central,turned_away,come_here,n,11.962917098025091
63,3,4,central,strongly_facing,None,y,2,4,central,slightly_facing,come_here,y,11.564057130831726
64,3,4,central,strongly_facing,None,y,2,4,central,slightly_facing,come_here,y,11.368426187750165
65,3,4,central,slightly_facing,None,y,2,4,central,slightly_facing,come_here,y,10.939755490336882
66,3,4,central,strongly_facing,None,y,2,4,central,slightly_facing,come_here,y,10.711240977393514
67,3,4,central,strongly_facing,None,y,2,4,central,strongly_facing,come_here,y,10.40762804136568
68,3,4,central,strongly_facing,None,y,2,4,central,slightly_facing,come_here,y,9.992449205443515
69,3,4,central,slightly_facing,None,y,2,4,central,slightly_facing,come_here,y,9.678929223963763
70,3,4,central,slightly_facing,None,y,2,4,central,slightly_facing,come_here,y,9.455803842397799
71,3,4,central,strongly_facing,None,y,2,4,central,slightly_facing,come_here,y,9.080676807596959
72,3,4,central,strongly_facing,None,y,2,4,central,slightly_facing,come_here,y,8.658870996504165
73,3,4,central,slightly_facing,None,y,2,4,central,slightly_facing,come_here,y,8.410054457390927
74,3,4,central,slightly_facing,None,y,2,4,central,slightly_facing,come_here,y,8.055657790189077
75,3,4,central,strongly_facing,None,y,2,4,central,slightly_facing,come_here,y,7.837209799796417
76,3,4,central,strongly_facing,None,y,2,4,central,slightly_facing,come_here,y,7.606214505112049
77,3,4,central,strongly_facing,None,y,2,4,central,slightly_facing,come_here,y,7.326385418924192
78,3,4,central,slightly_facing,None,y,2,4,central,slightly_facing,come_here,y,7.009511850245209
79,3,4,central,strongly_facing,None,n,2,4,central,slightly_facing,come_here,m,6.6959971690834115
80,3,4,central,strongly_facing,None,y,2,4,central,slightly_facing,come_here,y,6.6859923027475885
81,3,4,central,strongly_facing,None,y,2,4,central,slightly_facing,come_here,y,6.365281230337667
82,3,4,central,strongly_facing,None,y,2,4,central,slightly_facing,come_here,y,6.04627141589931
83,3,4,central,strongly_facing,None,y,2,4,central,slightly_facing,come_here,y,5.744296272861019
84,3,4,central,strongly_facing,None,y,2,4,central,turned_away,come_here,n,5.485595323770248
85,3,4,central,strongly_facing,None,y,2,4,central,slightly_facing,come_here,y,5.14477479921376
86,3,4,central,strongly_facing,None,y,2,4,central,slightly_facing,come_here,y,4.9231487862840355
87,3,4,central,slightly_facing,None,y,2,4,central,slightly_facing,come_here,y,4.454601238286767
88,3,4,central,strongly_facing,None,y,2,4,central,slightly_facing,come_here,y,4.02431990177446
89,3,4,central,strongly_facing,None,y,2,4,central,slightly_facing,come_here,y,3.740714297579542
90,3,4,central,slightly_facing,None,y,2,4,central,slightly_facing,come_here,y,3.427256585655797
91,3,4,central,slightly_facing,None,y,2,4,central,slightly_facing,come_here,y,3.1538868606005774
92,3,4,central,slightly_facing,None,y,2,4,central,slightly_facing,come_here,y,2.9470088981964406
93,3,4,central,strongly_facing,None,y,2,4,central,strongly_facing,None,n,2.563640573909689
94,3,4,central,slightly_facing,None,y,2,4,central,strongly_facing,None,n,2.3774871353807687
95,3,4,central,slightly_facing,None,y,2,4,central,strongly_facing,None,n,1.9922340638301
96,3,4,central,slightly_facing,None,y,2,4,central,strongly_facing,None,n,1.887369127067889
97,3,4,central,slightly_facing,None,y,2,4,central,strongly_facing,None,n,1.5831320939861597
98,3,4,central,slightly_facing,None,y,2,4,central,strongly_facing,None,n,1.3774526431787038
99,3,4,central,slightly_facing,None,y,2,4,central,strongly_facing,None,n,1.1951038421894506
100,3,4,central,slightly_facing,None,m,2,4,central,strongly_facing,None,n,1.0408245751753706
101,3,4,central,slightly_facing,None,m,2,4,central,strongly_facing,None,n,1.0237278730331651
102,3,4,central,slightly_facing,None,n,2,4,central,strongly_facing,None,n,1.0006870322433485
