,imas_1,wti_1,viewing_area_1,body_facing_1,gesture_1,approaching_1,imas_2,wti_2,viewing_area_2,body_facing_2,gesture_2,approaching_2,distance
0,2,2,outside,slightly_facing,None,n,3,5,central,slightly_facing,None,n,17.696755260391715
1,2,2,outside,slightly_facing,None,n,3,5,central,slightly_facing,None,n,17.696755260391715
2,2,2,outside,slightly_facing,None,n,3,5,central,slightly_facing,None,n,17.696755260391715
3,2,2,outside,slightly_facing,None,n,3,5,central,slightly_facing,None,n,17.696755260391715
4,2,2,outside,slightly_facing,None,n,3,5,central,slightly_facing,None,n,17.696755260391715
5,2,2,outside,slightly_facing,None,n,3,5,central,slightly_facing,None,n,17.696755260391715
6,2,2,outside,slightly_facing,None,n,3,5,central,slightly_facing,None,n,17.696755260391715
7,2,2,outside,slightly_facing,None,n,3,5,central,slightly_facing,None,n,17.696755260391715
8,2,2,outside,slightly_facing,None,n,3,5,central,slightly_facing,None,n,17.696755260391715
9,2,2,outside,slightly_facing,None,n,3,5,central,slightly_facing,None,n,17.696755260391715
10,2,2,outside,slightly_facing,None,n,3,5,central,slightly_facing,None,n,17.696755260391715
11,2,2,outside,slightly_facing,None,n,3,5,central,slightly_facing,None,n,17.696755260391715
12,2,2,mid_peripheral,slightly_facing,None,n,3,5,central,slightly_facing,None,n,17.686363931344285
13,2,2,mid_peripheral,slightly_facing,None,n,3,5,central,slightly_facing,None,y,17.645197499993166
14,2,2,mid_peripheral,slightly_facing,None,n,3,5,central,slightly_facing,None,y,17.514790614708502
15,2,2,mid_peripheral,slightly_facing,None,n,3,5,central,slightly_facing,None,y,17.413231654439343
16,2,2,mid_peripheral,slightly_facing,None,n,3,5,central,turned_away,None,n,17.26732748677507
17,2,2,mid_peripheral,slightly_facing,None,n,3,5,central,turned_away,None,n,17.223160336851446
18,2,2,mid_peripheral,slightly_facing,None,n,3,5,central,turned_away,None,n,17.189620594773174
19,2,2,mid_peripheral,slightly_facing,None,n,3,5,central,turned_away,None,n,17.179493128751503
20,2,2,mid_peripheral,slightly_facing,None,n,3,5,central,turned_away,None,n,17.171365098623056
21,2,2,mid_peripheral,slightly_facing,None,n,3,5,central,turned_away,None,n,17.120931528271587
22,2,2,outside,slightly_facing,None,n,3,5,central,turned_away,None,n,17.05924867839217
23,2,2,mid_peripheral,slightly_facing,None,n,3,5,central,slightly_facing,None,m,17.021498080067616
24,2,2,mid_peripheral,slightly_facing,None,n,3,5,central,slightly_facing,None,m,16.967696553029366
25,2,2,mid_peripheral,slightly_facing,None,n,3,5,central,slightly_facing,None,m,16.90489102542297
26,2,2,mid_peripheral,slightly_facing,None,n,3,5,central,slightly_facing,None,y,16.815294451076017
27,2,2,mid_peripheral,slightly_facing,None,n,3,5,central,slightly_facing,None,y,16.69055406338762
28,2,2,mid_peripheral,slightly_facing,None,n,3,5,central,slightly_facing,None,y,16.553476324488827
29,2,2,mid_peripheral,slightly_facing,None,n,3,5,central,slightly_facing,None,y,16.437480137164606
30,2,2,mid_peripheral,slightly_facing,None,n,3,5,central,slightly_facing,None,y,16.30891633823735
31,2,2,outside,slightly_facing,None,n,3,5,central,slightly_facing,None,m,16.206236451350264
32,2,2,outside,slightly_facing,None,n,3,5,central,slightly_facing,None,y,16.125242754861894
33,2,2,mid_peripheral,slightly_facing,None,n,2,5,central,slightly_facing,wave_wide_head,y,16.0075459895941
34,2,2,mid_peripheral,slightly_facing,None,n,2,5,central,slightly_facing,wave_wide_head,y,15.881483105789458
35,2,2,mid_peripheral,slightly_facing,None,n,2,5,central,slightly_facing,wave_wide_head,y,15.75890840521957
36,2,2,mid_peripheral,slightly_facing,None,n,2,5,central,slightly_facing,wave_wide_head,y,15.620788768789783
37,2,2,mid_peripheral,slightly_facing,None,n,2,5,central,slightly_facing,wave_wide_head,m,15.48721616371701
38,2,2,mid_peripheral,slightly_facing,None,n,2,5,central,slightly_facing,wave_wide_head,m,15.414391082618604
39,2,2,mid_peripheral,slightly_facing,None,n,2,5,central,slightly_facing,wave_wide_head,y,15.342872688846157
40,2,2,outside,slightly_facing,None,n,2,5,central,slightly_facing,wave_wide_head,m,15.225995526658508
41,2,2,outside,slightly_facing,None,n,2,5,central,slightly_facing,wave_wide_head,m,15.147238185425884
42,2,2,mid_peripheral,slightly_facing,None,n,2,5,central,slightly_facing,wave_wide_head,y,15.082374997041184
43,2,2,mid_peripheral,slightly_facing,None,n,2,5,central,slightly_facing,wave_wide_head,y,14.970974897122764
44,2,2,mid_peripheral,slightly_facing,None,n,2,5,central,slightly_facing,wave_wide_head,m,14.860450376654976
45,2,2,mid_peripheral,slightly_facing,None,n,2,5,central,slightly_facing,wave_wide_head,m,14.768782346551834
46,2,2,mid_peripheral,slightly_facing,None,n,2,5,central,slightly_facing,wave_wide_head,m,14.707418553546812
47,2,2,mid_peripheral,slightly_facing,None,n,2,5,central,slightly_facing,wave_wide_head,m,14.625761506429162
48,2,2,mid_peripheral,slightly_facing,None,n,2,5,central,slightly_facing,wave_wide_head,y,14.530270007478492
49,2,2,outside,slightly_facing,None,n,2,5,central,slightly_facing,wave_wide_head,y,14.425730396723006
50,2,2,outside,slightly_facing,None,n,2,5,central,slightly_facing,wave_wide_head,m,14.280929497912247
51,2,2,central,slightly_facing,None,m,2,5,central,slightly_facing,wave_wide_head,m,14.182470740375036
52,2,2,central,slightly_facing,None,m,2,5,central,slightly_facing,wave_wide_head,m,14.102616903862236
53,2,2,central,slightly_facing,None,m,2,5,central,turned_away,wave_wide_head,n,14.036432539646421
54,2,2,central,slightly_facing,None,y,2,5,central,slightly_facing,wave_wide_head,y,13.988121393928497
55,2,2,central,slightly_facing,None,y,2,5,central,slightly_facing,wave_wide_head,y,13.880766448602177
56,2,2,central,slightly_facing,None,y,2,5,central,slightly_facing,wave_wide_head,y,13.581197696897906
57,2,2,central,slightly_facing,None,y,2,5,central,slightly_facing,wave_wide_head,y,13.434422178048928
58,2,2,central,slightly_facing,None,y,2,5,central,slightly_facing,wave_wide_head,y,13.28625835805286
59,2,2,central,slightly_facing,None,m,2,5,central,slightly_facing,wave_wide_head,m,13.14161382849854
60,3,3,central,slightly_facing,arm_raise_low,m,2,5,central,slightly_facing,wave_wide_head,m,13.090710421210076
61,3,3,central,slightly_facing,arm_raise_low,m,2,5,central,slightly_facing,wave_wide_head,m,13.073622448988381
62,3,3,central,slightly_facing,arm_raise_low,m,2,5,central,slightly_facing,wave_wide_head,m,13.049558070992674
63,3,3,central,slightly_facing,arm_raise_low,m,2,5,central,strongly_facing,wave_wide_head,m,12.984537865915751
64,3,3,central,slightly_facing,arm_raise_low,y,2,5,central,strongly_facing,wave_wide_head,y,12.898047507252912
65,3,3,central,strongly_facing,arm_raise_low,y,2,5,central,strongly_facing,None,n,12.707624015866417
66,3,3,central,strongly_facing,arm_raise_low,y,2,5,central,strongly_facing,None,n,12.563927153092902
67,3,3,central,slightly_facing,arm_raise_low,y,2,5,central,strongly_facing,None,n,12.455352387333331
68,3,3,central,slightly_facing,arm_raise_low,m,2,5,central,strongly_facing,None,n,12.310966018329392
69,3,3,central,slightly_facing,arm_raise_low,m,2,5,central,strongly_facing,None,n,12.228866176655185
70,3,3,central,slightly_facing,arm_raise_low,m,2,5,central,strongly_facing,None,n,12.132321274723854
71,3,3,central,slightly_facing,arm_raise_low,y,2,5,central,strongly_facing,None,n,12.083255056869445
72,3,3,central,strongly_facing,arm_raise_low,y,2,5,central,strongly_facing,None,n,11.965174057546932
73,3,3,central,strongly_facing,arm_raise_low,m,2,5,central,strongly_facing,None,n,11.826244682846404
74,3,3,central,slightly_facing,arm_raise_low,m,2,5,central,strongly_facing,None,n,11.737397542834781
75,3,3,central,slightly_facing,arm_raise_low,m,2,5,central,strongly_facing,None,n,11.735983617806609
76,3,3,central,slightly_facing,arm_raise_low,m,2,5,central,strongly_facing,None,n,11.662093396666998
77,3,3,central,slightly_facing,arm_raise_low,m,2,5,central,strongly_facing,None,n,11.644396812893534
78,3,3,central,slightly_facing,arm_raise_low,m,2,5,central,strongly_facing,None,n,11.619211290634146
79,4,4,central,slightly_facing,None,m,2,5,central,strongly_facing,None,n,11.563990927594375
80,4,4,central,slightly_facing,None,m,2,5,central,strongly_facing,None,n,11.546937252665757
81,4,4,central,turned_away,None,n,2,5,central,strongly_facing,None,n,11.542467614121527
82,4,4,central,turned_away,None,n,2,5,central,strongly_facing,None,n,11.55972689670742
83,4,4,central,turned_away,None,n,2,5,central,strongly_facing,None,n,11.618851434734887
84,4,4,central,turned_away,None,n,2,5,central,strongly_facing,None,n,11.65118148443448
85,4,4,central,turned_away,None,n,2,5,central,strongly_facing,None,n,11.694298136214462
86,4,4,central,turned_away,None,n,2,5,central,strongly_facing,None,n,11.701996046296081
87,4,4,central,slightly_facing,None,m,2,5,central,strongly_facing,None,n,11.71378536984202
88,4,4,central,slightly_facing,None,m,2,5,central,strongly_facing,None,n,11.713433227637108
89,4,4,central,slightly_facing,None,y,2,5,central,strongly_facing,None,n,11.650460991261635
90,4,4,central,strongly_facing,None,y,2,5,central,strongly_facing,None,n,11.37753596000439
91,4,4,central,slightly_facing,None,y,2,5,central,strongly_facing,None,n,11.094480963690415
92,4,4,central,slightly_facing,None,y,2,5,central,strongly_facing,None,n,10.855918426118908
93,4,4,central,strongly_facing,None,y,2,5,central,strongly_facing,None,n,10.662023338468599
94,4,4,central,strongly_facing,None,y,2,5,central,strongly_facing,None,n,10.482104590868092
95,4,4,central,slightly_facing,None,y,2,5,central,strongly_facing,None,n,10.186607460627707
96,4,4,central,slightly_facing,None,m,2,5,central,strongly_facing,None,n,9.901276940230739
97,4,4,central,slightly_facing,None,y,2,5,central,strongly_facing,None,n,9.80708780182986
98,4,4,central,strongly_facing,None,y,2,5,central,strongly_facing,None,n,9.530062501429933
99,4,4,central,strongly_facing,None,y,2,5,central,strongly_facing,None,n,9.29001147878155
100,4,4,central,slightly_facing,None,y,2,5,central,strongly_facing,None,n,9.133780921658346
101,4,4,central,slightly_facing,None,y,2,5,central,strongly_facing,None,n,8.793874489361617
102,4,4,central,strongly_facing,None,y,2,5,central,strongly_facing,None,n,8.631809017125029
103,4,4,central,strongly_facing,None,m,2,5,central,strongly_facing,None,n,8.328322307349119
104,4,4,central,strongly_facing,None,y,2,5,central,strongly_facing,None,n,8.231759055624138
105,4,4,central,slightly_facing,None,y,2,5,central,strongly_facing,None,n,8.112159355756269
106,4,4,central,slightly_facing,None,y,2,5,central,strongly_facing,None,n,7.8043796216463655
107,4,4,central,slightly_facing,None,y,2,5,central,strongly_facing,None,n,7.6809801787493885
108,4,4,central,slightly_facing,None,y,2,5,central,strongly_facing,None,n,7.517103342067668
109,4,4,central,strongly_facing,None,y,2,5,central,strongly_facing,None,n,7.303722903916671
110,4,4,central,slightly_facing,None,y,2,5,central,strongly_facing,None,n,7.126764307631131
111,4,4,central,slightly_facing,None,y,2,5,central,strongly_facing,None,n,6.97304904613828
112,4,4,central,slightly_facing,None,y,2,5,central,strongly_facing,None,n,6.791087536390984
113,4,4,central,slightly_facing,None,y,2,5,central,strongly_facing,None,n,6.556928013515556
114,4,4,central,slightly_facing,None,y,2,5,central,strongly_facing,None,n,6.403044614790215
115,4,4,central,slightly_facing,None,y,2,5,central,strongly_facing,None,n,6.235563259467818
116,4,4,central,slightly_facing,None,m,2,5,central,strongly_facing,None,n,6.013091129762963
117,4,4,central,slightly_facing,None,y,2,5,central,strongly_facing,None,n,5.934945574626448
118,4,4,central,slightly_facing,None,y,2,5,central,strongly_facing,None,n,5.749210021918233
119,4,4,central,slightly_facing,None,m,2,5,central,strongly_facing,None,n,5.4523110127380985
120,4,4,central,slightly_facing,None,y,2,5,central,strongly_facing,None,n,5.370650722178275
121,4,4,central,slightly_facing,None,y,2,5,central,strongly_facing,None,n,5.133812848581937
122,4,4,central,slightly_facing,None,y,2,5,central,strongly_facing,None,n,5.011441104137709
123,4,4,central,slightly_facing,None,y,2,5,central,strongly_facing,None,n,4.848212942908348
124,4,4,central,slightly_facing,None,y,2,5,central,strongly_facing,None,n,4.668129267231684
125,4,4,central,slightly_facing,None,m,2,5,central,strongly_facing,None,n,4.387022354044709
126,4,4,central,slightly_facing,None,y,2,5,central,strongly_facing,None,n,4.312564878198834
127,4,4,central,slightly_facing,None,y,2,5,central,strongly_facing,None,n,4.098414197848847
128,4,4,central,slightly_facing,None,m,2,5,central,strongly_facing,None,n,3.88992469925062
129,4,4,central,slightly_facing,None,y,2,5,central,strongly_facing,None,n,3.8097517914348566
130,4,4,central,slightly_facing,None,y,2,5,central,strongly_facing,None,n,3.617585646230924
131,4,4,central,slightly_facing,None,m,2,5,central,strongly_facing,None,n,3.3629816675993
132,4,4,central,slightly_facing,None,y,2,5,central,strongly_facing,None,n,3.293192362544289
133,4,4,central,slightly_facing,None,y,2,5,central,strongly_facing,None,n,3.15556384141313
134,4,4,central,slightly_facing,None,m,2,5,central,strongly_facing,None,n,3.011097597221653
135,4,4,central,slightly_facing,None,y,2,5,central,strongly_facing,None,n,2.9429817541568415
136,4,4,central,slightly_facing,None,y,2,5,central,strongly_facing,None,n,2.7934339384386795
137,4,4,central,slightly_facing,None,m,2,5,central,strongly_facing,None,n,2.6048095955806474
138,4,4,central,slightly_facing,None,m,2,5,central,strongly_facing,None,n,2.540899464859048
139,4,4,central,slightly_facing,None,m,2,5,central,strongly_facing,None,n,2.5317069885010395
140,4,4,central,slightly_facing,None,m,2,5,central,strongly_facing,None,n,2.519832456237718
141,4,4,central,slightly_facing,None,n,2,5,central,strongly_facing,None,n,2.4928998798124673
