,imas_1,wti_1,viewing_area_1,body_facing_1,gesture_1,approaching_1,imas_2,wti_2,viewing_area_2,body_facing_2,gesture_2,approaching_2,distance
0,2,2,central,turned_away,None,n,1,2,outside,turned_away,None,n,21.331852444393125
1,2,2,central,turned_away,None,n,1,2,outside,turned_away,None,n,21.331852444393125
2,2,2,central,turned_away,None,n,1,2,outside,turned_away,None,n,21.33851218271625
3,2,2,central,turned_away,None,n,1,2,mid_peripheral,strongly_facing,None,n,21.35844981914757
4,2,2,central,turned_away,None,n,1,2,mid_peripheral,slightly_facing,None,n,21.35202290615243
5,2,2,central,turned_away,None,n,1,2,mid_peripheral,slightly_facing,None,n,21.286583827855083
6,2,2,central,turned_away,None,n,1,2,mid_peripheral,strongly_facing,None,n,21.16021484931599
7,2,2,central,turned_away,None,n,1,2,mid_peripheral,strongly_facing,None,n,21.01510231904137
8,2,2,central,turned_away,None,n,1,2,mid_peripheral,slightly_facing,None,n,20.88923117447909
9,2,2,central,turned_away,None,n,1,2,mid_peripheral,slightly_facing,None,n,20.652235447297997
10,2,2,central,slightly_facing,None,y,1,2,mid_peripheral,slightly_facing,None,n,20.614899985191396
11,2,2,central,slightly_facing,None,y,1,2,mid_peripheral,slightly_facing,None,n,20.45935180634296
12,2,2,central,slightly_facing,None,y,1,2,mid_peripheral,strongly_facing,None,n,20.201837340107655
13,3,4,central,slightly_facing,wave_wide_head,y,1,2,mid_peripheral,slightly_facing,None,n,19.919053671087543
14,3,4,central,slightly_facing,wave_wide_head,y,1,2,mid_peripheral,slightly_facing,None,n,19.808177251922025
15,3,4,central,slightly_facing,wave_wide_head,y,1,2,mid_peripheral,slightly_facing,None,n,19.633655905932642
16,3,4,central,slightly_facing,wave_wide_head,y,1,2,mid_peripheral,slightly_facing,None,n,19.443997280759362
17,3,4,central,slightly_facing,wave_wide_head,y,1,2,mid_peripheral,slightly_facing,None,n,19.30081387631136
18,3,4,central,slightly_facing,wave_wide_head,m,2,3,central,slightly_facing,None,m,19.16953835652473
19,3,4,central,slightly_facing,wave_wide_head,m,2,3,central,slightly_facing,None,m,19.105413659362863
20,3,4,central,slightly_facing,wave_wide_head,y,2,3,central,slightly_facing,None,y,19.05203956094845
21,3,4,central,slightly_facing,wave_wide_head,y,2,3,central,slightly_facing,None,y,18.84755775048815
22,3,4,central,slightly_facing,wave_wide_head,y,3,4,central,strongly_facing,wave_small_head,y,18.48481226542466
23,3,4,central,slightly_facing,wave_wide_head,y,3,4,central,strongly_facing,wave_small_head,y,18.353549730808393
24,3,4,central,slightly_facing,wave_wide_head,y,3,4,central,slightly_facing,wave_small_head,y,18.1282930742245
25,3,4,central,slightly_facing,wave_wide_head,y,3,4,central,slightly_facing,wave_small_head,y,17.976858525367135
26,3,4,central,slightly_facing,wave_wide_head,y,3,4,central,slightly_facing,wave_small_head,y,17.753938035694304
27,3,4,central,slightly_facing,wave_wide_head,m,3,4,central,slightly_facing,wave_small_head,m,17.496119974713537
28,3,4,central,slightly_facing,wave_wide_head,m,3,4,central,slightly_facing,wave_small_head,m,17.416492760565223
29,3,4,central,slightly_facing,wave_wide_head,y,3,4,central,slightly_facing,wave_small_head,y,17.31973043400647
30,3,4,central,slightly_facing,wave_wide_head,y,3,4,central,slightly_facing,wave_small_head,y,17.205683275267912
31,3,4,central,slightly_facing,wave_wide_head,y,3,4,central,slightly_facing,wave_small_head,y,17.098157878491854
32,3,4,central,slightly_facing,wave_wide_head,m,3,4,central,turned_away,wave_small_head,n,16.991548321526587
33,3,4,central,slightly_facing,wave_wide_head,m,3,4,central,turned_away,wave_small_head,n,16.93094609642356
34,3,4,central,slightly_facing,wave_wide_head,m,3,4,central,turned_away,wave_small_head,n,16.871446103451948
35,3,4,central,slightly_facing,wave_wide_head,m,3,4,central,turned_away,wave_small_head,n,16.837395329313885
36,3,4,central,slightly_facing,wave_wide_head,m,3,4,central,turned_away,wave_small_head,n,16.918434622694882
37,3,4,central,slightly_facing,wave_wide_head,m,3,4,central,turned_away,wave_small_head,n,16.93149963481233
38,3,4,central,slightly_facing,wave_wide_head,m,3,4,central,turned_away,wave_small_head,n,16.91004707207854
39,3,4,central,slightly_facing,wave_wide_head,m,3,4,central,turned_away,wave_small_head,n,16.94126834477116
40,3,4,central,slightly_facing,wave_wide_head,m,3,4,central,turned_away,wave_small_head,n,17.038177403305323
41,3,4,central,slightly_facing,wave_wide_head,m,3,4,central,turned_away,wave_small_head,n,17.02309763411923
42,3,4,central,slightly_facing,wave_wide_head,m,3,4,central,slightly_facing,wave_small_head,m,16.950047250590806
43,3,4,central,slightly_facing,wave_wide_head,m,3,4,central,slightly_facing,wave_small_head,m,16.860535411488268
44,3,4,central,slightly_facing,wave_wide_head,y,3,4,central,slightly_facing,wave_small_head,y,16.81239157411283
45,3,4,central,slightly_facing,wave_wide_head,y,3,4,central,slightly_facing,wave_small_head,y,16.662217413059523
46,3,4,central,slightly_facing,wave_wide_head,y,3,4,central,slightly_facing,wave_small_head,y,16.55965451958914
47,3,4,central,slightly_facing,None,y,3,4,central,slightly_facing,wave_small_head,y,16.410339126996643
48,3,4,central,slightly_facing,None,y,3,4,central,slightly_facing,wave_small_head,y,16.24712462262341
49,3,4,central,slightly_facing,None,y,3,4,central,slightly_facing,wave_small_head,y,16.122931068485812
50,3,4,central,slightly_facing,None,y,3,4,central,slightly_facing,wave_small_head,y,15.990950777097524
51,3,4,central,slightly_facing,None,y,3,4,central,slightly_facing,wave_small_head,y,15.862790895347793
52,3,4,central,slightly_facing,None,y,3,4,central,slightly_facing,wave_small_head,y,15.643075705623023
53,3,4,central,slightly_facing,None,y,3,4,central,slightly_facing,wave_small_head,y,15.484659668445191
54,3,4,central,slightly_facing,None,y,3,4,central,slightly_facing,wave_small_head,y,15.323654305359543
55,3,4,central,slightly_facing,None,y,3,4,central,slightly_facing,wave_small_head,y,15.20150317917014
56,3,4,central,slightly_facing,None,y,3,4,central,slightly_facing,wave_small_head,y,15.01427803341862
57,3,4,central,slightly_facing,None,y,3,4,central,slightly_facing,wave_small_head,y,14.865785419910038
58,3,4,central,slightly_facing,None,y,3,4,central,slightly_facing,wave_small_head,y,14.745850414597458
59,3,4,central,slightly_facing,None,y,3,4,central,slightly_facing,wave_small_head,y,14.607409906267064
60,3,4,central,slightly_facing,None,y,3,4,central,slightly_facing,wave_small_head,y,14.492835072806871
61,3,4,central,slightly_facing,None,y,3,4,central,slightly_facing,wave_small_head,y,14.375810763825779
62,3,4,central,slightly_facing,None,y,3,4,central,slightly_facing,wave_small_head,y,14.210991514828681
63,3,4,central,strongly_facing,None,y,3,4,central,slightly_facing,wave_small_head,y,14.014214762840547
64,3,4,central,strongly_facing,None,y,3,4,central,slightly_facing,wave_small_head,y,13.717692934803425
65,3,4,central,slightly_facing,None,y,3,4,central,slightly_facing,wave_small_head,y,13.588822615982195
66,3,4,central,slightly_facing,None,y,3,4,central,slightly_facing,wave_small_head,y,13.360079204115893
67,3,4,central,slightly_facing,None,y,3,4,central,slightly_facing,wave_small_head,y,13.219665248346073
68,3,4,central,strongly_facing,None,y,3,4,central,slightly_facing,wave_small_head,y,13.038141011774837
69,3,4,central,strongly_facing,None,y,3,4,central,slightly_facing,wave_small_head,y,12.8371892852871
70,3,4,central,strongly_facing,None,y,3,4,central,slightly_facing,wave_small_head,y,12.645716019551482
71,3,4,central,strongly_facing,None,y,3,4,central,slightly_facing,wave_small_head,y,12.453993438062344
72,3,4,central,strongly_facing,None,y,3,4,central,slightly_facing,wave_small_head,y,12.336006647475024
73,3,4,central,strongly_facing,None,y,3,4,central,slightly_facing,wave_small_head,y,12.169146368542373
74,3,4,central,slightly_facing,None,y,3,4,central,slightly_facing,wave_small_head,y,11.937738011638423
75,3,4,central,slightly_facing,None,y,3,4,central,slightly_facing,wave_small_head,y,11.666372271796055
76,3,4,central,slightly_facing,None,y,3,4,central,slightly_facing,wave_small_head,y,11.552440501570096
77,3,4,central,slightly_facing,None,y,3,4,central,slightly_facing,wave_small_head,y,11.389749135078656
78,3,4,central,slightly_facing,None,y,3,4,central,slightly_facing,wave_small_head,y,11.239789412840432
79,3,4,central,strongly_facing,None,y,3,4,central,slightly_facing,wave_small_head,y,11.088373449898281
80,3,4,central,strongly_facing,None,y,3,4,central,slightly_facing,wave_small_head,y,10.820987247390136
81,3,4,central,strongly_facing,None,y,3,4,central,slightly_facing,wave_small_head,y,10.679131554138706
82,3,4,central,strongly_facing,None,y,3,4,central,slightly_facing,wave_small_head,y,10.502679880202
83,3,4,central,slightly_facing,None,y,3,4,central,slightly_facing,wave_small_head,y,10.300154362313656
84,3,4,central,slightly_facing,None,y,3,4,central,slightly_facing,wave_small_head,y,10.125125663563281
85,3,4,central,slightly_facing,None,y,3,4,central,slightly_facing,wave_small_head,y,9.981926006758478
86,3,4,central,slightly_facing,None,m,3,4,central,slightly_facing,wave_small_head,m,9.8753031184192
87,3,4,central,slightly_facing,None,y,3,4,central,slightly_facing,wave_small_head,y,9.812983537000198
88,3,4,central,strongly_facing,None,y,3,4,central,slightly_facing,wave_small_head,y,9.680714805521436
89,3,4,central,strongly_facing,None,m,3,4,central,slightly_facing,wave_small_head,m,9.571548862345166
90,3,4,central,slightly_facing,None,y,3,4,central,slightly_facing,wave_small_head,y,9.479831414729544
91,3,4,central,strongly_facing,None,m,3,4,central,slightly_facing,wave_small_head,m,9.260008845861002
92,3,4,central,strongly_facing,None,m,3,4,central,slightly_facing,wave_small_head,m,9.215338218496214
93,3,4,central,strongly_facing,None,y,3,4,central,slightly_facing,wave_small_head,y,9.120275911824653
94,3,4,central,strongly_facing,None,y,3,4,central,strongly_facing,None,n,8.984019927797139
95,3,4,central,slightly_facing,None,y,3,4,central,strongly_facing,None,n,8.847524727175676
96,3,4,central,slightly_facing,None,m,3,4,central,strongly_facing,None,n,8.728892488965883
97,3,4,central,slightly_facing,None,y,3,4,central,strongly_facing,None,n,8.646541190587133
98,3,4,central,slightly_facing,None,m,3,4,central,strongly_facing,None,n,8.507072276153586
99,3,4,central,strongly_facing,None,m,3,4,central,strongly_facing,None,n,8.414448226965918
100,3,4,central,strongly_facing,None,m,3,4,central,strongly_facing,None,n,8.326365303470478
101,3,4,central,strongly_facing,None,y,3,4,central,strongly_facing,None,n,8.251416947016555
102,3,4,central,strongly_facing,None,m,3,4,central,strongly_facing,None,n,8.118407916322997
103,3,4,central,strongly_facing,None,y,3,4,central,strongly_facing,None,n,8.018626168178688
104,3,4,central,strongly_facing,None,m,3,4,central,strongly_facing,None,n,7.877842760032027
105,3,4,central,strongly_facing,None,m,3,4,central,strongly_facing,None,n,7.7880470066679095
106,3,4,central,slightly_facing,None,y,3,4,central,strongly_facing,None,n,7.699670681251243
107,3,4,central,slightly_facing,None,m,3,4,central,strongly_facing,None,n,7.59138799312089
108,3,4,central,slightly_facing,None,y,3,4,central,strongly_facing,None,n,7.498119710221025
109,3,4,central,slightly_facing,None,m,3,4,central,strongly_facing,None,n,7.3471146579745925
110,3,4,central,slightly_facing,None,y,3,4,central,strongly_facing,None,n,7.255598868661359
111,3,4,central,strongly_facing,None,m,3,4,central,strongly_facing,None,n,7.141597194402176
112,3,4,central,strongly_facing,None,y,3,4,central,strongly_facing,None,n,7.083033173642829
113,3,4,central,strongly_facing,None,m,3,4,central,strongly_facing,None,n,6.943876373022204
114,3,4,central,strongly_facing,None,m,3,4,central,strongly_facing,None,n,6.85556336177334
115,3,4,central,strongly_facing,None,y,3,4,central,strongly_facing,None,n,6.76998366521899
116,3,4,central,strongly_facing,None,m,3,4,central,strongly_facing,None,n,6.633874827680499
117,3,4,central,slightly_facing,None,y,3,4,central,strongly_facing,None,n,6.556550835805366
118,3,4,central,slightly_facing,None,m,3,4,central,strongly_facing,None,n,6.447644809633435
119,3,4,central,slightly_facing,None,y,3,4,central,strongly_facing,None,n,6.3568739625156185
120,3,4,central,slightly_facing,None,m,3,4,central,strongly_facing,None,n,6.210251535872034
121,3,4,central,strongly_facing,None,m,3,4,central,strongly_facing,None,n,6.115516135044041
122,3,4,central,strongly_facing,None,y,3,4,central,strongly_facing,None,n,6.027881460496379
123,3,4,central,strongly_facing,None,m,3,4,central,strongly_facing,None,n,5.922518466655555
124,3,4,central,strongly_facing,None,y,3,4,central,strongly_facing,None,n,5.824372211825827
125,3,4,central,strongly_facing,None,y,3,4,central,strongly_facing,None,n,5.659305228528767
126,3,4,central,strongly_facing,None,m,3,4,central,strongly_facing,None,n,5.5587176724572895
127,3,4,central,strongly_facing,None,m,3,4,central,strongly_facing,None,n,5.460027718160051
128,3,4,central,slightly_facing,None,y,3,4,central,strongly_facing,None,n,5.3863917494033995
129,3,4,central,slightly_facing,None,m,3,4,central,strongly_facing,None,n,5.264158663770877
130,3,4,central,slightly_facing,None,m,3,4,central,strongly_facing,None,n,5.210674545284322
131,3,4,central,slightly_facing,None,m,3,4,central,strongly_facing,None,n,5.139724007175185
132,3,4,central,strongly_facing,None,m,3,4,central,strongly_facing,None,n,5.054959989228785
133,3,4,central,strongly_facing,None,y,3,4,central,strongly_facing,None,n,4.965412063353858
134,3,4,central,strongly_facing,None,y,3,4,central,strongly_facing,None,n,4.839765251141838
135,3,4,central,strongly_facing,None,m,3,4,central,strongly_facing,None,n,4.689238660261281
136,3,4,central,strongly_facing,None,m,3,4,central,strongly_facing,None,n,4.61165274996383
137,3,4,central,strongly_facing,None,m,3,4,central,strongly_facing,None,n,4.52368830794784
138,3,4,central,slightly_facing,None,y,3,4,central,strongly_facing,None,n,4.425931111198413
139,3,4,central,slightly_facing,None,m,3,4,central,strongly_facing,None,n,4.226073066205667
140,3,4,central,slightly_facing,None,m,3,4,central,strongly_facing,None,n,4.145095305023638
141,3,4,central,slightly_facing,None,y,3,4,central,strongly_facing,None,n,4.053929225535278
142,3,4,central,strongly_facing,None,m,3,4,central,strongly_facing,None,n,3.894193252135796
143,3,4,central,strongly_facing,None,m,3,4,central,strongly_facing,None,n,3.8061091357495247
144,3,4,central,strongly_facing,None,m,3,4,central,strongly_facing,None,n,3.7103399301217683
145,3,4,central,strongly_facing,None,y,3,4,central,strongly_facing,None,n,3.6167407238310556
146,3,4,central,strongly_facing,None,y,3,4,central,strongly_facing,None,n,3.4687663832550086
147,3,4,central,strongly_facing,None,m,3,4,central,strongly_facing,None,n,3.3616659877798596
148,3,4,central,slightly_facing,None,m,3,4,central,strongly_facing,None,n,3.2618609773431455
149,3,4,central,slightly_facing,None,m,3,4,central,strongly_facing,None,n,3.166089616249827
150,3,4,central,slightly_facing,None,m,3,4,central,strongly_facing,None,n,3.0777710608165787
151,3,4,central,slightly_facing,None,m,3,4,central,strongly_facing,None,n,3.0093775964416642
152,3,4,central,slightly_facing,None,m,3,4,central,strongly_facing,None,n,2.9173356048847032
153,3,4,central,slightly_facing,None,m,3,4,central,strongly_facing,None,n,2.838058314574418
154,3,4,central,strongly_facing,None,y,3,4,central,strongly_facing,None,n,2.7518495665315625
155,3,4,central,strongly_facing,None,m,3,4,central,strongly_facing,None,n,2.589359758385076
156,3,4,central,strongly_facing,None,y,3,4,central,strongly_facing,None,n,2.521580923217813
157,3,4,central,strongly_facing,None,m,3,4,central,strongly_facing,None,n,2.4067063017379224
158,3,4,central,strongly_facing,None,m,3,4,central,strongly_facing,None,n,2.327417126002343
159,3,4,central,slightly_facing,None,y,3,4,central,strongly_facing,None,n,2.227785996660365
160,3,4,central,slightly_facing,None,y,3,4,central,strongly_facing,None,n,2.0943552632435596
161,3,4,central,slightly_facing,None,m,3,4,central,strongly_facing,None,n,1.9402609639749504
162,3,4,central,slightly_facing,None,y,3,4,central,strongly_facing,None,n,1.8565141295718715
163,3,4,central,slightly_facing,None,y,3,4,central,strongly_facing,None,n,1.7548073286583317
164,3,4,central,slightly_facing,None,m,3,4,central,strongly_facing,None,n,1.6261613796969838
165,3,4,central,slightly_facing,None,y,3,4,central,strongly_facing,None,n,1.5416274453109655
166,3,4,central,slightly_facing,None,y,3,4,central,strongly_facing,None,n,1.4389602979498748
167,3,4,central,strongly_facing,None,y,3,4,central,strongly_facing,None,n,1.2934077797106327
168,3,4,central,strongly_facing,None,m,3,4,central,strongly_facing,None,n,1.1821030752256745
169,3,4,central,slightly_facing,None,m,3,4,central,strongly_facing,None,n,1.0821636661466716
170,3,4,central,slightly_facing,None,m,3,4,central,strongly_facing,None,n,0.9897364397151421
171,3,4,central,slightly_facing,None,y,3,4,central,strongly_facing,None,n,0.8985169599873982
172,3,4,central,strongly_facing,None,m,3,4,central,strongly_facing,None,n,0.7597251383230531
173,3,4,central,slightly_facing,None,m,3,4,central,strongly_facing,None,n,0.7509275575772946
174,3,4,central,slightly_facing,None,m,3,4,central,strongly_facing,None,n,0.7391450970878423
175,3,4,central,strongly_facing,None,m,3,4,central,strongly_facing,None,n,0.7190548193601077
176,3,4,central,slightly_facing,None,m,3,4,central,strongly_facing,None,n,0.7100729488925753
177,3,4,central,slightly_facing,None,n,3,4,central,strongly_facing,None,n,0.6840188319520127
