,imas_1,wti_1,viewing_area_1,body_facing_1,gesture_1,approaching_1,imas_2,wti_2,viewing_area_2,body_facing_2,gesture_2,approaching_2,distance
0,1,2,outside,turned_away,None,n,1,1,outside,turned_away,None,n,17.72404167098929
1,1,2,outside,turned_away,None,n,1,1,outside,turned_away,None,n,17.72404167098929
2,1,2,outside,turned_away,None,n,1,1,outside,turned_away,None,n,17.72404167098929
3,1,2,outside,turned_away,None,n,1,1,outside,turned_away,None,n,17.72404167098929
4,1,2,outside,turned_away,None,n,1,1,outside,turned_away,None,n,17.72404167098929
5,1,2,outside,turned_away,None,n,1,1,outside,turned_away,None,n,17.72404167098929
6,1,2,outside,turned_away,None,n,1,1,outside,turned_away,None,n,17.737419771097763
7,1,2,outside,turned_away,None,n,1,1,outside,turned_away,None,n,17.74514417761439
8,1,2,outside,turned_away,None,n,1,1,outside,turned_away,None,n,17.844772112530215
9,1,2,outside,turned_away,None,n,1,1,outside,turned_away,None,n,17.87807659839114
10,1,2,outside,turned_away,None,n,1,1,outside,turned_away,None,n,17.94775059939544
11,1,2,outside,turned_away,None,n,1,1,outside,turned_away,None,n,17.970548012716577
12,1,2,outside,turned_away,None,n,1,1,outside,turned_away,None,n,18.028233136624895
13,1,2,outside,turned_away,None,n,1,1,outside,turned_away,None,n,18.057302479240455
14,1,2,outside,turned_away,None,n,1,1,mid_peripheral,slightly_facing,None,n,18.09551231020731
15,1,2,outside,turned_away,None,n,1,1,mid_peripheral,slightly_facing,None,n,18.105623611170365
16,1,2,outside,turned_away,None,n,1,1,mid_peripheral,slightly_facing,None,n,18.094073188845705
17,1,2,outside,turned_away,None,n,1,1,mid_peripheral,slightly_facing,None,n,18.07937930582823
18,1,2,outside,turned_away,None,n,1,1,mid_peripheral,slightly_facing,None,n,18.0410809599098
19,1,2,outside,turned_away,None,n,1,1,mid_peripheral,slightly_facing,None,n,18.08960910276352
20,1,2,outside,turned_away,None,n,1,1,mid_peripheral,slightly_facing,None,n,18.10000624303442
21,1,2,outside,turned_away,None,n,1,1,mid_peripheral,slightly_facing,None,n,18.13260614652591
22,1,2,outside,turned_away,None,n,1,1,mid_peripheral,slightly_facing,None,n,18.164842504623838
23,1,2,outside,turned_away,None,n,2,3,central,slightly_facing,None,m,18.16551399778693
24,1,2,outside,turned_away,None,n,2,3,central,slightly_facing,None,m,18.106604880806557
25,1,2,outside,turned_away,None,n,2,3,central,slightly_facing,None,m,18.129060483401037
26,1,2,outside,turned_away,None,n,2,3,central,slightly_facing,None,m,18.125555749098826
27,1,2,outside,turned_away,None,n,2,3,central,slightly_facing,None,m,18.10776916399922
28,1,2,outside,turned_away,None,n,2,3,central,slightly_facing,None,m,18.155956573677223
29,1,2,outside,turned_away,None,n,2,3,central,slightly_facing,None,m,18.155989168682627
30,1,2,outside,turned_away,None,n,2,3,central,slightly_facing,None,m,18.097584633051042
31,1,2,outside,turned_away,None,n,2,3,central,slightly_facing,None,m,18.10609636844165
32,1,2,outside,turned_away,None,n,2,3,central,slightly_facing,None,m,18.103288850723366
33,1,2,outside,turned_away,None,n,2,3,central,slightly_facing,None,m,18.09949691887694
34,1,2,outside,turned_away,None,n,2,3,central,slightly_facing,None,m,18.10313936881018
35,1,2,outside,turned_away,None,n,2,3,central,slightly_facing,None,m,18.059946536313003
36,1,2,outside,turned_away,None,n,2,3,central,slightly_facing,None,m,18.060315678189287
37,1,2,outside,turned_away,None,n,2,3,central,slightly_facing,None,m,18.05278362397567
38,2,3,central,turned_away,None,n,2,3,central,slightly_facing,None,m,18.097926091575683
39,2,3,central,turned_away,None,n,2,3,central,slightly_facing,None,m,18.14521962347728
40,2,3,central,turned_away,None,n,2,3,central,slightly_facing,None,m,18.139921688508938
41,2,3,central,turned_away,None,n,2,3,central,slightly_facing,None,m,18.150830200049715
42,2,3,central,turned_away,None,n,2,3,central,slightly_facing,None,m,18.169136543189303
43,2,3,central,turned_away,None,n,2,3,central,slightly_facing,None,m,18.144441844828542
44,2,3,central,turned_away,None,n,3,4,central,slightly_facing,arm_raise_high,m,18.16768563343372
45,2,3,central,turned_away,None,n,3,4,central,slightly_facing,arm_raise_high,m,18.208321836062975
46,2,3,central,turned_away,None,n,3,4,central,slightly_facing,arm_raise_high,m,18.1882268342737
47,2,3,central,turned_away,None,n,3,4,central,slightly_facing,arm_raise_high,m,18.191465693658795
48,2,3,central,turned_away,None,n,3,4,central,slightly_facing,arm_raise_high,m,18.210539684152803
49,2,3,central,turned_away,None,n,3,4,central,slightly_facing,arm_raise_high,m,18.233781074899852
50,2,3,central,turned_away,None,n,3,4,central,slightly_facing,arm_raise_high,m,18.23672862867636
51,2,3,central,turned_away,None,n,3,4,central,slightly_facing,arm_raise_high,m,18.24662328478255
52,2,3,central,turned_away,None,n,3,4,central,slightly_facing,arm_raise_high,m,18.24925378452818
53,2,3,central,turned_away,None,n,3,4,central,slightly_facing,arm_raise_high,m,18.27146359328844
54,2,3,central,turned_away,None,n,3,4,central,slightly_facing,arm_raise_high,m,18.25498581118884
55,2,3,central,turned_away,None,n,3,4,central,slightly_facing,arm_raise_high,m,18.264280736700393
56,2,3,central,turned_away,None,n,3,4,central,slightly_facing,arm_raise_high,m,18.218203746650556
57,2,3,central,turned_away,None,n,3,4,central,slightly_facing,arm_raise_high,m,18.169098886274632
58,2,4,central,turned_away,wave_fast_shoulder,n,3,4,central,slightly_facing,arm_raise_high,m,18.13111132152687
59,2,4,central,turned_away,wave_fast_shoulder,n,3,4,central,slightly_facing,arm_raise_high,m,18.08769264398276
60,2,4,central,turned_away,wave_fast_shoulder,n,3,4,central,slightly_facing,arm_raise_high,m,18.06059557521202
61,2,4,central,turned_away,wave_fast_shoulder,n,3,4,central,slightly_facing,arm_raise_high,m,18.030495503418923
62,2,4,central,turned_away,wave_fast_shoulder,n,3,4,central,slightly_facing,arm_raise_high,m,17.997690641785574
63,2,4,central,turned_away,wave_fast_shoulder,n,3,4,central,slightly_facing,arm_raise_high,m,17.936216810663304
64,2,4,central,turned_away,wave_fast_shoulder,n,3,4,central,slightly_facing,arm_raise_high,m,17.984693229559884
65,2,4,central,turned_away,wave_fast_shoulder,n,3,4,central,slightly_facing,arm_raise_high,m,17.91664633462233
66,2,4,central,turned_away,wave_fast_shoulder,n,3,4,central,slightly_facing,arm_raise_high,m,17.880263909705864
67,2,4,central,turned_away,wave_fast_shoulder,n,3,4,central,slightly_facing,arm_raise_high,m,17.84265712834324
68,2,4,central,turned_away,wave_fast_shoulder,n,3,4,central,slightly_facing,arm_raise_high,m,17.777295585238296
69,2,4,central,turned_away,wave_fast_shoulder,n,3,4,central,slightly_facing,arm_raise_high,m,17.816174006514103
70,2,4,central,turned_away,wave_fast_shoulder,n,3,4,central,slightly_facing,arm_raise_high,m,17.77870792844916
71,2,4,central,turned_away,wave_fast_shoulder,n,3,4,central,slightly_facing,arm_raise_high,m,17.712425461668797
72,2,4,central,turned_away,wave_fast_shoulder,n,3,4,central,slightly_facing,arm_raise_high,m,17.6228534141807
73,2,4,central,slightly_facing,wave_fast_shoulder,m,3,4,central,slightly_facing,arm_raise_high,m,17.54805145786677
74,2,4,central,slightly_facing,wave_fast_shoulder,y,3,4,central,slightly_facing,arm_raise_high,y,17.44909601653656
75,2,4,central,slightly_facing,wave_fast_shoulder,m,3,4,central,slightly_facing,arm_raise_high,m,17.33786133872886
76,2,4,central,slightly_facing,wave_fast_shoulder,y,3,4,central,slightly_facing,arm_raise_high,y,17.25993844399429
77,2,4,central,slightly_facing,wave_fast_shoulder,m,3,4,central,slightly_facing,arm_raise_high,m,17.152644838130822
78,2,4,central,slightly_facing,wave_fast_shoulder,y,3,4,central,slightly_facing,arm_raise_high,y,17.06813762862548
79,2,4,central,slightly_facing,wave_fast_shoulder,y,4,5,central,slightly_facing,None,y,16.94706491267892
80,2,4,central,slightly_facing,wave_fast_shoulder,y,4,5,central,slightly_facing,None,y,16.808020169701518
81,2,4,central,slightly_facing,wave_fast_shoulder,y,4,5,central,slightly_facing,None,y,16.639014707327657
82,2,4,central,slightly_facing,wave_fast_shoulder,y,4,5,central,slightly_facing,None,y,16.509813652432456
83,2,4,central,slightly_facing,wave_fast_shoulder,y,4,5,central,slightly_facing,None,y,16.39905371148033
84,2,4,central,slightly_facing,wave_fast_shoulder,y,4,5,central,slightly_facing,None,y,16.214539038820806
85,2,4,central,slightly_facing,wave_fast_shoulder,y,4,5,central,slightly_facing,None,y,15.987989762717671
86,2,4,central,strongly_facing,wave_fast_shoulder,y,4,5,central,slightly_facing,None,y,15.851923430290599
87,2,4,central,strongly_facing,wave_fast_shoulder,y,4,5,central,slightly_facing,None,y,15.679876806999792
88,2,4,central,strongly_facing,wave_fast_shoulder,y,4,5,central,slightly_facing,None,y,15.500327082092305
89,2,4,central,slightly_facing,wave_fast_shoulder,y,4,5,central,slightly_facing,None,y,15.320868047765867
90,2,4,central,slightly_facing,wave_fast_shoulder,y,4,5,central,slightly_facing,None,y,15.105682281707967
91,2,4,central,turned_away,wave_fast_shoulder,n,4,5,central,slightly_facing,None,y,14.94220922424218
92,2,4,central,strongly_facing,wave_fast_shoulder,y,4,5,central,strongly_facing,None,y,14.793352495480566
93,2,4,central,slightly_facing,wave_fast_shoulder,m,4,5,central,slightly_facing,None,m,14.538418226936138
94,2,4,central,slightly_facing,wave_fast_shoulder,y,4,5,central,slightly_facing,None,y,14.458308496618839
95,2,4,central,slightly_facing,wave_fast_shoulder,y,4,5,central,strongly_facing,None,y,14.294177522362311
96,2,4,central,strongly_facing,wave_fast_shoulder,y,4,5,central,strongly_facing,None,y,14.048984069171155
97,2,4,central,strongly_facing,wave_fast_shoulder,y,4,5,central,strongly_facing,None,y,13.81463948680258
98,2,4,central,slightly_facing,wave_fast_shoulder,y,4,5,central,slightly_facing,None,y,13.667963979896381
99,2,4,central,slightly_facing,wave_fast_shoulder,y,4,5,central,slightly_facing,None,y,13.451961063596832
100,2,4,central,slightly_facing,wave_fast_shoulder,y,4,5,central,strongly_facing,None,y,13.228683264896814
101,2,4,central,strongly_facing,None,n,4,5,central,strongly_facing,None,y,13.004782837661686
102,2,4,central,strongly_facing,None,n,4,5,central,strongly_facing,None,y,12.832772994396223
103,2,4,central,strongly_facing,None,n,4,5,central,strongly_facing,None,y,12.607304201191518
104,2,4,central,strongly_facing,None,n,4,5,central,slightly_facing,None,y,12.47039385403769
105,2,4,central,strongly_facing,None,n,4,5,central,slightly_facing,None,y,12.191987920276905
106,2,4,central,strongly_facing,None,n,4,5,central,strongly_facing,None,y,11.986375876740228
107,2,4,central,strongly_facing,None,n,4,5,central,strongly_facing,None,y,11.850945402789646
108,2,4,central,strongly_facing,None,n,4,5,central,strongly_facing,None,y,11.707107260925728
109,2,4,central,strongly_facing,None,n,4,5,central,strongly_facing,None,y,11.459435382938901
110,2,4,central,strongly_facing,None,n,4,5,central,strongly_facing,None,y,11.31190079267848
111,2,4,central,strongly_facing,None,n,4,5,central,slightly_facing,None,m,11.094956444478006
112,2,4,central,strongly_facing,None,n,4,5,central,slightly_facing,None,y,11.049506456069881
113,2,4,central,strongly_facing,None,n,4,5,central,strongly_facing,None,y,10.882626913699557
114,2,4,central,strongly_facing,None,n,4,5,central,strongly_facing,None,y,10.726219927484062
115,2,4,central,strongly_facing,None,n,4,5,central,strongly_facing,None,y,10.454775581723453
116,2,4,central,strongly_facing,None,n,4,5,central,strongly_facing,None,m,10.288993081468169
117,2,4,central,strongly_facing,None,n,4,5,central,strongly_facing,None,y,10.226659731189649
118,2,4,central,strongly_facing,None,n,4,5,central,strongly_facing,None,m,9.995714458768619
119,2,4,central,strongly_facing,None,n,4,5,central,strongly_facing,None,y,9.905797655713744
120,2,4,central,strongly_facing,None,n,4,5,central,strongly_facing,None,y,9.70131504817456
121,2,4,central,strongly_facing,None,n,4,5,central,strongly_facing,None,y,9.554935543066941
122,2,4,central,strongly_facing,None,n,4,5,central,strongly_facing,None,y,9.381866716259081
123,2,4,central,strongly_facing,None,n,4,5,central,strongly_facing,None,y,9.233910398120287
124,2,4,central,strongly_facing,None,n,4,5,central,strongly_facing,None,y,9.07720457272975
125,2,4,central,strongly_facing,None,n,4,5,central,strongly_facing,None,m,8.846231580072162
126,2,4,central,strongly_facing,None,n,4,5,central,strongly_facing,None,y,8.756300866980599
127,2,4,central,strongly_facing,None,n,4,5,central,strongly_facing,None,y,8.55178769201504
128,2,4,central,strongly_facing,None,n,4,5,central,strongly_facing,None,y,8.40540870404051
129,2,4,central,strongly_facing,None,n,4,5,central,strongly_facing,None,y,8.23233544693922
130,2,4,central,strongly_facing,None,n,4,5,central,strongly_facing,None,y,8.105279704272885
131,2,4,central,strongly_facing,None,n,4,5,central,slightly_facing,None,y,7.980158357488655
132,2,4,central,strongly_facing,None,n,4,5,central,slightly_facing,None,m,7.7264789413111705
133,2,4,central,strongly_facing,None,n,4,5,central,slightly_facing,None,y,7.64851475466028
134,2,4,central,strongly_facing,None,n,4,5,central,strongly_facing,None,m,7.482335401861912
135,2,4,central,strongly_facing,None,n,4,5,central,strongly_facing,None,y,7.396208307866198
136,2,4,central,strongly_facing,None,n,4,5,central,strongly_facing,None,y,7.1310929977448
137,2,4,central,strongly_facing,None,n,4,5,central,strongly_facing,None,y,6.982793826287299
138,2,4,central,strongly_facing,None,n,4,5,central,strongly_facing,None,y,6.8259390880530155
139,2,4,central,strongly_facing,None,n,4,5,central,slightly_facing,None,m,6.595648712751535
140,2,4,central,strongly_facing,None,n,4,5,central,slightly_facing,None,y,6.5059925312065925
141,2,4,central,strongly_facing,None,n,4,5,central,strongly_facing,None,y,6.302685876872809
142,2,4,central,strongly_facing,None,n,4,5,central,strongly_facing,None,y,6.15932441668808
143,2,4,central,strongly_facing,None,n,4,5,central,strongly_facing,None,y,5.993422665987442
144,2,4,central,strongly_facing,None,n,4,5,central,strongly_facing,None,y,5.767535560458743
145,2,4,central,strongly_facing,None,n,4,5,central,slightly_facing,None,y,5.631290029235665
146,2,4,central,strongly_facing,None,n,4,5,central,slightly_facing,None,y,5.460266928216972
147,2,4,central,strongly_facing,None,n,4,5,central,slightly_facing,None,y,5.356621601738263
148,2,4,central,strongly_facing,None,n,4,5,central,slightly_facing,None,m,5.1546198274446
149,2,4,central,strongly_facing,None,n,4,5,central,strongly_facing,None,y,5.079930886692849
150,2,4,central,strongly_facing,None,n,4,5,central,strongly_facing,None,y,4.87688981714576
151,2,4,central,strongly_facing,None,n,4,5,central,strongly_facing,None,y,4.749585399004847
152,2,4,central,strongly_facing,None,n,4,5,central,slightly_facing,None,y,4.624496921252732
153,2,4,central,strongly_facing,None,n,4,5,central,slightly_facing,None,m,4.373318548524224
154,2,4,central,strongly_facing,None,n,4,5,central,slightly_facing,None,y,4.296534893563542
155,2,4,central,strongly_facing,None,n,4,5,central,strongly_facing,None,y,4.183249822465785
156,2,4,central,strongly_facing,None,n,4,5,central,strongly_facing,None,y,4.046808306092097
157,2,4,central,strongly_facing,None,n,4,5,central,strongly_facing,None,y,3.8321265454773283
158,2,4,central,strongly_facing,None,n,4,5,central,strongly_facing,None,y,3.644906080583691
159,2,4,central,strongly_facing,None,n,4,5,central,slightly_facing,None,y,3.501576525309707
160,2,4,central,strongly_facing,None,n,4,5,central,slightly_facing,None,y,3.3580690303448173
161,2,4,central,strongly_facing,None,n,4,5,central,slightly_facing,None,y,3.217616654288074
162,2,4,central,strongly_facing,None,n,4,5,central,slightly_facing,None,y,3.06468435336659
163,2,4,central,strongly_facing,None,n,4,5,central,strongly_facing,None,y,2.929044837817616
164,2,4,central,strongly_facing,None,n,4,5,central,strongly_facing,None,y,2.7152645192137377
165,2,4,central,strongly_facing,None,n,4,5,central,strongly_facing,None,y,2.595353450044138
166,2,4,central,strongly_facing,None,n,4,5,central,strongly_facing,None,y,2.3658994276319136
167,2,4,central,strongly_facing,None,n,4,5,central,strongly_facing,None,y,2.210023102640557
168,2,4,central,strongly_facing,None,n,4,5,central,turned_away,None,n,2.0642136215772346
169,2,4,central,strongly_facing,None,n,4,5,central,slightly_facing,None,m,2.07840523493495
170,2,4,central,strongly_facing,None,n,4,5,central,strongly_facing,None,m,2.0603883507853524
171,2,4,central,strongly_facing,None,n,4,5,central,strongly_facing,None,n,2.0526968414337294
