,imas_1,wti_1,viewing_area_1,body_facing_1,gesture_1,approaching_1,imas_2,wti_2,viewing_area_2,body_facing_2,gesture_2,approaching_2,distance
0,1,2,outside,turned_away,None,n,1,1,mid_peripheral,slightly_facing,None,n,16.80099925185749
1,1,2,outside,turned_away,None,n,1,1,mid_peripheral,slightly_facing,None,n,16.80099925185749
2,1,2,outside,turned_away,None,n,1,1,mid_peripheral,slightly_facing,None,n,16.80099925185749
3,1,2,outside,turned_away,None,n,1,1,mid_peripheral,slightly_facing,None,n,16.80099925185749
4,1,2,outside,turned_away,None,n,1,1,mid_peripheral,slightly_facing,None,n,16.80099925185749
5,1,2,outside,turned_away,None,n,1,1,mid_peripheral,slightly_facing,None,n,16.80099925185749
6,1,2,outside,turned_away,None,n,1,1,mid_peripheral,slightly_facing,None,n,16.80099925185749
7,1,2,outside,turned_away,None,n,1,1,mid_peripheral,slightly_facing,None,n,16.80099925185749
8,1,2,outside,turned_away,None,n,1,1,mid_peripheral,slightly_facing,None,n,16.788158856021138
9,1,2,outside,turned_away,None,n,1,1,mid_peripheral,slightly_facing,None,n,16.758593002688976
10,1,2,outside,turned_away,None,n,1,1,mid_peripheral,slightly_facing,None,n,16.687634645601182
11,1,2,outside,turned_away,None,n,1,1,outside,slightly_facing,None,n,16.6225321071671
12,1,2,outside,turned_away,None,n,1,1,outside,slightly_facing,None,n,16.60446333695401
13,1,2,outside,turned_away,None,n,2,3,central,slightly_facing,None,m,16.57391581856189
14,1,2,outside,turned_away,None,n,2,3,central,slightly_facing,None,m,16.65891600894527
15,1,2,outside,turned_away,None,n,2,3,central,slightly_facing,None,m,16.6839370368101
16,1,2,outside,turned_away,None,n,2,3,central,slightly_facing,None,m,16.636550072962635
17,1,2,outside,turned_away,None,n,2,3,central,slightly_facing,None,m,16.57020163860537
18,1,2,outside,turned_away,None,n,2,3,central,slightly_facing,None,m,16.569552463849888
19,1,2,outside,turned_away,None,n,2,3,central,slightly_facing,None,m,16.57666660826686
20,1,2,outside,turned_away,None,n,2,3,central,slightly_facing,None,m,16.597108703263512
21,1,2,outside,turned_away,None,n,2,3,central,slightly_facing,None,m,16.594943355242282
22,1,2,outside,turned_away,None,n,2,3,central,slightly_facing,None,m,16.606777986804605
23,1,2,outside,turned_away,None,n,2,3,central,slightly_facing,None,m,16.573525184798193
24,1,2,outside,turned_away,None,n,3,4,central,slightly_facing,arm_raise_high,m,16.609001475100804
25,1,2,outside,turned_away,None,n,3,4,central,slightly_facing,arm_raise_high,m,16.621358660917263
26,1,2,outside,turned_away,None,n,3,4,central,slightly_facing,arm_raise_high,m,16.60570683433247
27,1,2,outside,turned_away,None,n,3,4,central,slightly_facing,arm_raise_high,m,16.576784032246366
28,1,2,outside,turned_away,None,n,3,4,central,slightly_facing,arm_raise_high,m,16.49463095853484
29,1,2,outside,turned_away,None,n,3,4,central,slightly_facing,arm_raise_high,m,16.49001568043891
30,1,2,outside,turned_away,None,n,3,4,central,slightly_facing,arm_raise_high,m,16.50588958879626
31,1,2,outside,turned_away,None,n,3,4,central,slightly_facing,arm_raise_high,m,16.456721214700238
32,1,2,outside,turned_away,None,n,3,4,central,slightly_facing,arm_raise_high,m,16.532540067745195
33,1,2,outside,turned_away,None,n,3,4,central,slightly_facing,arm_raise_high,m,16.514789227176017
34,1,2,outside,turned_away,None,n,3,4,central,slightly_facing,arm_raise_high,m,16.4568903325513
35,1,2,outside,turned_away,None,n,3,4,central,slightly_facing,arm_raise_high,m,16.489029337414767
36,1,2,outside,turned_away,None,n,3,4,central,slightly_facing,arm_raise_high,m,16.484074000265377
37,1,2,outside,turned_away,None,n,3,4,central,slightly_facing,arm_raise_high,y,16.519544474641567
38,1,2,outside,turned_away,None,n,3,4,central,strongly_facing,arm_raise_high,m,16.392428720973598
39,1,2,outside,turned_away,None,n,3,4,central,strongly_facing,arm_raise_high,m,16.347436177334966
40,1,2,outside,turned_away,None,n,3,4,central,slightly_facing,arm_raise_high,m,16.375122702530206
41,1,2,outside,turned_away,None,n,3,4,central,slightly_facing,arm_raise_high,m,16.451579935451917
42,2,3,central,turned_away,None,n,3,4,central,slightly_facing,arm_raise_high,m,16.47223221579455
43,2,3,central,turned_away,None,n,3,4,central,slightly_facing,arm_raise_high,m,16.47203797133968
44,2,3,central,turned_away,None,n,3,4,central,slightly_facing,arm_raise_high,m,16.425998605797123
45,2,3,central,turned_away,None,n,3,4,central,slightly_facing,arm_raise_high,n,16.393991843637266
46,2,3,central,turned_away,None,n,3,4,central,slightly_facing,arm_raise_high,m,16.5189834450609
47,2,3,central,turned_away,None,n,3,4,central,slightly_facing,arm_raise_high,m,16.569183096520277
48,2,3,central,turned_away,None,n,3,4,central,slightly_facing,arm_raise_high,m,16.531013059435168
49,2,3,central,turned_away,None,n,3,4,central,slightly_facing,arm_raise_high,m,16.499187522629413
50,2,3,central,turned_away,None,n,3,4,central,slightly_facing,arm_raise_high,m,16.54129180863865
51,2,3,central,turned_away,None,n,3,4,central,slightly_facing,arm_raise_high,m,16.58989914734046
52,2,3,central,turned_away,None,n,3,4,central,slightly_facing,arm_raise_high,m,16.624401414624256
53,2,3,central,turned_away,None,n,3,4,central,slightly_facing,arm_raise_high,m,16.577089697614603
54,2,3,central,turned_away,None,n,3,4,central,slightly_facing,arm_raise_high,m,16.552585067260644
55,2,3,central,turned_away,None,n,3,4,central,slightly_facing,arm_raise_high,m,16.58166560811675
56,2,3,central,turned_away,None,n,3,4,central,slightly_facing,arm_raise_high,m,16.585310884569058
57,2,3,central,turned_away,None,n,3,4,central,slightly_facing,arm_raise_high,m,16.549626195837597
58,2,3,central,turned_away,None,n,3,4,central,slightly_facing,arm_raise_high,m,16.480651270415866
59,2,3,central,turned_away,None,n,3,4,central,slightly_facing,arm_raise_high,m,16.429484646683846
60,2,3,central,turned_away,None,n,3,4,central,slightly_facing,arm_raise_high,m,16.389227816989855
61,2,3,central,turned_away,None,n,3,4,central,slightly_facing,arm_raise_high,m,16.395764512285115
62,2,3,central,turned_away,None,n,3,4,central,slightly_facing,arm_raise_high,m,16.35979826941445
63,2,4,central,turned_away,wave_fast_shoulder,n,4,5,central,slightly_facing,None,m,16.379465926021634
64,2,4,central,turned_away,wave_fast_shoulder,n,4,5,central,slightly_facing,None,m,16.38908172831413
65,2,4,central,turned_away,wave_fast_shoulder,n,4,5,central,slightly_facing,None,m,16.40723129516038
66,2,4,central,turned_away,wave_fast_shoulder,n,4,5,central,slightly_facing,None,m,16.33077330778062
67,2,4,central,turned_away,wave_fast_shoulder,n,4,5,central,slightly_facing,None,m,16.27117702654421
68,2,4,central,turned_away,wave_fast_shoulder,n,4,5,central,slightly_facing,None,m,16.240545711598514
69,2,4,central,turned_away,wave_fast_shoulder,n,4,5,central,slightly_facing,None,m,16.233566627475824
70,2,4,central,turned_away,wave_fast_shoulder,n,4,5,central,slightly_facing,None,m,16.23814754988416
71,2,4,central,turned_away,wave_fast_shoulder,n,4,5,central,slightly_facing,None,m,16.22242347304499
72,2,4,central,turned_away,wave_fast_shoulder,n,4,5,central,slightly_facing,None,m,16.201689091100157
73,2,4,central,turned_away,wave_fast_shoulder,n,4,5,central,slightly_facing,None,y,16.121108114179783
74,2,4,central,turned_away,wave_fast_shoulder,n,4,5,central,slightly_facing,None,y,15.955425471992145
75,2,4,central,turned_away,wave_fast_shoulder,n,4,5,central,slightly_facing,None,y,15.8463332406937
76,2,4,central,slightly_facing,wave_fast_shoulder,y,4,5,central,strongly_facing,None,y,15.664469021002947
77,2,4,central,slightly_facing,wave_fast_shoulder,y,4,5,central,slightly_facing,None,y,15.40016794750178
78,2,4,central,slightly_facing,wave_fast_shoulder,y,4,5,central,strongly_facing,None,y,15.231534330165553
79,2,4,central,slightly_facing,wave_fast_shoulder,y,4,5,central,strongly_facing,None,y,15.002534194772595
80,2,4,central,slightly_facing,wave_fast_shoulder,y,4,5,central,strongly_facing,None,y,14.462469160753429
81,2,4,central,slightly_facing,wave_fast_shoulder,y,4,5,central,strongly_facing,None,y,14.185871423455135
82,2,4,central,slightly_facing,wave_fast_shoulder,y,4,5,central,strongly_facing,None,y,13.870184761416304
83,2,4,central,slightly_facing,wave_fast_shoulder,y,4,5,central,slightly_facing,None,y,13.605329127894153
84,2,4,central,slightly_facing,wave_fast_shoulder,y,4,5,central,strongly_facing,None,y,13.271592073674697
85,2,4,central,slightly_facing,wave_fast_shoulder,y,4,5,central,strongly_facing,None,y,13.146972500196876
86,2,4,central,strongly_facing,wave_fast_shoulder,y,4,5,central,strongly_facing,None,y,12.86562377911421
87,2,4,central,strongly_facing,wave_fast_shoulder,y,4,5,central,strongly_facing,None,y,12.459235378024815
88,2,4,central,turned_away,wave_fast_shoulder,n,4,5,central,strongly_facing,None,y,12.171726179453103
89,2,4,central,slightly_facing,wave_fast_shoulder,y,4,5,central,slightly_facing,None,y,11.964293705498413
90,2,4,central,slightly_facing,wave_fast_shoulder,y,4,5,central,slightly_facing,None,y,11.833804001861957
91,2,4,central,slightly_facing,wave_fast_shoulder,y,4,5,central,strongly_facing,None,y,11.587774867009625
92,2,4,central,slightly_facing,wave_fast_shoulder,y,4,5,central,strongly_facing,None,y,11.325472023881389
93,2,4,central,strongly_facing,wave_fast_shoulder,y,4,5,central,strongly_facing,None,y,11.138052678923456
94,2,4,central,strongly_facing,wave_fast_shoulder,y,4,5,central,strongly_facing,None,y,10.978740960825338
95,2,4,central,strongly_facing,wave_fast_shoulder,y,4,5,central,slightly_facing,None,y,10.750196838463017
96,2,4,central,slightly_facing,wave_fast_shoulder,y,4,5,central,slightly_facing,None,y,10.540869050979854
97,2,4,central,slightly_facing,wave_fast_shoulder,y,4,5,central,strongly_facing,None,y,10.346358348839164
98,2,4,central,slightly_facing,wave_fast_shoulder,y,4,5,central,strongly_facing,None,y,10.172063285949262
99,2,4,central,strongly_facing,None,n,4,5,central,strongly_facing,None,y,9.845424865760126
100,2,4,central,strongly_facing,None,n,4,5,central,slightly_facing,None,y,9.68001008755284
101,2,4,central,strongly_facing,None,n,4,5,central,slightly_facing,None,y,9.441743738250143
102,2,4,central,strongly_facing,None,n,4,5,central,strongly_facing,None,y,9.321135480997677
103,2,4,central,strongly_facing,None,n,4,5,central,strongly_facing,None,y,9.100775092661609
104,2,4,central,strongly_facing,None,n,4,5,central,strongly_facing,None,y,8.846770274662774
105,2,4,central,strongly_facing,None,n,4,5,central,slightly_facing,None,y,8.635246008355399
106,2,4,central,strongly_facing,None,n,4,5,central,slightly_facing,None,m,8.321743092196783
107,2,4,central,strongly_facing,None,n,4,5,central,slightly_facing,None,y,8.25086831132941
108,2,4,central,strongly_facing,None,n,4,5,central,strongly_facing,None,y,8.025810410740393
109,2,4,central,strongly_facing,None,n,4,5,central,strongly_facing,None,y,7.840735903035435
110,2,4,central,strongly_facing,None,n,4,5,central,strongly_facing,None,y,7.602419268629818
111,2,4,central,strongly_facing,None,n,4,5,central,slightly_facing,None,y,7.452171295614517
112,2,4,central,strongly_facing,None,n,4,5,central,slightly_facing,None,y,7.293260853507221
113,2,4,central,strongly_facing,None,n,4,5,central,slightly_facing,None,y,7.179612885083008
114,2,4,central,strongly_facing,None,n,4,5,central,strongly_facing,None,y,7.000712880766496
115,2,4,central,strongly_facing,None,n,4,5,central,strongly_facing,None,y,6.838832365128572
116,2,4,central,strongly_facing,None,n,4,5,central,strongly_facing,None,y,6.6344375191542
117,2,4,central,strongly_facing,None,n,4,5,central,strongly_facing,None,y,6.5335602645865185
118,2,4,central,strongly_facing,None,n,4,5,central,slightly_facing,None,y,6.238912115925731
119,2,4,central,strongly_facing,None,n,4,5,central,strongly_facing,None,m,6.060082832785784
120,2,4,central,strongly_facing,None,n,4,5,central,slightly_facing,None,y,5.989825762693679
121,2,4,central,strongly_facing,None,n,4,5,central,strongly_facing,None,y,5.8268327698475195
122,2,4,central,strongly_facing,None,n,4,5,central,strongly_facing,None,y,5.666409560757938
123,2,4,central,strongly_facing,None,n,4,5,central,strongly_facing,None,y,5.392161905665849
124,2,4,central,strongly_facing,None,n,4,5,central,strongly_facing,None,y,5.214695811890557
125,2,4,central,strongly_facing,None,n,4,5,central,strongly_facing,None,y,4.980573728324175
126,2,4,central,strongly_facing,None,n,4,5,central,slightly_facing,None,y,4.864968048321174
127,2,4,central,strongly_facing,None,n,4,5,central,slightly_facing,None,y,4.733109346781874
128,2,4,central,strongly_facing,None,n,4,5,central,strongly_facing,None,y,4.577805143669722
129,2,4,central,strongly_facing,None,n,4,5,central,strongly_facing,None,y,4.293664055665384
130,2,4,central,strongly_facing,None,n,4,5,central,strongly_facing,None,y,4.149362768027032
131,2,4,central,strongly_facing,None,n,4,5,central,slightly_facing,None,y,3.999883955909965
132,2,4,central,strongly_facing,None,n,4,5,central,slightly_facing,None,y,3.8441198297125156
133,2,4,central,strongly_facing,None,n,4,5,central,slightly_facing,None,y,3.688340403122514
134,2,4,central,strongly_facing,None,n,4,5,central,slightly_facing,None,y,3.560905412153761
135,2,4,central,strongly_facing,None,n,4,5,central,strongly_facing,None,y,3.4014797989169248
136,2,4,central,strongly_facing,None,n,4,5,central,strongly_facing,None,y,3.1952557776530104
137,2,4,central,strongly_facing,None,n,4,5,central,slightly_facing,None,y,3.00993224070077
138,2,4,central,strongly_facing,None,n,4,5,central,slightly_facing,None,y,2.8054717584138937
139,2,4,central,strongly_facing,None,n,4,5,central,slightly_facing,None,y,2.6353515694119434
140,2,4,central,strongly_facing,None,n,4,5,central,slightly_facing,None,m,2.4947218508751514
141,2,4,central,strongly_facing,None,n,4,5,central,slightly_facing,None,y,2.4054797066069713
142,2,4,central,strongly_facing,None,n,4,5,central,slightly_facing,None,m,2.1904793581939948
143,2,4,central,strongly_facing,None,n,4,5,central,slightly_facing,None,m,2.122549922654579
144,2,4,central,strongly_facing,None,n,4,5,central,strongly_facing,None,m,2.1052274345262454
145,2,4,central,strongly_facing,None,n,4,5,central,slightly_facing,None,m,2.0835298359394696
146,2,4,central,strongly_facing,None,n,4,5,central,slightly_facing,None,n,2.0678551772464577
