,imas_1,wti_1,viewing_area_1,body_facing_1,gesture_1,approaching_1,imas_2,wti_2,viewing_area_2,body_facing_2,gesture_2,approaching_2,distance
0,1,2,outside,slightly_facing,None,n,1,1,outside,turned_away,None,n,10.130373172582544
1,1,2,outside,slightly_facing,None,n,1,1,outside,turned_away,None,n,10.130373172582544
2,1,2,outside,slightly_facing,None,n,1,1,outside,turned_away,None,n,10.130373172582544
3,1,2,outside,slightly_facing,None,n,1,1,outside,turned_away,None,n,10.130373172582544
4,1,2,outside,slightly_facing,None,n,1,1,outside,turned_away,None,n,10.130373172582544
5,1,2,outside,slightly_facing,None,n,1,1,outside,turned_away,None,n,10.135742907538653
6,1,2,outside,slightly_facing,None,n,1,1,outside,turned_away,None,n,10.143832260528816
7,1,2,outside,slightly_facing,None,n,1,1,outside,turned_away,None,n,10.149164362837569
8,1,2,outside,slightly_facing,None,n,1,1,outside,turned_away,None,n,10.169701721929163
9,1,2,outside,slightly_facing,None,n,1,1,outside,turned_away,None,n,10.220389052140677
10,1,2,outside,turned_away,None,n,1,1,outside,turned_away,None,n,10.233529847680211
11,1,2,outside,turned_away,None,n,1,1,outside,turned_away,None,n,10.278854287882139
12,1,2,outside,turned_away,None,n,1,1,outside,turned_away,None,n,10.353775470672574
13,1,2,outside,slightly_facing,None,n,1,1,outside,turned_away,None,n,10.411698135871015
14,1,2,mid_peripheral,slightly_facing,None,n,1,1,outside,turned_away,None,n,10.408735496823516
15,1,2,mid_peripheral,slightly_facing,None,n,1,1,outside,turned_away,None,n,10.326635040960483
16,1,2,outside,slightly_facing,None,n,1,1,outside,turned_away,None,n,10.28566311060987
17,1,2,outside,slightly_facing,None,n,1,1,outside,turned_away,None,n,10.271188911924126
18,1,2,outside,slightly_facing,None,n,1,1,outside,turned_away,None,n,10.30175770440025
19,1,2,outside,slightly_facing,None,n,1,1,outside,turned_away,None,n,10.317070496385545
20,1,2,outside,slightly_facing,None,n,1,1,outside,turned_away,None,n,10.319671105531416
21,1,2,outside,slightly_facing,None,n,1,1,outside,turned_away,None,n,10.338170538761926
22,1,2,outside,slightly_facing,None,n,1,1,outside,turned_away,None,n,10.354810265089604
23,1,2,outside,slightly_facing,None,n,2,2,central,turned_away,None,n,10.334327200667353
24,1,2,outside,slightly_facing,None,n,2,2,central,turned_away,None,n,10.27382056698193
25,1,2,outside,slightly_facing,None,n,2,2,central,turned_away,None,n,10.26169618497863
26,1,2,outside,slightly_facing,None,n,2,2,central,turned_away,None,n,10.27068882119018
27,1,2,outside,slightly_facing,None,n,2,2,central,turned_away,None,n,10.304043521375576
28,1,2,outside,slightly_facing,None,n,2,2,central,turned_away,None,n,10.31207518121595
29,1,2,outside,slightly_facing,None,n,2,2,central,turned_away,None,n,10.318147827509065
30,1,2,outside,slightly_facing,None,n,2,2,central,turned_away,None,n,10.359476731721347
31,1,2,outside,slightly_facing,None,n,2,2,central,turned_away,None,n,10.367340667280985
32,1,2,outside,slightly_facing,None,n,2,2,central,turned_away,None,n,10.335964506339453
33,1,2,outside,slightly_facing,None,n,2,2,central,slightly_facing,None,m,10.299571453712286
34,1,2,outside,slightly_facing,None,n,2,2,central,slightly_facing,None,m,10.222921551031725
35,1,2,outside,slightly_facing,None,n,3,4,central,slightly_facing,wave_small_head,m,10.162806366285102
36,1,2,outside,slightly_facing,None,n,3,4,central,slightly_facing,wave_small_head,m,10.107865239786285
37,2,2,central,slightly_facing,None,m,3,4,central,slightly_facing,wave_small_head,m,10.060076403640734
38,2,2,central,slightly_facing,None,m,3,4,central,slightly_facing,wave_small_head,m,10.022475145566387
39,2,2,central,turned_away,None,n,3,4,central,slightly_facing,wave_small_head,m,10.008955253371951
40,2,2,central,slightly_facing,None,m,3,4,central,slightly_facing,wave_small_head,m,10.007200171695773
41,2,2,central,slightly_facing,None,m,3,4,central,slightly_facing,wave_small_head,m,9.98691935368661
42,2,2,central,slightly_facing,None,m,3,4,central,slightly_facing,wave_small_head,m,9.93892303714643
43,2,2,central,slightly_facing,None,m,3,4,central,slightly_facing,wave_small_head,m,9.870472955206617
44,2,2,central,slightly_facing,None,m,3,4,central,slightly_facing,wave_small_head,m,9.836711744604075
45,2,2,central,slightly_facing,None,m,3,4,central,slightly_facing,wave_small_head,m,9.789001811329353
46,2,2,central,slightly_facing,None,m,3,4,central,slightly_facing,wave_small_head,m,9.754345973489407
47,2,2,central,slightly_facing,None,m,3,4,central,turned_away,wave_small_head,n,9.730461409430697
48,2,4,central,slightly_facing,arm_raise_low,m,3,4,central,turned_away,wave_small_head,n,9.715096444814645
49,2,4,central,slightly_facing,arm_raise_low,m,3,4,central,turned_away,wave_small_head,n,9.701405861362769
50,2,4,central,slightly_facing,arm_raise_low,m,3,4,central,turned_away,wave_small_head,n,9.72705568372259
51,2,4,central,slightly_facing,arm_raise_low,m,3,4,central,turned_away,wave_small_head,n,9.658912722299531
52,2,4,central,slightly_facing,arm_raise_low,m,3,4,central,slightly_facing,wave_small_head,m,9.638101292941469
53,2,4,central,slightly_facing,arm_raise_low,m,3,4,central,turned_away,wave_small_head,n,9.540924082285358
54,2,4,central,slightly_facing,arm_raise_low,m,3,4,central,turned_away,wave_small_head,n,9.488048388317786
55,2,4,central,slightly_facing,arm_raise_low,m,3,4,central,turned_away,wave_small_head,n,9.431786578858802
56,2,4,central,slightly_facing,arm_raise_low,m,3,4,central,turned_away,wave_small_head,n,9.39272275115076
57,2,4,central,slightly_facing,arm_raise_low,m,3,4,central,turned_away,wave_small_head,n,9.413236018163573
58,2,4,central,turned_away,arm_raise_low,n,3,4,central,turned_away,wave_small_head,n,9.351979913850212
59,2,4,central,slightly_facing,arm_raise_low,m,5,5,central,turned_away,None,n,9.3940127712336
60,2,4,central,slightly_facing,arm_raise_low,m,5,5,central,turned_away,None,n,9.39792400055166
61,2,4,central,turned_away,arm_raise_low,n,5,5,central,turned_away,None,n,9.404632967113871
62,2,4,central,turned_away,arm_raise_low,n,5,5,central,turned_away,None,n,9.424076392365295
63,2,4,central,turned_away,None,n,5,5,central,turned_away,None,n,9.45073032489035
64,2,4,central,turned_away,None,n,5,5,central,turned_away,None,n,9.499005969460692
65,2,4,central,turned_away,None,n,5,5,central,turned_away,None,n,9.55879548527795
66,2,4,central,turned_away,None,n,5,5,central,turned_away,None,n,9.59007301459697
67,2,4,central,turned_away,None,n,5,5,central,turned_away,None,n,9.654267007748642
68,2,4,central,turned_away,None,n,5,5,central,turned_away,None,n,9.729942585496836
69,2,4,central,turned_away,None,n,5,5,central,turned_away,None,n,9.777339097182328
70,2,4,central,turned_away,None,n,5,5,central,slightly_facing,None,m,9.83146204588564
71,2,4,central,turned_away,None,n,5,5,central,slightly_facing,None,y,9.798480899417665
72,2,4,central,slightly_facing,None,m,5,5,central,slightly_facing,None,m,9.66528033667415
73,2,4,central,slightly_facing,None,y,5,5,central,slightly_facing,None,y,9.597140142679223
74,2,4,central,turned_away,None,n,5,5,central,strongly_facing,None,y,9.41119868879305
75,2,4,central,turned_away,None,n,5,5,central,strongly_facing,None,y,9.111488035132188
76,2,4,central,turned_away,None,n,5,5,central,slightly_facing,None,m,8.90447059098883
77,2,4,central,turned_away,None,n,5,5,central,slightly_facing,None,y,8.810706142880937
78,2,4,central,turned_away,None,n,5,5,central,slightly_facing,None,y,8.633315044812454
79,2,4,central,turned_away,None,n,5,5,central,slightly_facing,None,y,8.482223993074989
80,2,4,central,slightly_facing,None,y,5,5,central,strongly_facing,None,y,8.305120530668113
81,2,4,central,slightly_facing,None,y,5,5,central,strongly_facing,None,y,8.116154424128215
82,2,4,central,slightly_facing,None,y,5,5,central,slightly_facing,None,y,7.896286667725601
83,2,4,central,slightly_facing,None,y,5,5,central,slightly_facing,None,y,7.50437356362941
84,2,4,central,slightly_facing,None,y,5,5,central,slightly_facing,None,y,7.40285934231416
85,2,4,central,slightly_facing,None,y,5,5,central,strongly_facing,None,y,7.100676653843348
86,2,4,central,slightly_facing,None,y,5,5,central,strongly_facing,None,y,6.86773234173959
87,2,4,central,turned_away,None,n,5,5,central,strongly_facing,None,y,6.665604963227343
88,2,4,central,turned_away,None,n,5,5,central,slightly_facing,None,y,6.459466006883851
89,2,4,central,slightly_facing,None,y,5,5,central,slightly_facing,None,y,6.304891350848465
90,2,4,central,slightly_facing,None,y,5,5,central,strongly_facing,None,y,5.974413873062781
91,2,4,central,slightly_facing,None,y,5,5,central,strongly_facing,None,y,5.702195456513395
92,2,4,central,slightly_facing,None,y,5,5,central,strongly_facing,None,y,5.544695258095705
93,2,4,central,turned_away,None,n,5,5,central,strongly_facing,None,y,5.305017946510639
94,2,4,central,slightly_facing,None,m,5,5,central,slightly_facing,None,m,5.102822188392807
95,2,4,central,slightly_facing,None,y,5,5,central,strongly_facing,None,y,5.034968314484312
96,2,4,central,turned_away,None,n,5,5,central,slightly_facing,None,y,4.748979199035203
97,2,4,central,turned_away,None,n,5,5,central,strongly_facing,None,y,4.548508541046833
98,2,4,central,strongly_facing,None,n,5,5,central,strongly_facing,None,y,4.337834935460426
99,2,4,central,strongly_facing,None,n,5,5,central,strongly_facing,None,n,3.941310340674651
100,2,4,central,strongly_facing,None,n,5,5,central,strongly_facing,None,y,3.941310340674651
101,2,4,central,strongly_facing,None,n,5,5,central,strongly_facing,None,y,3.6320550393556728
102,2,4,central,strongly_facing,None,n,5,5,central,strongly_facing,None,y,3.362657868629508
103,2,4,central,strongly_facing,None,n,5,5,central,strongly_facing,None,y,3.248867296396228
104,2,4,central,strongly_facing,None,n,5,5,central,strongly_facing,None,y,2.924337275366844
105,2,4,central,strongly_facing,None,n,5,5,central,slightly_facing,None,y,2.800507058727754
106,2,4,central,strongly_facing,None,n,5,5,central,strongly_facing,None,y,2.667899723624554
107,2,4,central,strongly_facing,None,n,5,5,central,strongly_facing,None,y,2.4557040054737698
108,2,4,central,strongly_facing,None,n,5,5,central,strongly_facing,None,y,2.1830218179489096
109,2,4,central,strongly_facing,None,n,5,5,central,strongly_facing,None,y,1.9514252434682202
110,2,4,central,strongly_facing,None,n,5,5,central,strongly_facing,None,m,1.6750629763065568
111,2,4,central,strongly_facing,None,n,5,5,central,strongly_facing,None,y,1.5934815626172056
112,2,4,central,strongly_facing,None,n,5,5,central,strongly_facing,None,y,1.2837288656102406
113,2,4,central,strongly_facing,None,n,5,5,central,turned_away,None,n,1.11308098717029
114,2,4,central,strongly_facing,None,n,5,5,central,slightly_facing,None,m,1.1147774006320554
115,2,4,central,strongly_facing,None,n,5,5,central,slightly_facing,None,n,1.0817426607100062
