,p1_imas,p1_imas_5_pred,p1_imas_4_pred,p1_imas_3_pred,p1_imas_2_pred,p1_imas_1_pred,p2_imas,p2_imas_5_pred,p2_imas_4_pred,p2_imas_3_pred,p2_imas_2_pred,p2_imas_1_pred,p1_wti,p1_wti_5_pred,p1_wti_4_pred,p1_wti_3_pred,p1_wti_2_pred,p1_wti_1_pred,p2_wti,p2_wti_5_pred,p2_wti_4_pred,p2_wti_3_pred,p2_wti_2_pred,p2_wti_1_pred,p1_approach,p2_head,p1_body,p2_approach,p2_body,dist,p1_gesture,p2_gesture,p1_head
0,2,4e-06,7e-06,2.7e-05,0.028209,0.971754,2,1e-06,2e-06,5e-06,0.024957,0.975035,2,3e-06,9.3e-05,0.018209,0.013792,0.967903,3,1e-06,1.7e-05,0.018233,0.007414,0.974335,n,outside,strongly_facing,n,turned_away,range_27_inf,None,None,mid_peripheral
1,2,1e-06,2e-06,6e-06,0.024605,0.975386,2,0.0,0.0,0.0,0.024314,0.975685,2,2e-06,7e-06,0.018327,0.006359,0.975306,3,1e-06,1e-06,0.018228,0.006089,0.975681,n,outside,strongly_facing,n,turned_away,range_27_inf,None,None,mid_peripheral
2,2,0.0,1e-06,6e-06,0.024528,0.975466,2,0.0,0.0,0.0,0.024312,0.975688,2,1e-06,4e-06,0.018329,0.006201,0.975465,3,0.0,1e-06,0.018227,0.006084,0.975687,n,outside,strongly_facing,n,turned_away,range_27_inf,None,None,mid_peripheral
3,2,0.0,0.0,6e-06,0.024526,0.975468,2,0.0,0.0,0.0,0.024312,0.975688,2,1e-06,4e-06,0.018329,0.006197,0.975468,3,0.0,1e-06,0.018227,0.006084,0.975687,n,outside,strongly_facing,n,turned_away,range_27_inf,None,None,mid_peripheral
4,2,0.0,0.0,6e-06,0.024526,0.975468,2,0.0,0.0,0.0,0.024312,0.975688,2,1e-06,4e-06,0.018329,0.006197,0.975468,3,0.0,1e-06,0.018227,0.006084,0.975687,n,outside,strongly_facing,n,turned_away,range_27_inf,None,None,mid_peripheral
5,2,0.0,0.0,6e-06,0.024535,0.975459,2,0.0,0.0,0.0,0.024312,0.975688,2,1e-06,5e-06,0.018329,0.006206,0.97546,3,0.0,1e-06,0.018227,0.006084,0.975687,n,outside,slightly_facing,n,turned_away,range_27_inf,None,None,mid_peripheral
6,2,0.0,0.0,6e-06,0.024535,0.975459,2,0.0,0.0,0.0,0.024338,0.975661,2,1e-06,5e-06,0.018329,0.006206,0.97546,3,0.0,2e-06,0.018227,0.006111,0.97566,n,mid_peripheral,slightly_facing,n,slightly_facing,range_27_inf,None,None,mid_peripheral
7,2,0.0,0.0,6e-06,0.024535,0.975459,2,0.0,0.0,1e-06,0.024357,0.975642,2,1e-06,5e-06,0.018329,0.006205,0.97546,3,0.0,2e-06,0.018227,0.00613,0.975641,n,mid_peripheral,slightly_facing,n,strongly_facing,range_27_inf,None,None,mid_peripheral
8,2,0.0,0.0,6e-06,0.024535,0.975459,2,0.0,0.0,1e-06,0.024358,0.975641,2,1e-06,5e-06,0.018329,0.006205,0.97546,3,0.0,2e-06,0.018227,0.00613,0.975641,n,mid_peripheral,slightly_facing,n,strongly_facing,range_27_inf,None,None,mid_peripheral
9,2,0.0,0.0,6e-06,0.024535,0.975459,2,0.0,0.0,1e-06,0.024358,0.975641,2,1e-06,5e-06,0.018329,0.006205,0.97546,3,0.0,2e-06,0.018227,0.00613,0.975641,n,mid_peripheral,slightly_facing,n,strongly_facing,range_27_inf,None,None,mid_peripheral
10,2,0.0,0.0,6e-06,0.024535,0.975459,2,0.0,0.0,1e-06,0.024358,0.975641,2,1e-06,5e-06,0.018329,0.006205,0.97546,3,0.0,2e-06,0.018227,0.00613,0.975641,n,mid_peripheral,slightly_facing,n,strongly_facing,range_27_inf,None,None,mid_peripheral
11,2,0.0,0.0,6e-06,0.024535,0.975459,2,0.0,0.0,0.0,0.024339,0.97566,2,1e-06,5e-06,0.018329,0.006206,0.97546,3,0.0,2e-06,0.018227,0.006111,0.97566,n,mid_peripheral,slightly_facing,n,slightly_facing,range_27_inf,None,None,mid_peripheral
12,2,0.0,0.0,6e-06,0.024535,0.975459,2,0.0,0.0,0.0,0.024339,0.975661,2,1e-06,5e-06,0.018329,0.006206,0.97546,3,0.0,2e-06,0.018227,0.006111,0.97566,n,mid_peripheral,slightly_facing,n,slightly_facing,range_27_inf,None,None,mid_peripheral
13,2,0.0,0.0,6e-06,0.024535,0.975459,2,0.0,0.0,0.0,0.024339,0.975661,2,1e-06,5e-06,0.018329,0.006206,0.97546,3,0.0,2e-06,0.018227,0.006111,0.97566,n,mid_peripheral,slightly_facing,n,slightly_facing,range_27_inf,None,None,mid_peripheral
14,2,0.0,0.0,6e-06,0.024535,0.975459,2,0.0,0.0,0.0,0.024339,0.975661,2,1e-06,5e-06,0.018329,0.006206,0.97546,3,0.0,2e-06,0.018227,0.006111,0.97566,n,mid_peripheral,slightly_facing,n,slightly_facing,range_27_inf,None,None,mid_peripheral
15,2,0.0,0.0,6e-06,0.024535,0.975459,2,0.0,0.0,1e-06,0.024357,0.975642,2,1e-06,5e-06,0.018329,0.006205,0.97546,3,0.0,2e-06,0.018227,0.00613,0.975641,n,mid_peripheral,slightly_facing,n,strongly_facing,range_27_inf,None,None,mid_peripheral
16,2,0.0,0.0,6e-06,0.024535,0.975459,2,0.0,0.0,1e-06,0.024358,0.975641,2,1e-06,5e-06,0.018329,0.006205,0.97546,3,0.0,2e-06,0.018227,0.00613,0.975641,n,mid_peripheral,slightly_facing,n,strongly_facing,range_27_inf,None,None,mid_peripheral
17,2,0.0,0.0,6e-06,0.024535,0.975459,2,0.0,0.0,1e-06,0.024358,0.975641,2,1e-06,5e-06,0.018329,0.006205,0.97546,3,0.0,2e-06,0.018227,0.00613,0.975641,n,mid_peripheral,slightly_facing,n,strongly_facing,range_27_inf,None,None,mid_peripheral
18,2,0.0,0.0,6e-06,0.024535,0.975459,2,0.0,0.0,0.0,0.024339,0.97566,2,1e-06,5e-06,0.018329,0.006206,0.97546,3,0.0,2e-06,0.018227,0.006111,0.97566,n,mid_peripheral,slightly_facing,n,slightly_facing,range_27_inf,None,None,mid_peripheral
19,2,0.0,0.0,6e-06,0.02454,0.975454,3,3.6e-05,7.2e-05,0.000273,0.070374,0.929244,2,1e-06,5e-06,0.018663,0.005911,0.97542,4,2.2e-05,0.00111,0.017579,0.052034,0.929255,n,central,slightly_facing,y,slightly_facing,range_27_inf,None,None,mid_peripheral
20,2,0.0,0.0,5e-06,0.024502,0.975493,3,0.000281,0.000561,0.00177,0.322869,0.67452,2,1.1e-05,1.4e-05,0.020452,0.004304,0.975218,4,0.000169,0.007217,0.013979,0.304065,0.67457,n,central,slightly_facing,y,slightly_facing,range_27_inf,None,None,mid_peripheral
21,2,0.0,0.0,4e-06,0.024431,0.975564,3,0.00073,0.001495,0.004482,0.780591,0.212702,2,2.9e-05,3.3e-05,0.023702,0.001393,0.974843,4,0.000446,0.0183,0.00746,0.761092,0.212703,n,central,slightly_facing,y,slightly_facing,range_27_inf,None,None,mid_peripheral
22,2,0.0,0.0,4e-06,0.024404,0.975592,3,0.000904,0.001868,0.005533,0.958,0.033695,2,3.6e-05,4e-05,0.024964,0.000264,0.974696,4,0.000556,0.022597,0.004932,0.938398,0.033517,n,central,slightly_facing,y,slightly_facing,range_27_inf,None,None,mid_peripheral
23,2,0.0,0.0,4e-06,0.0244,0.975596,3,0.000927,0.001918,0.005707,0.987387,0.00406,2,3.6e-05,4e-05,0.02517,7.6e-05,0.974677,4,0.000571,0.023306,0.004508,0.967932,0.003683,n,central,strongly_facing,y,strongly_facing,range_27_inf,None,None,mid_peripheral
24,2,0.0,0.0,4e-06,0.024399,0.975597,3,0.000935,0.001935,0.005722,0.989841,0.001566,2,3.8e-05,4.1e-05,0.02519,6.2e-05,0.97467,4,0.000575,0.023369,0.004472,0.970609,0.000975,n,central,strongly_facing,y,slightly_facing,range_27_inf,None,None,mid_peripheral
25,2,0.0,0.0,4e-06,0.024399,0.975597,3,0.000933,0.001933,0.005709,0.987635,0.00379,2,3.8e-05,4.1e-05,0.025175,7.5e-05,0.974671,4,0.000575,0.023317,0.004456,0.971005,0.000647,n,central,slightly_facing,y,slightly_facing,range_27_inf,None,None,mid_peripheral
26,2,0.0,0.0,4e-06,0.024399,0.975597,3,0.000794,0.001645,0.004862,0.844698,0.148001,2,3.2e-05,3.5e-05,0.024159,0.000965,0.97481,4,0.000489,0.019919,0.00381,0.974355,0.001427,n,central,slightly_facing,y,slightly_facing,range_27_inf,None,None,mid_peripheral
27,2,0.0,0.0,4e-06,0.024398,0.975597,3,0.0005,0.001035,0.003074,0.543068,0.452322,2,2e-05,2.2e-05,0.022015,0.002841,0.975101,4,0.000308,0.012749,0.002449,0.981332,0.003162,n,central,slightly_facing,y,slightly_facing,range_27_inf,None,None,mid_peripheral
28,2,0.0,0.0,4e-06,0.024398,0.975597,2,0.000494,0.001019,0.003075,0.543201,0.45221,2,1.9e-05,2.1e-05,0.022012,0.002839,0.975109,4,0.000304,0.012748,0.00244,0.981579,0.00293,n,central,slightly_facing,y,slightly_facing,range_27_inf,None,wave_small_head,mid_peripheral
29,2,0.0,0.0,4e-06,0.024398,0.975597,2,0.000493,0.001016,0.003075,0.543204,0.452211,2,1.9e-05,2.1e-05,0.022012,0.002839,0.97511,4,0.000303,0.012747,0.00244,0.981592,0.002919,n,central,slightly_facing,y,slightly_facing,range_27_inf,None,wave_small_head,mid_peripheral
30,2,0.0,0.0,4e-06,0.024398,0.975597,2,0.000492,0.001013,0.003075,0.543195,0.452224,2,1.9e-05,2.1e-05,0.022011,0.002839,0.975111,4,0.000302,0.012746,0.002438,0.981629,0.002885,n,central,slightly_facing,y,strongly_facing,range_27_inf,None,wave_small_head,mid_peripheral
31,2,0.0,0.0,4e-06,0.024398,0.975597,2,0.000493,0.001015,0.003074,0.542948,0.452471,2,1.9e-05,2.1e-05,0.02201,0.00284,0.97511,4,0.000303,0.012741,0.002438,0.981601,0.002918,n,central,slightly_facing,y,slightly_facing,range_27_inf,None,wave_small_head,mid_peripheral
32,2,0.0,0.0,5e-06,0.024603,0.975391,2,0.018987,0.0402,0.177566,0.658182,0.105065,2,0.003328,0.003338,0.032534,0.004795,0.956006,4,0.046131,0.724782,0.000638,0.227728,0.000721,n,central,slightly_facing,y,slightly_facing,range_24_27,None,wave_small_head,mid_peripheral
33,2,1e-06,2e-06,1.1e-05,0.025372,0.974614,2,0.02698,0.085908,0.223116,0.663155,0.000841,2,0.00395,0.003989,0.040066,0.009568,0.942427,4,0.097036,0.901553,8.8e-05,0.001237,8.6e-05,n,central,strongly_facing,y,slightly_facing,range_24_27,None,wave_small_head,mid_peripheral
34,2,2e-06,4e-06,1.8e-05,0.026129,0.973847,2,0.028935,0.148804,0.209116,0.612831,0.000315,2,0.003629,0.003698,0.048543,0.013266,0.930864,4,0.163148,0.836605,8.3e-05,8.4e-05,8e-05,n,central,strongly_facing,y,slightly_facing,range_24_27,None,wave_small_head,mid_peripheral
35,2,3e-06,6e-06,2.4e-05,0.026807,0.973161,2,0.02726,0.254369,0.184478,0.533605,0.000288,2,0.002608,0.002792,0.062521,0.016099,0.91598,4,0.26908,0.730698,7.8e-05,7.2e-05,7.2e-05,n,central,slightly_facing,y,slightly_facing,range_24_27,None,wave_small_head,mid_peripheral
36,2,4e-06,8e-06,2.9e-05,0.027563,0.972397,2,0.025121,0.404827,0.147847,0.421969,0.000236,2,0.002056,0.00228,0.083256,0.017045,0.895363,4,0.420334,0.579477,6.9e-05,6e-05,6e-05,n,central,slightly_facing,y,slightly_facing,range_24_27,None,wave_small_head,mid_peripheral
37,2,5e-06,9e-06,3.3e-05,0.0282,0.971754,2,0.021724,0.576516,0.105354,0.296237,0.000169,2,0.001715,0.00194,0.107225,0.015986,0.873133,4,0.592033,0.40782,5.7e-05,4.5e-05,4.5e-05,n,central,slightly_facing,y,slightly_facing,range_24_27,None,wave_small_head,mid_peripheral
38,2,5e-06,1e-05,3.5e-05,0.028619,0.971332,2,0.017785,0.726682,0.067969,0.187456,0.000108,2,0.001503,0.001701,0.128295,0.013748,0.854753,4,0.74139,0.258501,4.6e-05,3.2e-05,3.2e-05,n,central,slightly_facing,y,slightly_facing,range_24_27,None,wave_small_head,mid_peripheral
39,2,6e-06,1.1e-05,3.7e-05,0.029195,0.970751,2,0.01462,0.816981,0.046805,0.121523,7.1e-05,2,0.00139,0.001562,0.141013,0.01232,0.843715,4,0.831925,0.167986,4.1e-05,2.4e-05,2.4e-05,n,central,slightly_facing,y,slightly_facing,range_24_27,None,wave_small_head,mid_peripheral
40,2,0.000234,0.000457,0.001237,0.233621,0.764452,2,0.0105,0.253469,0.336914,0.399005,0.000113,2,0.000836,0.005645,0.058648,0.599903,0.334968,4,0.377696,0.621213,0.000905,9.3e-05,9.3e-05,n,central,slightly_facing,y,slightly_facing,range_24_27,None,wave_small_head,mid_peripheral
41,2,0.002331,0.00448,0.00582,0.233959,0.753411,2,0.796359,0.195617,0.007636,0.000369,1.9e-05,2,0.349915,0.162434,0.162494,0.162731,0.162426,4,0.991289,0.002433,0.002093,0.002093,0.002093,y,central,slightly_facing,y,slightly_facing,range_24_27,None,wave_small_head,central
42,2,0.000859,0.00204,0.005094,0.569503,0.422504,2,0.460929,0.535157,0.003113,0.000788,1.2e-05,2,0.623515,0.094121,0.094121,0.094121,0.094121,4,0.9979,0.000525,0.000525,0.000525,0.000525,y,central,slightly_facing,y,slightly_facing,range_24_27,None,wave_small_head,central
43,2,0.000835,0.002966,0.006932,0.835628,0.153639,2,0.177555,0.818084,0.001911,0.002446,5e-06,2,0.851949,0.037013,0.037013,0.037013,0.037013,4,0.998656,0.000336,0.000336,0.000336,0.000336,y,central,slightly_facing,y,slightly_facing,range_24_27,None,wave_small_head,central
44,2,0.000918,0.004689,0.008703,0.928149,0.057541,2,0.073053,0.920104,0.001544,0.005297,3e-06,2,0.935976,0.016006,0.016006,0.016006,0.016006,4,0.998641,0.00034,0.00034,0.00034,0.00034,y,central,slightly_facing,y,slightly_facing,range_24_27,None,wave_small_head,central
45,2,0.000986,0.007412,0.011189,0.95034,0.030074,2,0.042025,0.946252,0.001369,0.01035,3e-06,2,0.96087,0.009782,0.009783,0.009782,0.009782,4,0.998584,0.000354,0.000354,0.000354,0.000354,y,central,slightly_facing,y,slightly_facing,range_24_27,None,wave_small_head,central
46,2,0.001083,0.011683,0.015759,0.95105,0.020426,2,0.030636,0.948849,0.001288,0.019223,5e-06,2,0.969995,0.007501,0.007501,0.007501,0.007501,4,0.9985,0.000375,0.000375,0.000375,0.000375,y,central,slightly_facing,y,strongly_facing,range_24_27,None,None,central
47,2,0.001253,0.018121,0.024608,0.940598,0.015419,2,0.024485,0.93881,0.001604,0.035093,9e-06,2,0.974937,0.006266,0.006266,0.006266,0.006266,4,0.998357,0.000411,0.000411,0.000411,0.000411,y,central,slightly_facing,y,slightly_facing,range_21_24,None,None,central
48,2,0.002384,0.140163,0.054327,0.797088,0.006038,2,0.012306,0.710945,0.038328,0.238363,5.7e-05,2,0.985692,0.003577,0.003577,0.003577,0.003577,4,0.996981,0.000755,0.000755,0.000755,0.000755,y,central,slightly_facing,y,slightly_facing,range_21_24,None,None,central
49,2,0.003872,0.325902,0.084444,0.585643,0.000139,2,0.004185,0.369568,0.094147,0.531972,0.000128,2,0.993766,0.001559,0.001559,0.001559,0.001559,4,0.995028,0.001243,0.001243,0.001243,0.001243,y,central,slightly_facing,y,slightly_facing,range_21_24,None,None,central
50,2,0.003872,0.325902,0.084444,0.585643,0.000139,2,0.004185,0.369568,0.094147,0.531972,0.000128,2,0.993766,0.001559,0.001559,0.001559,0.001559,4,0.995028,0.001243,0.001243,0.001243,0.001243,y,central,slightly_facing,y,slightly_facing,range_21_24,None,None,central
51,2,0.003872,0.325902,0.084444,0.585643,0.000139,2,0.004185,0.369568,0.094147,0.531972,0.000128,2,0.993766,0.001559,0.001559,0.001559,0.001559,4,0.995028,0.001243,0.001243,0.001243,0.001243,y,central,slightly_facing,y,slightly_facing,range_21_24,None,None,central
52,2,0.003872,0.325902,0.084444,0.585643,0.000139,2,0.004185,0.369568,0.094147,0.531972,0.000128,2,0.993766,0.001559,0.001559,0.001559,0.001559,4,0.995028,0.001243,0.001243,0.001243,0.001243,y,central,slightly_facing,y,slightly_facing,range_21_24,None,None,central
53,2,0.003872,0.325902,0.084444,0.585643,0.000139,2,0.004185,0.369568,0.094147,0.531972,0.000128,2,0.993766,0.001559,0.001559,0.001559,0.001559,4,0.995028,0.001243,0.001243,0.001243,0.001243,y,central,slightly_facing,y,slightly_facing,range_21_24,None,None,central
54,2,0.003873,0.325904,0.084447,0.585637,0.000139,2,0.004185,0.36957,0.09415,0.531967,0.000128,2,0.993759,0.00156,0.00156,0.00156,0.00156,4,0.995021,0.001245,0.001245,0.001245,0.001245,y,central,strongly_facing,n,slightly_facing,range_21_24,None,None,central
55,2,0.003872,0.325902,0.084444,0.585642,0.000139,2,0.004185,0.369568,0.094147,0.531972,0.000128,2,0.993766,0.001559,0.001559,0.001559,0.001559,4,0.995027,0.001243,0.001243,0.001243,0.001243,y,central,slightly_facing,y,slightly_facing,range_21_24,None,None,central
56,2,0.003872,0.325902,0.084444,0.585643,0.000139,2,0.004185,0.369568,0.094147,0.531972,0.000128,2,0.993766,0.001559,0.001559,0.001559,0.001559,4,0.995028,0.001243,0.001243,0.001243,0.001243,y,central,slightly_facing,y,slightly_facing,range_21_24,None,None,central
57,2,0.003872,0.325902,0.084444,0.585643,0.000139,2,0.004185,0.369568,0.094147,0.531972,0.000128,2,0.993766,0.001559,0.001559,0.001559,0.001559,4,0.995028,0.001243,0.001243,0.001243,0.001243,y,central,slightly_facing,y,slightly_facing,range_21_24,None,None,central
58,2,0.003872,0.325902,0.084444,0.585643,0.000139,2,0.004185,0.369568,0.094147,0.531972,0.000128,2,0.993766,0.001559,0.001559,0.001559,0.001559,4,0.995028,0.001243,0.001243,0.001243,0.001243,y,central,slightly_facing,y,slightly_facing,range_21_24,None,None,central
59,2,0.003872,0.325902,0.084444,0.585643,0.000139,2,0.004185,0.369568,0.094147,0.531972,0.000128,2,0.993766,0.001559,0.001559,0.001559,0.001559,4,0.995028,0.001243,0.001243,0.001243,0.001243,y,central,slightly_facing,y,slightly_facing,range_21_24,None,None,central
60,2,0.003872,0.325902,0.084444,0.585643,0.000139,2,0.004185,0.369568,0.094147,0.531972,0.000128,2,0.993766,0.001559,0.001559,0.001559,0.001559,4,0.995028,0.001243,0.001243,0.001243,0.001243,y,central,slightly_facing,y,slightly_facing,range_21_24,None,None,central
61,2,0.003872,0.325902,0.084444,0.585643,0.000139,2,0.004185,0.369568,0.094147,0.531972,0.000128,2,0.993766,0.001559,0.001559,0.001559,0.001559,4,0.995028,0.001243,0.001243,0.001243,0.001243,y,central,slightly_facing,y,slightly_facing,range_21_24,None,None,central
62,2,0.003872,0.325902,0.084445,0.585643,0.000139,2,0.004185,0.369567,0.09415,0.531971,0.000128,3,0.993765,0.001559,0.001559,0.001559,0.001559,4,0.995027,0.001243,0.001243,0.001243,0.001243,y,central,slightly_facing,y,slightly_facing,range_21_24,arm_raise_high,None,central
63,2,0.003873,0.325904,0.084447,0.585637,0.000139,2,0.004186,0.36957,0.09415,0.531967,0.000128,3,0.993758,0.00156,0.001561,0.00156,0.00156,4,0.995019,0.001245,0.001245,0.001245,0.001245,y,central,slightly_facing,y,slightly_facing,range_18_21,arm_raise_high,None,central
64,2,0.003873,0.325904,0.084447,0.585636,0.000139,2,0.004186,0.36957,0.09415,0.531967,0.000128,3,0.993758,0.001561,0.001561,0.001561,0.001561,4,0.995019,0.001245,0.001245,0.001245,0.001245,y,central,slightly_facing,y,slightly_facing,range_18_21,arm_raise_high,None,central
65,2,0.003873,0.325904,0.084447,0.585636,0.000139,2,0.004186,0.36957,0.09415,0.531967,0.000128,3,0.993758,0.001561,0.001561,0.001561,0.001561,4,0.995019,0.001245,0.001245,0.001245,0.001245,y,central,slightly_facing,y,slightly_facing,range_18_21,arm_raise_high,None,central
66,2,0.003873,0.325904,0.084447,0.585636,0.000139,2,0.004186,0.36957,0.09415,0.531967,0.000128,3,0.993758,0.001561,0.001561,0.001561,0.001561,4,0.995019,0.001245,0.001245,0.001245,0.001245,y,central,slightly_facing,y,slightly_facing,range_18_21,arm_raise_high,None,central
67,2,0.003873,0.325904,0.084447,0.585636,0.000139,2,0.004186,0.36957,0.09415,0.531967,0.000128,3,0.993758,0.001561,0.001561,0.001561,0.001561,4,0.995019,0.001245,0.001245,0.001245,0.001245,y,central,slightly_facing,y,slightly_facing,range_18_21,arm_raise_high,None,central
68,2,0.003873,0.325904,0.084447,0.585636,0.000139,2,0.004186,0.36957,0.09415,0.531967,0.000128,3,0.993758,0.001561,0.001561,0.001561,0.001561,4,0.995019,0.001245,0.001245,0.001245,0.001245,y,central,slightly_facing,y,slightly_facing,range_18_21,arm_raise_high,None,central
69,2,0.003873,0.325904,0.084447,0.585636,0.000139,2,0.004186,0.36957,0.09415,0.531967,0.000128,3,0.993758,0.001561,0.001561,0.001561,0.001561,4,0.995019,0.001245,0.001245,0.001245,0.001245,y,central,slightly_facing,y,slightly_facing,range_18_21,arm_raise_high,None,central
70,2,0.003873,0.325904,0.084448,0.585637,0.000139,2,0.004186,0.36957,0.094151,0.531966,0.000128,3,0.993758,0.001561,0.001561,0.001561,0.001561,4,0.995019,0.001245,0.001245,0.001245,0.001245,y,central,slightly_facing,y,slightly_facing,range_18_21,arm_raise_high,None,central
71,2,0.003873,0.325887,0.084453,0.585649,0.000139,2,0.004186,0.369549,0.094192,0.531945,0.000128,3,0.993757,0.001561,0.001561,0.001561,0.001561,4,0.995019,0.001245,0.001245,0.001245,0.001245,y,central,slightly_facing,y,slightly_facing,range_18_21,arm_raise_high,None,central
72,2,0.003873,0.325887,0.084453,0.585649,0.000139,2,0.004186,0.369549,0.094192,0.531945,0.000128,3,0.993757,0.001561,0.001561,0.001561,0.001561,4,0.995019,0.001245,0.001245,0.001245,0.001245,y,central,slightly_facing,y,slightly_facing,range_18_21,arm_raise_high,None,central
73,2,0.003873,0.325887,0.084453,0.585649,0.000139,2,0.004186,0.369549,0.094192,0.531945,0.000128,3,0.993757,0.001561,0.001561,0.001561,0.001561,4,0.995019,0.001245,0.001245,0.001245,0.001245,y,central,slightly_facing,y,slightly_facing,range_18_21,arm_raise_high,None,central
74,2,0.003873,0.325887,0.084453,0.585649,0.000139,2,0.004186,0.369549,0.094192,0.531945,0.000128,3,0.993757,0.001561,0.001561,0.001561,0.001561,4,0.995019,0.001245,0.001245,0.001245,0.001245,y,central,slightly_facing,y,slightly_facing,range_18_21,arm_raise_high,None,central
75,2,0.003873,0.325887,0.084453,0.585649,0.000139,2,0.004186,0.369549,0.094192,0.531945,0.000128,3,0.993757,0.001561,0.001561,0.001561,0.001561,4,0.995019,0.001245,0.001245,0.001245,0.001245,y,central,slightly_facing,y,slightly_facing,range_18_21,arm_raise_high,None,central
76,2,0.003873,0.325887,0.084453,0.585649,0.000139,2,0.004186,0.369549,0.094192,0.531945,0.000128,3,0.993757,0.001561,0.001561,0.001561,0.001561,4,0.995019,0.001245,0.001245,0.001245,0.001245,y,central,slightly_facing,y,slightly_facing,range_18_21,arm_raise_high,None,central
77,2,0.003873,0.325887,0.084453,0.585649,0.000139,2,0.004186,0.369549,0.094192,0.531945,0.000128,3,0.993757,0.001561,0.001561,0.001561,0.001561,4,0.995019,0.001245,0.001245,0.001245,0.001245,y,central,slightly_facing,y,slightly_facing,range_18_21,arm_raise_high,None,central
78,2,0.003873,0.325887,0.084453,0.585649,0.000139,2,0.004186,0.369549,0.094192,0.531945,0.000128,3,0.993757,0.001561,0.001561,0.001561,0.001561,4,0.995019,0.001245,0.001245,0.001245,0.001245,y,central,slightly_facing,y,slightly_facing,range_18_21,arm_raise_high,None,central
79,2,0.003873,0.325887,0.084453,0.585649,0.000139,2,0.004186,0.369549,0.094192,0.531945,0.000128,3,0.993757,0.001561,0.001561,0.001561,0.001561,4,0.995019,0.001245,0.001245,0.001245,0.001245,y,central,slightly_facing,y,slightly_facing,range_18_21,arm_raise_high,None,central
80,2,0.004012,0.325812,0.084729,0.585295,0.000152,2,0.00442,0.36956,0.094355,0.531531,0.000134,3,0.993019,0.001875,0.00174,0.001683,0.001683,4,0.994485,0.001413,0.00138,0.001369,0.001353,y,central,slightly_facing,y,slightly_facing,range_15_18,arm_raise_high,None,central
81,2,0.004025,0.325782,0.084767,0.585271,0.000155,2,0.004495,0.369536,0.094381,0.531453,0.000135,3,0.992878,0.001964,0.001763,0.001698,0.001698,4,0.994429,0.001434,0.001393,0.00138,0.001364,y,central,slightly_facing,y,slightly_facing,range_15_18,arm_raise_high,None,central
82,2,0.004026,0.325767,0.084774,0.585276,0.000156,2,0.004524,0.36952,0.094387,0.531434,0.000135,3,0.992825,0.002008,0.001767,0.0017,0.0017,4,0.994409,0.00145,0.001394,0.001382,0.001365,y,central,slightly_facing,y,slightly_facing,range_15_18,arm_raise_high,None,central
83,5,0.004005,0.325854,0.084627,0.585366,0.000149,2,0.004341,0.369506,0.094342,0.531676,0.000135,5,0.993224,0.001758,0.001712,0.001663,0.001643,4,0.994583,0.001407,0.001351,0.001338,0.001321,y,central,slightly_facing,y,slightly_facing,range_15_18,None,None,central
84,5,0.004003,0.325864,0.084608,0.585377,0.000147,2,0.004325,0.36951,0.09433,0.5317,0.000135,5,0.993264,0.001736,0.001705,0.001658,0.001638,4,0.994596,0.001403,0.001347,0.001335,0.001318,y,central,slightly_facing,y,slightly_facing,range_15_18,None,None,central
85,5,0.004003,0.325866,0.084605,0.585379,0.000147,2,0.004323,0.369511,0.094327,0.531704,0.000135,5,0.993269,0.001734,0.001704,0.001657,0.001637,4,0.994597,0.001403,0.001347,0.001335,0.001318,y,central,slightly_facing,y,slightly_facing,range_15_18,None,None,central
86,5,0.004003,0.325866,0.084606,0.585379,0.000147,2,0.004323,0.36951,0.094328,0.531704,0.000135,5,0.993269,0.001734,0.001703,0.001657,0.001637,4,0.994597,0.001403,0.001347,0.001335,0.001318,y,central,slightly_facing,y,slightly_facing,range_15_18,None,None,central
87,5,0.004003,0.325864,0.08461,0.585377,0.000147,2,0.004323,0.369506,0.094335,0.531702,0.000135,5,0.993269,0.001734,0.001704,0.001657,0.001637,4,0.994597,0.001403,0.001347,0.001335,0.001318,y,central,slightly_facing,y,slightly_facing,range_15_18,None,None,central
88,5,0.004008,0.326542,0.08462,0.584684,0.000147,2,0.004323,0.36901,0.094489,0.532044,0.000135,5,0.993263,0.001734,0.001707,0.001658,0.001638,4,0.994589,0.001405,0.001349,0.001337,0.00132,y,central,slightly_facing,y,slightly_facing,range_15_18,None,None,central
89,5,0.004007,0.326492,0.084618,0.584736,0.000147,2,0.004323,0.369051,0.094487,0.532004,0.000135,5,0.99328,0.00172,0.001706,0.001657,0.001637,4,0.994604,0.001391,0.001349,0.001336,0.00132,y,central,slightly_facing,y,slightly_facing,range_15_18,None,None,central
90,5,0.004006,0.32634,0.08462,0.584888,0.000147,2,0.004323,0.369161,0.094489,0.531892,0.000135,5,0.993284,0.001717,0.001705,0.001657,0.001637,4,0.994609,0.001387,0.001348,0.001336,0.001319,y,central,slightly_facing,y,slightly_facing,range_15_18,None,None,central
91,5,0.004004,0.325924,0.08461,0.585316,0.000147,2,0.004323,0.369609,0.094339,0.531595,0.000135,5,0.993287,0.001716,0.001703,0.001657,0.001637,4,0.994614,0.001386,0.001347,0.001335,0.001318,y,central,slightly_facing,y,slightly_facing,range_15_18,None,None,central
92,5,0.004004,0.325924,0.08461,0.585316,0.000147,2,0.004323,0.369609,0.094339,0.531595,0.000135,5,0.993287,0.001716,0.001703,0.001657,0.001637,4,0.994614,0.001386,0.001347,0.001335,0.001318,y,central,slightly_facing,y,slightly_facing,range_15_18,None,None,central
93,5,0.006427,0.325729,0.08761,0.579941,0.000293,2,0.006885,0.369156,0.096961,0.526729,0.000268,5,0.983994,0.004433,0.005066,0.003419,0.003088,4,0.986638,0.003808,0.003688,0.003078,0.002787,m,central,slightly_facing,m,slightly_facing,range_15_18,None,None,central
94,5,0.00424,0.325849,0.084877,0.584871,0.000164,2,0.004553,0.369505,0.094581,0.531211,0.00015,5,0.992516,0.001976,0.00199,0.001776,0.001742,4,0.993987,0.001627,0.001514,0.00145,0.001422,y,central,slightly_facing,y,slightly_facing,range_15_18,None,None,central
95,5,0.004029,0.325909,0.084641,0.585272,0.000149,2,0.004345,0.36959,0.094368,0.531559,0.000137,5,0.993211,0.001742,0.001735,0.001666,0.001646,4,0.994558,0.001412,0.001361,0.001343,0.001326,y,central,slightly_facing,y,slightly_facing,range_15_18,None,None,central
96,5,0.004008,0.32592,0.084617,0.585309,0.000147,2,0.004326,0.369603,0.094345,0.53159,0.000135,5,0.993274,0.00172,0.001709,0.001658,0.001638,4,0.994606,0.001391,0.001349,0.001336,0.001319,y,central,slightly_facing,y,slightly_facing,range_15_18,None,None,central
97,5,0.004005,0.325922,0.084614,0.585313,0.000147,2,0.004324,0.369606,0.094342,0.531593,0.000135,5,0.993281,0.001718,0.001706,0.001657,0.001637,4,0.994611,0.001388,0.001348,0.001335,0.001318,y,central,slightly_facing,y,slightly_facing,range_15_18,None,None,central
98,5,0.004172,0.325896,0.084786,0.58499,0.000156,2,0.004499,0.369558,0.094496,0.531304,0.000144,5,0.992719,0.001954,0.001857,0.001739,0.001731,4,0.994118,0.001595,0.00147,0.001412,0.001405,y,central,slightly_facing,y,slightly_facing,range_12_15,None,None,central
99,5,0.00422,0.325875,0.084819,0.584927,0.000159,2,0.004549,0.369536,0.094525,0.531244,0.000146,5,0.992616,0.00201,0.001883,0.001749,0.001742,4,0.994035,0.001645,0.001486,0.00142,0.001413,y,central,slightly_facing,y,slightly_facing,range_12_15,None,None,central
100,5,0.004214,0.326027,0.084662,0.584949,0.000147,2,0.004383,0.369566,0.094558,0.531346,0.000148,5,0.993088,0.001844,0.001691,0.001689,0.001689,4,0.994216,0.001615,0.00144,0.001368,0.001361,y,central,strongly_facing,y,slightly_facing,range_12_15,None,None,central
101,5,0.004253,0.326204,0.085647,0.583748,0.000148,2,0.004383,0.369862,0.095729,0.529875,0.000152,5,0.993087,0.001834,0.001694,0.001693,0.001693,4,0.994172,0.001648,0.001451,0.001368,0.001361,y,central,strongly_facing,y,slightly_facing,range_12_15,None,None,central
102,5,0.004221,0.32598,0.084575,0.585078,0.000146,2,0.00435,0.369479,0.094432,0.531592,0.000147,5,0.993149,0.001804,0.001683,0.001682,0.001682,4,0.994235,0.001617,0.001429,0.001363,0.001356,y,central,strongly_facing,y,slightly_facing,range_12_15,None,None,central
103,5,0.004238,0.325975,0.084574,0.585068,0.000146,2,0.004351,0.369471,0.094431,0.5316,0.000147,5,0.993146,0.001806,0.001683,0.001682,0.001682,4,0.994212,0.001637,0.00143,0.001363,0.001356,y,central,strongly_facing,y,slightly_facing,range_12_15,None,None,central
104,5,0.004273,0.325965,0.084572,0.585044,0.000146,2,0.004356,0.369453,0.094428,0.531616,0.000148,5,0.993138,0.001814,0.001683,0.001682,0.001682,4,0.994161,0.001685,0.001434,0.001364,0.001357,y,central,strongly_facing,y,slightly_facing,range_12_15,None,None,central
105,5,0.004359,0.325951,0.084563,0.584981,0.000146,2,0.004368,0.369423,0.09442,0.53164,0.000149,5,0.99312,0.001831,0.001684,0.001683,0.001683,4,0.99403,0.001806,0.001443,0.001364,0.001357,y,central,strongly_facing,y,slightly_facing,range_12_15,None,None,central
106,5,0.004571,0.326027,0.084519,0.584737,0.000146,2,0.004393,0.369463,0.094395,0.531597,0.000153,5,0.99308,0.001867,0.001685,0.001684,0.001684,4,0.993692,0.002122,0.001462,0.001365,0.001358,y,central,strongly_facing,y,slightly_facing,range_12_15,None,None,central
107,5,0.00457,0.325943,0.084503,0.584838,0.000146,2,0.004379,0.369535,0.094409,0.531525,0.000153,5,0.9931,0.001847,0.001685,0.001684,0.001684,4,0.993694,0.002121,0.001462,0.001365,0.001358,y,central,strongly_facing,y,slightly_facing,range_12_15,None,None,central
108,5,0.004593,0.325583,0.084622,0.585046,0.000156,2,0.004537,0.36981,0.09448,0.531021,0.000152,5,0.992658,0.002008,0.001851,0.001745,0.001738,4,0.99349,0.002171,0.001513,0.001416,0.001409,y,central,slightly_facing,y,slightly_facing,range_12_15,None,None,central
109,5,0.004596,0.325555,0.084651,0.58504,0.000158,2,0.004591,0.369795,0.094496,0.530966,0.000152,5,0.992558,0.002067,0.001879,0.001752,0.001744,4,0.99347,0.002176,0.001518,0.001421,0.001414,y,central,slightly_facing,y,slightly_facing,range_12_15,None,None,central
110,5,0.004596,0.325542,0.084656,0.585047,0.000159,2,0.004617,0.369785,0.0945,0.530945,0.000152,5,0.992517,0.002099,0.001886,0.001752,0.001745,4,0.993467,0.002177,0.001519,0.001422,0.001415,y,central,slightly_facing,y,slightly_facing,range_12_15,None,None,central
111,5,0.004597,0.325531,0.084658,0.585055,0.000159,2,0.004639,0.369777,0.094501,0.53093,0.000152,5,0.992483,0.002129,0.001889,0.001753,0.001746,4,0.993466,0.002177,0.001519,0.001422,0.001415,y,central,slightly_facing,y,slightly_facing,range_12_15,None,None,central
112,5,0.00457,0.325646,0.084436,0.585201,0.000147,2,0.004454,0.36975,0.094418,0.531226,0.000152,5,0.992985,0.001943,0.001692,0.00169,0.00169,4,0.99368,0.002124,0.001466,0.001369,0.001362,y,central,strongly_facing,y,slightly_facing,range_12_15,None,None,central
113,5,0.004567,0.32566,0.084423,0.585203,0.000146,2,0.004425,0.369751,0.094416,0.531256,0.000152,5,0.993034,0.001909,0.001686,0.001685,0.001685,4,0.993696,0.00212,0.001462,0.001365,0.001358,y,central,strongly_facing,y,slightly_facing,range_12_15,None,None,central
114,5,0.004568,0.32567,0.084422,0.585195,0.000146,2,0.004417,0.369749,0.094415,0.531267,0.000152,5,0.993043,0.001902,0.001686,0.001685,0.001685,4,0.993697,0.00212,0.001461,0.001364,0.001357,y,central,strongly_facing,y,slightly_facing,range_12_15,None,None,central
115,5,0.149233,0.376525,0.082402,0.391659,0.000182,2,0.022762,0.282149,0.176638,0.505426,0.013025,5,0.849049,0.038035,0.037658,0.037629,0.037629,4,0.668763,0.122968,0.126197,0.04383,0.038242,m,central,strongly_facing,n,turned_away,range_12_15,None,None,central
116,5,0.099735,0.312254,0.079601,0.508274,0.000137,2,0.007106,0.323438,0.09758,0.570828,0.001048,5,0.974932,0.006949,0.00604,0.006039,0.006039,4,0.857341,0.123015,0.007543,0.006078,0.006023,y,central,strongly_facing,y,slightly_facing,range_9_12,None,None,central
117,5,0.127119,0.300096,0.077708,0.494946,0.000131,2,0.004997,0.307389,0.084142,0.603017,0.000456,5,0.990611,0.003221,0.002056,0.002056,0.002056,4,0.821903,0.171879,0.002121,0.002051,0.002047,y,central,strongly_facing,y,slightly_facing,range_9_12,None,None,central
118,5,0.657692,0.205635,0.047801,0.088824,4.8e-05,2,0.002796,0.026254,0.036346,0.933969,0.000635,5,0.987916,0.003294,0.003082,0.002857,0.002851,4,0.040695,0.94565,0.004805,0.004519,0.004332,m,central,slightly_facing,n,turned_away,range_9_12,None,None,central
119,5,0.680401,0.208104,0.042905,0.068569,2.1e-05,2,0.001234,0.010455,0.026713,0.961311,0.000287,5,0.997507,0.000744,0.000589,0.00058,0.00058,4,0.004412,0.989184,0.002278,0.002063,0.002063,y,central,slightly_facing,n,strongly_facing,range_9_12,None,None,central
120,5,0.690521,0.210248,0.038396,0.060817,1.8e-05,2,0.001125,0.008919,0.024411,0.965293,0.000252,5,0.997879,0.000693,0.000477,0.000475,0.000475,4,0.002332,0.991562,0.002164,0.001971,0.001971,m,central,strongly_facing,n,strongly_facing,range_9_12,None,None,central
121,5,0.710683,0.20538,0.032423,0.0515,1.4e-05,2,0.001087,0.007861,0.021773,0.969032,0.000247,5,0.997985,0.000652,0.000456,0.000453,0.000453,4,0.002189,0.991734,0.002135,0.001971,0.001971,y,central,slightly_facing,n,strongly_facing,range_9_12,None,None,central
122,5,0.742339,0.191591,0.02546,0.0406,1.1e-05,2,0.001057,0.006627,0.018717,0.973351,0.000248,5,0.998106,0.000571,0.000441,0.000441,0.000441,4,0.002153,0.991763,0.002114,0.001985,0.001985,y,central,strongly_facing,n,strongly_facing,range_9_12,None,None,central
123,5,0.787022,0.164949,0.018488,0.029533,8e-06,2,0.001036,0.005358,0.015668,0.977689,0.000249,5,0.997988,0.000674,0.000447,0.000446,0.000446,4,0.002141,0.991714,0.002111,0.002018,0.002017,m,central,strongly_facing,n,strongly_facing,range_9_12,None,None,central
124,5,0.637135,0.193132,0.048153,0.121548,3.2e-05,2,0.001247,0.01705,0.040874,0.940591,0.000239,5,0.997743,0.000792,0.000489,0.000488,0.000488,4,0.002329,0.991789,0.002216,0.001833,0.001833,y,central,strongly_facing,n,strongly_facing,range_9_12,None,None,central
125,5,0.636814,0.193527,0.048141,0.121487,3.1e-05,2,0.001246,0.017041,0.040855,0.94062,0.000239,5,0.997739,0.000799,0.000488,0.000487,0.000487,4,0.002327,0.991793,0.002215,0.001832,0.001832,y,central,strongly_facing,n,strongly_facing,range_9_12,None,None,central
126,5,0.643811,0.194356,0.046927,0.114875,3e-05,2,0.001232,0.016237,0.039147,0.943145,0.000239,5,0.99771,0.000837,0.000485,0.000484,0.000484,4,0.002314,0.99179,0.002206,0.001845,0.001844,y,central,strongly_facing,n,strongly_facing,range_9_12,None,None,central
127,5,0.633032,0.195392,0.048693,0.122851,3.1e-05,2,0.001249,0.017211,0.041233,0.940068,0.000238,5,0.997963,0.000573,0.000488,0.000488,0.000488,4,0.00233,0.991795,0.002217,0.001829,0.001829,y,central,strongly_facing,n,strongly_facing,range_9_12,None,None,central
128,5,0.633627,0.195213,0.048586,0.12254,3.4e-05,2,0.001256,0.01719,0.041201,0.940114,0.000238,5,0.997808,0.000678,0.000506,0.000504,0.000504,4,0.002348,0.991728,0.002232,0.001846,0.001845,m,central,strongly_facing,n,strongly_facing,range_9_12,None,None,central
129,5,0.632744,0.195461,0.048757,0.123006,3.2e-05,2,0.00125,0.017231,0.041279,0.940001,0.000238,5,0.997979,0.000554,0.000489,0.000489,0.000489,4,0.002332,0.991791,0.002218,0.00183,0.00183,y,central,strongly_facing,n,strongly_facing,range_9_12,None,None,central
130,5,0.632704,0.195423,0.04877,0.123069,3.4e-05,2,0.001257,0.017256,0.041346,0.939903,0.000238,5,0.997847,0.000637,0.000507,0.000504,0.000504,4,0.00235,0.991728,0.002233,0.001845,0.001845,m,central,strongly_facing,n,strongly_facing,range_9_12,None,None,central
131,5,0.633108,0.195215,0.048881,0.122735,6.1e-05,2,0.001293,0.017375,0.041691,0.939402,0.000239,5,0.996945,0.00107,0.00078,0.000605,0.0006,4,0.002477,0.991228,0.002357,0.001969,0.001969,m,central,slightly_facing,n,strongly_facing,range_9_12,None,None,central
132,5,0.6324,0.19547,0.048834,0.123259,3.7e-05,2,0.001256,0.017281,0.041396,0.939828,0.000238,5,0.997748,0.000732,0.000515,0.000503,0.000503,4,0.002348,0.991733,0.002233,0.001844,0.001843,y,central,slightly_facing,n,strongly_facing,range_9_12,None,None,central
133,5,0.632163,0.195425,0.048897,0.12348,3.5e-05,2,0.001259,0.01731,0.041467,0.939726,0.000238,5,0.997353,0.001125,0.00051,0.000506,0.000506,4,0.002353,0.991722,0.002235,0.001845,0.001845,m,central,strongly_facing,n,strongly_facing,range_9_12,None,None,central
134,5,0.632236,0.195413,0.048862,0.123456,3.3e-05,2,0.001252,0.017287,0.041405,0.939818,0.000238,5,0.997424,0.001105,0.000491,0.00049,0.00049,4,0.002333,0.991789,0.002219,0.001829,0.001829,y,central,strongly_facing,n,strongly_facing,range_9_12,None,None,central
135,5,0.632483,0.195358,0.048807,0.12332,3.2e-05,2,0.001251,0.017269,0.041363,0.939878,0.000238,5,0.99743,0.001103,0.00049,0.000489,0.000489,4,0.002332,0.991793,0.002218,0.001829,0.001829,y,central,strongly_facing,n,strongly_facing,range_9_12,None,None,central
136,5,0.63351,0.195136,0.048598,0.122724,3.2e-05,2,0.001249,0.017195,0.0412,0.940117,0.000238,5,0.997434,0.0011,0.00049,0.000488,0.000488,4,0.002331,0.991793,0.002217,0.00183,0.00183,y,central,strongly_facing,n,strongly_facing,range_9_12,None,None,central
137,5,0.63294,0.195356,0.048699,0.122974,3.2e-05,2,0.00125,0.017224,0.041265,0.940023,0.000238,5,0.997821,0.000715,0.000489,0.000488,0.000488,4,0.00233,0.991794,0.002217,0.001829,0.001829,y,central,strongly_facing,n,strongly_facing,range_9_12,None,None,central
138,5,0.634648,0.195036,0.04835,0.121935,3.1e-05,2,0.001247,0.017096,0.040979,0.940439,0.000238,5,0.997824,0.000714,0.000488,0.000487,0.000487,4,0.002328,0.991794,0.002216,0.001831,0.001831,y,central,strongly_facing,n,strongly_facing,range_9_12,None,None,central
139,5,0.632935,0.196285,0.049142,0.121604,3.4e-05,2,0.001255,0.017113,0.041052,0.940342,0.000239,5,0.99773,0.000756,0.000506,0.000504,0.000504,4,0.002348,0.991727,0.00223,0.001847,0.001847,m,central,strongly_facing,n,strongly_facing,range_9_12,None,None,central
140,5,0.632906,0.195392,0.048744,0.122923,3.5e-05,2,0.001258,0.017242,0.041314,0.939948,0.000238,5,0.997798,0.000682,0.000508,0.000506,0.000506,4,0.002351,0.991722,0.002234,0.001846,0.001846,m,central,strongly_facing,n,strongly_facing,range_9_12,None,None,central
141,5,0.63347,0.195247,0.048611,0.122638,3.3e-05,2,0.001252,0.017193,0.0412,0.940116,0.000238,5,0.997841,0.000667,0.000502,0.000495,0.000495,4,0.002339,0.991762,0.002225,0.001838,0.001837,y,central,slightly_facing,n,strongly_facing,range_9_12,None,None,central
142,5,0.63223,0.195468,0.049051,0.12319,6.1e-05,2,0.001293,0.017428,0.04181,0.93923,0.000239,5,0.997187,0.000833,0.000778,0.000603,0.000599,4,0.002476,0.991235,0.002356,0.001967,0.001967,m,central,slightly_facing,n,strongly_facing,range_9_12,None,None,central
143,5,0.631711,0.195373,0.049251,0.123546,0.00012,2,0.001306,0.017519,0.042079,0.938857,0.000239,5,0.996284,0.001453,0.001004,0.000633,0.000626,4,0.002524,0.991056,0.0024,0.00201,0.00201,m,central,slightly_facing,n,strongly_facing,range_9_12,None,None,central
144,5,0.631663,0.19534,0.049014,0.123945,3.8e-05,2,0.001261,0.017371,0.041588,0.939542,0.000238,5,0.996558,0.001927,0.000507,0.000504,0.000504,4,0.002353,0.991733,0.002232,0.001841,0.001841,m,central,strongly_facing,n,strongly_facing,range_6_9,None,None,central
145,5,0.631093,0.195209,0.04915,0.124512,3.5e-05,2,0.001261,0.017429,0.041722,0.939349,0.000238,5,0.995554,0.002955,0.000501,0.000495,0.000495,4,0.002348,0.991764,0.002224,0.001832,0.001832,m,central,strongly_facing,n,strongly_facing,range_6_9,None,None,central
146,5,0.632051,0.195222,0.048915,0.12378,3.3e-05,2,0.001252,0.017324,0.04148,0.939706,0.000238,5,0.996495,0.002048,0.000488,0.000484,0.000484,4,0.002331,0.99181,0.002213,0.001823,0.001823,y,central,strongly_facing,n,strongly_facing,range_6_9,None,None,central
147,5,0.632935,0.194755,0.048765,0.123511,3.4e-05,2,0.00126,0.017306,0.041443,0.939754,0.000238,5,0.995323,0.00319,0.000499,0.000494,0.000494,4,0.002346,0.991767,0.002222,0.001833,0.001833,m,central,strongly_facing,n,strongly_facing,range_6_9,None,None,central
148,5,0.633879,0.195079,0.048517,0.122493,3.2e-05,2,0.001247,0.017162,0.041119,0.940234,0.000238,5,0.997431,0.00112,0.000484,0.000483,0.000483,4,0.002325,0.991815,0.002211,0.001825,0.001825,y,central,strongly_facing,n,strongly_facing,range_6_9,None,None,central
149,5,0.633024,0.195701,0.048805,0.122438,3.3e-05,2,0.001252,0.01718,0.041145,0.940186,0.000238,5,0.99758,0.000943,0.000493,0.000492,0.000492,4,0.002336,0.991777,0.002219,0.001834,0.001834,m,central,strongly_facing,n,strongly_facing,range_6_9,None,None,central
150,5,0.630727,0.199421,0.050419,0.119398,3.4e-05,2,0.001248,0.016888,0.040498,0.941128,0.000238,5,0.997325,0.001198,0.000493,0.000492,0.000492,4,0.002336,0.991769,0.002215,0.00184,0.00184,m,central,strongly_facing,n,strongly_facing,range_6_9,None,None,central
151,5,0.633207,0.196161,0.049033,0.121567,3.2e-05,2,0.001246,0.01708,0.040971,0.940465,0.000238,5,0.997928,0.00062,0.000484,0.000484,0.000484,4,0.002325,0.991809,0.00221,0.001828,0.001828,y,central,slightly_facing,n,strongly_facing,range_6_9,None,None,central
152,5,0.632987,0.195375,0.048703,0.122902,3.3e-05,2,0.001255,0.017227,0.041276,0.940004,0.000238,5,0.997924,0.000583,0.000498,0.000498,0.000498,4,0.002343,0.991756,0.002225,0.001838,0.001838,m,central,slightly_facing,n,strongly_facing,range_6_9,None,None,central
153,5,0.632749,0.195423,0.048756,0.123038,3.4e-05,2,0.001257,0.017245,0.041318,0.939942,0.000238,5,0.997892,0.000611,0.000499,0.000499,0.000499,4,0.002346,0.99175,0.002226,0.001839,0.001839,m,central,slightly_facing,n,strongly_facing,range_6_9,None,None,central
154,5,0.632258,0.195555,0.048837,0.123318,3.2e-05,2,0.001249,0.017264,0.041348,0.939901,0.000238,5,0.998006,0.000539,0.000485,0.000485,0.000485,4,0.002328,0.991809,0.002213,0.001825,0.001825,y,central,slightly_facing,n,strongly_facing,range_6_9,None,None,central
155,5,0.632749,0.195416,0.048749,0.123053,3.2e-05,2,0.001252,0.01724,0.0413,0.93997,0.000238,5,0.997887,0.000636,0.000492,0.000492,0.000492,4,0.002337,0.991778,0.00222,0.001833,0.001833,m,central,strongly_facing,n,strongly_facing,range_6_9,None,None,central
156,5,0.632297,0.195547,0.048826,0.123299,3.1e-05,2,0.001247,0.017259,0.041335,0.939921,0.000238,5,0.998017,0.000536,0.000483,0.000482,0.000482,4,0.002324,0.991819,0.002211,0.001823,0.001823,y,central,strongly_facing,n,strongly_facing,range_6_9,None,None,central
157,5,0.633069,0.195369,0.048666,0.122866,3.1e-05,2,0.001246,0.017204,0.041213,0.940099,0.000238,5,0.998021,0.000534,0.000482,0.000482,0.000482,4,0.002322,0.991821,0.00221,0.001823,0.001823,y,central,strongly_facing,n,strongly_facing,range_6_9,None,None,central
158,5,0.63291,0.195403,0.048712,0.122943,3.2e-05,2,0.001252,0.017226,0.041269,0.940016,0.000238,5,0.997977,0.000547,0.000492,0.000492,0.000492,4,0.002335,0.991779,0.00222,0.001833,0.001833,m,central,strongly_facing,n,strongly_facing,range_6_9,None,None,central
159,5,0.632552,0.195486,0.048784,0.123146,3.3e-05,2,0.001253,0.017252,0.041327,0.93993,0.000238,5,0.997972,0.000549,0.000493,0.000493,0.000493,4,0.002337,0.991776,0.002221,0.001833,0.001833,m,central,strongly_facing,n,strongly_facing,range_6_9,None,None,central
160,5,0.633576,0.195234,0.048574,0.122583,3.3e-05,2,0.001252,0.017182,0.041172,0.940156,0.000238,5,0.99792,0.000602,0.000493,0.000493,0.000493,4,0.002337,0.991775,0.00222,0.001834,0.001834,m,central,strongly_facing,n,strongly_facing,range_6_9,None,None,central
161,5,0.633203,0.195339,0.048645,0.122782,3.1e-05,2,0.001247,0.017197,0.041199,0.940119,0.000238,5,0.998022,0.000525,0.000484,0.000484,0.000484,4,0.002326,0.991811,0.002212,0.001826,0.001826,y,central,slightly_facing,n,strongly_facing,range_6_9,None,None,central
162,5,0.632421,0.195527,0.048802,0.123219,3.1e-05,2,0.001248,0.01725,0.041318,0.939946,0.000238,5,0.998048,0.0005,0.000484,0.000484,0.000484,4,0.002326,0.991813,0.002212,0.001824,0.001824,y,central,slightly_facing,n,strongly_facing,range_6_9,None,None,central
163,5,0.632764,0.195437,0.048751,0.123015,3.3e-05,2,0.001255,0.017241,0.041307,0.939959,0.000238,5,0.997965,0.000542,0.000498,0.000498,0.000498,4,0.002343,0.991756,0.002225,0.001838,0.001838,m,central,slightly_facing,n,strongly_facing,range_6_9,None,None,central
164,5,0.632199,0.195577,0.048849,0.123342,3.2e-05,2,0.001249,0.017267,0.041354,0.939892,0.000238,5,0.998039,0.000506,0.000485,0.000485,0.000485,4,0.002327,0.99181,0.002213,0.001825,0.001825,y,central,slightly_facing,n,strongly_facing,range_6_9,None,None,central
165,5,0.632275,0.195544,0.048849,0.123299,3.3e-05,2,0.001256,0.017276,0.041386,0.939844,0.000238,5,0.997934,0.000572,0.000498,0.000498,0.000498,4,0.002344,0.991756,0.002226,0.001837,0.001837,m,central,slightly_facing,n,strongly_facing,range_6_9,None,None,central
166,5,0.6331,0.195357,0.04866,0.122851,3.1e-05,2,0.001247,0.017203,0.041212,0.9401,0.000238,5,0.998,0.000552,0.000483,0.000483,0.000483,4,0.002324,0.991817,0.002211,0.001824,0.001824,y,central,strongly_facing,n,strongly_facing,range_6_9,None,None,central
167,5,0.633052,0.195378,0.048669,0.122869,3.1e-05,2,0.001246,0.017205,0.041214,0.940098,0.000238,5,0.998047,0.000508,0.000482,0.000482,0.000482,4,0.002322,0.991821,0.00221,0.001823,0.001823,y,central,strongly_facing,n,strongly_facing,range_6_9,None,None,central
168,5,0.632842,0.195424,0.048727,0.122975,3.2e-05,2,0.001252,0.017229,0.041277,0.940004,0.000238,5,0.998003,0.000521,0.000492,0.000492,0.000492,4,0.002335,0.99178,0.00222,0.001833,0.001833,m,central,strongly_facing,n,strongly_facing,range_6_9,None,None,central
169,5,0.632366,0.195542,0.048812,0.123249,3.1e-05,2,0.001247,0.017252,0.041321,0.939942,0.000238,5,0.99806,0.000493,0.000482,0.000482,0.000482,4,0.002324,0.991819,0.002211,0.001823,0.001823,y,central,strongly_facing,n,strongly_facing,range_6_9,None,None,central
170,5,0.632499,0.195506,0.048795,0.123169,3.2e-05,2,0.001252,0.017253,0.041331,0.939926,0.000238,5,0.998009,0.000515,0.000492,0.000492,0.000492,4,0.002336,0.991779,0.00222,0.001832,0.001832,m,central,strongly_facing,n,strongly_facing,range_6_9,None,None,central
171,5,0.633252,0.195335,0.048631,0.122751,3.1e-05,2,0.001246,0.017191,0.041183,0.940142,0.000238,5,0.998056,0.000498,0.000482,0.000482,0.000482,4,0.002323,0.991819,0.00221,0.001824,0.001824,y,central,strongly_facing,n,strongly_facing,range_6_9,None,None,central
172,5,0.632478,0.195513,0.048798,0.123178,3.2e-05,2,0.001249,0.017252,0.041327,0.939935,0.000237,5,0.998027,0.000505,0.000489,0.000489,0.000489,4,0.002331,0.991791,0.002218,0.00183,0.00183,m,central,slightly_facing,n,strongly_facing,range_3_6,None,None,central
173,5,0.633093,0.195367,0.048677,0.122831,3.2e-05,2,0.00125,0.01721,0.041232,0.940071,0.000237,5,0.998016,0.000515,0.00049,0.00049,0.00049,4,0.002332,0.991788,0.002218,0.001831,0.001831,m,central,slightly_facing,n,strongly_facing,range_3_6,None,None,central
174,5,0.632206,0.195581,0.048845,0.123337,3.1e-05,2,0.001244,0.01726,0.041337,0.939922,0.000237,5,0.998076,0.000487,0.000479,0.000479,0.000479,4,0.002318,0.991833,0.002209,0.00182,0.00182,y,central,slightly_facing,n,strongly_facing,range_3_6,None,None,central
175,5,0.632275,0.19556,0.048841,0.123293,3.2e-05,2,0.00125,0.017266,0.041358,0.93989,0.000237,5,0.998025,0.000507,0.000489,0.000489,0.000489,4,0.002331,0.991792,0.002218,0.00183,0.00183,m,central,slightly_facing,n,strongly_facing,range_3_6,None,None,central
176,5,0.632804,0.195431,0.048735,0.122997,3.2e-05,2,0.00125,0.01723,0.041278,0.940004,0.000237,5,0.998002,0.000529,0.00049,0.00049,0.00049,4,0.002333,0.991788,0.002218,0.001831,0.001831,m,central,slightly_facing,n,strongly_facing,range_3_6,None,None,central
177,5,0.63229,0.19556,0.048825,0.123293,3.1e-05,2,0.001243,0.017253,0.04132,0.939947,0.000237,5,0.998079,0.000488,0.000478,0.000478,0.000478,4,0.002316,0.99184,0.002207,0.001819,0.001819,y,central,strongly_facing,n,strongly_facing,range_3_6,None,None,central
178,5,0.632826,0.195432,0.048725,0.122986,3.1e-05,2,0.001246,0.017223,0.041259,0.940034,0.000237,5,0.998041,0.000505,0.000485,0.000485,0.000485,4,0.002325,0.991809,0.002214,0.001826,0.001826,m,central,strongly_facing,n,strongly_facing,range_3_6,None,None,central
179,5,0.632307,0.195558,0.048821,0.123283,3.1e-05,2,0.001242,0.017251,0.041316,0.939953,0.000237,5,0.998085,0.000483,0.000477,0.000477,0.000477,4,0.002315,0.991841,0.002207,0.001819,0.001819,y,central,strongly_facing,n,strongly_facing,range_3_6,None,None,central
180,5,0.632933,0.195418,0.048691,0.122928,3e-05,2,0.001241,0.017207,0.041217,0.940098,0.000237,5,0.998089,0.000481,0.000477,0.000477,0.000477,4,0.002314,0.991843,0.002206,0.001819,0.001819,y,central,strongly_facing,n,strongly_facing,range_3_6,None,None,central
181,5,0.632739,0.195461,0.048741,0.123027,3.1e-05,2,0.001246,0.017228,0.04127,0.940018,0.000237,5,0.998055,0.000491,0.000485,0.000485,0.000485,4,0.002324,0.99181,0.002214,0.001826,0.001826,m,central,strongly_facing,n,strongly_facing,range_3_6,None,None,central
182,5,0.63225,0.195574,0.04884,0.123303,3.2e-05,2,0.001247,0.017263,0.041348,0.939904,0.000237,5,0.998052,0.000492,0.000485,0.000485,0.000485,4,0.002326,0.991807,0.002214,0.001826,0.001826,m,central,strongly_facing,n,strongly_facing,range_3_6,None,None,central
183,5,0.632911,0.195422,0.048698,0.122938,3.1e-05,2,0.001242,0.01721,0.041226,0.940084,0.000237,5,0.998081,0.000483,0.000479,0.000479,0.000479,4,0.002316,0.991834,0.002208,0.001821,0.001821,y,central,slightly_facing,n,strongly_facing,range_3_6,None,None,central
184,5,0.63268,0.195473,0.048759,0.123056,3.2e-05,2,0.001249,0.017237,0.041292,0.939985,0.000237,5,0.998037,0.000496,0.000489,0.000489,0.000489,4,0.00233,0.991792,0.002218,0.00183,0.00183,m,central,slightly_facing,n,strongly_facing,range_3_6,None,None,central
185,5,0.632093,0.195609,0.048878,0.123387,3.2e-05,2,0.001251,0.017278,0.041386,0.939847,0.000237,5,0.998032,0.000498,0.00049,0.00049,0.00049,4,0.002333,0.991788,0.002219,0.00183,0.00183,m,central,slightly_facing,n,strongly_facing,range_3_6,None,None,central
186,5,0.632452,0.195524,0.048806,0.123185,3.3e-05,2,0.001251,0.017253,0.04133,0.939928,0.000237,5,0.998027,0.000503,0.00049,0.00049,0.00049,4,0.002333,0.991787,0.002218,0.001831,0.001831,m,central,slightly_facing,n,strongly_facing,range_3_6,None,None,central
187,5,0.63205,0.195618,0.048887,0.123412,3.3e-05,2,0.001252,0.017282,0.041393,0.939836,0.000237,5,0.998025,0.000505,0.00049,0.00049,0.00049,4,0.002334,0.991787,0.002219,0.00183,0.00183,m,central,slightly_facing,n,strongly_facing,range_3_6,None,None,central
188,5,0.632097,0.195604,0.048873,0.123394,3.2e-05,2,0.001249,0.017275,0.041374,0.939865,0.000237,5,0.998029,0.000514,0.000486,0.000486,0.000486,4,0.002329,0.991804,0.002215,0.001826,0.001826,m,central,strongly_facing,n,strongly_facing,range_3_6,None,None,central
189,5,0.632585,0.195493,0.048764,0.123127,3.1e-05,2,0.001243,0.017232,0.041273,0.940014,0.000237,5,0.998066,0.000502,0.000477,0.000477,0.000477,4,0.002316,0.991839,0.002207,0.001819,0.001819,y,central,strongly_facing,n,strongly_facing,range_3_6,None,None,central
190,5,0.632522,0.195512,0.048777,0.123158,3e-05,2,0.001242,0.017236,0.04128,0.940005,0.000237,5,0.998083,0.000487,0.000477,0.000477,0.000477,4,0.002315,0.991842,0.002206,0.001818,0.001818,y,central,strongly_facing,n,strongly_facing,range_3_6,None,None,central
191,5,0.632274,0.195571,0.048826,0.123298,3e-05,2,0.001242,0.017253,0.041319,0.939949,0.000237,5,0.998088,0.000481,0.000477,0.000477,0.000477,4,0.002314,0.991843,0.002206,0.001818,0.001818,y,central,strongly_facing,n,strongly_facing,range_3_6,None,None,central
192,5,0.633027,0.195397,0.04867,0.122875,3e-05,2,0.001241,0.0172,0.041202,0.940119,0.000237,5,0.99809,0.00048,0.000477,0.000477,0.000477,4,0.002313,0.991843,0.002206,0.001819,0.001819,y,central,strongly_facing,n,strongly_facing,range_3_6,None,None,central
193,5,0.633011,0.195401,0.048674,0.122884,3e-05,2,0.001241,0.017201,0.041204,0.940116,0.000237,5,0.998091,0.000479,0.000477,0.000477,0.000477,4,0.002313,0.991843,0.002206,0.001819,0.001819,y,central,strongly_facing,n,strongly_facing,range_3_6,None,None,central
194,5,0.63295,0.195411,0.0487,0.122907,3.2e-05,2,0.001248,0.017218,0.04125,0.940046,0.000237,5,0.99804,0.000495,0.000489,0.000489,0.000489,4,0.002329,0.991793,0.002217,0.00183,0.00183,m,central,slightly_facing,n,strongly_facing,range_3_6,None,None,central
195,5,0.632816,0.195441,0.04873,0.122981,3.2e-05,2,0.00125,0.017228,0.041274,0.940011,0.000237,5,0.998034,0.000497,0.00049,0.00049,0.00049,4,0.002332,0.991788,0.002218,0.001831,0.001831,m,central,slightly_facing,n,strongly_facing,range_3_6,None,None,central
196,5,0.632454,0.195525,0.048805,0.123182,3.2e-05,2,0.001251,0.017253,0.04133,0.939929,0.000237,5,0.998033,0.000497,0.00049,0.00049,0.00049,4,0.002333,0.991788,0.002218,0.001831,0.001831,m,central,slightly_facing,n,strongly_facing,range_3_6,None,None,central
197,5,0.632049,0.19562,0.048887,0.123411,3.3e-05,2,0.001251,0.017281,0.041393,0.939837,0.000237,5,0.998032,0.000498,0.00049,0.00049,0.00049,4,0.002333,0.991788,0.002219,0.00183,0.00183,m,central,slightly_facing,n,strongly_facing,range_3_6,None,None,central
198,5,0.632061,0.195621,0.048874,0.123414,3.1e-05,2,0.001244,0.01727,0.041358,0.939891,0.000237,5,0.998079,0.000483,0.000479,0.000479,0.000479,4,0.002318,0.991833,0.002209,0.00182,0.00182,y,central,slightly_facing,n,strongly_facing,range_3_6,None,None,central
199,5,0.63205,0.19562,0.048887,0.123411,3.2e-05,2,0.00125,0.017281,0.041391,0.939842,0.000237,5,0.998034,0.000499,0.000489,0.000489,0.000489,4,0.002331,0.991792,0.002218,0.001829,0.001829,m,central,slightly_facing,n,strongly_facing,range_3_6,None,None,central
200,5,0.632071,0.195618,0.04887,0.12341,3.1e-05,2,0.001243,0.017268,0.041352,0.9399,0.000237,5,0.998083,0.000484,0.000478,0.000478,0.000478,4,0.002316,0.99184,0.002207,0.001819,0.001819,y,central,strongly_facing,n,strongly_facing,range_3_6,None,None,central
201,5,0.632125,0.195586,0.048853,0.123404,3.1e-05,2,0.001362,0.017342,0.041578,0.939471,0.000248,5,0.997721,0.000578,0.000567,0.000567,0.000567,4,0.002503,0.991438,0.002279,0.00189,0.00189,m,central,strongly_facing,n,strongly_facing,range_0_3,None,None,central
202,5,0.632982,0.195386,0.048669,0.122934,3e-05,2,0.001367,0.017288,0.04144,0.939655,0.000251,5,0.997724,0.000575,0.000567,0.000567,0.000567,4,0.002515,0.991426,0.002278,0.001891,0.001891,y,central,strongly_facing,n,strongly_facing,range_0_3,None,None,central
203,5,0.632957,0.195391,0.048673,0.122949,3e-05,2,0.001367,0.017292,0.041443,0.939646,0.000252,5,0.997728,0.000571,0.000567,0.000567,0.000567,4,0.002519,0.991422,0.002278,0.001891,0.001891,y,central,strongly_facing,n,strongly_facing,range_0_3,None,None,central
204,5,0.632877,0.195405,0.048699,0.122989,3.1e-05,2,0.001379,0.017309,0.041486,0.939574,0.000252,5,0.99768,0.000589,0.000577,0.000577,0.000577,4,0.00254,0.991372,0.002287,0.0019,0.0019,m,central,slightly_facing,n,strongly_facing,range_0_3,None,None,central
205,5,0.632693,0.19545,0.048732,0.123095,3e-05,2,0.00137,0.017314,0.041489,0.939575,0.000252,5,0.997719,0.000574,0.000569,0.000569,0.000569,4,0.002526,0.99141,0.00228,0.001892,0.001892,y,central,slightly_facing,n,strongly_facing,range_0_3,None,None,central
206,5,0.632185,0.195568,0.048834,0.123382,3e-05,2,0.00137,0.017349,0.041567,0.939462,0.000252,5,0.997721,0.000573,0.000569,0.000569,0.000569,4,0.002526,0.991412,0.002279,0.001891,0.001891,y,central,slightly_facing,n,strongly_facing,range_0_3,None,None,central
207,5,0.63263,0.195461,0.048752,0.123126,3.1e-05,2,0.00138,0.017327,0.041524,0.939517,0.000252,5,0.997679,0.000589,0.000577,0.000577,0.000577,4,0.002544,0.991369,0.002288,0.0019,0.0019,m,central,slightly_facing,n,strongly_facing,range_0_3,None,None,central
208,5,0.632042,0.195592,0.048872,0.123462,3.1e-05,2,0.001383,0.01737,0.041619,0.939376,0.000252,5,0.997673,0.000592,0.000578,0.000578,0.000578,4,0.002551,0.991361,0.002289,0.0019,0.0019,m,central,slightly_facing,n,strongly_facing,range_0_3,None,None,central
209,5,0.632633,0.19532,0.048784,0.123232,3.1e-05,2,0.001383,0.017344,0.041555,0.939467,0.000252,5,0.997672,0.000593,0.000578,0.000578,0.000578,4,0.002557,0.991354,0.002288,0.001901,0.001901,m,central,slightly_facing,n,strongly_facing,range_0_3,None,None,central
210,5,0.632392,0.195381,0.048825,0.123372,3.1e-05,2,0.001371,0.017352,0.041565,0.93946,0.000252,5,0.997717,0.000575,0.000569,0.000569,0.000569,4,0.002538,0.991398,0.00228,0.001892,0.001892,y,central,slightly_facing,n,strongly_facing,range_0_3,None,None,central
211,5,0.632422,0.195374,0.048817,0.123356,3e-05,2,0.001369,0.017348,0.041554,0.939477,0.000252,5,0.997727,0.000571,0.000567,0.000567,0.000567,4,0.002534,0.991408,0.002278,0.00189,0.00189,y,central,strongly_facing,n,strongly_facing,range_0_3,None,None,central
212,5,0.632785,0.195286,0.04875,0.123148,3.1e-05,2,0.001376,0.017329,0.041518,0.939525,0.000252,5,0.997696,0.000583,0.000574,0.000574,0.000574,4,0.002546,0.991377,0.002284,0.001897,0.001897,m,central,strongly_facing,n,strongly_facing,range_0_3,None,None,central
213,5,0.632441,0.195367,0.048819,0.123341,3.1e-05,2,0.001377,0.017353,0.041573,0.939444,0.000252,5,0.997692,0.000584,0.000574,0.000574,0.000574,4,0.002548,0.991373,0.002285,0.001897,0.001897,m,central,strongly_facing,n,strongly_facing,range_0_3,None,None,central
214,5,0.632475,0.195357,0.048815,0.123322,3.1e-05,2,0.001382,0.017355,0.041579,0.939433,0.000252,5,0.997674,0.000592,0.000578,0.000578,0.000578,4,0.002556,0.991356,0.002288,0.0019,0.0019,m,central,slightly_facing,n,strongly_facing,range_0_3,None,None,central
215,5,0.632894,0.195262,0.048722,0.123091,3e-05,2,0.001371,0.017317,0.041487,0.939573,0.000252,5,0.997718,0.000575,0.000569,0.000569,0.000569,4,0.002538,0.991398,0.00228,0.001892,0.001892,y,central,slightly_facing,n,strongly_facing,range_0_3,None,None,central
216,5,0.632865,0.195266,0.048735,0.123103,3.1e-05,2,0.00138,0.017327,0.041517,0.939524,0.000252,5,0.997678,0.00059,0.000577,0.000577,0.000577,4,0.002553,0.991359,0.002288,0.0019,0.0019,m,central,slightly_facing,n,strongly_facing,range_0_3,None,None,central
217,5,0.632777,0.195286,0.048755,0.123151,3.1e-05,2,0.001383,0.017334,0.041532,0.9395,0.000252,5,0.997673,0.000593,0.000578,0.000578,0.000578,4,0.002556,0.991354,0.002288,0.001901,0.001901,m,central,slightly_facing,n,strongly_facing,range_0_3,None,None,central
218,5,0.632429,0.195368,0.048825,0.123347,3.1e-05,2,0.001384,0.017358,0.041586,0.93942,0.000252,5,0.997671,0.000594,0.000578,0.000578,0.000578,4,0.002558,0.991353,0.002288,0.0019,0.0019,m,central,slightly_facing,n,strongly_facing,range_0_3,None,None,central
219,5,0.6324,0.195374,0.04883,0.123364,3.1e-05,2,0.001385,0.01736,0.041591,0.939412,0.000252,5,0.99767,0.000595,0.000578,0.000578,0.000578,4,0.002559,0.991352,0.002288,0.0019,0.0019,m,central,slightly_facing,n,strongly_facing,range_0_3,None,None,central
220,5,0.632689,0.195304,0.048771,0.123204,3.1e-05,2,0.001387,0.017341,0.041546,0.939475,0.000252,5,0.997664,0.000601,0.000578,0.000578,0.000578,4,0.002562,0.991348,0.002288,0.001901,0.001901,m,central,slightly_facing,n,strongly_facing,range_0_3,None,None,central
221,5,0.632703,0.1953,0.048768,0.123198,3.1e-05,2,0.001388,0.01734,0.041544,0.939476,0.000252,5,0.997662,0.000603,0.000578,0.000578,0.000578,4,0.002564,0.991346,0.002288,0.001901,0.001901,m,central,slightly_facing,n,strongly_facing,range_0_3,None,None,central
222,5,0.632692,0.195267,0.048803,0.123202,3.6e-05,2,0.001474,0.017389,0.041684,0.9392,0.000252,5,0.997379,0.000746,0.000625,0.000625,0.000625,4,0.002698,0.991081,0.002332,0.001944,0.001944,n,central,slightly_facing,n,strongly_facing,range_0_3,None,None,central
