,imas_1,wti_1,viewing_area_1,body_facing_1,gesture_1,approaching_1,imas_2,wti_2,viewing_area_2,body_facing_2,gesture_2,approaching_2,distance
0,1,1,mid_peripheral,slightly_facing,None,n,1,1,outside,turned_away,None,n,14.93664493527997
1,1,1,mid_peripheral,slightly_facing,None,n,1,1,outside,turned_away,None,n,14.93664493527997
2,1,1,mid_peripheral,slightly_facing,None,n,1,1,outside,turned_away,None,n,14.93664493527997
3,1,1,mid_peripheral,slightly_facing,None,n,1,1,outside,turned_away,None,n,14.93664493527997
4,1,1,mid_peripheral,slightly_facing,None,n,1,1,outside,turned_away,None,n,14.93664493527997
5,1,1,mid_peripheral,slightly_facing,None,n,1,1,outside,turned_away,None,n,14.93664493527997
6,1,1,mid_peripheral,slightly_facing,None,n,1,1,outside,turned_away,None,n,14.93664493527997
7,1,1,mid_peripheral,slightly_facing,None,n,1,1,outside,turned_away,None,n,14.93664493527997
8,1,1,mid_peripheral,slightly_facing,None,n,1,1,outside,turned_away,None,n,14.93664493527997
9,1,1,mid_peripheral,slightly_facing,None,n,1,1,outside,turned_away,None,n,14.93664493527997
10,1,1,mid_peripheral,slightly_facing,None,n,1,1,outside,turned_away,None,n,14.93664493527997
11,1,1,mid_peripheral,slightly_facing,None,n,1,1,outside,turned_away,None,n,14.909771568854627
12,1,1,mid_peripheral,slightly_facing,None,n,1,1,outside,turned_away,None,n,14.869108259873176
13,1,1,outside,slightly_facing,None,n,1,1,outside,turned_away,None,n,14.777760824230468
14,1,1,outside,slightly_facing,None,n,1,1,outside,turned_away,None,n,14.72199426890939
15,1,1,outside,slightly_facing,None,n,1,1,outside,turned_away,None,n,14.671870806281683
16,1,1,outside,slightly_facing,None,n,1,1,outside,turned_away,None,n,14.675269530521204
17,1,1,mid_peripheral,slightly_facing,None,n,1,1,outside,turned_away,None,n,14.636717688919353
18,2,3,central,slightly_facing,None,m,1,1,outside,turned_away,None,n,14.646313432728721
19,2,3,central,slightly_facing,None,m,1,1,outside,turned_away,None,n,14.651593629418475
20,2,3,central,slightly_facing,None,m,1,1,outside,turned_away,None,n,14.603003375719302
21,2,3,central,slightly_facing,None,m,1,1,outside,turned_away,None,n,14.609456616833159
22,2,3,central,slightly_facing,None,m,1,1,outside,turned_away,None,n,14.570038831384895
23,2,3,central,slightly_facing,None,m,1,1,outside,turned_away,None,n,14.634337710625175
24,2,3,central,slightly_facing,None,m,1,1,outside,turned_away,None,n,14.626805263522343
25,2,3,central,slightly_facing,None,m,1,1,outside,turned_away,None,n,14.573948469851814
26,2,3,central,slightly_facing,None,m,1,1,outside,turned_away,None,n,14.488338534110285
27,2,3,central,slightly_facing,None,m,1,1,outside,turned_away,None,n,14.453292111120776
28,2,3,central,slightly_facing,None,m,1,1,outside,turned_away,None,n,14.458324398877556
29,2,3,central,slightly_facing,None,m,1,1,outside,turned_away,None,n,14.491563525885258
30,2,3,central,slightly_facing,None,m,1,1,outside,turned_away,None,n,14.45552455603203
31,2,3,central,slightly_facing,None,m,1,1,outside,turned_away,None,n,14.450611589914663
32,2,3,central,slightly_facing,None,m,1,1,outside,turned_away,None,n,14.407393468629538
33,2,3,central,slightly_facing,None,m,1,1,outside,turned_away,None,n,14.35564300300185
34,2,3,central,slightly_facing,None,m,2,3,central,turned_away,None,n,14.278186912124276
35,2,3,central,slightly_facing,None,m,2,3,central,turned_away,None,n,14.23540759484027
36,2,3,central,slightly_facing,None,m,2,3,central,turned_away,None,n,14.211355869571346
37,2,3,central,slightly_facing,None,m,2,3,central,turned_away,None,n,14.200024094259707
38,2,3,central,slightly_facing,None,m,2,3,central,turned_away,None,n,14.265282615035002
39,2,3,central,slightly_facing,None,m,2,3,central,turned_away,None,n,14.179585115021284
40,2,3,central,slightly_facing,None,m,2,3,central,turned_away,None,n,14.167704862836814
41,2,3,central,slightly_facing,None,m,2,3,central,turned_away,None,n,14.15872940560219
42,2,3,central,slightly_facing,None,m,2,3,central,turned_away,None,n,14.104054661050343
43,2,3,central,slightly_facing,None,m,2,3,central,turned_away,None,n,14.04724043759613
44,2,3,central,slightly_facing,None,m,2,3,central,turned_away,None,n,14.017690412008568
45,2,3,central,slightly_facing,None,m,2,3,central,turned_away,None,n,13.9510933285635
46,4,5,central,slightly_facing,i_am_coming,m,2,3,central,turned_away,None,n,13.897210729695542
47,4,5,central,slightly_facing,i_am_coming,m,2,3,central,turned_away,None,n,13.881837954852122
48,4,5,central,slightly_facing,i_am_coming,m,2,4,central,turned_away,arm_raise_high,n,13.794203999732975
49,4,5,central,slightly_facing,i_am_coming,m,2,4,central,turned_away,arm_raise_high,n,13.71710679992191
50,4,5,central,slightly_facing,None,m,2,4,central,turned_away,arm_raise_high,n,13.755218939359027
51,4,5,central,slightly_facing,None,m,2,4,central,turned_away,arm_raise_high,n,13.686779648714488
52,4,5,central,slightly_facing,None,m,2,4,central,turned_away,arm_raise_high,n,13.664608897512208
53,4,5,central,slightly_facing,None,m,2,4,central,turned_away,arm_raise_high,n,13.600091591924848
54,4,5,central,slightly_facing,None,m,2,4,central,turned_away,arm_raise_high,n,13.598621151739538
55,4,5,central,slightly_facing,None,m,2,4,central,turned_away,arm_raise_high,n,13.605495082198852
56,4,5,central,slightly_facing,None,m,2,4,central,turned_away,arm_raise_high,n,13.611652572084703
57,4,5,central,slightly_facing,None,m,2,4,central,turned_away,arm_raise_high,n,13.652137284935861
58,4,5,central,turned_away,None,n,2,4,central,turned_away,arm_raise_high,n,13.709123589548135
59,4,5,central,slightly_facing,None,m,2,4,central,strongly_facing,None,n,13.769639128124236
60,4,5,central,slightly_facing,None,m,2,4,central,strongly_facing,None,n,13.755209797436606
61,4,5,central,slightly_facing,None,m,2,4,central,strongly_facing,None,n,13.688120078207415
62,4,5,central,slightly_facing,None,y,2,4,central,strongly_facing,None,n,13.592695639316323
63,4,5,central,slightly_facing,None,y,2,4,central,strongly_facing,None,n,13.374248586291648
64,4,5,central,strongly_facing,None,y,2,4,central,strongly_facing,None,n,13.166755915683108
65,4,5,central,slightly_facing,None,y,2,4,central,strongly_facing,None,n,12.864862976394887
66,4,5,central,slightly_facing,None,y,2,4,central,strongly_facing,None,n,12.59541985427338
67,4,5,central,strongly_facing,None,y,2,4,central,strongly_facing,None,n,12.418507500492803
68,4,5,central,strongly_facing,None,y,2,4,central,strongly_facing,None,n,12.014073740789875
69,4,5,central,strongly_facing,None,y,2,4,central,strongly_facing,None,n,11.816784702979735
70,4,5,central,slightly_facing,None,y,2,4,central,strongly_facing,None,n,11.60597433467957
71,4,5,central,slightly_facing,None,y,2,4,central,strongly_facing,None,n,11.447770035765918
72,4,5,central,strongly_facing,None,y,2,4,central,strongly_facing,None,n,11.14622331301468
73,4,5,central,strongly_facing,None,y,2,4,central,strongly_facing,None,n,10.878287989827259
74,4,5,central,slightly_facing,None,y,2,4,central,strongly_facing,None,n,10.550052516208245
75,4,5,central,slightly_facing,None,y,2,4,central,strongly_facing,None,n,10.314114430663302
76,4,5,central,strongly_facing,None,y,2,4,central,strongly_facing,None,n,10.137094561199277
77,4,5,central,strongly_facing,None,y,2,4,central,strongly_facing,None,n,9.746529560953272
78,4,5,central,strongly_facing,None,y,2,4,central,strongly_facing,None,n,9.638535283941277
79,4,5,central,slightly_facing,None,y,2,4,central,strongly_facing,None,n,9.329403667309123
80,4,5,central,slightly_facing,None,y,2,4,central,strongly_facing,None,n,9.184256095569904
81,4,5,central,strongly_facing,None,y,2,4,central,strongly_facing,None,n,8.801370849945195
82,4,5,central,strongly_facing,None,y,2,4,central,strongly_facing,None,n,8.619338026722524
83,4,5,central,slightly_facing,None,y,2,4,central,strongly_facing,None,n,8.292319791553869
84,4,5,central,slightly_facing,None,y,2,4,central,strongly_facing,None,n,8.059822076168802
85,4,5,central,slightly_facing,None,y,2,4,central,strongly_facing,None,n,7.866069471699638
86,4,5,central,strongly_facing,None,y,2,4,central,strongly_facing,None,n,7.493769130700051
87,4,5,central,slightly_facing,None,y,2,4,central,strongly_facing,None,n,7.260547400035342
88,4,5,central,slightly_facing,None,m,2,4,central,strongly_facing,None,n,6.891232149580289
89,4,5,central,slightly_facing,None,y,2,4,central,strongly_facing,None,n,6.80482049074338
90,4,5,central,slightly_facing,None,y,2,4,central,strongly_facing,None,n,6.60087990980415
91,4,5,central,strongly_facing,None,y,2,4,central,strongly_facing,None,n,6.32906158102637
92,4,5,central,slightly_facing,None,y,2,4,central,strongly_facing,None,n,6.133100703471366
93,4,5,central,slightly_facing,None,y,2,4,central,strongly_facing,None,n,5.77852376563989
94,4,5,central,slightly_facing,None,y,2,4,central,strongly_facing,None,n,5.620255984494826
95,4,5,central,strongly_facing,None,y,2,4,central,strongly_facing,None,n,5.453372147974674
96,4,5,central,slightly_facing,None,y,2,4,central,strongly_facing,None,n,5.247112772331179
97,4,5,central,slightly_facing,None,y,2,4,central,strongly_facing,None,n,4.9506248345181625
98,4,5,central,slightly_facing,None,y,2,4,central,strongly_facing,None,n,4.696184109316942
99,4,5,central,slightly_facing,None,y,2,4,central,strongly_facing,None,n,4.408473437589138
100,4,5,central,slightly_facing,None,y,2,4,central,strongly_facing,None,n,4.14176277214968
101,4,5,central,slightly_facing,None,y,2,4,central,strongly_facing,None,n,3.948220877333608
102,4,5,central,slightly_facing,None,m,2,4,central,strongly_facing,None,n,3.607374974568626
103,4,5,central,slightly_facing,None,y,2,4,central,strongly_facing,None,n,3.524245410672332
104,4,5,central,slightly_facing,None,y,2,4,central,strongly_facing,None,n,3.2029688556245692
105,4,5,central,slightly_facing,None,y,2,4,central,strongly_facing,None,n,2.971337732608664
106,4,5,central,slightly_facing,None,y,2,4,central,strongly_facing,None,n,2.7522182567757953
107,4,5,central,slightly_facing,None,m,2,4,central,strongly_facing,None,n,2.575664018071069
108,4,5,central,slightly_facing,None,n,2,4,central,strongly_facing,None,n,2.575491198851396
