,imas_1,wti_1,viewing_area_1,body_facing_1,gesture_1,approaching_1,imas_2,wti_2,viewing_area_2,body_facing_2,gesture_2,approaching_2,distance
0,2,2,outside,turned_away,None,n,2,3,mid_peripheral,strongly_facing,None,n,32.27468278335025
1,2,2,outside,turned_away,None,n,2,3,mid_peripheral,strongly_facing,None,n,32.27468278335025
2,2,2,outside,turned_away,None,n,2,3,mid_peripheral,strongly_facing,None,n,32.27468278335025
3,2,2,outside,turned_away,None,n,2,3,mid_peripheral,strongly_facing,None,n,32.27468278335025
4,2,2,outside,turned_away,None,n,2,3,mid_peripheral,strongly_facing,None,n,32.28138879708786
5,2,2,mid_peripheral,strongly_facing,None,n,2,3,mid_peripheral,strongly_facing,None,n,32.29911955436392
6,2,2,mid_peripheral,strongly_facing,None,n,2,3,mid_peripheral,slightly_facing,None,n,32.22553623346665
7,2,2,mid_peripheral,strongly_facing,None,n,2,3,mid_peripheral,slightly_facing,None,n,31.849377148600006
8,2,2,mid_peripheral,slightly_facing,None,n,2,3,mid_peripheral,slightly_facing,None,n,31.542055799503316
9,2,2,mid_peripheral,slightly_facing,None,n,2,3,mid_peripheral,slightly_facing,None,n,31.4622571181825
10,2,2,mid_peripheral,slightly_facing,None,n,2,3,mid_peripheral,slightly_facing,None,n,31.29163570111074
11,2,2,mid_peripheral,slightly_facing,None,n,2,3,mid_peripheral,slightly_facing,None,n,30.979727333017422
12,2,2,mid_peripheral,slightly_facing,None,n,2,3,mid_peripheral,strongly_facing,None,n,30.67904928888759
13,2,2,mid_peripheral,slightly_facing,None,n,2,3,mid_peripheral,slightly_facing,None,n,30.484336468698054
14,2,2,mid_peripheral,slightly_facing,None,n,2,3,mid_peripheral,slightly_facing,None,n,30.288279187356157
15,2,2,mid_peripheral,slightly_facing,None,n,3,4,central,slightly_facing,None,y,29.97057057029712
16,2,2,mid_peripheral,strongly_facing,None,n,3,4,central,slightly_facing,None,y,29.722208827790208
17,2,2,mid_peripheral,strongly_facing,None,n,3,4,central,slightly_facing,None,y,29.452549582443844
18,2,2,mid_peripheral,slightly_facing,None,n,3,4,central,strongly_facing,None,y,29.285243123576247
19,2,2,mid_peripheral,slightly_facing,None,n,3,4,central,slightly_facing,None,y,29.116189555139595
20,2,2,mid_peripheral,slightly_facing,None,n,3,4,central,slightly_facing,None,y,28.905503916382862
21,2,2,mid_peripheral,slightly_facing,None,n,3,4,central,slightly_facing,None,y,28.512868316325118
22,2,2,mid_peripheral,slightly_facing,None,n,3,4,central,slightly_facing,None,y,28.266047484128837
23,2,2,mid_peripheral,slightly_facing,None,n,3,4,central,slightly_facing,None,y,28.020028406372912
24,2,2,mid_peripheral,slightly_facing,None,n,2,4,central,strongly_facing,wave_small_head,y,27.845888101287958
25,2,2,mid_peripheral,strongly_facing,None,n,2,4,central,slightly_facing,wave_small_head,y,27.545176130776873
26,2,2,mid_peripheral,strongly_facing,None,n,2,4,central,slightly_facing,wave_small_head,y,27.404653625593593
27,2,2,mid_peripheral,strongly_facing,None,n,2,4,central,slightly_facing,wave_small_head,y,27.22169937608505
28,2,2,mid_peripheral,strongly_facing,None,n,2,4,central,slightly_facing,wave_small_head,y,27.025847339935243
29,2,2,mid_peripheral,slightly_facing,None,n,2,4,central,slightly_facing,wave_small_head,y,26.71827989723075
30,2,2,mid_peripheral,slightly_facing,None,n,2,4,central,slightly_facing,wave_small_head,y,26.568608787672797
31,2,2,mid_peripheral,slightly_facing,None,n,2,4,central,slightly_facing,wave_small_head,y,26.34457084022818
32,2,2,mid_peripheral,slightly_facing,None,n,2,4,central,slightly_facing,wave_small_head,y,26.120318467762313
33,2,2,mid_peripheral,slightly_facing,None,n,2,4,central,strongly_facing,wave_small_head,y,25.92718762127819
34,2,2,mid_peripheral,slightly_facing,None,n,2,4,central,slightly_facing,wave_small_head,y,25.73298978988965
35,2,2,mid_peripheral,slightly_facing,None,n,2,4,central,slightly_facing,wave_small_head,y,25.546145354266553
36,2,2,mid_peripheral,slightly_facing,None,n,2,4,central,slightly_facing,wave_small_head,y,25.361747914391223
37,2,2,central,slightly_facing,None,y,2,4,central,slightly_facing,wave_small_head,y,25.123409758753844
38,2,2,central,strongly_facing,None,y,2,4,central,slightly_facing,wave_small_head,y,24.935316092969444
39,2,2,central,slightly_facing,None,y,2,4,central,slightly_facing,wave_small_head,y,24.78223161561545
40,2,2,central,slightly_facing,None,y,2,4,central,slightly_facing,wave_small_head,y,24.548320727597645
41,2,2,central,slightly_facing,None,y,2,4,central,strongly_facing,wave_small_head,y,24.37051709134677
42,2,2,central,slightly_facing,None,y,2,4,central,slightly_facing,wave_small_head,y,24.173193904665165
43,2,2,central,slightly_facing,None,y,2,4,central,slightly_facing,wave_small_head,y,23.947203638784654
44,2,2,central,slightly_facing,None,y,2,4,central,slightly_facing,wave_small_head,y,23.806265076568604
45,2,2,central,slightly_facing,None,y,2,4,central,slightly_facing,wave_small_head,y,23.58689665265622
46,2,2,central,slightly_facing,None,y,2,4,central,slightly_facing,wave_small_head,y,23.390924758330012
47,2,2,central,slightly_facing,None,y,2,4,central,slightly_facing,wave_small_head,y,23.257830733204894
48,2,2,central,strongly_facing,None,y,2,4,central,slightly_facing,wave_small_head,y,23.08701904285473
49,2,2,central,strongly_facing,None,y,2,4,central,slightly_facing,None,y,22.870857818514565
50,2,2,central,strongly_facing,None,y,2,4,central,strongly_facing,None,y,22.61515503730463
51,2,2,central,strongly_facing,None,y,2,4,central,strongly_facing,None,y,22.44458825759842
52,2,2,central,strongly_facing,None,y,2,4,central,slightly_facing,None,y,22.258668939178136
53,2,3,central,slightly_facing,arm_raise_high,y,2,4,central,slightly_facing,None,y,22.03304165649512
54,2,3,central,slightly_facing,arm_raise_high,m,2,4,central,slightly_facing,None,m,21.79618775584983
55,2,3,central,slightly_facing,arm_raise_high,y,2,4,central,slightly_facing,None,y,21.7114561584242
56,2,3,central,strongly_facing,arm_raise_high,y,2,4,central,slightly_facing,None,y,21.583277995452704
57,2,3,central,strongly_facing,arm_raise_high,y,2,4,central,slightly_facing,None,y,21.28853294134053
58,2,3,central,strongly_facing,arm_raise_high,y,2,4,central,slightly_facing,None,y,21.05662483621266
59,2,3,central,strongly_facing,arm_raise_high,y,2,4,central,slightly_facing,None,y,20.84151655490562
60,2,3,central,strongly_facing,arm_raise_high,y,2,4,central,slightly_facing,None,y,20.70560869953214
61,2,3,central,strongly_facing,arm_raise_high,y,2,4,central,slightly_facing,None,y,20.52614837052607
62,2,3,central,strongly_facing,arm_raise_high,y,2,4,central,slightly_facing,None,y,20.22709608597339
63,2,3,central,slightly_facing,arm_raise_high,y,2,4,central,slightly_facing,None,y,20.016686845856285
64,2,3,central,slightly_facing,arm_raise_high,y,2,4,central,slightly_facing,None,y,19.747133833433242
65,2,3,central,slightly_facing,arm_raise_high,y,2,4,central,slightly_facing,None,y,19.611720201528676
66,2,3,central,slightly_facing,arm_raise_high,y,2,4,central,slightly_facing,None,y,19.389331361725837
67,2,3,central,slightly_facing,arm_raise_high,y,2,4,central,slightly_facing,None,y,19.168208040807414
68,2,3,central,slightly_facing,arm_raise_high,y,2,4,central,slightly_facing,None,y,18.9245356520642
69,2,3,central,slightly_facing,arm_raise_high,y,2,4,central,slightly_facing,None,y,18.712863938008343
70,2,3,central,slightly_facing,arm_raise_high,y,2,4,central,slightly_facing,None,y,18.608135312514037
71,2,3,central,slightly_facing,arm_raise_high,m,2,4,central,slightly_facing,None,m,18.394103654848095
72,5,5,central,slightly_facing,None,y,2,4,central,slightly_facing,None,y,18.296468589197968
73,5,5,central,slightly_facing,None,y,2,4,central,slightly_facing,None,y,18.119131977504715
74,5,5,central,slightly_facing,None,y,2,4,central,slightly_facing,None,y,17.893782194487667
75,5,5,central,slightly_facing,None,y,2,4,central,slightly_facing,None,y,17.761100172483943
76,5,5,central,slightly_facing,None,y,2,4,central,slightly_facing,None,y,17.566883864044918
77,5,5,central,slightly_facing,None,y,2,4,central,slightly_facing,None,y,17.415473746441585
78,5,5,central,slightly_facing,None,y,2,4,central,slightly_facing,None,y,17.28029179376234
79,5,5,central,slightly_facing,None,y,2,4,central,slightly_facing,None,y,17.089421177033845
80,5,5,central,slightly_facing,None,y,2,4,central,slightly_facing,None,y,16.960693297672858
81,5,5,central,slightly_facing,None,y,2,4,central,slightly_facing,None,y,16.85025317366267
82,5,5,central,slightly_facing,None,y,2,4,central,slightly_facing,None,y,16.719901592500477
83,5,5,central,slightly_facing,None,y,2,4,central,slightly_facing,None,y,16.557587976239777
84,5,5,central,slightly_facing,None,y,2,4,central,slightly_facing,None,y,16.35492728040403
85,5,5,central,slightly_facing,None,y,2,4,central,slightly_facing,None,y,16.062164254219212
86,5,5,central,strongly_facing,None,y,2,4,central,slightly_facing,None,y,15.796078258665661
87,5,5,central,strongly_facing,None,y,2,4,central,slightly_facing,None,y,15.415972001329658
88,5,5,central,slightly_facing,None,y,2,4,central,slightly_facing,None,y,15.22365532975376
89,5,5,central,slightly_facing,None,y,2,4,central,slightly_facing,None,y,14.820037802677327
90,5,5,central,slightly_facing,None,y,2,4,central,slightly_facing,None,y,14.620551151589668
91,5,5,central,slightly_facing,None,y,2,4,central,slightly_facing,None,y,14.316939558092193
92,5,5,central,strongly_facing,None,y,2,4,central,slightly_facing,None,y,13.942990082303725
93,5,5,central,slightly_facing,None,y,2,4,central,slightly_facing,None,y,13.650905816774872
94,5,5,central,slightly_facing,None,y,2,4,central,slightly_facing,None,y,13.339384895325304
95,5,5,central,slightly_facing,None,y,2,4,central,slightly_facing,None,y,13.051835122528098
96,5,5,central,slightly_facing,None,y,2,4,central,slightly_facing,None,y,12.797126678447041
97,5,5,central,strongly_facing,None,y,2,4,central,slightly_facing,None,y,12.362586327745666
98,5,5,central,strongly_facing,None,y,2,4,central,slightly_facing,None,y,12.155079874846445
99,5,5,central,slightly_facing,None,y,2,4,central,slightly_facing,None,y,11.863660570941583
100,5,5,central,slightly_facing,None,y,2,4,central,slightly_facing,None,y,11.534382188011286
101,5,5,central,slightly_facing,None,y,2,4,central,slightly_facing,None,y,11.284715926346394
102,5,5,central,strongly_facing,None,y,2,4,central,slightly_facing,None,y,10.929299902103516
103,5,5,central,strongly_facing,None,y,2,4,central,slightly_facing,None,y,10.659246279807684
104,5,5,central,slightly_facing,None,y,2,4,central,slightly_facing,None,y,10.372777607827137
105,5,5,central,slightly_facing,None,n,2,4,central,slightly_facing,None,m,9.964450393432502
106,5,5,central,slightly_facing,None,y,2,4,central,slightly_facing,None,y,9.881845094008108
107,5,5,central,strongly_facing,None,y,2,4,central,slightly_facing,None,y,9.564337288269012
108,5,5,central,strongly_facing,None,y,2,4,central,slightly_facing,None,y,9.16478159326478
109,5,5,central,strongly_facing,None,y,2,4,central,slightly_facing,None,y,8.960765720470539
110,5,5,central,slightly_facing,None,y,2,4,central,slightly_facing,None,y,8.60459983246031
111,5,5,central,slightly_facing,None,y,2,4,central,slightly_facing,None,y,8.370136826892269
112,5,5,central,strongly_facing,None,y,2,4,central,slightly_facing,None,y,8.132633981125982
113,5,5,central,strongly_facing,None,y,2,4,central,slightly_facing,None,y,7.8616833914463875
114,5,5,central,strongly_facing,None,y,2,4,central,turned_away,None,n,7.649023183184694
115,5,5,central,strongly_facing,None,y,2,4,central,slightly_facing,None,y,7.300470707003827
116,5,5,central,strongly_facing,None,m,2,4,central,slightly_facing,None,m,7.0790796205321005
117,5,5,central,strongly_facing,None,y,2,4,central,slightly_facing,None,y,6.981832977967394
118,5,5,central,strongly_facing,None,y,2,4,central,slightly_facing,None,y,6.672631615029334
119,5,5,central,strongly_facing,None,y,2,4,central,slightly_facing,None,y,6.468917151458656
120,5,5,central,strongly_facing,None,y,2,4,central,strongly_facing,None,n,6.246524543372021
121,5,5,central,slightly_facing,None,y,2,4,central,strongly_facing,None,n,6.034336770907389
122,5,5,central,slightly_facing,None,y,2,4,central,strongly_facing,None,n,5.868792110234784
123,5,5,central,strongly_facing,None,y,2,4,central,strongly_facing,None,n,5.5649165972924495
124,5,5,central,strongly_facing,None,y,2,4,central,strongly_facing,None,n,5.296385439790897
125,5,5,central,strongly_facing,None,y,2,4,central,strongly_facing,None,n,5.182107333626832
126,5,5,central,slightly_facing,None,y,2,4,central,strongly_facing,None,n,4.945086766784379
127,5,5,central,slightly_facing,None,y,2,4,central,strongly_facing,None,n,4.7373816009311485
128,5,5,central,strongly_facing,None,y,2,4,central,strongly_facing,None,n,4.608838725349576
129,5,5,central,strongly_facing,None,y,2,4,central,strongly_facing,None,n,4.3987705445441305
130,5,5,central,strongly_facing,None,y,2,4,central,strongly_facing,None,n,4.193599440404979
131,5,5,central,slightly_facing,None,y,2,4,central,strongly_facing,None,n,4.047857615066151
132,5,5,central,slightly_facing,None,m,2,4,central,strongly_facing,None,n,3.622613364492136
133,5,5,central,slightly_facing,None,y,2,4,central,strongly_facing,None,n,3.5298775426335953
134,5,5,central,strongly_facing,None,y,2,4,central,strongly_facing,None,n,3.3215156342769223
135,5,5,central,strongly_facing,None,y,2,4,central,strongly_facing,None,n,3.0541204245433793
136,5,5,central,slightly_facing,None,y,2,4,central,strongly_facing,None,n,2.850965883282544
137,5,5,central,slightly_facing,None,y,2,4,central,strongly_facing,None,n,2.6376591457976564
138,5,5,central,slightly_facing,None,y,2,4,central,strongly_facing,None,n,2.494232757925571
139,5,5,central,slightly_facing,None,y,2,4,central,strongly_facing,None,n,2.3022107178640274
140,5,5,central,strongly_facing,None,n,2,4,central,strongly_facing,None,n,1.934616089178669
141,5,5,central,strongly_facing,None,y,2,4,central,strongly_facing,None,n,1.934616089178669
142,5,5,central,slightly_facing,None,y,2,4,central,strongly_facing,None,n,1.5903400568104948
143,5,5,central,strongly_facing,None,m,2,4,central,strongly_facing,None,n,1.3395929454226012
144,5,5,central,slightly_facing,None,m,2,4,central,strongly_facing,None,n,1.3327785309322797
145,5,5,central,slightly_facing,None,n,2,4,central,strongly_facing,None,n,1.281020399378948
