,imas_1,wti_1,viewing_area_1,body_facing_1,gesture_1,approaching_1,imas_2,wti_2,viewing_area_2,body_facing_2,gesture_2,approaching_2,distance
0,2,2,central,slightly_facing,None,n,1,1,mid_peripheral,slightly_facing,None,n,18.740420179258866
1,2,2,central,slightly_facing,None,n,1,1,mid_peripheral,slightly_facing,None,n,18.740420179258866
2,2,2,central,slightly_facing,None,n,1,1,mid_peripheral,slightly_facing,None,n,18.740420179258866
3,2,2,central,slightly_facing,None,n,1,1,mid_peripheral,slightly_facing,None,n,18.740420179258866
4,2,2,central,slightly_facing,None,n,1,1,mid_peripheral,slightly_facing,None,n,18.740420179258866
5,2,2,central,slightly_facing,None,n,1,1,mid_peripheral,slightly_facing,None,n,18.740420179258866
6,2,2,central,slightly_facing,None,n,1,1,mid_peripheral,slightly_facing,None,n,18.740420179258866
7,2,2,central,slightly_facing,None,m,1,1,mid_peripheral,slightly_facing,None,n,18.740420179258866
8,2,2,central,slightly_facing,None,y,1,1,mid_peripheral,slightly_facing,None,n,18.695543631474326
9,2,2,central,slightly_facing,None,y,1,1,mid_peripheral,slightly_facing,None,n,18.524932006060265
10,2,2,central,slightly_facing,None,m,1,1,mid_peripheral,slightly_facing,None,n,18.278389720778144
11,2,2,central,slightly_facing,None,y,1,1,mid_peripheral,slightly_facing,None,n,18.212042713042926
12,2,2,central,slightly_facing,None,y,1,1,mid_peripheral,slightly_facing,None,n,18.027974731704333
13,2,2,central,slightly_facing,None,y,1,1,mid_peripheral,slightly_facing,None,n,17.91727202979393
14,2,2,central,slightly_facing,None,y,1,1,mid_peripheral,slightly_facing,None,n,17.80848408107468
15,3,4,central,slightly_facing,wave_small_head,y,2,3,central,slightly_facing,None,y,17.52712648691557
16,3,4,central,slightly_facing,wave_small_head,y,2,3,central,slightly_facing,None,y,17.28699624647961
17,3,4,central,slightly_facing,wave_small_head,y,2,3,central,slightly_facing,None,y,17.18480812231793
18,3,4,central,slightly_facing,wave_small_head,y,2,3,central,slightly_facing,None,y,17.055156411121427
19,3,4,central,slightly_facing,wave_small_head,m,2,3,central,slightly_facing,None,m,16.91724883554431
20,3,4,central,slightly_facing,wave_small_head,y,2,3,central,slightly_facing,None,y,16.82200737768403
21,3,4,central,slightly_facing,wave_small_head,m,2,4,central,slightly_facing,arm_raise_high,m,16.701181117159948
22,3,4,central,slightly_facing,wave_small_head,m,2,4,central,slightly_facing,arm_raise_high,m,16.644165327172466
23,3,4,central,slightly_facing,wave_small_head,y,2,4,central,slightly_facing,arm_raise_high,y,16.57002628194093
24,3,4,central,slightly_facing,wave_small_head,m,2,4,central,slightly_facing,arm_raise_high,m,16.429234430736717
25,3,4,central,slightly_facing,wave_small_head,m,2,4,central,slightly_facing,arm_raise_high,m,16.3429231841081
26,3,4,central,slightly_facing,wave_small_head,y,2,4,central,slightly_facing,arm_raise_high,y,16.24599580599235
27,3,4,central,slightly_facing,wave_small_head,m,2,4,central,slightly_facing,arm_raise_high,m,16.07715288683167
28,3,4,central,slightly_facing,wave_small_head,y,2,4,central,slightly_facing,arm_raise_high,y,16.00814890943688
29,3,4,central,slightly_facing,wave_small_head,y,2,4,central,slightly_facing,arm_raise_high,y,15.75946709033402
30,3,4,central,slightly_facing,wave_small_head,y,2,4,central,slightly_facing,arm_raise_high,y,15.65165992614866
31,3,4,central,slightly_facing,wave_small_head,y,2,4,central,slightly_facing,arm_raise_high,y,15.520358039000584
32,3,4,central,slightly_facing,wave_small_head,y,2,4,central,slightly_facing,arm_raise_high,y,15.303189205698049
33,4,5,central,slightly_facing,None,y,2,4,central,slightly_facing,arm_raise_high,y,15.044612396784444
34,4,5,central,slightly_facing,None,y,2,4,central,slightly_facing,arm_raise_high,y,14.889116257810636
35,4,5,central,slightly_facing,None,y,2,4,central,slightly_facing,arm_raise_high,y,14.727751324955552
36,4,5,central,slightly_facing,None,y,2,4,central,slightly_facing,arm_raise_high,y,14.475686282612296
37,4,5,central,slightly_facing,None,m,2,4,central,slightly_facing,arm_raise_high,m,14.33048901745101
38,4,5,central,slightly_facing,None,y,2,4,central,slightly_facing,arm_raise_high,y,14.236062824675786
39,4,5,central,slightly_facing,None,y,2,4,central,slightly_facing,arm_raise_high,y,14.080888382697228
40,4,5,central,slightly_facing,None,y,2,4,central,slightly_facing,arm_raise_high,y,13.881468053965255
41,4,5,central,slightly_facing,None,y,2,4,central,slightly_facing,arm_raise_high,y,13.687960719251974
42,4,5,central,slightly_facing,None,y,2,4,central,slightly_facing,arm_raise_high,y,13.559346908752797
43,4,5,central,slightly_facing,None,y,2,4,central,slightly_facing,arm_raise_high,y,13.392980438400146
44,4,5,central,slightly_facing,None,y,2,4,central,slightly_facing,arm_raise_high,y,13.169054979476698
45,4,5,central,strongly_facing,None,y,2,4,central,slightly_facing,arm_raise_high,y,12.95404117063355
46,4,5,central,strongly_facing,None,y,2,4,central,slightly_facing,arm_raise_high,y,12.724705865483294
47,4,5,central,strongly_facing,None,y,2,4,central,turned_away,arm_raise_high,n,12.513257473217907
48,4,5,central,slightly_facing,None,y,2,4,central,turned_away,arm_raise_high,n,12.378195892310034
49,4,5,central,slightly_facing,None,y,2,4,central,slightly_facing,arm_raise_high,y,12.171511422468207
50,4,5,central,strongly_facing,None,y,2,4,central,slightly_facing,arm_raise_high,y,12.06084652098106
51,4,5,central,strongly_facing,None,y,2,4,central,slightly_facing,arm_raise_high,y,11.916773843234083
52,4,5,central,strongly_facing,None,y,2,4,central,slightly_facing,arm_raise_high,y,11.750653740979098
53,4,5,central,strongly_facing,None,y,2,4,central,strongly_facing,None,n,11.478130027320823
54,4,5,central,strongly_facing,None,y,2,4,central,strongly_facing,None,n,11.327217826348177
55,4,5,central,slightly_facing,None,y,2,4,central,strongly_facing,None,n,11.189925233895712
56,4,5,central,slightly_facing,None,m,2,4,central,strongly_facing,None,n,11.015452370695494
57,4,5,central,strongly_facing,None,y,2,4,central,strongly_facing,None,n,10.934136764474868
58,4,5,central,strongly_facing,None,y,2,4,central,strongly_facing,None,n,10.76615911509137
59,4,5,central,strongly_facing,None,y,2,4,central,strongly_facing,None,n,10.609669496633531
60,4,5,central,strongly_facing,None,y,2,4,central,strongly_facing,None,n,10.41528354198943
61,4,5,central,strongly_facing,None,y,2,4,central,strongly_facing,None,n,10.275382841000377
62,4,5,central,strongly_facing,None,m,2,4,central,strongly_facing,None,n,10.044234261868098
63,4,5,central,strongly_facing,None,y,2,4,central,strongly_facing,None,n,9.978608632051115
64,4,5,central,strongly_facing,None,y,2,4,central,strongly_facing,None,n,9.778532181273883
65,4,5,central,strongly_facing,None,y,2,4,central,strongly_facing,None,n,9.63113456436987
66,4,5,central,strongly_facing,None,y,2,4,central,strongly_facing,None,n,9.4891279424152
67,4,5,central,strongly_facing,None,m,2,4,central,strongly_facing,None,n,9.252586658858371
68,4,5,central,strongly_facing,None,y,2,4,central,strongly_facing,None,n,9.157921463506279
69,4,5,central,strongly_facing,None,m,2,4,central,strongly_facing,None,n,8.884994334299654
70,4,5,central,slightly_facing,None,y,2,4,central,strongly_facing,None,n,8.807012598215126
71,4,5,central,slightly_facing,None,y,2,4,central,strongly_facing,None,n,8.610444408841216
72,4,5,central,strongly_facing,None,y,2,4,central,strongly_facing,None,n,8.461995609969382
73,4,5,central,strongly_facing,None,y,2,4,central,strongly_facing,None,n,8.32349835630019
74,4,5,central,strongly_facing,None,y,2,4,central,strongly_facing,None,n,8.132653531351252
75,4,5,central,strongly_facing,None,y,2,4,central,strongly_facing,None,n,8.021184696176306
76,4,5,central,strongly_facing,None,y,2,4,central,strongly_facing,None,n,7.806981987446489
77,4,5,central,slightly_facing,None,y,2,4,central,strongly_facing,None,n,7.657902957484502
78,4,5,central,slightly_facing,None,y,2,4,central,strongly_facing,None,n,7.522784479759871
79,4,5,central,strongly_facing,None,y,2,4,central,strongly_facing,None,n,7.383085784242249
80,4,5,central,strongly_facing,None,y,2,4,central,strongly_facing,None,n,7.23085593493529
81,4,5,central,strongly_facing,None,y,2,4,central,strongly_facing,None,n,6.977858485714658
82,4,5,central,strongly_facing,None,y,2,4,central,strongly_facing,None,n,6.86252050374088
83,4,5,central,strongly_facing,None,y,2,4,central,strongly_facing,None,n,6.696520245829545
84,4,5,central,strongly_facing,None,m,2,4,central,strongly_facing,None,n,6.48690728327544
85,4,5,central,slightly_facing,None,y,2,4,central,strongly_facing,None,n,6.4036382916236745
86,4,5,central,strongly_facing,None,y,2,4,central,strongly_facing,None,n,6.286860638269713
87,4,5,central,strongly_facing,None,y,2,4,central,strongly_facing,None,n,6.164430040909949
88,4,5,central,strongly_facing,None,y,2,4,central,strongly_facing,None,n,6.0079908742260875
89,4,5,central,strongly_facing,None,y,2,4,central,strongly_facing,None,n,5.81317378704955
90,4,5,central,strongly_facing,None,y,2,4,central,strongly_facing,None,n,5.676532882233318
91,4,5,central,slightly_facing,None,y,2,4,central,strongly_facing,None,n,5.450907765584097
92,4,5,central,slightly_facing,None,m,2,4,central,strongly_facing,None,n,5.277109010180861
93,4,5,central,slightly_facing,None,y,2,4,central,strongly_facing,None,n,5.196192851309513
94,4,5,central,strongly_facing,None,y,2,4,central,strongly_facing,None,n,5.080378394417973
95,4,5,central,strongly_facing,None,y,2,4,central,strongly_facing,None,n,4.942538609400837
96,4,5,central,strongly_facing,None,y,2,4,central,strongly_facing,None,n,4.67765304981729
97,4,5,central,strongly_facing,None,y,2,4,central,strongly_facing,None,n,4.541129989881369
98,4,5,central,strongly_facing,None,y,2,4,central,strongly_facing,None,n,4.397827577338604
99,4,5,central,slightly_facing,None,m,2,4,central,strongly_facing,None,n,4.141360719995904
100,4,5,central,strongly_facing,None,y,2,4,central,strongly_facing,None,n,4.106033393495477
101,4,5,central,strongly_facing,None,y,2,4,central,strongly_facing,None,n,3.8976122143820358
102,4,5,central,strongly_facing,None,y,2,4,central,strongly_facing,None,n,3.7614422402622374
103,4,5,central,strongly_facing,None,y,2,4,central,strongly_facing,None,n,3.5655698740537938
104,4,5,central,strongly_facing,None,y,2,4,central,strongly_facing,None,n,3.3888238591729682
105,4,5,central,strongly_facing,None,y,2,4,central,strongly_facing,None,n,3.2454204603762817
106,4,5,central,slightly_facing,None,y,2,4,central,strongly_facing,None,n,3.0992547500649246
107,4,5,central,slightly_facing,None,m,2,4,central,strongly_facing,None,n,2.954583523813293
108,4,5,central,strongly_facing,None,y,2,4,central,strongly_facing,None,n,2.8644908693366427
109,4,5,central,strongly_facing,None,y,2,4,central,strongly_facing,None,n,2.742250350217679
110,4,5,central,strongly_facing,None,y,2,4,central,strongly_facing,None,n,2.440855797645773
111,4,5,central,strongly_facing,None,y,2,4,central,strongly_facing,None,n,2.316941008979715
112,4,5,central,strongly_facing,None,y,2,4,central,strongly_facing,None,n,2.165644795581444
113,4,5,central,slightly_facing,None,y,2,4,central,strongly_facing,None,n,2.028607639797303
114,4,5,central,slightly_facing,None,y,2,4,central,strongly_facing,None,n,1.8555391159509422
115,4,5,central,strongly_facing,None,y,2,4,central,strongly_facing,None,n,1.7020124670956431
116,4,5,central,strongly_facing,None,y,2,4,central,strongly_facing,None,n,1.5535809717114895
117,4,5,central,strongly_facing,None,y,2,4,central,strongly_facing,None,n,1.3984691067649608
118,4,5,central,slightly_facing,None,y,2,4,central,strongly_facing,None,n,1.2280691817792677
119,4,5,central,strongly_facing,None,y,2,4,central,strongly_facing,None,n,1.127563471104393
120,4,5,central,strongly_facing,None,y,2,4,central,strongly_facing,None,n,0.8432419606880337
121,4,5,central,strongly_facing,None,m,2,4,central,strongly_facing,None,n,0.6910872527517753
122,4,5,central,turned_away,None,n,2,4,central,strongly_facing,None,n,0.6744362235660304
123,4,5,central,slightly_facing,None,m,2,4,central,strongly_facing,None,n,0.6793975777650307
124,4,5,central,slightly_facing,None,n,2,4,central,strongly_facing,None,n,0.6630188650475912
