,imas_1,wti_1,viewing_area_1,body_facing_1,gesture_1,approaching_1,imas_2,wti_2,viewing_area_2,body_facing_2,gesture_2,approaching_2,distance
0,2,2,mid_peripheral,slightly_facing,None,n,2,2,central,turned_away,None,n,17.518000963798038
1,2,2,mid_peripheral,slightly_facing,None,n,3,5,central,turned_away,None,n,17.518000963798038
2,2,2,mid_peripheral,slightly_facing,None,n,3,5,central,turned_away,None,n,17.494353633973702
3,2,2,mid_peripheral,slightly_facing,None,n,3,5,central,turned_away,None,n,17.428756077460548
4,2,2,mid_peripheral,slightly_facing,None,n,3,5,central,turned_away,None,n,17.37011706755106
5,2,2,outside,slightly_facing,None,n,3,5,central,turned_away,None,n,17.275676181952058
6,2,2,outside,slightly_facing,None,n,3,5,central,turned_away,None,n,17.1995230126643
7,2,2,mid_peripheral,slightly_facing,None,n,3,5,central,turned_away,None,n,17.159200723980593
8,2,2,mid_peripheral,slightly_facing,None,n,3,5,central,turned_away,wave_small_head,n,17.107471317073426
9,2,2,mid_peripheral,slightly_facing,None,n,3,5,central,turned_away,wave_small_head,n,16.963066306629738
10,2,2,mid_peripheral,slightly_facing,None,n,3,5,central,slightly_facing,wave_small_head,y,16.86770487901333
11,2,2,mid_peripheral,slightly_facing,None,n,3,5,central,slightly_facing,wave_small_head,m,16.713853521570453
12,2,2,mid_peripheral,slightly_facing,None,n,3,5,central,slightly_facing,wave_small_head,y,16.66970507247315
13,2,2,mid_peripheral,slightly_facing,None,n,3,5,central,slightly_facing,wave_small_head,y,16.52065939020401
14,2,2,mid_peripheral,slightly_facing,None,n,3,5,central,slightly_facing,wave_small_head,y,16.366359160221094
15,2,2,mid_peripheral,slightly_facing,None,n,3,5,central,slightly_facing,wave_small_head,y,16.223844062659133
16,2,2,mid_peripheral,slightly_facing,None,n,3,5,central,slightly_facing,wave_small_head,y,16.090835291497452
17,2,3,central,slightly_facing,None,y,3,5,central,slightly_facing,wave_small_head,y,15.990166916999353
18,2,3,central,slightly_facing,None,m,3,5,central,slightly_facing,wave_small_head,m,15.86786107455774
19,2,3,central,slightly_facing,None,m,3,5,central,slightly_facing,wave_small_head,m,15.787587289052784
20,2,3,central,slightly_facing,None,m,3,5,central,slightly_facing,wave_small_head,m,15.701289778138639
21,2,3,central,slightly_facing,None,m,3,5,central,slightly_facing,wave_small_head,m,15.617416405121075
22,2,3,central,slightly_facing,None,m,3,5,central,slightly_facing,wave_small_head,m,15.532016912393729
23,2,4,central,slightly_facing,arm_raise_high,m,3,5,central,slightly_facing,wave_small_head,m,15.43828993544765
24,2,4,central,slightly_facing,arm_raise_high,y,3,5,central,slightly_facing,wave_small_head,y,15.352413746020524
25,2,4,central,slightly_facing,arm_raise_high,y,3,5,central,strongly_facing,wave_small_head,y,15.176591584572764
26,2,4,central,slightly_facing,arm_raise_high,m,3,5,central,strongly_facing,wave_small_head,m,14.89078865176096
27,2,4,central,slightly_facing,arm_raise_high,m,3,5,central,strongly_facing,wave_small_head,m,14.792755419694341
28,2,4,central,slightly_facing,arm_raise_high,y,3,5,central,slightly_facing,wave_small_head,y,14.704512593520572
29,2,4,central,slightly_facing,arm_raise_high,y,3,5,central,slightly_facing,wave_small_head,y,14.54169528520962
30,2,4,central,slightly_facing,arm_raise_high,y,3,5,central,slightly_facing,wave_small_head,y,14.38607569897799
31,2,4,central,slightly_facing,arm_raise_high,y,3,5,central,slightly_facing,wave_small_head,y,14.27169467826582
32,2,4,central,slightly_facing,None,m,3,5,central,slightly_facing,wave_small_head,m,14.149364693324285
33,2,4,central,slightly_facing,None,m,3,5,central,slightly_facing,wave_small_head,m,14.06744847581426
34,2,4,central,slightly_facing,None,m,3,5,central,slightly_facing,wave_small_head,m,14.00498370221548
35,2,4,central,slightly_facing,None,m,3,5,central,slightly_facing,wave_small_head,m,13.943142866963106
36,2,4,central,slightly_facing,None,m,3,5,central,slightly_facing,wave_small_head,m,13.84324464106445
37,2,4,central,slightly_facing,None,y,3,5,central,slightly_facing,wave_small_head,y,13.804586456652734
38,2,4,central,slightly_facing,None,m,3,5,central,slightly_facing,wave_small_head,m,13.675147713499257
39,2,4,central,slightly_facing,None,m,3,5,central,slightly_facing,wave_small_head,m,13.5867034552735
40,2,4,central,slightly_facing,None,m,3,5,central,slightly_facing,wave_small_head,m,13.542693663314882
41,2,4,central,slightly_facing,None,m,3,5,central,slightly_facing,wave_small_head,m,13.483467601192988
42,2,4,central,slightly_facing,None,m,3,5,central,slightly_facing,wave_small_head,m,13.447668408366484
43,2,4,central,slightly_facing,None,m,5,5,central,slightly_facing,None,m,13.407088018980991
44,2,4,central,slightly_facing,None,m,5,5,central,slightly_facing,None,m,13.336300758423569
45,2,4,central,slightly_facing,None,m,5,5,central,slightly_facing,None,m,13.2724879360024
46,2,4,central,slightly_facing,None,y,5,5,central,slightly_facing,None,y,13.173133396583548
47,2,4,central,slightly_facing,None,y,5,5,central,slightly_facing,None,y,13.046542087659434
48,2,4,central,slightly_facing,None,m,5,5,central,slightly_facing,None,m,12.93015995808636
49,2,4,central,slightly_facing,None,y,5,5,central,slightly_facing,None,y,12.83085420746927
50,2,4,central,slightly_facing,None,m,5,5,central,slightly_facing,None,m,12.707542899543173
51,2,4,central,slightly_facing,None,m,5,5,central,slightly_facing,None,m,12.640854313890015
52,2,4,central,slightly_facing,None,m,5,5,central,slightly_facing,None,m,12.593719600354534
53,2,4,central,slightly_facing,None,m,5,5,central,slightly_facing,None,m,12.545218704118069
54,2,4,central,slightly_facing,None,m,5,5,central,slightly_facing,None,m,12.474666060633195
55,2,4,central,slightly_facing,None,y,5,5,central,slightly_facing,None,y,12.405188428229307
56,2,4,central,slightly_facing,None,y,5,5,central,slightly_facing,None,y,12.28335130203456
57,2,4,central,slightly_facing,None,y,5,5,central,slightly_facing,None,y,12.132605738675098
58,2,4,central,slightly_facing,None,y,5,5,central,slightly_facing,None,y,12.022767674449717
59,2,4,central,slightly_facing,None,y,5,5,central,slightly_facing,None,y,11.899166008493868
60,2,4,central,slightly_facing,None,y,5,5,central,slightly_facing,None,y,11.784613714818356
61,2,4,central,slightly_facing,None,y,5,5,central,strongly_facing,None,y,11.670919837317916
62,2,4,central,slightly_facing,None,m,5,5,central,strongly_facing,None,m,11.494118012828341
63,2,4,central,slightly_facing,None,y,5,5,central,strongly_facing,None,y,11.397404390999553
64,2,4,central,slightly_facing,None,y,5,5,central,strongly_facing,None,y,11.266550114912114
65,2,4,central,slightly_facing,None,y,5,5,central,strongly_facing,None,y,11.097048605881156
66,2,4,central,turned_away,None,n,5,5,central,slightly_facing,None,y,10.854104537979811
67,2,4,central,slightly_facing,None,m,5,5,central,strongly_facing,None,m,10.743862343560439
68,2,4,central,slightly_facing,None,y,5,5,central,strongly_facing,None,y,10.6649694300485
69,2,4,central,turned_away,None,n,5,5,central,strongly_facing,None,y,10.550767134505145
70,2,4,central,turned_away,None,n,5,5,central,strongly_facing,None,m,10.407827335351985
71,2,4,central,strongly_facing,None,n,5,5,central,strongly_facing,None,y,10.30816172113481
72,2,4,central,strongly_facing,None,n,5,5,central,strongly_facing,None,m,10.152526375026707
73,2,4,central,strongly_facing,None,n,5,5,central,strongly_facing,None,m,10.068072895693396
74,2,4,central,strongly_facing,None,n,5,5,central,strongly_facing,None,m,9.968961180208295
75,2,4,central,strongly_facing,None,n,5,5,central,strongly_facing,None,y,9.881319699407351
76,2,4,central,strongly_facing,None,n,5,5,central,slightly_facing,None,y,9.73110555280997
77,2,4,central,strongly_facing,None,n,5,5,central,slightly_facing,None,m,9.607579944410816
78,2,4,central,strongly_facing,None,n,5,5,central,slightly_facing,None,y,9.541984065900179
79,2,4,central,strongly_facing,None,n,5,5,central,strongly_facing,None,m,9.3921946091765
80,2,4,central,strongly_facing,None,n,5,5,central,strongly_facing,None,y,9.292447565211276
81,2,4,central,strongly_facing,None,n,5,5,central,strongly_facing,None,y,9.188810643374035
82,2,4,central,strongly_facing,None,n,5,5,central,strongly_facing,None,y,9.033203089549191
83,2,4,central,strongly_facing,None,n,5,5,central,strongly_facing,None,y,8.895691029368377
84,2,4,central,strongly_facing,None,n,5,5,central,strongly_facing,None,y,8.778675518243569
85,2,4,central,strongly_facing,None,n,5,5,central,strongly_facing,None,y,8.666814360989852
86,2,4,central,strongly_facing,None,n,5,5,central,slightly_facing,None,m,8.50186385274428
87,2,4,central,strongly_facing,None,n,5,5,central,strongly_facing,None,m,8.443379566835196
88,2,4,central,strongly_facing,None,n,5,5,central,slightly_facing,None,y,8.354544951373533
89,2,4,central,strongly_facing,None,n,5,5,central,strongly_facing,None,y,8.250522254207667
90,2,4,central,strongly_facing,None,n,5,5,central,strongly_facing,None,y,8.1081060322127
91,2,4,central,strongly_facing,None,n,5,5,central,strongly_facing,None,y,7.986266997182412
92,2,4,central,strongly_facing,None,n,5,5,central,strongly_facing,None,y,7.857979518249522
93,2,4,central,strongly_facing,None,n,5,5,central,strongly_facing,None,y,7.748329919544984
94,2,4,central,strongly_facing,None,n,5,5,central,strongly_facing,None,y,7.5639160000111785
95,2,4,central,strongly_facing,None,n,5,5,central,strongly_facing,None,m,7.455128240359113
96,2,4,central,strongly_facing,None,n,5,5,central,strongly_facing,None,y,7.374627355566923
97,2,4,central,strongly_facing,None,n,5,5,central,slightly_facing,None,y,7.249981136935805
98,2,4,central,strongly_facing,None,n,5,5,central,slightly_facing,None,y,7.145403862077004
99,2,4,central,strongly_facing,None,n,5,5,central,strongly_facing,None,m,7.0401151974975535
100,2,4,central,strongly_facing,None,n,5,5,central,strongly_facing,None,y,6.940738516677886
101,2,4,central,strongly_facing,None,n,5,5,central,strongly_facing,None,m,6.73987953690598
102,2,4,central,strongly_facing,None,n,5,5,central,strongly_facing,None,y,6.6517496104558855
103,2,4,central,strongly_facing,None,n,5,5,central,strongly_facing,None,m,6.501300039949622
104,2,4,central,strongly_facing,None,n,5,5,central,strongly_facing,None,y,6.4427135695047735
105,2,4,central,strongly_facing,None,n,5,5,central,slightly_facing,None,y,6.2970064361243825
106,2,4,central,strongly_facing,None,n,5,5,central,slightly_facing,None,m,6.162635141925562
107,2,4,central,strongly_facing,None,n,5,5,central,slightly_facing,None,y,6.084994645601585
108,2,4,central,strongly_facing,None,n,5,5,central,slightly_facing,None,y,5.924202902235541
109,2,4,central,strongly_facing,None,n,5,5,central,strongly_facing,None,y,5.822314339569875
110,2,4,central,strongly_facing,None,n,5,5,central,strongly_facing,None,y,5.719280343406853
111,2,4,central,strongly_facing,None,n,5,5,central,strongly_facing,None,m,5.588772395025573
112,2,4,central,strongly_facing,None,n,5,5,central,strongly_facing,None,y,5.506024339537376
113,2,4,central,strongly_facing,None,n,5,5,central,strongly_facing,None,y,5.333955186272188
114,2,4,central,strongly_facing,None,n,5,5,central,slightly_facing,None,y,5.222858304740236
115,2,4,central,strongly_facing,None,n,5,5,central,slightly_facing,None,m,5.119555932309949
116,2,4,central,strongly_facing,None,n,5,5,central,slightly_facing,None,m,5.022229061794771
117,2,4,central,strongly_facing,None,n,5,5,central,slightly_facing,None,y,4.928332384641277
118,2,4,central,strongly_facing,None,n,5,5,central,strongly_facing,None,m,4.8237104523791645
119,2,4,central,strongly_facing,None,n,5,5,central,strongly_facing,None,y,4.724785541619958
120,2,4,central,strongly_facing,None,n,5,5,central,strongly_facing,None,y,4.6139824818657456
121,2,4,central,strongly_facing,None,n,5,5,central,strongly_facing,None,y,4.4734594290044685
122,2,4,central,strongly_facing,None,n,5,5,central,strongly_facing,None,y,4.344906897463388
123,2,4,central,strongly_facing,None,n,5,5,central,strongly_facing,None,m,4.236120901438015
124,2,4,central,strongly_facing,None,n,5,5,central,slightly_facing,None,y,4.138049930262925
125,2,4,central,strongly_facing,None,n,5,5,central,slightly_facing,None,y,4.03283186269823
126,2,4,central,strongly_facing,None,n,5,5,central,slightly_facing,None,y,3.9047470375916804
127,2,4,central,strongly_facing,None,n,5,5,central,slightly_facing,None,y,3.7924161412315978
128,2,4,central,strongly_facing,None,n,5,5,central,slightly_facing,None,y,3.690149474926454
129,2,4,central,strongly_facing,None,n,5,5,central,strongly_facing,None,y,3.588561675919202
130,2,4,central,strongly_facing,None,n,5,5,central,strongly_facing,None,y,3.4289940081114123
131,2,4,central,strongly_facing,None,n,5,5,central,strongly_facing,None,y,3.3014948910152815
132,2,4,central,strongly_facing,None,n,5,5,central,strongly_facing,None,y,3.1915689919442487
133,2,4,central,strongly_facing,None,n,5,5,central,strongly_facing,None,y,3.0742925568273414
134,2,4,central,strongly_facing,None,n,5,5,central,slightly_facing,None,y,2.9631754441402807
135,2,4,central,strongly_facing,None,n,5,5,central,slightly_facing,None,m,2.801202164577922
136,2,4,central,strongly_facing,None,n,5,5,central,slightly_facing,None,m,2.74418334309663
137,2,4,central,strongly_facing,None,n,5,5,central,slightly_facing,None,y,2.6575841404465437
138,2,4,central,strongly_facing,None,n,5,5,central,slightly_facing,None,m,2.5571437737139515
139,2,4,central,strongly_facing,None,n,5,5,central,slightly_facing,None,y,2.457379588179257
140,2,4,central,strongly_facing,None,n,5,5,central,slightly_facing,None,m,2.267558383167673
141,2,4,central,strongly_facing,None,n,5,5,central,strongly_facing,None,y,2.173902636347813
142,2,4,central,strongly_facing,None,n,5,5,central,strongly_facing,None,y,2.0644623097484707
143,2,4,central,strongly_facing,None,n,5,5,central,slightly_facing,None,y,1.9478212301481934
144,2,4,central,strongly_facing,None,n,5,5,central,slightly_facing,None,m,1.7766085315353024
145,2,4,central,strongly_facing,None,n,5,5,central,slightly_facing,None,m,1.7001480982185122
146,2,4,central,strongly_facing,None,n,5,5,central,strongly_facing,None,m,1.6267409726111857
147,2,4,central,strongly_facing,None,n,5,5,central,slightly_facing,None,m,1.6167998741340919
148,2,4,central,strongly_facing,None,n,5,5,central,strongly_facing,None,m,1.592174874757477
149,2,4,central,strongly_facing,None,n,5,5,central,slightly_facing,None,m,1.5751526974071424
150,2,4,central,strongly_facing,None,n,5,5,central,slightly_facing,None,n,1.5607051226929376
