,imas_1,wti_1,viewing_area_1,body_facing_1,gesture_1,approaching_1,imas_2,wti_2,viewing_area_2,body_facing_2,gesture_2,approaching_2,distance
0,1,1,outside,turned_away,None,n,1,1,outside,turned_away,None,n,20.303182970034648
1,1,1,outside,turned_away,None,n,1,1,outside,turned_away,None,n,20.303182970034648
2,1,1,outside,turned_away,None,n,1,1,outside,turned_away,None,n,20.303182970034648
3,1,1,outside,turned_away,None,n,1,1,outside,turned_away,None,n,20.303182970034648
4,1,1,outside,turned_away,None,n,1,1,outside,turned_away,None,n,20.303182970034648
5,1,1,outside,turned_away,None,n,1,1,outside,turned_away,None,n,20.303182970034648
6,1,1,outside,turned_away,None,n,1,1,outside,turned_away,None,n,20.303182970034648
7,1,1,outside,turned_away,None,n,1,1,outside,turned_away,None,n,20.303182970034648
8,1,1,outside,turned_away,None,n,1,1,outside,turned_away,None,n,20.312820113255864
9,1,1,mid_peripheral,strongly_facing,None,n,1,1,outside,turned_away,None,n,20.339345537488196
10,1,1,mid_peripheral,slightly_facing,None,n,1,1,outside,turned_away,None,n,20.375668666876823
11,1,1,mid_peripheral,slightly_facing,None,n,1,1,outside,turned_away,None,n,20.45876787642181
12,1,1,mid_peripheral,slightly_facing,None,n,1,1,outside,turned_away,None,n,20.375565834388624
13,1,1,mid_peripheral,slightly_facing,None,n,1,1,outside,turned_away,None,n,20.3720372611197
14,1,1,mid_peripheral,slightly_facing,None,n,1,1,outside,turned_away,None,n,20.375580326372344
15,1,1,mid_peripheral,slightly_facing,None,n,1,1,outside,turned_away,None,n,20.31134947739074
16,1,1,mid_peripheral,slightly_facing,None,n,1,1,outside,turned_away,None,n,20.307855200164884
17,1,1,mid_peripheral,slightly_facing,None,n,1,1,outside,turned_away,None,n,20.321397619415947
18,1,1,mid_peripheral,slightly_facing,None,n,1,1,outside,turned_away,None,n,20.344162457105305
19,1,1,mid_peripheral,slightly_facing,None,n,1,1,outside,turned_away,None,n,20.367465206573936
20,1,1,mid_peripheral,slightly_facing,None,n,1,1,outside,turned_away,None,n,20.370332868046344
21,1,1,mid_peripheral,slightly_facing,None,n,1,1,outside,turned_away,None,n,20.391556246390444
22,1,1,mid_peripheral,slightly_facing,None,n,1,1,outside,turned_away,None,n,20.334900663238287
23,1,1,mid_peripheral,slightly_facing,None,n,1,1,outside,turned_away,None,n,20.328292178087665
24,1,1,mid_peripheral,slightly_facing,None,n,1,1,outside,turned_away,None,n,20.307937548608553
25,1,1,mid_peripheral,slightly_facing,None,n,1,1,outside,turned_away,None,n,20.268261118272108
26,1,1,mid_peripheral,slightly_facing,None,n,1,1,outside,turned_away,None,n,20.21642094569026
27,1,1,mid_peripheral,slightly_facing,None,n,1,1,outside,turned_away,None,n,20.28419801469974
28,1,1,mid_peripheral,slightly_facing,None,n,1,1,outside,turned_away,None,n,20.298923377136852
29,1,1,mid_peripheral,slightly_facing,None,n,1,1,outside,turned_away,None,n,20.324740221854647
30,1,1,mid_peripheral,slightly_facing,None,n,1,1,outside,turned_away,None,n,20.331234738171712
31,1,1,mid_peripheral,slightly_facing,None,n,1,1,outside,turned_away,None,n,20.30922368962302
32,2,3,central,slightly_facing,None,m,1,1,outside,turned_away,None,n,20.27429700061218
33,2,3,central,strongly_facing,None,m,1,1,outside,turned_away,None,n,20.286930584751264
34,2,3,central,slightly_facing,None,m,1,1,outside,turned_away,None,n,20.352839421244223
35,2,3,central,slightly_facing,None,m,1,1,outside,turned_away,None,n,20.299202643835862
36,2,3,central,slightly_facing,None,m,1,1,outside,turned_away,None,n,20.242713618478458
37,2,3,central,slightly_facing,None,m,1,1,outside,turned_away,None,n,20.236159948986757
38,2,3,central,slightly_facing,None,m,1,1,outside,turned_away,None,n,20.23387125429083
39,2,3,central,slightly_facing,None,m,1,1,outside,turned_away,None,n,20.255426844531915
40,2,3,central,strongly_facing,None,m,1,1,outside,turned_away,None,n,20.209548915361395
41,2,3,central,slightly_facing,None,m,1,1,outside,turned_away,None,n,20.12305920170018
42,2,3,central,slightly_facing,None,n,1,1,outside,turned_away,None,n,20.17211472251863
43,2,3,central,slightly_facing,None,m,1,1,outside,turned_away,None,n,20.27793492342906
44,2,3,central,slightly_facing,None,m,1,1,outside,turned_away,None,n,20.362750260245416
45,2,3,central,slightly_facing,None,m,1,1,outside,turned_away,None,n,20.324751440392298
46,2,3,central,slightly_facing,None,m,1,1,outside,turned_away,None,n,20.356105538171093
47,2,3,central,slightly_facing,None,m,1,1,outside,turned_away,None,n,20.37702856052987
48,2,3,central,slightly_facing,None,m,1,1,outside,turned_away,None,n,20.44132405816279
49,2,3,central,slightly_facing,None,m,1,1,outside,turned_away,None,n,20.501917475608227
50,2,3,central,slightly_facing,None,m,1,1,outside,turned_away,None,n,20.496651592093478
51,2,3,central,slightly_facing,None,m,1,1,outside,turned_away,None,n,20.581757058357407
52,2,3,central,slightly_facing,None,m,1,1,outside,turned_away,None,n,20.61447314754335
53,2,3,central,slightly_facing,None,m,1,1,outside,turned_away,None,n,20.688318290008706
54,2,3,central,slightly_facing,None,m,1,1,outside,turned_away,None,n,20.69694440047699
55,2,3,central,slightly_facing,None,m,1,1,outside,turned_away,None,n,20.777423333981044
56,2,3,central,slightly_facing,None,m,1,1,outside,turned_away,None,n,20.86071028363188
57,2,3,central,slightly_facing,None,m,2,3,central,turned_away,None,n,20.912911517407448
58,2,3,central,slightly_facing,None,m,2,3,central,turned_away,None,n,20.930692307172954
59,3,4,central,slightly_facing,wave_small_head,m,2,3,central,turned_away,None,n,20.91750268583346
60,3,4,central,slightly_facing,wave_small_head,n,2,3,central,turned_away,None,n,20.93360987350096
61,3,4,central,slightly_facing,wave_small_head,m,2,3,central,turned_away,None,n,21.036068731535224
62,3,4,central,slightly_facing,wave_small_head,m,2,3,central,turned_away,None,n,21.041632217682448
63,3,4,central,slightly_facing,wave_small_head,m,2,3,central,turned_away,None,n,21.123170427522325
64,3,4,central,slightly_facing,wave_small_head,m,2,3,central,turned_away,None,n,21.213732005821136
65,3,4,central,slightly_facing,wave_small_head,m,2,3,central,turned_away,None,n,21.27994981891379
66,3,4,central,slightly_facing,wave_small_head,m,2,3,central,turned_away,None,n,21.286564899583492
67,3,4,central,slightly_facing,wave_small_head,m,2,3,central,turned_away,None,n,21.28323622954012
68,3,4,central,slightly_facing,wave_small_head,m,2,3,central,turned_away,None,n,21.285964571207035
69,3,4,central,slightly_facing,wave_small_head,m,2,3,central,turned_away,None,n,21.349314410900966
70,3,4,central,slightly_facing,wave_small_head,m,2,3,central,turned_away,None,n,21.419647201137863
71,3,4,central,slightly_facing,wave_small_head,m,2,3,central,turned_away,None,n,21.382083589129007
72,3,4,central,slightly_facing,wave_small_head,m,2,3,central,turned_away,None,n,21.40088222399539
73,3,4,central,slightly_facing,wave_small_head,y,2,4,central,turned_away,arm_raise_high,n,21.414419335120375
74,3,4,central,slightly_facing,wave_small_head,m,2,4,central,turned_away,arm_raise_high,n,21.31096949733658
75,3,4,central,slightly_facing,wave_small_head,m,2,4,central,turned_away,arm_raise_high,n,21.2503242227474
76,3,4,central,slightly_facing,wave_small_head,m,2,4,central,turned_away,arm_raise_high,n,21.27713821330763
77,3,4,central,slightly_facing,wave_small_head,m,2,4,central,turned_away,arm_raise_high,n,21.35414961989957
78,3,4,central,slightly_facing,wave_small_head,m,2,4,central,turned_away,arm_raise_high,n,21.37201034650519
79,3,4,central,slightly_facing,wave_small_head,m,2,4,central,turned_away,arm_raise_high,n,21.33879147360661
80,3,4,central,slightly_facing,wave_small_head,m,2,4,central,turned_away,arm_raise_high,n,21.3423587809602
81,3,4,central,slightly_facing,wave_small_head,m,2,4,central,turned_away,arm_raise_high,n,21.305153984949136
82,3,4,central,slightly_facing,wave_small_head,m,2,4,central,turned_away,arm_raise_high,n,21.31659145582213
83,3,4,central,strongly_facing,wave_small_head,y,2,4,central,strongly_facing,None,n,21.242746848350688
84,3,4,central,slightly_facing,wave_small_head,m,2,4,central,strongly_facing,None,n,21.093039568123725
85,3,4,central,slightly_facing,wave_small_head,y,2,4,central,strongly_facing,None,n,21.042949528106845
86,3,4,central,slightly_facing,wave_small_head,m,2,4,central,strongly_facing,None,n,20.93979030168015
87,3,4,central,slightly_facing,wave_small_head,y,2,4,central,strongly_facing,None,n,20.865622189556227
88,3,4,central,slightly_facing,wave_small_head,y,2,4,central,strongly_facing,None,n,20.737457282826938
89,3,4,central,slightly_facing,wave_small_head,m,2,4,central,strongly_facing,None,n,20.605841094393455
90,3,4,central,slightly_facing,wave_small_head,m,2,4,central,strongly_facing,None,n,20.51419656650255
91,3,4,central,slightly_facing,wave_small_head,y,2,4,central,strongly_facing,None,n,20.426770917550648
92,3,4,central,slightly_facing,wave_small_head,y,2,4,central,strongly_facing,None,n,20.27884688908896
93,3,4,central,slightly_facing,wave_small_head,y,2,4,central,strongly_facing,None,n,20.161903608603033
94,3,4,central,slightly_facing,wave_small_head,m,2,4,central,strongly_facing,None,n,20.059684140070452
95,3,4,central,slightly_facing,wave_small_head,m,2,4,central,strongly_facing,None,n,19.986548588551983
96,3,4,central,slightly_facing,wave_small_head,y,2,4,central,strongly_facing,None,n,19.904635019293817
97,3,4,central,slightly_facing,wave_small_head,m,2,4,central,strongly_facing,None,n,19.754900920263434
98,3,4,central,slightly_facing,wave_small_head,m,2,4,central,strongly_facing,None,n,19.66502793327487
99,3,4,central,slightly_facing,wave_small_head,y,2,4,central,strongly_facing,None,n,19.5795684610805
100,3,4,central,slightly_facing,wave_small_head,m,2,4,central,strongly_facing,None,n,19.433441171100014
101,3,4,central,slightly_facing,wave_small_head,m,2,4,central,strongly_facing,None,n,19.33760984132602
102,3,4,central,slightly_facing,wave_small_head,m,2,4,central,strongly_facing,None,n,19.267866698648763
103,3,4,central,slightly_facing,wave_small_head,m,2,4,central,strongly_facing,None,n,19.195082613012868
104,4,4,central,slightly_facing,None,y,2,4,central,strongly_facing,None,n,19.115308040824793
105,4,4,central,slightly_facing,None,y,2,4,central,strongly_facing,None,n,18.842423845141816
106,4,4,central,slightly_facing,None,m,2,4,central,strongly_facing,None,n,18.742231656100323
107,4,4,central,slightly_facing,None,y,2,4,central,strongly_facing,None,n,18.65271603697491
108,4,4,central,slightly_facing,None,y,2,4,central,strongly_facing,None,n,18.519463114870796
109,4,4,central,slightly_facing,None,m,2,4,central,strongly_facing,None,n,18.248873928257954
110,4,4,central,slightly_facing,None,y,2,4,central,strongly_facing,None,n,18.187300757753505
111,4,4,central,slightly_facing,None,m,2,4,central,strongly_facing,None,n,18.051158404366628
112,4,4,central,slightly_facing,None,m,2,4,central,strongly_facing,None,n,17.973398020164943
113,4,4,central,slightly_facing,None,y,2,4,central,strongly_facing,None,n,17.882838124686728
114,4,4,central,strongly_facing,None,y,2,4,central,strongly_facing,None,n,17.69304822575378
115,4,4,central,slightly_facing,None,m,2,4,central,strongly_facing,None,n,17.54285188891641
116,4,4,central,slightly_facing,None,y,2,4,central,strongly_facing,None,n,17.48135878377207
117,4,4,central,strongly_facing,None,m,2,4,central,strongly_facing,None,n,17.269831831148903
118,4,4,central,strongly_facing,None,y,2,4,central,strongly_facing,None,n,17.17364536382931
119,4,4,central,strongly_facing,None,m,2,4,central,strongly_facing,None,n,16.944532782363193
120,4,4,central,strongly_facing,None,y,2,4,central,strongly_facing,None,n,16.889422081154834
121,4,4,central,strongly_facing,None,y,2,4,central,strongly_facing,None,n,16.71796716462289
122,4,4,central,strongly_facing,None,y,2,4,central,strongly_facing,None,n,16.6060934764344
123,4,4,central,strongly_facing,None,y,2,4,central,strongly_facing,None,n,16.501124570292326
124,4,4,central,slightly_facing,None,y,2,4,central,strongly_facing,None,n,16.3825120557207
125,4,4,central,slightly_facing,None,m,2,4,central,strongly_facing,None,n,16.274065788941613
126,4,4,central,strongly_facing,None,m,2,4,central,strongly_facing,None,n,16.189896537397175
127,4,4,central,strongly_facing,None,y,2,4,central,strongly_facing,None,n,16.128171104690697
128,4,4,central,strongly_facing,None,m,2,4,central,strongly_facing,None,n,15.896722101254745
129,4,4,central,strongly_facing,None,y,2,4,central,strongly_facing,None,n,15.802818039144952
130,4,4,central,strongly_facing,None,y,2,4,central,strongly_facing,None,n,15.700677783350267
131,4,4,central,strongly_facing,None,y,2,4,central,strongly_facing,None,n,15.592123000235532
132,4,4,central,slightly_facing,None,y,2,4,central,strongly_facing,None,n,15.433281424729483
133,4,4,central,slightly_facing,None,m,2,4,central,strongly_facing,None,n,15.310389961204942
134,4,4,central,slightly_facing,None,m,2,4,central,strongly_facing,None,n,15.232266446949023
135,4,4,central,slightly_facing,None,y,2,4,central,strongly_facing,None,n,15.141560839646258
136,4,4,central,strongly_facing,None,m,2,4,central,strongly_facing,None,n,14.97551300325381
137,4,4,central,strongly_facing,None,y,2,4,central,strongly_facing,None,n,14.877857796715832
138,4,4,central,strongly_facing,None,m,2,4,central,strongly_facing,None,n,14.745944768441932
139,4,4,central,strongly_facing,None,y,2,4,central,strongly_facing,None,n,14.656173967199495
140,4,4,central,strongly_facing,None,y,2,4,central,strongly_facing,None,n,14.553871224514843
141,4,4,central,strongly_facing,None,m,2,4,central,strongly_facing,None,n,14.385182550089553
142,4,4,central,slightly_facing,None,y,2,4,central,strongly_facing,None,n,14.286812478809436
143,4,4,central,slightly_facing,None,y,2,4,central,strongly_facing,None,n,14.164880887408971
144,4,4,central,slightly_facing,None,m,2,4,central,strongly_facing,None,n,14.05478649301471
145,4,4,central,slightly_facing,None,m,2,4,central,strongly_facing,None,n,13.974576822871029
146,4,4,central,strongly_facing,None,y,2,4,central,strongly_facing,None,n,13.886092594577429
147,4,4,central,strongly_facing,None,y,2,4,central,strongly_facing,None,n,13.732867170437098
148,4,4,central,strongly_facing,None,m,2,4,central,strongly_facing,None,n,13.560939870419755
149,4,4,central,strongly_facing,None,y,2,4,central,strongly_facing,None,n,13.470278260466223
150,4,4,central,strongly_facing,None,y,2,4,central,strongly_facing,None,n,13.298663663340166
151,4,4,central,strongly_facing,None,y,2,4,central,strongly_facing,None,n,13.186828824759687
152,4,4,central,slightly_facing,None,m,2,4,central,strongly_facing,None,n,13.08200067839522
153,4,4,central,slightly_facing,None,m,2,4,central,strongly_facing,None,n,12.982576869246921
154,4,4,central,slightly_facing,None,y,2,4,central,strongly_facing,None,n,12.918392814634686
155,4,4,central,slightly_facing,None,y,2,4,central,strongly_facing,None,n,12.81007567533483
156,4,4,central,strongly_facing,None,y,2,4,central,strongly_facing,None,n,12.649498147249087
157,4,4,central,strongly_facing,None,y,2,4,central,strongly_facing,None,n,12.539499788374698
158,4,4,central,strongly_facing,None,m,2,4,central,strongly_facing,None,n,12.38833327418471
159,4,4,central,strongly_facing,None,y,2,4,central,strongly_facing,None,n,12.333059747346567
160,4,4,central,strongly_facing,None,m,2,4,central,strongly_facing,None,n,12.177223473959288
161,4,4,central,slightly_facing,None,y,2,4,central,strongly_facing,None,n,12.079113547917377
162,4,4,central,slightly_facing,None,y,2,4,central,strongly_facing,None,n,11.973723422819573
163,4,4,central,slightly_facing,None,y,2,4,central,strongly_facing,None,n,11.820433519052045
164,4,4,central,slightly_facing,None,y,2,4,central,strongly_facing,None,n,11.719551114404897
165,4,4,central,slightly_facing,None,y,2,4,central,strongly_facing,None,n,11.606995698049047
166,4,4,central,strongly_facing,None,y,2,4,central,strongly_facing,None,n,11.505014672646013
167,4,4,central,strongly_facing,None,m,2,4,central,strongly_facing,None,n,11.326342570269455
168,4,4,central,strongly_facing,None,y,2,4,central,strongly_facing,None,n,11.243700222945206
169,4,4,central,strongly_facing,None,y,2,4,central,strongly_facing,None,n,11.133774555146559
170,4,4,central,strongly_facing,None,y,2,4,central,strongly_facing,None,n,11.016484529905629
171,4,4,central,slightly_facing,None,m,2,4,central,strongly_facing,None,n,10.841753441077184
172,4,4,central,slightly_facing,None,m,2,4,central,strongly_facing,None,n,10.742809261131324
173,4,4,central,slightly_facing,None,m,2,4,central,strongly_facing,None,n,10.685457717629973
174,4,4,central,slightly_facing,None,y,2,4,central,strongly_facing,None,n,10.609702299014147
175,4,4,central,strongly_facing,None,y,2,4,central,strongly_facing,None,n,10.444289936419995
176,4,4,central,strongly_facing,None,y,2,4,central,strongly_facing,None,n,10.3423675451719
177,4,4,central,strongly_facing,None,m,2,4,central,strongly_facing,None,n,10.211177025217074
178,4,4,central,strongly_facing,None,y,2,4,central,strongly_facing,None,n,10.12754351612122
179,4,4,central,strongly_facing,None,y,2,4,central,strongly_facing,None,n,10.01728062812543
180,4,4,central,strongly_facing,None,m,2,4,central,strongly_facing,None,n,9.828745760360068
181,4,4,central,strongly_facing,None,y,2,4,central,strongly_facing,None,n,9.74614078497423
182,4,4,central,slightly_facing,None,y,2,4,central,strongly_facing,None,n,9.620688437792847
183,4,4,central,slightly_facing,None,y,2,4,central,strongly_facing,None,n,9.477015743399662
184,4,4,central,slightly_facing,None,y,2,4,central,strongly_facing,None,n,9.376550067729218
185,4,4,central,strongly_facing,None,y,2,4,central,strongly_facing,None,n,9.273375536492528
186,4,4,central,strongly_facing,None,y,2,4,central,strongly_facing,None,n,9.123095003704503
187,4,4,central,strongly_facing,None,m,2,4,central,strongly_facing,None,n,8.982768658883293
188,4,4,central,strongly_facing,None,m,2,4,central,strongly_facing,None,n,8.888388008073514
189,4,4,central,strongly_facing,None,y,2,4,central,strongly_facing,None,n,8.835703290863329
190,4,4,central,slightly_facing,None,y,2,4,central,strongly_facing,None,n,8.672486824332685
191,4,4,central,slightly_facing,None,y,2,4,central,strongly_facing,None,n,8.525047441627528
192,4,4,central,slightly_facing,None,y,2,4,central,strongly_facing,None,n,8.405714103448261
193,4,4,central,slightly_facing,None,y,2,4,central,strongly_facing,None,n,8.295705926622585
194,4,4,central,slightly_facing,None,y,2,4,central,strongly_facing,None,n,8.192567743033988
195,4,4,central,strongly_facing,None,y,2,4,central,strongly_facing,None,n,8.090110380196368
196,4,4,central,strongly_facing,None,y,2,4,central,strongly_facing,None,n,7.985532612807299
197,4,4,central,strongly_facing,None,y,2,4,central,strongly_facing,None,n,7.801628878092644
198,4,4,central,strongly_facing,None,y,2,4,central,strongly_facing,None,n,7.691758868782748
199,4,4,central,strongly_facing,None,y,2,4,central,strongly_facing,None,n,7.574496950716797
200,4,4,central,slightly_facing,None,m,2,4,central,strongly_facing,None,n,7.398878464897505
201,4,4,central,slightly_facing,None,m,2,4,central,strongly_facing,None,n,7.31891469359071
202,4,4,central,slightly_facing,None,m,2,4,central,strongly_facing,None,n,7.2410766847543515
203,4,4,central,slightly_facing,None,y,2,4,central,strongly_facing,None,n,7.15149588775635
204,4,4,central,slightly_facing,None,m,2,4,central,strongly_facing,None,n,6.98766042073497
205,4,4,central,strongly_facing,None,y,2,4,central,strongly_facing,None,n,6.890964147986042
206,4,4,central,strongly_facing,None,m,2,4,central,strongly_facing,None,n,6.759492367266122
207,4,4,central,strongly_facing,None,y,2,4,central,strongly_facing,None,n,6.669794650962656
208,4,4,central,strongly_facing,None,y,2,4,central,strongly_facing,None,n,6.567466274947897
209,4,4,central,slightly_facing,None,y,2,4,central,strongly_facing,None,n,6.458679171226963
210,4,4,central,slightly_facing,None,y,2,4,central,strongly_facing,None,n,6.301799474224165
211,4,4,central,slightly_facing,None,m,2,4,central,strongly_facing,None,n,6.182111759802549
212,4,4,central,slightly_facing,None,y,2,4,central,strongly_facing,None,n,6.1064683321989826
213,4,4,central,slightly_facing,None,m,2,4,central,strongly_facing,None,n,5.996112084420705
214,4,4,central,strongly_facing,None,y,2,4,central,strongly_facing,None,n,5.909068752764094
215,4,4,central,strongly_facing,None,y,2,4,central,strongly_facing,None,n,5.806888198652789
216,4,4,central,strongly_facing,None,y,2,4,central,strongly_facing,None,n,5.660703932202953
217,4,4,central,strongly_facing,None,y,2,4,central,strongly_facing,None,n,5.55033049232431
218,4,4,central,strongly_facing,None,y,2,4,central,strongly_facing,None,n,5.381535700711186
219,4,4,central,slightly_facing,None,m,2,4,central,strongly_facing,None,n,5.279684084993059
220,4,4,central,slightly_facing,None,y,2,4,central,strongly_facing,None,n,5.18279731753355
221,4,4,central,slightly_facing,None,m,2,4,central,strongly_facing,None,n,5.063693260623618
222,4,4,central,slightly_facing,None,y,2,4,central,strongly_facing,None,n,4.988513904611777
223,4,4,central,slightly_facing,None,m,2,4,central,strongly_facing,None,n,4.878882594214581
224,4,4,central,slightly_facing,None,y,2,4,central,strongly_facing,None,n,4.792284118837382
225,4,4,central,strongly_facing,None,y,2,4,central,strongly_facing,None,n,4.69047377934522
226,4,4,central,strongly_facing,None,y,2,4,central,strongly_facing,None,n,4.544657374018198
227,4,4,central,strongly_facing,None,y,2,4,central,strongly_facing,None,n,4.43446471279883
228,4,4,central,strongly_facing,None,y,2,4,central,strongly_facing,None,n,4.260603836245397
229,4,4,central,slightly_facing,None,m,2,4,central,strongly_facing,None,n,4.156391275060617
230,4,4,central,slightly_facing,None,y,2,4,central,strongly_facing,None,n,4.057589127157283
231,4,4,central,slightly_facing,None,m,2,4,central,strongly_facing,None,n,3.896788026259702
232,4,4,central,slightly_facing,None,y,2,4,central,strongly_facing,None,n,3.873610156770042
233,4,4,central,slightly_facing,None,y,2,4,central,strongly_facing,None,n,3.7701779190242357
234,4,4,central,strongly_facing,None,y,2,4,central,strongly_facing,None,n,3.579992550285546
235,4,4,central,strongly_facing,None,y,2,4,central,strongly_facing,None,n,3.43340824429371
236,4,4,central,turned_away,None,n,2,4,central,strongly_facing,None,n,3.3330985339748036
237,4,4,central,slightly_facing,None,m,2,4,central,strongly_facing,None,n,3.334779782214861
238,4,4,central,slightly_facing,None,m,2,4,central,strongly_facing,None,n,3.31867371637903
239,4,4,central,slightly_facing,None,m,2,4,central,strongly_facing,None,n,3.2996876192951974
240,4,4,central,slightly_facing,None,m,2,4,central,strongly_facing,None,n,3.2822376139659677
241,4,4,central,slightly_facing,None,m,2,4,central,strongly_facing,None,n,3.277277992970537
242,4,4,central,slightly_facing,None,n,2,4,central,strongly_facing,None,n,3.2671042969401864
