,imas_1,wti_1,viewing_area_1,body_facing_1,gesture_1,approaching_1,imas_2,wti_2,viewing_area_2,body_facing_2,gesture_2,approaching_2,distance
0,2,2,outside,turned_away,None,n,2,3,mid_peripheral,strongly_facing,None,n,32.07835782285908
1,2,2,outside,turned_away,None,n,2,3,mid_peripheral,strongly_facing,None,n,32.07835782285908
2,2,2,outside,turned_away,None,n,2,3,mid_peripheral,strongly_facing,None,n,32.07835782285908
3,2,2,outside,turned_away,None,n,2,3,mid_peripheral,strongly_facing,None,n,32.07835782285908
4,2,2,outside,turned_away,None,n,2,3,mid_peripheral,strongly_facing,None,n,32.07835782285908
5,2,2,outside,turned_away,None,n,2,3,mid_peripheral,strongly_facing,None,n,32.07835782285908
6,2,2,outside,turned_away,None,n,2,3,mid_peripheral,strongly_facing,None,n,32.08879551088743
7,2,2,mid_peripheral,slightly_facing,None,n,2,3,mid_peripheral,slightly_facing,None,n,32.09188214734266
8,2,2,mid_peripheral,strongly_facing,None,n,2,3,mid_peripheral,slightly_facing,None,n,31.873314097445277
9,2,2,mid_peripheral,strongly_facing,None,n,2,3,mid_peripheral,slightly_facing,None,n,31.71324941076616
10,2,2,mid_peripheral,strongly_facing,None,n,2,3,mid_peripheral,slightly_facing,None,n,31.456330492865202
11,2,2,mid_peripheral,slightly_facing,None,n,2,3,mid_peripheral,slightly_facing,None,n,31.253133229557275
12,2,2,mid_peripheral,slightly_facing,None,n,2,3,mid_peripheral,slightly_facing,None,n,30.979228233891703
13,2,2,mid_peripheral,slightly_facing,None,n,2,3,mid_peripheral,strongly_facing,None,n,30.717545950853584
14,2,2,mid_peripheral,slightly_facing,None,n,2,3,mid_peripheral,strongly_facing,None,n,30.382506361464685
15,2,2,mid_peripheral,slightly_facing,None,n,2,3,mid_peripheral,strongly_facing,None,n,30.192579035418177
16,2,2,mid_peripheral,slightly_facing,None,n,2,3,mid_peripheral,slightly_facing,None,n,29.95455431483862
17,2,2,mid_peripheral,strongly_facing,None,n,2,3,mid_peripheral,slightly_facing,None,n,29.76636476851376
18,2,2,mid_peripheral,strongly_facing,None,n,3,4,central,slightly_facing,None,y,29.604397345834506
19,2,2,mid_peripheral,strongly_facing,None,n,3,4,central,slightly_facing,None,y,29.45455155015817
20,2,2,mid_peripheral,strongly_facing,None,n,3,4,central,slightly_facing,None,y,29.23113081260287
21,2,2,mid_peripheral,slightly_facing,None,n,3,4,central,strongly_facing,None,y,28.96013871079543
22,2,2,mid_peripheral,slightly_facing,None,n,3,4,central,strongly_facing,None,y,28.721062055537743
23,2,2,mid_peripheral,slightly_facing,None,n,3,4,central,slightly_facing,None,y,28.423015437651014
24,2,2,mid_peripheral,slightly_facing,None,n,3,4,central,slightly_facing,None,y,28.269605476230424
25,2,2,mid_peripheral,slightly_facing,None,n,3,4,central,slightly_facing,None,y,28.104671356440246
26,2,2,mid_peripheral,slightly_facing,None,n,3,4,central,slightly_facing,None,y,27.920316792125924
27,2,2,mid_peripheral,strongly_facing,None,n,3,4,central,slightly_facing,None,y,27.731814043567816
28,2,2,mid_peripheral,strongly_facing,None,n,3,4,central,slightly_facing,None,y,27.62981779445867
29,2,2,mid_peripheral,strongly_facing,None,n,3,4,central,slightly_facing,None,y,27.44304971450469
30,2,2,mid_peripheral,strongly_facing,None,n,3,4,central,slightly_facing,None,y,27.264776131546448
31,2,2,mid_peripheral,slightly_facing,None,n,3,4,central,slightly_facing,None,y,27.117023205640123
32,2,2,mid_peripheral,slightly_facing,None,n,2,4,central,slightly_facing,wave_small_head,y,26.916222701113707
33,2,2,mid_peripheral,slightly_facing,None,n,2,4,central,slightly_facing,wave_small_head,y,26.77703914845398
34,2,2,mid_peripheral,slightly_facing,None,n,2,4,central,slightly_facing,wave_small_head,y,26.562833314633156
35,2,2,mid_peripheral,slightly_facing,None,n,2,4,central,slightly_facing,wave_small_head,m,26.36908680010715
36,2,2,mid_peripheral,slightly_facing,None,n,2,4,central,slightly_facing,wave_small_head,y,26.27454790702352
37,2,2,mid_peripheral,slightly_facing,None,n,2,4,central,slightly_facing,wave_small_head,y,26.0558473701256
38,2,2,central,strongly_facing,None,y,2,4,central,slightly_facing,wave_small_head,y,25.838998474350277
39,2,2,central,strongly_facing,None,y,2,4,central,slightly_facing,wave_small_head,y,25.672864823926215
40,2,2,central,strongly_facing,None,y,2,4,central,slightly_facing,wave_small_head,y,25.53445672076743
41,2,2,central,slightly_facing,None,y,2,4,central,slightly_facing,wave_small_head,y,25.336253247979283
42,2,2,central,slightly_facing,None,y,2,4,central,slightly_facing,wave_small_head,y,25.10907251473491
43,2,2,central,slightly_facing,None,y,2,4,central,slightly_facing,wave_small_head,y,24.980175162219258
44,2,2,central,slightly_facing,None,y,2,4,central,slightly_facing,wave_small_head,y,24.753491043648552
45,2,2,central,slightly_facing,None,y,2,4,central,slightly_facing,wave_small_head,y,24.60038785492475
46,2,2,central,slightly_facing,None,y,2,4,central,slightly_facing,wave_small_head,y,24.388667946809434
47,2,2,central,slightly_facing,None,y,2,4,central,slightly_facing,wave_small_head,y,24.19960666104679
48,2,2,central,slightly_facing,None,y,2,4,central,slightly_facing,wave_small_head,y,24.043857805442535
49,2,2,central,strongly_facing,None,y,2,4,central,slightly_facing,wave_small_head,y,23.848205171568466
50,2,2,central,strongly_facing,None,y,2,4,central,slightly_facing,wave_small_head,y,23.64500044344093
51,2,2,central,strongly_facing,None,y,2,4,central,strongly_facing,wave_small_head,y,23.466516884835933
52,2,2,central,slightly_facing,None,y,2,4,central,slightly_facing,wave_small_head,y,23.25298111185147
53,2,2,central,slightly_facing,None,y,2,4,central,slightly_facing,wave_small_head,y,23.12367618471812
54,2,2,central,slightly_facing,None,y,2,4,central,slightly_facing,wave_small_head,y,22.974683060761315
55,2,2,central,slightly_facing,None,y,2,4,central,slightly_facing,wave_small_head,y,22.729681354468298
56,2,2,central,slightly_facing,None,y,2,4,central,slightly_facing,wave_small_head,y,22.57518334773563
57,2,3,central,slightly_facing,arm_raise_high,y,2,4,central,slightly_facing,wave_small_head,y,22.43289781197848
58,2,3,central,slightly_facing,arm_raise_high,y,2,4,central,slightly_facing,wave_small_head,y,22.305176274749364
59,2,3,central,strongly_facing,arm_raise_high,y,2,4,central,slightly_facing,wave_small_head,y,22.14047569919319
60,2,3,central,strongly_facing,arm_raise_high,y,2,4,central,slightly_facing,None,y,21.837679981324865
61,2,3,central,strongly_facing,arm_raise_high,y,2,4,central,slightly_facing,None,y,21.697562435812646
62,2,3,central,slightly_facing,arm_raise_high,y,2,4,central,slightly_facing,None,y,21.547023401229694
63,2,3,central,slightly_facing,arm_raise_high,y,2,4,central,slightly_facing,None,y,21.416256736511656
64,2,3,central,slightly_facing,arm_raise_high,y,2,4,central,slightly_facing,None,y,21.221378323722615
65,2,3,central,slightly_facing,arm_raise_high,y,2,4,central,slightly_facing,None,y,21.0182124289174
66,2,3,central,slightly_facing,arm_raise_high,y,2,4,central,slightly_facing,None,y,20.852989989476935
67,2,3,central,slightly_facing,arm_raise_high,y,2,4,central,slightly_facing,None,y,20.677657494897094
68,2,3,central,slightly_facing,arm_raise_high,y,2,4,central,slightly_facing,None,y,20.49580962949695
69,2,3,central,slightly_facing,arm_raise_high,y,2,4,central,slightly_facing,None,y,20.340073816362615
70,2,3,central,strongly_facing,arm_raise_high,y,2,4,central,slightly_facing,None,y,20.0924572291882
71,2,3,central,slightly_facing,arm_raise_high,y,2,4,central,slightly_facing,None,y,19.904544353698554
72,2,3,central,slightly_facing,arm_raise_high,y,2,4,central,slightly_facing,None,y,19.79761490847107
73,2,3,central,slightly_facing,arm_raise_high,y,2,4,central,slightly_facing,None,y,19.63464674025611
74,2,3,central,slightly_facing,arm_raise_high,y,2,4,central,slightly_facing,None,y,19.476236449360435
75,5,5,central,slightly_facing,None,y,2,4,central,slightly_facing,None,y,19.240100890575032
76,5,5,central,slightly_facing,None,m,2,4,central,slightly_facing,None,m,19.070986540146603
77,5,5,central,slightly_facing,None,m,2,4,central,slightly_facing,None,m,18.978160357542166
78,5,5,central,slightly_facing,None,y,2,4,central,slightly_facing,None,y,18.90573648323601
79,5,5,central,slightly_facing,None,y,2,4,central,slightly_facing,None,y,18.756315150883395
80,5,5,central,slightly_facing,None,y,2,4,central,slightly_facing,None,y,18.58740107430326
81,5,5,central,slightly_facing,None,m,2,4,central,slightly_facing,None,m,18.438217117008794
82,5,5,central,slightly_facing,None,y,2,4,central,slightly_facing,None,y,18.349357578852565
83,5,5,central,slightly_facing,None,y,2,4,central,slightly_facing,None,y,18.231821506025888
84,5,5,central,slightly_facing,None,y,2,4,central,slightly_facing,None,y,18.09638119859001
85,5,5,central,slightly_facing,None,y,2,4,central,slightly_facing,None,y,17.97446330082253
86,5,5,central,slightly_facing,None,y,2,4,central,slightly_facing,None,y,17.728432491952017
87,5,5,central,strongly_facing,None,y,2,4,central,slightly_facing,None,y,17.558019598017545
88,5,5,central,strongly_facing,None,y,2,4,central,slightly_facing,None,y,17.304141170855175
89,5,5,central,strongly_facing,None,y,2,4,central,slightly_facing,None,y,17.02184916350683
90,5,5,central,slightly_facing,None,y,2,4,central,slightly_facing,None,y,16.766043258965187
91,5,5,central,slightly_facing,None,y,2,4,central,slightly_facing,None,y,16.48657648401978
92,5,5,central,slightly_facing,None,y,2,4,central,slightly_facing,None,y,16.225764171339385
93,5,5,central,slightly_facing,None,y,2,4,central,slightly_facing,None,y,15.938211430708433
94,5,5,central,slightly_facing,None,y,2,4,central,slightly_facing,None,y,15.747852958317845
95,5,5,central,slightly_facing,None,y,2,4,central,slightly_facing,None,y,15.361657543879334
96,5,5,central,strongly_facing,None,y,2,4,central,slightly_facing,None,y,15.168329091818977
97,5,5,central,slightly_facing,None,y,2,4,central,slightly_facing,None,y,14.901694091134095
98,5,5,central,slightly_facing,None,y,2,4,central,slightly_facing,None,y,14.614181281942068
99,5,5,central,slightly_facing,None,y,2,4,central,slightly_facing,None,y,14.409678988964743
100,5,5,central,slightly_facing,None,y,2,4,central,slightly_facing,None,y,14.128881875859001
101,5,5,central,slightly_facing,None,y,2,4,central,slightly_facing,None,y,13.83152863999435
102,5,5,central,strongly_facing,None,y,2,4,central,slightly_facing,None,y,13.655667956078053
103,5,5,central,slightly_facing,None,y,2,4,central,slightly_facing,None,y,13.377065194186127
104,5,5,central,slightly_facing,None,y,2,4,central,slightly_facing,None,y,13.122781181961578
105,5,5,central,slightly_facing,None,y,2,4,central,slightly_facing,None,y,12.84619710553007
106,5,5,central,slightly_facing,None,y,2,4,central,slightly_facing,None,y,12.60033847543232
107,5,5,central,slightly_facing,None,y,2,4,central,slightly_facing,None,y,12.391027154168134
108,5,5,central,strongly_facing,None,y,2,4,central,slightly_facing,None,y,12.092297938137687
109,5,5,central,strongly_facing,None,y,2,4,central,slightly_facing,None,y,11.875168915129164
110,5,5,central,slightly_facing,None,y,2,4,central,slightly_facing,None,y,11.473448988098612
111,5,5,central,slightly_facing,None,y,2,4,central,slightly_facing,None,y,11.145569627557135
112,5,5,central,slightly_facing,None,y,2,4,central,slightly_facing,None,y,10.995549667102818
113,5,5,central,slightly_facing,None,y,2,4,central,slightly_facing,None,y,10.761644029437228
114,5,5,central,strongly_facing,None,y,2,4,central,slightly_facing,None,y,10.33650203652691
115,5,5,central,strongly_facing,None,y,2,4,central,slightly_facing,None,y,10.166190208325483
116,5,5,central,slightly_facing,None,y,2,4,central,slightly_facing,None,y,9.857470620240164
117,5,5,central,slightly_facing,None,y,2,4,central,slightly_facing,None,y,9.60144779099486
118,5,5,central,slightly_facing,None,y,2,4,central,slightly_facing,None,y,9.449092892317754
119,5,5,central,slightly_facing,None,y,2,4,central,slightly_facing,None,y,9.115872706528156
120,5,5,central,strongly_facing,None,y,2,4,central,slightly_facing,None,y,8.837294549285089
121,5,5,central,strongly_facing,None,y,2,4,central,slightly_facing,None,y,8.630755075566565
122,5,5,central,slightly_facing,None,y,2,4,central,slightly_facing,None,y,8.418172827427343
123,5,5,central,slightly_facing,None,y,2,4,central,slightly_facing,None,y,8.093480849838835
124,5,5,central,slightly_facing,None,y,2,4,central,slightly_facing,None,y,7.907719273451544
125,5,5,central,slightly_facing,None,y,2,4,central,slightly_facing,None,y,7.6702719001914135
126,5,5,central,slightly_facing,None,y,2,4,central,slightly_facing,None,y,7.396721019381766
127,5,5,central,strongly_facing,None,y,2,4,central,slightly_facing,None,y,7.159672186112712
128,5,5,central,strongly_facing,None,y,2,4,central,slightly_facing,None,y,6.886403356043627
129,5,5,central,slightly_facing,None,y,2,4,central,slightly_facing,None,y,6.59705900022192
130,5,5,central,slightly_facing,None,y,2,4,central,slightly_facing,None,y,6.2935555433570345
131,5,5,central,slightly_facing,None,y,2,4,central,slightly_facing,None,y,6.126448304778633
132,5,5,central,strongly_facing,None,y,2,4,central,slightly_facing,None,y,5.899991195101309
133,5,5,central,strongly_facing,None,m,2,4,central,slightly_facing,None,m,5.6207895365814995
134,5,5,central,strongly_facing,None,y,2,4,central,slightly_facing,None,y,5.548999251618708
135,5,5,central,slightly_facing,None,y,2,4,central,turned_away,None,n,5.36580771433761
136,5,5,central,slightly_facing,None,y,2,4,central,strongly_facing,None,n,5.132373904822212
137,5,5,central,slightly_facing,None,y,2,4,central,strongly_facing,None,n,4.973769973596284
138,5,5,central,strongly_facing,None,y,2,4,central,strongly_facing,None,n,4.7904220878499775
139,5,5,central,strongly_facing,None,y,2,4,central,strongly_facing,None,n,4.58794609808354
140,5,5,central,strongly_facing,None,y,2,4,central,strongly_facing,None,n,4.474159069637551
141,5,5,central,slightly_facing,None,y,2,4,central,strongly_facing,None,n,4.193911095198849
142,5,5,central,slightly_facing,None,m,2,4,central,strongly_facing,None,n,4.002063418185795
143,5,5,central,slightly_facing,None,y,2,4,central,strongly_facing,None,n,3.912166945226775
144,5,5,central,slightly_facing,None,y,2,4,central,strongly_facing,None,n,3.7630304530136343
145,5,5,central,slightly_facing,None,y,2,4,central,strongly_facing,None,n,3.4544160971376905
146,5,5,central,strongly_facing,None,y,2,4,central,strongly_facing,None,n,3.3417743231672605
147,5,5,central,slightly_facing,None,y,2,4,central,strongly_facing,None,n,3.1706524070973114
148,5,5,central,slightly_facing,None,y,2,4,central,strongly_facing,None,n,2.9965683036308333
149,5,5,central,slightly_facing,None,y,2,4,central,strongly_facing,None,n,2.7904426338351755
150,5,5,central,slightly_facing,None,y,2,4,central,strongly_facing,None,n,2.636061889582448
151,5,5,central,slightly_facing,None,y,2,4,central,strongly_facing,None,n,2.481770909016382
152,5,5,central,slightly_facing,None,m,2,4,central,strongly_facing,None,n,2.2764491127811346
153,5,5,central,slightly_facing,None,y,2,4,central,strongly_facing,None,n,2.185603150913952
154,5,5,central,slightly_facing,None,y,2,4,central,strongly_facing,None,n,2.002788562941178
155,5,5,central,turned_away,None,n,2,4,central,strongly_facing,None,n,1.7464386625095096
156,5,5,central,slightly_facing,None,m,2,4,central,strongly_facing,None,n,1.7519094095306367
157,5,5,central,slightly_facing,None,m,2,4,central,strongly_facing,None,n,1.7500544117955321
158,5,5,central,slightly_facing,None,n,2,4,central,strongly_facing,None,n,1.728620416964059
