,p1_imas,p1_imas_5_pred,p1_imas_4_pred,p1_imas_3_pred,p1_imas_2_pred,p1_imas_1_pred,p2_imas,p2_imas_5_pred,p2_imas_4_pred,p2_imas_3_pred,p2_imas_2_pred,p2_imas_1_pred,p1_wti,p1_wti_5_pred,p1_wti_4_pred,p1_wti_3_pred,p1_wti_2_pred,p1_wti_1_pred,p2_wti,p2_wti_5_pred,p2_wti_4_pred,p2_wti_3_pred,p2_wti_2_pred,p2_wti_1_pred,p1_approach,p2_head,p1_body,p2_approach,p2_body,dist,p1_gesture,p2_gesture,p1_head
0,2,2e-06,4e-06,1.5e-05,0.026138,0.973841,2,1e-06,2e-06,5e-06,0.02496,0.975032,2,3e-06,4.3e-05,0.018278,0.009594,0.972082,3,1e-06,1.7e-05,0.018218,0.007433,0.97433,n,outside,turned_away,n,turned_away,range_27_inf,None,None,outside
1,2,1e-06,1e-06,5e-06,0.024472,0.975521,2,0.0,0.0,0.0,0.024314,0.975685,2,2e-06,3e-06,0.018329,0.00616,0.975505,3,1e-06,1e-06,0.018227,0.00609,0.975682,n,outside,turned_away,n,turned_away,range_27_inf,None,None,outside
2,2,0.0,0.0,5e-06,0.024456,0.975539,2,0.0,0.0,0.0,0.024312,0.975688,2,1e-06,3e-06,0.01833,0.006127,0.975539,3,0.0,1e-06,0.018227,0.006084,0.975687,n,outside,turned_away,n,turned_away,range_27_inf,None,None,outside
3,2,0.0,0.0,5e-06,0.024456,0.975539,2,0.0,0.0,0.0,0.024312,0.975688,2,1e-06,3e-06,0.01833,0.006127,0.97554,3,0.0,1e-06,0.018227,0.006084,0.975687,n,outside,turned_away,n,turned_away,range_27_inf,None,None,outside
4,2,0.0,0.0,6e-06,0.024533,0.975461,2,0.0,0.0,0.0,0.024338,0.975661,2,1e-06,5e-06,0.018329,0.006204,0.975461,3,0.0,2e-06,0.018227,0.006111,0.97566,n,mid_peripheral,slightly_facing,n,slightly_facing,range_27_inf,None,None,mid_peripheral
5,2,0.0,0.0,6e-06,0.024526,0.975468,2,0.0,0.0,1e-06,0.024357,0.975642,2,1e-06,4e-06,0.018329,0.006197,0.975468,3,0.0,2e-06,0.018227,0.00613,0.975641,n,mid_peripheral,strongly_facing,n,strongly_facing,range_27_inf,None,None,mid_peripheral
6,2,0.0,0.0,6e-06,0.024526,0.975468,2,0.0,0.0,1e-06,0.024358,0.975641,2,1e-06,4e-06,0.018329,0.006197,0.975468,3,0.0,2e-06,0.018227,0.00613,0.975641,n,mid_peripheral,strongly_facing,n,strongly_facing,range_27_inf,None,None,mid_peripheral
7,2,0.0,0.0,6e-06,0.024526,0.975468,2,0.0,0.0,1e-06,0.024358,0.975641,2,1e-06,4e-06,0.018329,0.006197,0.975468,3,0.0,2e-06,0.018227,0.00613,0.975641,n,mid_peripheral,strongly_facing,n,strongly_facing,range_27_inf,None,None,mid_peripheral
8,2,0.0,0.0,6e-06,0.024535,0.975459,2,0.0,0.0,0.0,0.024339,0.97566,2,1e-06,5e-06,0.018329,0.006205,0.97546,3,0.0,2e-06,0.018227,0.006111,0.97566,n,mid_peripheral,slightly_facing,n,slightly_facing,range_27_inf,None,None,mid_peripheral
9,2,0.0,0.0,6e-06,0.024535,0.975459,2,0.0,0.0,0.0,0.024339,0.975661,2,1e-06,5e-06,0.018329,0.006206,0.97546,3,0.0,2e-06,0.018227,0.006111,0.97566,n,mid_peripheral,slightly_facing,n,slightly_facing,range_27_inf,None,None,mid_peripheral
10,2,0.0,0.0,6e-06,0.024535,0.975459,2,0.0,0.0,0.0,0.024339,0.975661,2,1e-06,5e-06,0.018329,0.006206,0.97546,3,0.0,2e-06,0.018227,0.006111,0.97566,n,mid_peripheral,slightly_facing,n,slightly_facing,range_27_inf,None,None,mid_peripheral
11,2,0.0,0.0,6e-06,0.02454,0.975454,3,3.6e-05,7.2e-05,0.000273,0.070373,0.929245,2,1e-06,5e-06,0.018663,0.005911,0.97542,4,2.2e-05,0.00111,0.017579,0.052033,0.929256,n,central,slightly_facing,y,slightly_facing,range_27_inf,None,None,mid_peripheral
12,2,0.0,0.0,5e-06,0.024502,0.975493,3,0.000281,0.000561,0.00177,0.322864,0.674524,2,1.1e-05,1.4e-05,0.020452,0.004304,0.975218,4,0.000169,0.007217,0.013979,0.30406,0.674574,n,central,slightly_facing,y,slightly_facing,range_27_inf,None,None,mid_peripheral
13,2,0.0,0.0,4e-06,0.024425,0.975571,3,0.000771,0.001579,0.004766,0.828597,0.164286,2,3e-05,3.4e-05,0.024041,0.001086,0.974809,4,0.000471,0.019458,0.006774,0.809014,0.164283,n,central,slightly_facing,y,strongly_facing,range_27_inf,None,None,mid_peripheral
14,2,0.0,0.0,4e-06,0.024402,0.975594,3,0.000913,0.001883,0.005623,0.973184,0.018397,2,3.6e-05,3.9e-05,0.025068,0.000167,0.97469,4,0.000561,0.022961,0.004712,0.953555,0.018211,n,central,slightly_facing,y,strongly_facing,range_27_inf,None,None,mid_peripheral
15,2,0.0,0.0,4e-06,0.024399,0.975597,3,0.000934,0.00193,0.005712,0.988212,0.003212,2,3.8e-05,4.1e-05,0.025178,7.2e-05,0.974671,4,0.000574,0.023329,0.004499,0.96876,0.002838,n,central,strongly_facing,y,slightly_facing,range_27_inf,None,None,mid_peripheral
16,2,0.0,0.0,4e-06,0.024399,0.975597,3,0.000936,0.001937,0.005723,0.989958,0.001447,2,3.8e-05,4.1e-05,0.025191,6.1e-05,0.974669,4,0.000576,0.023372,0.004471,0.970713,0.000868,n,central,strongly_facing,y,slightly_facing,range_27_inf,None,None,mid_peripheral
17,2,0.0,0.0,4e-06,0.024399,0.975597,3,0.000934,0.001935,0.005713,0.988297,0.003122,2,3.8e-05,4.1e-05,0.02518,7.1e-05,0.97467,4,0.000575,0.023333,0.004459,0.971003,0.00063,n,central,strongly_facing,y,slightly_facing,range_27_inf,None,None,mid_peripheral
18,2,0.0,0.0,4e-06,0.0244,0.975596,3,0.000997,0.002122,0.004851,0.842865,0.149164,2,7.3e-05,7.6e-05,0.024254,0.001013,0.974584,4,0.000625,0.020012,0.003967,0.972411,0.002984,n,central,strongly_facing,m,slightly_facing,range_27_inf,None,None,mid_peripheral
19,2,0.0,0.0,4e-06,0.024399,0.975597,3,0.000506,0.001092,0.003073,0.542756,0.452573,2,2.2e-05,2.4e-05,0.022022,0.002844,0.975089,4,0.000321,0.012754,0.00247,0.980747,0.003708,n,central,slightly_facing,y,slightly_facing,range_27_inf,None,None,mid_peripheral
20,2,0.0,0.0,4e-06,0.024398,0.975597,3,0.000501,0.001046,0.003074,0.543003,0.452376,2,2e-05,2.2e-05,0.022016,0.002841,0.9751,4,0.000311,0.01275,0.002452,0.981256,0.003232,n,central,slightly_facing,y,slightly_facing,range_27_inf,None,None,mid_peripheral
21,2,0.0,0.0,4e-06,0.024398,0.975597,3,0.000497,0.00103,0.003073,0.54285,0.45255,2,2e-05,2.2e-05,0.022012,0.002842,0.975104,4,0.000307,0.012742,0.002445,0.981436,0.00307,n,central,slightly_facing,y,strongly_facing,range_27_inf,None,None,mid_peripheral
22,2,0.0,0.0,4e-06,0.024398,0.975597,3,0.000497,0.001027,0.003073,0.542885,0.452517,2,2e-05,2.2e-05,0.022012,0.002842,0.975105,4,0.000306,0.012742,0.002444,0.981453,0.003055,n,central,slightly_facing,y,strongly_facing,range_27_inf,None,None,mid_peripheral
23,2,0.0,0.0,4e-06,0.024398,0.975597,3,0.0005,0.001034,0.003075,0.543112,0.452279,2,2e-05,2.2e-05,0.022015,0.002841,0.975102,4,0.000308,0.01275,0.002448,0.981345,0.003148,n,central,slightly_facing,y,slightly_facing,range_27_inf,None,None,mid_peripheral
24,2,0.0,0.0,4e-06,0.024399,0.975597,3,0.000501,0.001035,0.003075,0.543261,0.452128,2,2e-05,2.2e-05,0.022016,0.00284,0.975101,4,0.000308,0.012753,0.00245,0.981329,0.00316,n,central,strongly_facing,y,slightly_facing,range_27_inf,None,None,mid_peripheral
25,2,0.0,0.0,4e-06,0.024398,0.975597,3,0.000493,0.001017,0.003085,0.5447,0.450705,2,1.9e-05,2e-05,0.022021,0.002829,0.97511,4,0.000307,0.012786,0.002442,0.98167,0.002795,n,central,strongly_facing,y,slightly_facing,range_24_27,None,None,mid_peripheral
26,2,0.0,0.0,4e-06,0.024398,0.975597,3,0.000501,0.001031,0.003142,0.554257,0.441068,2,1.9e-05,2.1e-05,0.022088,0.00277,0.975102,4,0.000311,0.013012,0.002484,0.981446,0.002745,n,central,strongly_facing,y,slightly_facing,range_24_27,None,None,mid_peripheral
27,2,0.0,0.0,5e-06,0.024603,0.975391,2,0.018982,0.040246,0.177578,0.658167,0.105027,2,0.003328,0.003338,0.032541,0.004787,0.956005,4,0.046263,0.724737,0.000638,0.227642,0.000721,n,central,slightly_facing,y,slightly_facing,range_24_27,None,wave_small_head,mid_peripheral
28,2,1e-06,2e-06,1e-05,0.025297,0.97469,2,0.023391,0.086437,0.223881,0.665447,0.000844,2,0.003144,0.003202,0.039445,0.009154,0.945055,4,0.094017,0.904568,8.8e-05,0.00124,8.7e-05,n,central,slightly_facing,y,slightly_facing,range_24_27,None,wave_small_head,mid_peripheral
29,2,2e-06,4e-06,1.6e-05,0.025949,0.97403,2,0.023767,0.150036,0.210096,0.615783,0.000317,2,0.00252,0.002637,0.047797,0.012427,0.934618,4,0.159223,0.84053,8.3e-05,8.4e-05,8e-05,n,central,slightly_facing,y,slightly_facing,range_24_27,None,wave_small_head,mid_peripheral
30,2,3e-06,5e-06,2.2e-05,0.026736,0.973234,2,0.023989,0.256011,0.184867,0.534845,0.000289,2,0.002145,0.002315,0.062379,0.014835,0.918326,4,0.267485,0.732293,7.9e-05,7.2e-05,7.2e-05,n,central,slightly_facing,y,slightly_facing,range_24_27,None,wave_small_head,mid_peripheral
31,2,4e-06,8e-06,2.8e-05,0.027597,0.972364,2,0.0229,0.406737,0.147895,0.422232,0.000236,2,0.001872,0.002075,0.083409,0.015792,0.896851,4,0.420064,0.579746,7e-05,6e-05,6e-05,n,central,slightly_facing,y,slightly_facing,range_24_27,None,wave_small_head,mid_peripheral
32,2,5e-06,9e-06,3.3e-05,0.028351,0.971602,2,0.020201,0.578243,0.105253,0.296134,0.000169,2,0.00165,0.001856,0.107458,0.015027,0.874008,4,0.592275,0.407577,5.8e-05,4.5e-05,4.5e-05,n,central,slightly_facing,y,slightly_facing,range_24_27,None,wave_small_head,mid_peripheral
33,2,6e-06,1e-05,3.6e-05,0.02881,0.971139,2,0.017167,0.668631,0.183332,0.130795,7.5e-05,2,0.001471,0.001675,0.119936,0.014653,0.862264,4,0.819498,0.180328,6.8e-05,5.3e-05,5.3e-05,n,central,slightly_facing,y,slightly_facing,range_24_27,None,wave_small_head,mid_peripheral
34,2,4.1e-05,8e-05,0.000223,0.060462,0.939193,2,0.016313,0.49862,0.413706,0.07134,2.1e-05,2,0.001555,0.002373,0.095225,0.108775,0.792072,4,0.890955,0.108615,0.000234,9.8e-05,9.8e-05,n,central,strongly_facing,y,slightly_facing,range_24_27,None,wave_small_head,mid_peripheral
35,2,0.000237,0.000462,0.001239,0.23369,0.764373,2,0.010192,0.253598,0.336996,0.399102,0.000113,2,0.000961,0.005689,0.058712,0.599538,0.335101,4,0.377542,0.621365,0.000906,9.4e-05,9.4e-05,n,central,strongly_facing,y,slightly_facing,range_24_27,None,wave_small_head,mid_peripheral
36,2,0.000231,0.000452,0.00121,0.22872,0.769388,2,0.010286,0.260445,0.339436,0.389723,0.00011,2,0.000997,0.005598,0.059743,0.585295,0.348367,4,0.392182,0.606743,0.000887,9.4e-05,9.4e-05,n,central,strongly_facing,y,slightly_facing,range_24_27,None,wave_small_head,mid_peripheral
37,2,0.000229,0.000447,0.001208,0.228692,0.769424,2,0.01012,0.260429,0.33952,0.389821,0.00011,2,0.000867,0.005553,0.059714,0.585456,0.348409,4,0.392033,0.606894,0.000886,9.3e-05,9.3e-05,n,central,slightly_facing,y,slightly_facing,range_24_27,None,wave_small_head,mid_peripheral
38,2,0.00211,0.00407,0.005294,0.230963,0.757563,2,0.803675,0.188838,0.007131,0.000339,1.7e-05,2,0.344748,0.163734,0.16379,0.164002,0.163726,4,0.992206,0.002179,0.001872,0.001872,0.001872,y,central,slightly_facing,y,slightly_facing,range_24_27,None,wave_small_head,central
39,2,0.000784,0.001857,0.004798,0.54766,0.444901,2,0.490871,0.505579,0.00286,0.00068,1e-05,2,0.600093,0.099977,0.099977,0.099977,0.099977,4,0.998091,0.000477,0.000477,0.000477,0.000477,y,central,slightly_facing,y,slightly_facing,range_24_27,None,wave_small_head,central
40,2,0.000794,0.002648,0.006491,0.798348,0.191718,2,0.22549,0.770738,0.001785,0.001983,4e-06,2,0.813982,0.046504,0.046505,0.046504,0.046504,4,0.998676,0.000331,0.000331,0.000331,0.000331,y,central,slightly_facing,y,slightly_facing,range_21_24,None,wave_small_head,central
41,2,0.000878,0.004191,0.008058,0.891086,0.095787,2,0.120525,0.873517,0.001485,0.00447,2e-06,2,0.898292,0.025427,0.025427,0.025427,0.025427,4,0.99865,0.000337,0.000337,0.000337,0.000337,y,central,slightly_facing,y,slightly_facing,range_21_24,None,wave_small_head,central
42,2,0.00119,0.032262,0.016263,0.905209,0.045076,2,0.061428,0.878959,0.008815,0.050786,1.3e-05,2,0.945668,0.013583,0.013583,0.013583,0.013583,4,0.998303,0.000424,0.000424,0.000424,0.000424,y,central,slightly_facing,y,slightly_facing,range_21_24,None,wave_small_head,central
43,2,0.001507,0.061103,0.02581,0.888706,0.022874,2,0.033953,0.850628,0.016073,0.099322,2.4e-05,2,0.967786,0.008054,0.008054,0.008054,0.008054,4,0.997955,0.000511,0.000511,0.000511,0.000511,y,central,slightly_facing,y,slightly_facing,range_21_24,None,wave_small_head,central
44,2,0.001986,0.105308,0.040925,0.840665,0.011116,2,0.019019,0.778084,0.02783,0.175025,4.2e-05,2,0.980038,0.00499,0.004991,0.00499,0.00499,4,0.997416,0.000646,0.000646,0.000646,0.000646,y,central,slightly_facing,y,slightly_facing,range_21_24,None,wave_small_head,central
45,2,0.002384,0.140163,0.054327,0.797088,0.006038,2,0.012306,0.710945,0.038328,0.238363,5.7e-05,2,0.985692,0.003577,0.003577,0.003577,0.003577,4,0.996981,0.000755,0.000755,0.000755,0.000755,y,central,slightly_facing,y,slightly_facing,range_21_24,None,None,central
46,2,0.003872,0.325902,0.084444,0.585643,0.000139,2,0.004185,0.369568,0.094147,0.531972,0.000128,2,0.993766,0.001558,0.001558,0.001558,0.001558,4,0.995028,0.001243,0.001243,0.001243,0.001243,y,central,strongly_facing,y,slightly_facing,range_21_24,None,None,central
47,2,0.003872,0.325902,0.084444,0.585643,0.000139,2,0.004185,0.369568,0.094147,0.531972,0.000128,2,0.993766,0.001559,0.001559,0.001559,0.001559,4,0.995028,0.001243,0.001243,0.001243,0.001243,y,central,slightly_facing,y,slightly_facing,range_21_24,None,None,central
48,2,0.003872,0.325901,0.084445,0.585643,0.000139,2,0.004185,0.369567,0.09415,0.531971,0.000128,2,0.993766,0.001559,0.001559,0.001559,0.001559,4,0.995028,0.001243,0.001243,0.001243,0.001243,y,central,slightly_facing,y,slightly_facing,range_21_24,None,None,central
49,2,0.003872,0.325901,0.084445,0.585643,0.000139,2,0.004185,0.369567,0.09415,0.531971,0.000128,2,0.993766,0.001559,0.001559,0.001559,0.001559,4,0.995028,0.001243,0.001243,0.001243,0.001243,y,central,slightly_facing,y,slightly_facing,range_21_24,None,None,central
50,2,0.003872,0.325901,0.084445,0.585643,0.000139,2,0.004185,0.369567,0.09415,0.531971,0.000128,2,0.993766,0.001559,0.001559,0.001559,0.001559,4,0.995028,0.001243,0.001243,0.001243,0.001243,y,central,slightly_facing,y,slightly_facing,range_21_24,None,None,central
51,2,0.003872,0.325901,0.084445,0.585643,0.000139,2,0.004185,0.369567,0.09415,0.531971,0.000128,2,0.993766,0.001559,0.001559,0.001559,0.001559,4,0.995028,0.001243,0.001243,0.001243,0.001243,y,central,slightly_facing,y,slightly_facing,range_21_24,None,None,central
52,2,0.003872,0.325901,0.084445,0.585643,0.000139,2,0.004185,0.369567,0.09415,0.53197,0.000128,3,0.993765,0.001559,0.001559,0.001559,0.001559,4,0.995027,0.001243,0.001243,0.001243,0.001243,y,central,slightly_facing,y,slightly_facing,range_21_24,arm_raise_high,None,central
53,2,0.003872,0.325902,0.084445,0.585642,0.000139,2,0.004185,0.369568,0.094148,0.531972,0.000128,3,0.993765,0.001559,0.001559,0.001559,0.001559,4,0.995027,0.001243,0.001243,0.001243,0.001243,y,central,slightly_facing,y,slightly_facing,range_21_24,arm_raise_high,None,central
54,2,0.003872,0.325902,0.084445,0.585642,0.000139,2,0.004185,0.369568,0.094147,0.531972,0.000128,3,0.993765,0.001559,0.001559,0.001559,0.001559,4,0.995027,0.001243,0.001243,0.001243,0.001243,y,central,slightly_facing,y,slightly_facing,range_21_24,arm_raise_high,None,central
55,2,0.003872,0.325902,0.084445,0.585642,0.000139,2,0.004185,0.369568,0.094148,0.531972,0.000128,3,0.993765,0.001559,0.001559,0.001559,0.001559,4,0.995027,0.001243,0.001243,0.001243,0.001243,y,central,slightly_facing,y,slightly_facing,range_21_24,arm_raise_high,None,central
56,2,0.003873,0.325903,0.084446,0.585639,0.000139,2,0.004185,0.369569,0.094149,0.531968,0.000128,3,0.99376,0.00156,0.00156,0.00156,0.00156,4,0.995022,0.001244,0.001244,0.001245,0.001244,y,central,strongly_facing,y,slightly_facing,range_18_21,arm_raise_high,None,central
57,2,0.003873,0.325904,0.084446,0.585638,0.000139,2,0.004185,0.369569,0.094149,0.531968,0.000128,3,0.99376,0.00156,0.00156,0.00156,0.00156,4,0.995022,0.001245,0.001245,0.001245,0.001244,y,central,strongly_facing,y,slightly_facing,range_18_21,arm_raise_high,None,central
58,2,0.003873,0.325904,0.084447,0.585637,0.000139,2,0.004186,0.36957,0.09415,0.531967,0.000128,3,0.993758,0.001561,0.001561,0.001561,0.001561,4,0.995019,0.001245,0.001245,0.001245,0.001245,y,central,slightly_facing,y,slightly_facing,range_18_21,arm_raise_high,None,central
59,2,0.003873,0.325904,0.084447,0.585636,0.000139,2,0.004186,0.36957,0.09415,0.531967,0.000128,3,0.993758,0.001561,0.001561,0.001561,0.001561,4,0.995019,0.001245,0.001245,0.001245,0.001245,y,central,slightly_facing,y,slightly_facing,range_18_21,arm_raise_high,None,central
60,2,0.003873,0.325904,0.084448,0.585637,0.000139,2,0.004186,0.36957,0.094151,0.531966,0.000128,3,0.993758,0.001561,0.001561,0.001561,0.001561,4,0.995019,0.001245,0.001245,0.001245,0.001245,y,central,slightly_facing,y,slightly_facing,range_18_21,arm_raise_high,None,central
61,2,0.003873,0.325904,0.084448,0.585637,0.000139,2,0.004186,0.36957,0.094151,0.531966,0.000128,3,0.993758,0.001561,0.001561,0.001561,0.001561,4,0.995019,0.001245,0.001245,0.001245,0.001245,y,central,slightly_facing,y,slightly_facing,range_18_21,arm_raise_high,None,central
62,2,0.003873,0.325904,0.084448,0.585637,0.000139,2,0.004186,0.36957,0.094151,0.531966,0.000128,3,0.993758,0.001561,0.001561,0.001561,0.001561,4,0.995019,0.001245,0.001245,0.001245,0.001245,y,central,slightly_facing,y,slightly_facing,range_18_21,arm_raise_high,None,central
63,2,0.003873,0.325904,0.084448,0.585637,0.000139,2,0.004186,0.36957,0.094151,0.531966,0.000128,3,0.993758,0.001561,0.001561,0.001561,0.001561,4,0.995019,0.001245,0.001245,0.001245,0.001245,y,central,slightly_facing,y,slightly_facing,range_18_21,arm_raise_high,None,central
64,2,0.003873,0.325891,0.084451,0.585645,0.000139,2,0.004186,0.369554,0.094182,0.531951,0.000128,3,0.993757,0.001561,0.001561,0.001561,0.001561,4,0.995019,0.001245,0.001245,0.001245,0.001245,y,central,slightly_facing,y,slightly_facing,range_18_21,arm_raise_high,None,central
65,2,0.003873,0.325891,0.084451,0.585645,0.000139,2,0.004186,0.369554,0.094182,0.531951,0.000128,3,0.993757,0.001561,0.001561,0.001561,0.001561,4,0.995019,0.001245,0.001245,0.001245,0.001245,y,central,slightly_facing,y,slightly_facing,range_18_21,arm_raise_high,None,central
66,2,0.003873,0.325887,0.084453,0.585649,0.000139,2,0.004186,0.369549,0.094192,0.531945,0.000128,3,0.993757,0.001561,0.001561,0.001561,0.001561,4,0.995019,0.001245,0.001245,0.001245,0.001245,y,central,slightly_facing,y,slightly_facing,range_18_21,arm_raise_high,None,central
67,2,0.003873,0.325887,0.084453,0.585649,0.000139,2,0.004186,0.369549,0.094192,0.531945,0.000128,3,0.993757,0.001561,0.001561,0.001561,0.001561,4,0.995019,0.001245,0.001245,0.001245,0.001245,y,central,slightly_facing,y,slightly_facing,range_18_21,arm_raise_high,None,central
68,2,0.003873,0.325887,0.084453,0.585649,0.000139,2,0.004186,0.369549,0.094192,0.531945,0.000128,3,0.993757,0.001561,0.001561,0.001561,0.001561,4,0.995019,0.001245,0.001245,0.001245,0.001245,y,central,slightly_facing,y,slightly_facing,range_18_21,arm_raise_high,None,central
69,2,0.003873,0.325887,0.084453,0.585649,0.000139,2,0.004186,0.369549,0.094192,0.531945,0.000128,3,0.993757,0.001561,0.001561,0.001561,0.001561,4,0.995019,0.001245,0.001245,0.001245,0.001245,y,central,slightly_facing,y,slightly_facing,range_18_21,arm_raise_high,None,central
70,2,0.003873,0.325887,0.084453,0.585649,0.000139,2,0.004186,0.369549,0.094192,0.531945,0.000128,3,0.993757,0.001561,0.001561,0.001561,0.001561,4,0.995019,0.001245,0.001245,0.001245,0.001245,y,central,slightly_facing,y,slightly_facing,range_18_21,arm_raise_high,None,central
71,5,0.003992,0.325875,0.084586,0.585402,0.000146,2,0.004311,0.369523,0.094309,0.531723,0.000134,5,0.993329,0.001701,0.00169,0.00165,0.001631,4,0.994646,0.001373,0.00134,0.001329,0.001313,y,central,slightly_facing,y,slightly_facing,range_15_18,None,None,central
72,5,0.004002,0.325872,0.084599,0.585381,0.000146,2,0.004322,0.369518,0.094321,0.531704,0.000135,5,0.993293,0.001714,0.001701,0.001656,0.001636,4,0.994618,0.001384,0.001346,0.001334,0.001317,y,central,slightly_facing,y,slightly_facing,range_15_18,None,None,central
73,5,0.004003,0.325871,0.0846,0.585379,0.000147,2,0.004323,0.369517,0.094323,0.531703,0.000135,5,0.993289,0.001715,0.001702,0.001656,0.001636,4,0.994616,0.001385,0.001347,0.001335,0.001318,y,central,slightly_facing,y,slightly_facing,range_15_18,None,None,central
74,5,0.004003,0.325871,0.084601,0.585378,0.000147,2,0.004323,0.369517,0.094323,0.531702,0.000135,5,0.993289,0.001715,0.001703,0.001657,0.001637,4,0.994615,0.001385,0.001347,0.001335,0.001318,y,central,slightly_facing,y,slightly_facing,range_15_18,None,None,central
75,5,0.004003,0.325871,0.084601,0.585378,0.000147,2,0.004323,0.369517,0.094324,0.531702,0.000135,5,0.993289,0.001715,0.001703,0.001657,0.001637,4,0.994615,0.001385,0.001347,0.001335,0.001318,y,central,slightly_facing,y,slightly_facing,range_15_18,None,None,central
76,5,0.004003,0.325871,0.084601,0.585378,0.000147,2,0.004323,0.369517,0.094324,0.531702,0.000135,5,0.993289,0.001715,0.001703,0.001657,0.001637,4,0.994615,0.001385,0.001347,0.001335,0.001318,y,central,slightly_facing,y,slightly_facing,range_15_18,None,None,central
77,5,0.004003,0.325871,0.084601,0.585378,0.000147,2,0.004323,0.369517,0.094324,0.531702,0.000135,5,0.993289,0.001715,0.001703,0.001657,0.001637,4,0.994615,0.001385,0.001347,0.001335,0.001318,y,central,slightly_facing,y,slightly_facing,range_15_18,None,None,central
78,5,0.004003,0.325871,0.084602,0.585378,0.000147,2,0.004323,0.369516,0.094326,0.5317,0.000135,5,0.993288,0.001715,0.001703,0.001657,0.001637,4,0.994615,0.001385,0.001347,0.001335,0.001318,y,central,slightly_facing,y,slightly_facing,range_15_18,None,None,central
79,5,0.006427,0.325729,0.08761,0.579941,0.000293,2,0.006885,0.369156,0.096961,0.526729,0.000268,5,0.983994,0.004433,0.005066,0.003419,0.003088,4,0.986638,0.003808,0.003688,0.003078,0.002787,m,central,slightly_facing,m,slightly_facing,range_15_18,None,None,central
80,5,0.00424,0.325849,0.084877,0.584871,0.000164,2,0.004553,0.369505,0.094581,0.531211,0.00015,5,0.992516,0.001976,0.00199,0.001776,0.001742,4,0.993987,0.001627,0.001514,0.00145,0.001422,y,central,slightly_facing,y,slightly_facing,range_15_18,None,None,central
81,5,0.004029,0.325909,0.084641,0.585272,0.000149,2,0.004345,0.36959,0.094368,0.531559,0.000137,5,0.993211,0.001742,0.001735,0.001666,0.001646,4,0.994558,0.001412,0.001361,0.001343,0.001326,y,central,slightly_facing,y,slightly_facing,range_15_18,None,None,central
82,5,0.004008,0.32592,0.084617,0.585309,0.000147,2,0.004326,0.369603,0.094345,0.53159,0.000135,5,0.993274,0.00172,0.001709,0.001658,0.001638,4,0.994606,0.001391,0.001349,0.001336,0.001319,y,central,slightly_facing,y,slightly_facing,range_15_18,None,None,central
83,5,0.004005,0.325922,0.084614,0.585313,0.000147,2,0.004324,0.369606,0.094342,0.531593,0.000135,5,0.993281,0.001718,0.001706,0.001657,0.001637,4,0.994611,0.001388,0.001348,0.001335,0.001318,y,central,slightly_facing,y,slightly_facing,range_15_18,None,None,central
84,5,0.004004,0.325922,0.084615,0.585311,0.000147,2,0.004324,0.369608,0.094342,0.531591,0.000135,5,0.993283,0.001718,0.001705,0.001657,0.001637,4,0.994611,0.001387,0.001348,0.001335,0.001318,y,central,slightly_facing,y,slightly_facing,range_15_18,None,None,central
85,5,0.004004,0.325931,0.084623,0.585294,0.000147,2,0.004324,0.369621,0.09435,0.53157,0.000135,5,0.993283,0.001718,0.001705,0.001657,0.001637,4,0.994611,0.001387,0.001348,0.001335,0.001318,y,central,slightly_facing,y,slightly_facing,range_15_18,None,None,central
86,5,0.003991,0.326037,0.084568,0.585262,0.000141,2,0.004236,0.369674,0.094424,0.531531,0.000135,5,0.993532,0.001639,0.00161,0.001609,0.001609,4,0.994726,0.001359,0.00132,0.001306,0.00129,y,central,strongly_facing,y,slightly_facing,range_15_18,None,None,central
87,5,0.00416,0.326242,0.085634,0.583818,0.000146,2,0.004342,0.369922,0.095718,0.529873,0.000145,5,0.993168,0.00178,0.001685,0.001684,0.001684,4,0.994319,0.001545,0.00142,0.001362,0.001354,y,central,strongly_facing,y,slightly_facing,range_12_15,None,None,central
88,5,0.004214,0.325897,0.084773,0.584961,0.000155,2,0.004499,0.369541,0.094494,0.531321,0.000146,5,0.992721,0.001956,0.001846,0.001742,0.001735,4,0.994067,0.001634,0.001477,0.001415,0.001408,y,central,slightly_facing,y,slightly_facing,range_12_15,None,None,central
89,5,0.004232,0.325867,0.084802,0.584941,0.000158,2,0.004547,0.369521,0.094511,0.531275,0.000146,5,0.992628,0.002006,0.001875,0.001749,0.001742,4,0.994029,0.001654,0.001484,0.00142,0.001413,y,central,slightly_facing,y,slightly_facing,range_12_15,None,None,central
90,5,0.004241,0.325857,0.084808,0.584936,0.000159,2,0.004563,0.36951,0.094515,0.531265,0.000147,5,0.992603,0.002023,0.001882,0.00175,0.001743,4,0.994016,0.001663,0.001485,0.001421,0.001414,y,central,slightly_facing,y,slightly_facing,range_12_15,None,None,central
91,5,0.004223,0.325965,0.084588,0.585076,0.000147,2,0.004384,0.369475,0.094435,0.531559,0.000147,5,0.993093,0.001843,0.001689,0.001688,0.001688,4,0.994217,0.001621,0.001433,0.001368,0.001361,y,central,strongly_facing,y,slightly_facing,range_12_15,None,None,central
92,5,0.004238,0.325969,0.084574,0.585073,0.000146,2,0.00436,0.36947,0.094432,0.531592,0.000147,5,0.993136,0.001815,0.001684,0.001683,0.001683,4,0.994211,0.001638,0.001431,0.001364,0.001357,y,central,strongly_facing,y,slightly_facing,range_12_15,None,None,central
93,5,0.004273,0.325943,0.084566,0.585072,0.000146,2,0.004359,0.369469,0.094431,0.531594,0.000148,5,0.993137,0.001815,0.001684,0.001682,0.001682,4,0.994161,0.001684,0.001434,0.001364,0.001357,y,central,strongly_facing,y,slightly_facing,range_12_15,None,None,central
94,5,0.004383,0.325743,0.084708,0.585009,0.000156,2,0.004534,0.36954,0.094495,0.531283,0.000149,5,0.99267,0.002,0.001849,0.001744,0.001737,4,0.993825,0.001857,0.001494,0.001416,0.001409,y,central,slightly_facing,y,slightly_facing,range_12_15,None,None,central
95,5,0.004597,0.325576,0.084646,0.585023,0.000158,2,0.004643,0.369751,0.094489,0.530965,0.000152,5,0.99248,0.002144,0.00188,0.001752,0.001745,4,0.993468,0.002177,0.001519,0.001422,0.001415,y,central,slightly_facing,y,slightly_facing,range_12_15,None,None,central
96,5,0.004602,0.325872,0.084751,0.584615,0.000159,2,0.004721,0.369438,0.094469,0.53122,0.000153,5,0.992367,0.002247,0.001888,0.001753,0.001745,4,0.993459,0.00218,0.00152,0.001424,0.001417,y,central,slightly_facing,y,slightly_facing,range_12_15,None,None,central
97,5,0.004601,0.325847,0.08475,0.584643,0.000159,2,0.004723,0.369454,0.094475,0.531196,0.000153,5,0.992365,0.002246,0.001891,0.001753,0.001746,4,0.99346,0.00218,0.00152,0.001424,0.001417,y,central,slightly_facing,y,slightly_facing,range_12_15,None,None,central
98,5,0.004573,0.325893,0.084513,0.584874,0.000147,2,0.004493,0.369507,0.094407,0.53144,0.000152,5,0.992931,0.001997,0.001692,0.00169,0.00169,4,0.993675,0.002126,0.001467,0.00137,0.001363,y,central,strongly_facing,y,slightly_facing,range_12_15,None,None,central
99,5,0.005011,0.325476,0.0845,0.584861,0.000152,2,0.004616,0.369539,0.094407,0.531292,0.000146,5,0.992652,0.002173,0.001725,0.001725,0.001725,4,0.993003,0.002822,0.001393,0.001392,0.00139,y,central,strongly_facing,y,slightly_facing,range_9_12,None,None,central
100,5,0.005863,0.325224,0.084446,0.584314,0.000153,2,0.004792,0.369047,0.094326,0.531688,0.000147,5,0.992391,0.002422,0.001729,0.001729,0.001729,4,0.99179,0.004024,0.001396,0.001396,0.001394,y,central,strongly_facing,y,slightly_facing,range_9_12,None,None,central
101,5,0.007511,0.324658,0.084386,0.583287,0.000158,2,0.005364,0.368046,0.094169,0.532273,0.000148,5,0.991475,0.00324,0.001764,0.001762,0.001759,4,0.989346,0.006387,0.001424,0.001423,0.00142,y,central,slightly_facing,y,slightly_facing,range_9_12,None,None,central
102,5,0.010742,0.323487,0.084136,0.581476,0.000159,2,0.007227,0.365594,0.093716,0.533315,0.000149,5,0.98882,0.005881,0.001769,0.001766,0.001764,4,0.984683,0.011024,0.001433,0.001431,0.001429,y,central,slightly_facing,y,slightly_facing,range_9_12,None,None,central
103,5,0.017049,0.321075,0.083518,0.5782,0.000159,2,0.009655,0.361656,0.09296,0.535578,0.000151,5,0.985342,0.00936,0.001769,0.001765,0.001763,4,0.975573,0.020103,0.001445,0.001441,0.001438,y,central,slightly_facing,y,slightly_facing,range_9_12,None,None,central
104,5,0.02904,0.31764,0.082465,0.570702,0.000154,2,0.011628,0.354828,0.091709,0.541681,0.000155,5,0.982563,0.012248,0.001731,0.001729,0.001729,4,0.958251,0.037428,0.001448,0.001438,0.001436,y,central,strongly_facing,y,slightly_facing,range_9_12,None,None,central
105,5,0.050423,0.311928,0.080858,0.556642,0.00015,2,0.013899,0.342996,0.089683,0.553259,0.000163,5,0.979128,0.015729,0.001717,0.001713,0.001713,4,0.926864,0.068706,0.00149,0.001471,0.001469,y,central,strongly_facing,y,slightly_facing,range_9_12,None,None,central
106,5,0.084097,0.303742,0.07866,0.533356,0.000144,2,0.014853,0.3248,0.086818,0.573354,0.000175,5,0.976823,0.018103,0.001695,0.001689,0.001689,4,0.875689,0.119701,0.001563,0.001525,0.001522,y,central,strongly_facing,y,slightly_facing,range_9_12,None,None,central
107,5,0.120941,0.289461,0.076061,0.513391,0.000146,2,0.028539,0.298974,0.083034,0.589265,0.000188,5,0.955188,0.039671,0.001725,0.001709,0.001707,4,0.811545,0.183585,0.001671,0.0016,0.001598,y,central,slightly_facing,y,slightly_facing,range_9_12,None,None,central
108,5,0.119505,0.286221,0.075609,0.518516,0.000149,2,0.036016,0.297696,0.082625,0.583478,0.000186,5,0.943506,0.051309,0.001742,0.001722,0.00172,4,0.813786,0.181357,0.001666,0.001596,0.001594,y,central,slightly_facing,y,slightly_facing,range_9_12,None,None,central
109,5,0.117733,0.282176,0.075024,0.524914,0.000153,2,0.04555,0.295972,0.082097,0.576197,0.000184,5,0.928551,0.066217,0.001762,0.001736,0.001734,4,0.816583,0.178579,0.001659,0.00159,0.001588,y,central,slightly_facing,y,slightly_facing,range_9_12,None,None,central
110,5,0.232151,0.24801,0.067094,0.452606,0.00014,2,0.065625,0.226706,0.071148,0.636313,0.000208,5,0.897031,0.098168,0.001623,0.001589,0.001589,4,0.637262,0.357472,0.001846,0.00171,0.00171,m,central,strongly_facing,m,slightly_facing,range_6_9,None,None,central
111,5,0.240116,0.252791,0.067502,0.439462,0.00013,2,0.052112,0.22597,0.071552,0.650151,0.000215,5,0.918356,0.076838,0.001619,0.001593,0.001593,4,0.625259,0.369362,0.001887,0.001746,0.001746,y,central,strongly_facing,y,slightly_facing,range_6_9,None,None,central
112,5,0.246628,0.25651,0.067879,0.428858,0.000124,2,0.041394,0.225304,0.071798,0.66128,0.000224,5,0.935154,0.06006,0.001609,0.001589,0.001589,4,0.615007,0.379539,0.001915,0.00177,0.00177,y,central,strongly_facing,y,slightly_facing,range_6_9,None,None,central
113,5,0.248801,0.255959,0.06773,0.427384,0.000125,2,0.041622,0.224052,0.0716,0.662498,0.000228,5,0.934741,0.060457,0.001614,0.001594,0.001594,4,0.611589,0.382932,0.001924,0.001777,0.001777,y,central,strongly_facing,y,slightly_facing,range_6_9,None,None,central
114,5,0.246182,0.250855,0.067039,0.435793,0.000131,2,0.053315,0.222395,0.071003,0.653059,0.000227,5,0.9164,0.078714,0.001647,0.00162,0.00162,4,0.615649,0.378892,0.001917,0.001771,0.001771,y,central,slightly_facing,y,slightly_facing,range_6_9,None,None,central
115,5,0.242189,0.244636,0.066182,0.446856,0.000136,2,0.06811,0.220651,0.070261,0.640753,0.000224,5,0.893167,0.101872,0.001677,0.001642,0.001642,4,0.621897,0.372686,0.001901,0.001758,0.001758,y,central,slightly_facing,y,slightly_facing,range_6_9,None,None,central
116,5,0.535691,0.20644,0.052752,0.205058,5.8e-05,2,0.01868,0.069508,0.048459,0.863087,0.000265,5,0.970521,0.02697,0.000843,0.000833,0.000833,4,0.161839,0.832204,0.002199,0.001879,0.001879,y,central,slightly_facing,n,strongly_facing,range_6_9,None,None,central
117,5,0.6238,0.195378,0.04879,0.131998,3.4e-05,2,0.003047,0.023937,0.041844,0.930925,0.000248,5,0.995209,0.003208,0.000528,0.000527,0.000527,4,0.022899,0.971217,0.002211,0.001836,0.001836,y,central,strongly_facing,n,strongly_facing,range_6_9,None,None,central
118,5,0.632864,0.194849,0.048592,0.123664,3.1e-05,2,0.001408,0.017962,0.041226,0.939164,0.00024,5,0.997811,0.000729,0.000487,0.000487,0.000487,4,0.004676,0.989463,0.00221,0.001825,0.001825,y,central,strongly_facing,n,strongly_facing,range_6_9,None,None,central
119,5,0.636308,0.193244,0.048266,0.122152,3e-05,2,0.001264,0.01732,0.040959,0.940218,0.000239,5,0.99804,0.000513,0.000482,0.000482,0.000482,4,0.003017,0.991123,0.002209,0.001825,0.001825,y,central,strongly_facing,n,strongly_facing,range_6_9,None,None,central
120,5,0.636585,0.193231,0.04826,0.121894,3e-05,2,0.001246,0.017109,0.040936,0.940471,0.000238,5,0.998071,0.000486,0.000481,0.000481,0.000481,4,0.002401,0.99174,0.002209,0.001825,0.001825,y,central,strongly_facing,n,strongly_facing,range_6_9,None,None,central
121,5,0.636452,0.193313,0.048298,0.121905,3.3e-05,2,0.001253,0.017108,0.040997,0.940405,0.000238,5,0.998005,0.000505,0.000497,0.000497,0.000497,4,0.00235,0.991747,0.002224,0.00184,0.00184,m,central,slightly_facing,n,strongly_facing,range_6_9,None,None,central
122,5,0.636197,0.193493,0.048308,0.12197,3.1e-05,2,0.001245,0.017099,0.040973,0.940444,0.000238,5,0.99806,0.000488,0.000484,0.000484,0.000484,4,0.002325,0.991808,0.002212,0.001827,0.001827,y,central,slightly_facing,n,strongly_facing,range_6_9,None,None,central
123,5,0.635165,0.194044,0.048443,0.122318,3.1e-05,2,0.001245,0.017137,0.041061,0.940319,0.000238,5,0.998072,0.000484,0.000481,0.000481,0.000481,4,0.002321,0.991821,0.002209,0.001824,0.001824,y,central,strongly_facing,n,strongly_facing,range_6_9,None,None,central
124,5,0.632298,0.195557,0.048838,0.123275,3.2e-05,2,0.001252,0.017267,0.04136,0.939883,0.000238,5,0.998025,0.000498,0.000492,0.000492,0.000492,4,0.002336,0.99178,0.00222,0.001832,0.001832,m,central,strongly_facing,n,strongly_facing,range_6_9,None,None,central
125,5,0.632194,0.195584,0.048848,0.123344,3.1e-05,2,0.001247,0.017264,0.041347,0.939904,0.000238,5,0.998067,0.000486,0.000482,0.000482,0.000482,4,0.002324,0.99182,0.002211,0.001823,0.001823,y,central,strongly_facing,n,strongly_facing,range_6_9,None,None,central
126,5,0.632199,0.195583,0.048846,0.123341,3.1e-05,2,0.001243,0.01726,0.041337,0.939922,0.000237,5,0.998082,0.000482,0.000479,0.000479,0.000479,4,0.002317,0.991835,0.002208,0.00182,0.00182,y,central,slightly_facing,n,strongly_facing,range_3_6,None,None,central
127,5,0.632204,0.195579,0.048856,0.123329,3.2e-05,2,0.001249,0.01727,0.041368,0.939875,0.000237,5,0.998035,0.000498,0.000489,0.000489,0.000489,4,0.002331,0.991792,0.002218,0.00183,0.00183,m,central,slightly_facing,n,strongly_facing,range_3_6,None,None,central
128,5,0.632343,0.195549,0.048815,0.123262,3.1e-05,2,0.001243,0.017251,0.041316,0.939952,0.000237,5,0.998078,0.000485,0.000479,0.000479,0.000479,4,0.002317,0.991834,0.002208,0.00182,0.00182,y,central,slightly_facing,n,strongly_facing,range_3_6,None,None,central
129,5,0.63318,0.195355,0.048645,0.12279,3e-05,2,0.001241,0.01719,0.041179,0.940153,0.000237,5,0.998089,0.000481,0.000477,0.000477,0.000477,4,0.002313,0.991842,0.002206,0.001819,0.001819,y,central,strongly_facing,n,strongly_facing,range_3_6,None,None,central
130,5,0.63233,0.195554,0.048817,0.123268,3e-05,2,0.001242,0.017249,0.041311,0.939961,0.000237,5,0.998091,0.000479,0.000477,0.000477,0.000477,4,0.002314,0.991843,0.002206,0.001818,0.001818,y,central,strongly_facing,n,strongly_facing,range_3_6,None,None,central
131,5,0.632291,0.195562,0.048824,0.123292,3e-05,2,0.001242,0.017252,0.041317,0.939952,0.000237,5,0.998091,0.000479,0.000477,0.000477,0.000477,4,0.002314,0.991843,0.002206,0.001818,0.001818,y,central,strongly_facing,n,strongly_facing,range_3_6,None,None,central
132,5,0.632803,0.195443,0.048723,0.123,3.1e-05,2,0.001242,0.017218,0.041242,0.940061,0.000237,5,0.998085,0.00048,0.000478,0.000478,0.000478,4,0.002316,0.991837,0.002207,0.00182,0.00182,y,central,slightly_facing,n,strongly_facing,range_3_6,None,None,central
133,5,0.632192,0.195583,0.048859,0.123335,3.2e-05,2,0.001249,0.017271,0.041369,0.939873,0.000237,5,0.998038,0.000495,0.000489,0.000489,0.000489,4,0.002331,0.991793,0.002218,0.001829,0.001829,m,central,slightly_facing,n,strongly_facing,range_3_6,None,None,central
134,5,0.63223,0.195581,0.048838,0.12332,3.1e-05,2,0.001243,0.017258,0.041332,0.939929,0.000237,5,0.998081,0.000482,0.000479,0.000479,0.000479,4,0.002318,0.991834,0.002209,0.00182,0.00182,y,central,slightly_facing,n,strongly_facing,range_3_6,None,None,central
135,5,0.632706,0.19547,0.048742,0.123051,3.1e-05,2,0.001242,0.017224,0.041256,0.94004,0.000237,5,0.998084,0.000481,0.000478,0.000478,0.000478,4,0.002316,0.991836,0.002208,0.00182,0.00182,y,central,slightly_facing,n,strongly_facing,range_3_6,None,None,central
136,5,0.632142,0.195603,0.048855,0.12337,3e-05,2,0.001242,0.017262,0.041339,0.93992,0.000237,5,0.99809,0.000479,0.000477,0.000477,0.000477,4,0.002315,0.991843,0.002207,0.001818,0.001818,y,central,strongly_facing,n,strongly_facing,range_3_6,None,None,central
137,5,0.632065,0.195621,0.04887,0.123413,3e-05,2,0.001242,0.017267,0.041351,0.939903,0.000237,5,0.998091,0.000478,0.000477,0.000477,0.000477,4,0.002314,0.991843,0.002207,0.001818,0.001818,y,central,strongly_facing,n,strongly_facing,range_3_6,None,None,central
138,5,0.632066,0.195621,0.04887,0.123413,3e-05,2,0.001242,0.017267,0.041351,0.939903,0.000237,5,0.998091,0.000478,0.000477,0.000477,0.000477,4,0.002314,0.991843,0.002207,0.001818,0.001818,y,central,strongly_facing,n,strongly_facing,range_3_6,None,None,central
139,5,0.63208,0.195617,0.048869,0.123403,3.1e-05,2,0.001243,0.017268,0.041353,0.939899,0.000237,5,0.998084,0.00048,0.000478,0.000478,0.000478,4,0.002316,0.991837,0.002208,0.001819,0.001819,y,central,slightly_facing,n,strongly_facing,range_3_6,None,None,central
140,5,0.632221,0.195581,0.048851,0.123316,3.2e-05,2,0.001249,0.017269,0.041364,0.939881,0.000237,5,0.998038,0.000495,0.000489,0.000489,0.000489,4,0.002331,0.991793,0.002218,0.001829,0.001829,m,central,slightly_facing,n,strongly_facing,range_3_6,None,None,central
141,5,0.632709,0.195469,0.048742,0.123049,3.1e-05,2,0.001243,0.017225,0.041257,0.940038,0.000237,5,0.998081,0.000482,0.000479,0.000479,0.000479,4,0.002317,0.991834,0.002208,0.001821,0.001821,y,central,slightly_facing,n,strongly_facing,range_3_6,None,None,central
142,5,0.632152,0.1956,0.048853,0.123364,3.1e-05,2,0.001242,0.017261,0.041338,0.939922,0.000237,5,0.99809,0.000479,0.000477,0.000477,0.000477,4,0.002315,0.991843,0.002207,0.001818,0.001818,y,central,strongly_facing,n,strongly_facing,range_3_6,None,None,central
143,5,0.632105,0.195593,0.048859,0.123412,3.1e-05,2,0.001361,0.017343,0.04158,0.939468,0.000248,5,0.997729,0.000571,0.000567,0.000567,0.000567,4,0.002502,0.991439,0.002279,0.00189,0.00189,m,central,strongly_facing,n,strongly_facing,range_0_3,None,None,central
144,5,0.632025,0.195609,0.048868,0.123468,3e-05,2,0.001368,0.017354,0.041588,0.93944,0.000251,5,0.997728,0.00057,0.000567,0.000567,0.000567,4,0.002516,0.991426,0.002278,0.00189,0.00189,y,central,strongly_facing,n,strongly_facing,range_0_3,None,None,central
145,5,0.632023,0.195607,0.048868,0.123471,3e-05,2,0.00137,0.017358,0.041591,0.939429,0.000252,5,0.997722,0.000573,0.000569,0.000569,0.000569,4,0.002523,0.991416,0.002279,0.001891,0.001891,y,central,slightly_facing,n,strongly_facing,range_0_3,None,None,central
146,5,0.632038,0.195603,0.048865,0.123463,3e-05,2,0.00137,0.017358,0.041589,0.93943,0.000252,5,0.997721,0.000573,0.000569,0.000569,0.000569,4,0.002524,0.991414,0.00228,0.001891,0.001891,y,central,slightly_facing,n,strongly_facing,range_0_3,None,None,central
147,5,0.632189,0.195567,0.048833,0.12338,3e-05,2,0.00137,0.017349,0.041566,0.939463,0.000252,5,0.997722,0.000573,0.000569,0.000569,0.000569,4,0.002525,0.991413,0.002279,0.001891,0.001891,y,central,slightly_facing,n,strongly_facing,range_0_3,None,None,central
148,5,0.632664,0.195457,0.048738,0.123112,3e-05,2,0.001369,0.017316,0.041492,0.939571,0.000252,5,0.997722,0.000573,0.000568,0.000568,0.000568,4,0.002525,0.991412,0.002279,0.001892,0.001892,y,central,slightly_facing,n,strongly_facing,range_0_3,None,None,central
149,5,0.632099,0.195589,0.048852,0.12343,3e-05,2,0.00137,0.017356,0.041579,0.939443,0.000252,5,0.997721,0.000573,0.000569,0.000569,0.000569,4,0.002527,0.991411,0.00228,0.001891,0.001891,y,central,slightly_facing,n,strongly_facing,range_0_3,None,None,central
150,5,0.632054,0.195593,0.048862,0.12346,3e-05,2,0.00137,0.01736,0.041588,0.93943,0.000252,5,0.997721,0.000573,0.000569,0.000569,0.000569,4,0.00253,0.991408,0.00228,0.001891,0.001891,y,central,slightly_facing,n,strongly_facing,range_0_3,None,None,central
151,5,0.632646,0.195321,0.048774,0.123229,3e-05,2,0.00137,0.017334,0.041523,0.939522,0.000252,5,0.997722,0.000573,0.000568,0.000568,0.000568,4,0.002536,0.991402,0.002279,0.001892,0.001892,y,central,slightly_facing,n,strongly_facing,range_0_3,None,None,central
152,5,0.632395,0.19538,0.048824,0.12337,3e-05,2,0.00137,0.017351,0.041562,0.939465,0.000252,5,0.997722,0.000573,0.000569,0.000569,0.000569,4,0.002536,0.991402,0.002279,0.001891,0.001891,y,central,slightly_facing,n,strongly_facing,range_0_3,None,None,central
153,5,0.632056,0.195332,0.049177,0.12337,6.6e-05,2,0.001771,0.017704,0.042681,0.937589,0.000254,5,0.996038,0.001206,0.000919,0.000919,0.000919,4,0.003198,0.989757,0.002606,0.002219,0.002219,n,central,turned_away,n,strongly_facing,range_0_3,None,None,central
154,5,0.632357,0.19535,0.048853,0.1234,4e-05,2,0.001476,0.017385,0.041676,0.939211,0.000252,5,0.997471,0.000706,0.000608,0.000608,0.000608,4,0.002678,0.99116,0.002313,0.001925,0.001925,m,central,slightly_facing,n,strongly_facing,range_0_3,None,None,central
155,5,0.632292,0.195336,0.048876,0.123456,4e-05,2,0.001561,0.017409,0.04175,0.939028,0.000252,5,0.997296,0.000812,0.000631,0.000631,0.000631,4,0.002779,0.99099,0.002335,0.001948,0.001948,n,central,slightly_facing,n,strongly_facing,range_0_3,None,None,central
