,imas_1,wti_1,viewing_area_1,body_facing_1,gesture_1,approaching_1,imas_2,wti_2,viewing_area_2,body_facing_2,gesture_2,approaching_2,distance
0,2,2,outside,turned_away,None,n,2,3,outside,turned_away,None,n,31.77494754938444
1,2,2,outside,turned_away,None,n,2,3,outside,turned_away,None,n,31.77494754938444
2,2,2,outside,turned_away,None,n,2,3,outside,turned_away,None,n,31.77494754938444
3,2,2,outside,turned_away,None,n,2,3,outside,turned_away,None,n,31.788485761699707
4,2,2,mid_peripheral,slightly_facing,None,n,2,3,mid_peripheral,slightly_facing,None,n,31.819738993812766
5,2,2,mid_peripheral,strongly_facing,None,n,2,3,mid_peripheral,strongly_facing,None,n,31.754577175431987
6,2,2,mid_peripheral,strongly_facing,None,n,2,3,mid_peripheral,strongly_facing,None,n,31.467263400563198
7,2,2,mid_peripheral,strongly_facing,None,n,2,3,mid_peripheral,strongly_facing,None,n,31.247498955348693
8,2,2,mid_peripheral,slightly_facing,None,n,2,3,mid_peripheral,slightly_facing,None,n,31.063097669481007
9,2,2,mid_peripheral,slightly_facing,None,n,2,3,mid_peripheral,slightly_facing,None,n,30.811988074285765
10,2,2,mid_peripheral,slightly_facing,None,n,2,3,mid_peripheral,slightly_facing,None,n,30.521426560892206
11,2,2,mid_peripheral,slightly_facing,None,n,3,4,central,slightly_facing,None,y,30.208974777666008
12,2,2,mid_peripheral,slightly_facing,None,n,3,4,central,slightly_facing,None,y,30.002157501840028
13,2,2,mid_peripheral,slightly_facing,None,n,3,4,central,strongly_facing,None,y,29.80261980029844
14,2,2,mid_peripheral,slightly_facing,None,n,3,4,central,strongly_facing,None,y,29.57644469406078
15,2,2,mid_peripheral,strongly_facing,None,n,3,4,central,slightly_facing,None,y,29.34826816388798
16,2,2,mid_peripheral,strongly_facing,None,n,3,4,central,slightly_facing,None,y,29.181571210656227
17,2,2,mid_peripheral,strongly_facing,None,n,3,4,central,slightly_facing,None,y,28.992719308167075
18,2,2,mid_peripheral,strongly_facing,None,n,3,4,central,slightly_facing,None,m,28.75993950276226
19,2,2,mid_peripheral,slightly_facing,None,n,3,4,central,slightly_facing,None,y,28.680923921843974
20,2,2,mid_peripheral,slightly_facing,None,n,3,4,central,slightly_facing,None,y,28.441199355140302
21,2,2,mid_peripheral,slightly_facing,None,n,3,4,central,strongly_facing,None,y,28.114051049579746
22,2,2,mid_peripheral,slightly_facing,None,n,3,4,central,strongly_facing,None,y,27.848372076184432
23,2,2,mid_peripheral,slightly_facing,None,n,3,4,central,slightly_facing,None,y,27.51883714380163
24,2,2,mid_peripheral,strongly_facing,None,n,3,4,central,slightly_facing,None,y,27.129341731778638
25,2,2,mid_peripheral,strongly_facing,None,n,3,4,central,slightly_facing,None,y,26.938294697042565
26,2,2,mid_peripheral,strongly_facing,None,n,3,4,central,slightly_facing,None,y,26.72291975352761
27,2,2,mid_peripheral,slightly_facing,None,n,2,4,central,slightly_facing,wave_small_head,y,26.538911247548445
28,2,2,mid_peripheral,slightly_facing,None,n,2,4,central,slightly_facing,wave_small_head,y,26.294943133738638
29,2,2,mid_peripheral,slightly_facing,None,n,2,4,central,slightly_facing,wave_small_head,y,26.160591728612737
30,2,2,mid_peripheral,slightly_facing,None,n,2,4,central,slightly_facing,wave_small_head,y,25.880632101902187
31,2,2,mid_peripheral,slightly_facing,None,n,2,4,central,slightly_facing,wave_small_head,y,25.730193846477427
32,2,2,mid_peripheral,slightly_facing,None,n,2,4,central,slightly_facing,wave_small_head,y,25.529789754926888
33,2,2,mid_peripheral,slightly_facing,None,n,2,4,central,slightly_facing,wave_small_head,y,25.31866410736327
34,2,2,mid_peripheral,strongly_facing,None,n,2,4,central,slightly_facing,wave_small_head,y,25.09029951035276
35,2,2,mid_peripheral,strongly_facing,None,n,2,4,central,slightly_facing,wave_small_head,y,24.79052894069808
36,2,2,mid_peripheral,strongly_facing,None,n,2,4,central,slightly_facing,wave_small_head,y,24.605870272657825
37,2,2,mid_peripheral,slightly_facing,None,n,2,4,central,slightly_facing,wave_small_head,y,24.470465867139207
38,2,2,central,slightly_facing,None,y,2,4,central,slightly_facing,wave_small_head,y,24.26296499747061
39,2,2,central,slightly_facing,None,y,2,4,central,slightly_facing,wave_small_head,y,24.09390476109958
40,2,2,central,slightly_facing,None,y,2,4,central,slightly_facing,wave_small_head,y,23.909269332108327
41,2,2,central,slightly_facing,None,y,2,4,central,slightly_facing,wave_small_head,y,23.689025969653148
42,2,2,central,slightly_facing,None,y,2,4,central,slightly_facing,wave_small_head,y,23.542556585660105
43,2,2,central,slightly_facing,None,y,2,4,central,slightly_facing,wave_small_head,y,23.385539492215713
44,2,2,central,slightly_facing,None,y,2,4,central,slightly_facing,wave_small_head,y,23.241259378141656
45,2,2,central,slightly_facing,None,y,2,4,central,slightly_facing,None,y,23.038684970445086
46,2,2,central,strongly_facing,None,y,2,4,central,slightly_facing,None,y,22.866297770501284
47,2,2,central,slightly_facing,None,y,2,4,central,slightly_facing,None,y,22.70065155013644
48,2,2,central,slightly_facing,None,y,2,4,central,slightly_facing,None,y,22.514612809518223
49,2,2,central,slightly_facing,None,y,2,4,central,slightly_facing,None,y,22.343206270759286
50,2,2,central,slightly_facing,None,y,2,4,central,slightly_facing,None,y,22.160345031446262
51,2,2,central,slightly_facing,None,y,2,4,central,slightly_facing,None,y,21.904312633366885
52,2,3,central,slightly_facing,arm_raise_high,y,2,4,central,slightly_facing,None,y,21.707060070683198
53,2,3,central,slightly_facing,arm_raise_high,y,2,4,central,slightly_facing,None,y,21.482978126224346
54,2,3,central,slightly_facing,arm_raise_high,y,2,4,central,slightly_facing,None,y,21.361230223014253
55,2,3,central,slightly_facing,arm_raise_high,y,2,4,central,slightly_facing,None,y,21.147799380965004
56,2,3,central,strongly_facing,arm_raise_high,y,2,4,central,slightly_facing,None,y,20.930511623306128
57,2,3,central,strongly_facing,arm_raise_high,y,2,4,central,slightly_facing,None,y,20.62888916875286
58,2,3,central,slightly_facing,arm_raise_high,y,2,4,central,slightly_facing,None,y,20.49221818603623
59,2,3,central,slightly_facing,arm_raise_high,y,2,4,central,slightly_facing,None,y,20.264973391538465
60,2,3,central,slightly_facing,arm_raise_high,y,2,4,central,slightly_facing,None,y,20.104699131785534
61,2,3,central,slightly_facing,arm_raise_high,y,2,4,central,slightly_facing,None,y,19.83901016402071
62,2,3,central,slightly_facing,arm_raise_high,y,2,4,central,slightly_facing,None,y,19.56788564132942
63,2,3,central,slightly_facing,arm_raise_high,y,2,4,central,slightly_facing,None,y,19.45097153518795
64,2,3,central,slightly_facing,arm_raise_high,y,2,4,central,slightly_facing,None,y,19.143989337195578
65,2,3,central,slightly_facing,arm_raise_high,y,2,4,central,slightly_facing,None,y,18.969112019710778
66,2,3,central,slightly_facing,arm_raise_high,y,2,4,central,slightly_facing,None,y,18.736884722360998
67,2,3,central,slightly_facing,arm_raise_high,y,2,4,central,slightly_facing,None,y,18.562836684745275
68,2,3,central,slightly_facing,arm_raise_high,y,2,4,central,slightly_facing,None,y,18.410783649217105
69,2,3,central,slightly_facing,arm_raise_high,y,2,4,central,slightly_facing,None,y,18.164839398690336
70,2,3,central,slightly_facing,arm_raise_high,y,2,4,central,slightly_facing,None,y,18.014518914450445
71,5,5,central,slightly_facing,None,y,2,4,central,slightly_facing,None,y,17.872608572925245
72,5,5,central,slightly_facing,None,y,2,4,central,slightly_facing,None,y,17.6835146787348
73,5,5,central,slightly_facing,None,y,2,4,central,slightly_facing,None,y,17.542940488202536
74,5,5,central,slightly_facing,None,y,2,4,central,slightly_facing,None,y,17.397723201961497
75,5,5,central,slightly_facing,None,y,2,4,central,slightly_facing,None,y,17.212186889418675
76,5,5,central,slightly_facing,None,y,2,4,central,slightly_facing,None,y,17.091343770426857
77,5,5,central,slightly_facing,None,y,2,4,central,slightly_facing,None,y,16.880507331873293
78,5,5,central,slightly_facing,None,y,2,4,central,slightly_facing,None,y,16.665715826400284
79,5,5,central,slightly_facing,None,m,2,4,central,slightly_facing,None,m,16.513967269918936
80,5,5,central,slightly_facing,None,y,2,4,central,slightly_facing,None,y,16.426951777208235
81,5,5,central,slightly_facing,None,y,2,4,central,slightly_facing,None,y,16.305167453809112
82,5,5,central,slightly_facing,None,y,2,4,central,slightly_facing,None,y,16.15369602837307
83,5,5,central,slightly_facing,None,y,2,4,central,slightly_facing,None,y,15.918267700997651
84,5,5,central,slightly_facing,None,y,2,4,central,slightly_facing,None,y,15.74697604745857
85,5,5,central,slightly_facing,None,y,2,4,central,slightly_facing,None,y,15.463251884202913
86,5,5,central,strongly_facing,None,y,2,4,central,slightly_facing,None,y,15.130627235714588
87,5,5,central,strongly_facing,None,y,2,4,central,slightly_facing,None,y,14.936258712955958
88,5,5,central,slightly_facing,None,y,2,4,central,slightly_facing,None,y,14.595928334186386
89,5,5,central,slightly_facing,None,y,2,4,central,slightly_facing,None,y,14.350392427768831
90,5,5,central,slightly_facing,None,y,2,4,central,slightly_facing,None,y,14.201710103222675
91,5,5,central,strongly_facing,None,y,2,4,central,slightly_facing,None,y,13.916173169475723
92,5,5,central,strongly_facing,None,y,2,4,central,slightly_facing,None,y,13.585594952408096
93,5,5,central,strongly_facing,None,y,2,4,central,slightly_facing,None,y,13.369405504307887
94,5,5,central,slightly_facing,None,y,2,4,central,slightly_facing,None,y,13.210808333815345
95,5,5,central,slightly_facing,None,y,2,4,central,slightly_facing,None,y,12.71385904218684
96,5,5,central,slightly_facing,None,y,2,4,central,slightly_facing,None,y,12.545962994336069
97,5,5,central,slightly_facing,None,y,2,4,central,slightly_facing,None,y,12.323840247484101
98,5,5,central,strongly_facing,None,y,2,4,central,slightly_facing,None,y,12.00602251726374
99,5,5,central,strongly_facing,None,y,2,4,central,slightly_facing,None,y,11.671773532906643
100,5,5,central,strongly_facing,None,y,2,4,central,slightly_facing,None,y,11.401656310480156
101,5,5,central,slightly_facing,None,y,2,4,central,slightly_facing,None,y,11.114878247145546
102,5,5,central,slightly_facing,None,y,2,4,central,slightly_facing,None,y,10.869833895328854
103,5,5,central,slightly_facing,None,y,2,4,central,slightly_facing,None,y,10.715561066400303
104,5,5,central,strongly_facing,None,y,2,4,central,slightly_facing,None,y,10.447071852178288
105,5,5,central,strongly_facing,None,y,2,4,central,slightly_facing,None,y,10.044791204225405
106,5,5,central,strongly_facing,None,y,2,4,central,slightly_facing,None,y,9.878333431859906
107,5,5,central,slightly_facing,None,y,2,4,central,slightly_facing,None,y,9.591681577734175
108,5,5,central,slightly_facing,None,y,2,4,central,slightly_facing,None,y,9.309958052797016
109,5,5,central,slightly_facing,None,y,2,4,central,slightly_facing,None,y,9.09475387214168
110,5,5,central,strongly_facing,None,m,2,4,central,slightly_facing,None,m,8.795869737191426
111,5,5,central,strongly_facing,None,y,2,4,central,slightly_facing,None,y,8.72360974624473
112,5,5,central,strongly_facing,None,y,2,4,central,slightly_facing,None,y,8.471676305635144
113,5,5,central,strongly_facing,None,y,2,4,central,slightly_facing,None,y,8.289012975446534
114,5,5,central,slightly_facing,None,y,2,4,central,slightly_facing,None,y,8.09818026959965
115,5,5,central,slightly_facing,None,y,2,4,central,slightly_facing,None,y,7.855183228601352
116,5,5,central,slightly_facing,None,y,2,4,central,strongly_facing,None,n,7.754845286766849
117,5,5,central,strongly_facing,None,y,2,4,central,strongly_facing,None,n,7.507364525028537
118,5,5,central,strongly_facing,None,y,2,4,central,strongly_facing,None,n,7.292676177684705
119,5,5,central,strongly_facing,None,y,2,4,central,strongly_facing,None,n,7.105327841885206
120,5,5,central,strongly_facing,None,y,2,4,central,strongly_facing,None,n,6.909814054623617
121,5,5,central,slightly_facing,None,m,2,4,central,strongly_facing,None,n,6.680591657716327
122,5,5,central,slightly_facing,None,y,2,4,central,strongly_facing,None,n,6.590076153487909
123,5,5,central,strongly_facing,None,y,2,4,central,strongly_facing,None,n,6.395146057378282
124,5,5,central,strongly_facing,None,m,2,4,central,strongly_facing,None,n,6.1053248718609465
125,5,5,central,strongly_facing,None,y,2,4,central,strongly_facing,None,n,6.011665532428927
126,5,5,central,slightly_facing,None,y,2,4,central,strongly_facing,None,n,5.82488190881103
127,5,5,central,slightly_facing,None,m,2,4,central,strongly_facing,None,n,5.641826627965541
128,5,5,central,slightly_facing,None,y,2,4,central,strongly_facing,None,n,5.573784170152445
129,5,5,central,strongly_facing,None,y,2,4,central,strongly_facing,None,n,5.418315363660001
130,5,5,central,strongly_facing,None,y,2,4,central,strongly_facing,None,n,5.109404121733573
131,5,5,central,strongly_facing,None,y,2,4,central,strongly_facing,None,n,5.000985737059648
132,5,5,central,slightly_facing,None,y,2,4,central,strongly_facing,None,n,4.82902912642552
133,5,5,central,slightly_facing,None,m,2,4,central,strongly_facing,None,n,4.527339247974467
134,5,5,central,slightly_facing,None,y,2,4,central,strongly_facing,None,n,4.436560800284945
135,5,5,central,slightly_facing,None,y,2,4,central,strongly_facing,None,n,4.323575106146879
136,5,5,central,strongly_facing,None,y,2,4,central,strongly_facing,None,n,4.157258521363566
137,5,5,central,strongly_facing,None,y,2,4,central,strongly_facing,None,n,3.87984201478179
138,5,5,central,strongly_facing,None,y,2,4,central,strongly_facing,None,n,3.6942708925428036
139,5,5,central,slightly_facing,None,y,2,4,central,strongly_facing,None,n,3.4972483467521958
140,5,5,central,slightly_facing,None,m,2,4,central,strongly_facing,None,n,3.3223454346550194
141,5,5,central,slightly_facing,None,y,2,4,central,strongly_facing,None,n,3.247124940792089
142,5,5,central,strongly_facing,None,y,2,4,central,strongly_facing,None,n,3.065855330299348
143,5,5,central,strongly_facing,None,m,2,4,central,strongly_facing,None,n,2.754018900284636
144,5,5,central,strongly_facing,None,y,2,4,central,strongly_facing,None,n,2.655698209718302
145,5,5,central,slightly_facing,None,y,2,4,central,strongly_facing,None,n,2.4497013427479293
146,5,5,central,slightly_facing,None,y,2,4,central,strongly_facing,None,n,2.268680929829709
147,5,5,central,slightly_facing,None,y,2,4,central,strongly_facing,None,n,2.125780805319539
148,5,5,central,slightly_facing,None,y,2,4,central,strongly_facing,None,n,1.9509781320404371
149,5,5,central,slightly_facing,None,y,2,4,central,strongly_facing,None,n,1.7565222333514574
150,5,5,central,slightly_facing,None,y,2,4,central,strongly_facing,None,n,1.647041026134447
151,5,5,central,slightly_facing,None,y,2,4,central,strongly_facing,None,n,1.4796589307894594
152,5,5,central,slightly_facing,None,y,2,4,central,strongly_facing,None,n,1.3141788971041957
153,5,5,central,turned_away,None,n,2,4,central,strongly_facing,None,n,1.132878867871143
154,5,5,central,slightly_facing,None,m,2,4,central,strongly_facing,None,n,1.1404934522604693
155,5,5,central,slightly_facing,None,n,2,4,central,strongly_facing,None,n,1.1302604907670584
