,imas_1,wti_1,viewing_area_1,body_facing_1,gesture_1,approaching_1,imas_2,wti_2,viewing_area_2,body_facing_2,gesture_2,approaching_2,distance
0,2,2,outside,slightly_facing,None,n,1,1,outside,turned_away,None,n,9.690889804926897
1,2,2,outside,slightly_facing,None,n,1,1,outside,turned_away,None,n,9.690889804926897
2,2,2,outside,slightly_facing,None,n,1,1,outside,turned_away,None,n,9.671343150942638
3,2,2,outside,turned_away,None,n,1,1,outside,turned_away,None,n,9.662661994435544
4,2,2,outside,turned_away,None,n,1,1,outside,turned_away,None,n,9.722307938612772
5,2,2,outside,turned_away,None,n,1,1,outside,turned_away,None,n,9.743707071687345
6,2,2,outside,turned_away,None,n,1,1,outside,turned_away,None,n,9.76014955875909
7,2,2,outside,slightly_facing,None,n,1,1,outside,turned_away,None,n,9.766012790292315
8,2,2,outside,slightly_facing,None,n,1,1,outside,turned_away,None,n,9.760612840882178
9,2,2,outside,slightly_facing,None,n,1,1,outside,turned_away,None,n,9.737368442770254
10,2,2,outside,turned_away,None,n,1,1,outside,slightly_facing,None,n,9.73196158143691
11,2,2,outside,turned_away,None,n,1,1,outside,slightly_facing,None,n,9.731798691349614
12,2,2,outside,turned_away,None,n,1,1,outside,slightly_facing,None,n,9.722232401873555
13,2,2,outside,slightly_facing,None,n,1,1,outside,slightly_facing,None,n,9.678456415499838
14,2,2,outside,slightly_facing,None,n,1,1,outside,slightly_facing,None,n,9.640550223157605
15,2,2,outside,slightly_facing,None,n,1,1,outside,turned_away,None,n,9.584640395055263
16,2,2,outside,slightly_facing,None,n,1,1,outside,turned_away,None,n,9.571716571872573
17,2,4,central,turned_away,None,n,1,1,outside,turned_away,None,n,9.585248658702024
18,2,4,central,turned_away,None,n,1,1,outside,turned_away,None,n,9.61075418171525
19,2,4,central,turned_away,None,n,1,1,outside,turned_away,None,n,9.652668745374205
20,2,4,central,slightly_facing,None,m,1,1,outside,slightly_facing,None,n,9.662251603101277
21,2,4,central,slightly_facing,None,m,1,1,outside,slightly_facing,None,n,9.623536597410018
22,2,4,central,turned_away,None,n,1,1,outside,slightly_facing,None,n,9.608874450632445
23,2,4,central,turned_away,None,n,1,1,outside,slightly_facing,None,n,9.598745343052542
24,2,4,central,turned_away,None,n,1,1,outside,turned_away,None,n,9.60398833528623
25,2,4,central,turned_away,None,n,1,1,outside,turned_away,None,n,9.629546133183272
26,2,4,central,turned_away,None,n,1,1,outside,turned_away,None,n,9.650440206342926
27,2,4,central,slightly_facing,None,m,1,1,outside,turned_away,None,n,9.661856456863195
28,2,4,central,slightly_facing,None,m,1,1,outside,slightly_facing,None,n,9.65027825893379
29,2,4,central,slightly_facing,None,m,1,1,outside,slightly_facing,None,n,9.622510968733321
30,2,4,central,slightly_facing,None,m,1,1,outside,slightly_facing,None,n,9.603366410929242
31,2,4,central,slightly_facing,None,m,1,1,outside,slightly_facing,None,n,9.558001190432499
32,2,4,central,slightly_facing,None,m,1,1,outside,slightly_facing,None,n,9.530067439065578
33,2,4,central,turned_away,arm_raise_low,n,1,1,outside,slightly_facing,None,n,9.486085499795687
34,2,4,central,turned_away,arm_raise_low,n,1,1,outside,turned_away,None,n,9.480082085986439
35,2,4,central,slightly_facing,arm_raise_low,m,1,1,outside,turned_away,None,n,9.483339924630986
36,2,4,central,slightly_facing,arm_raise_low,m,1,1,outside,turned_away,None,n,9.472255497218866
37,2,4,central,slightly_facing,arm_raise_low,m,1,1,outside,slightly_facing,None,n,9.471949240300493
38,2,4,central,slightly_facing,arm_raise_low,m,1,1,outside,turned_away,None,n,9.441687860019789
39,2,4,central,slightly_facing,arm_raise_low,m,1,1,outside,turned_away,None,n,9.42513945138511
40,2,4,central,slightly_facing,arm_raise_low,m,1,1,outside,slightly_facing,None,n,9.406246618128627
41,2,4,central,turned_away,arm_raise_low,n,1,1,outside,slightly_facing,None,n,9.388470572451928
42,2,4,central,turned_away,arm_raise_low,n,1,1,outside,slightly_facing,None,n,9.379091571137156
43,2,4,central,turned_away,arm_raise_low,n,1,1,outside,slightly_facing,None,n,9.370974353381401
44,2,4,central,turned_away,None,n,1,1,outside,slightly_facing,None,n,9.365028819972364
45,2,4,central,turned_away,None,n,1,1,outside,slightly_facing,None,n,9.366226115399952
46,2,4,central,turned_away,None,n,1,1,outside,turned_away,None,n,9.364878746379263
47,2,4,central,turned_away,None,n,1,1,outside,turned_away,None,n,9.386642481575882
48,2,4,central,turned_away,None,n,1,1,outside,turned_away,None,n,9.41874028121728
49,2,4,central,turned_away,None,n,1,1,outside,slightly_facing,None,n,9.535505952092102
50,2,4,central,turned_away,None,n,1,1,outside,slightly_facing,None,n,9.65757560576483
51,2,4,central,turned_away,None,n,1,1,outside,slightly_facing,None,n,9.69149742695503
52,2,4,central,turned_away,None,n,1,1,outside,slightly_facing,None,n,9.7552936125124
53,2,4,central,turned_away,None,n,1,1,outside,slightly_facing,None,n,9.860498000721106
54,2,4,central,turned_away,None,n,1,1,outside,slightly_facing,None,n,9.922494304062257
55,2,4,central,turned_away,None,n,1,1,outside,slightly_facing,None,n,9.93489533281734
56,2,4,central,turned_away,None,n,1,1,outside,turned_away,None,n,9.975931552643758
57,2,4,central,turned_away,None,n,1,1,outside,turned_away,None,n,9.993308776117964
58,2,4,central,turned_away,None,n,1,1,outside,turned_away,None,n,10.043163098243948
59,2,4,central,turned_away,None,n,1,1,central,turned_away,None,n,10.090800671350364
60,2,4,central,turned_away,None,n,1,1,central,slightly_facing,None,m,10.107121702310495
61,2,4,central,turned_away,None,n,1,1,central,slightly_facing,None,m,10.134063241749429
62,2,4,central,turned_away,None,n,1,1,central,slightly_facing,None,m,10.135792251367642
63,2,4,central,turned_away,None,n,1,1,central,slightly_facing,None,m,10.132076112930903
64,2,4,central,slightly_facing,None,m,1,1,central,slightly_facing,None,m,10.113364474990695
65,2,4,central,turned_away,None,n,1,1,central,slightly_facing,None,m,10.09004800290385
66,2,4,central,turned_away,None,n,1,1,central,slightly_facing,None,m,10.06797498750211
67,2,4,central,turned_away,None,n,1,1,central,slightly_facing,None,m,10.09536412610957
68,2,4,central,turned_away,None,n,1,1,central,turned_away,None,n,10.126417100485693
69,2,4,central,turned_away,None,n,1,1,central,turned_away,None,n,10.173445234297422
70,2,4,central,slightly_facing,None,m,1,1,central,turned_away,None,n,10.203006726135037
71,2,4,central,slightly_facing,None,m,1,1,central,turned_away,None,n,10.210923629610393
72,2,4,central,turned_away,None,n,1,1,central,turned_away,None,n,10.214465701442094
73,2,4,central,turned_away,None,n,1,1,central,slightly_facing,None,m,10.219129185108736
74,2,4,central,turned_away,None,n,1,1,central,slightly_facing,None,m,10.24952345699184
75,2,4,central,turned_away,None,n,1,1,central,slightly_facing,None,m,10.28915145011374
76,2,4,central,turned_away,None,n,1,1,central,slightly_facing,None,m,10.311060758797481
77,2,4,central,turned_away,None,n,1,1,central,turned_away,None,n,10.36870862560618
78,2,4,central,turned_away,None,n,1,1,central,turned_away,None,n,10.395152974821347
79,2,4,central,turned_away,None,n,1,1,central,turned_away,None,n,10.457489700178968
80,2,4,central,turned_away,None,n,1,1,central,turned_away,None,n,10.48203716552703
81,2,4,central,turned_away,None,n,1,1,central,turned_away,None,n,10.508546075907212
82,2,4,central,turned_away,None,n,1,1,central,turned_away,None,n,10.535969910273533
83,2,4,central,turned_away,None,n,1,1,central,slightly_facing,None,m,10.556371990357487
84,2,4,central,slightly_facing,None,m,1,1,central,slightly_facing,None,m,10.615781015299849
85,2,4,central,turned_away,None,n,1,1,central,slightly_facing,None,m,10.596516125809744
86,2,4,central,turned_away,None,n,1,1,central,slightly_facing,None,m,10.598606334948617
87,2,4,central,turned_away,None,n,2,3,central,turned_away,arm_raise_high,n,10.590888615594867
88,2,4,central,slightly_facing,None,m,2,3,central,turned_away,arm_raise_high,n,10.595266752903624
89,2,4,central,slightly_facing,None,m,2,3,central,turned_away,arm_raise_high,n,10.60460102209272
90,2,4,central,strongly_facing,None,n,2,3,central,turned_away,arm_raise_high,n,10.62962164558594
91,2,4,central,strongly_facing,None,n,2,3,central,turned_away,arm_raise_high,n,10.643349302123655
92,2,4,central,strongly_facing,None,n,2,3,central,turned_away,arm_raise_high,n,10.652172455876407
93,2,4,central,strongly_facing,None,n,2,3,central,turned_away,arm_raise_high,n,10.664939532289763
94,2,4,central,strongly_facing,None,n,2,3,central,turned_away,arm_raise_high,n,10.674371536505792
95,2,4,central,strongly_facing,None,n,2,3,central,slightly_facing,arm_raise_high,m,10.678503509134602
96,2,4,central,strongly_facing,None,n,2,3,central,slightly_facing,arm_raise_high,m,10.678339223855026
97,2,4,central,strongly_facing,None,n,2,3,central,slightly_facing,arm_raise_high,m,10.673993068640437
98,2,4,central,strongly_facing,None,n,2,3,central,turned_away,arm_raise_high,n,10.671368402144548
99,2,4,central,strongly_facing,None,n,5,5,central,turned_away,None,n,10.685302614567831
100,2,4,central,strongly_facing,None,n,5,5,central,turned_away,None,n,10.705317932945338
101,2,4,central,strongly_facing,None,n,5,5,central,turned_away,None,n,10.726195844336658
102,2,4,central,strongly_facing,None,n,5,5,central,turned_away,None,n,10.737740023703356
103,2,4,central,strongly_facing,None,n,5,5,central,slightly_facing,None,m,10.740707471526258
104,2,4,central,strongly_facing,None,n,5,5,central,slightly_facing,None,m,10.729418199833576
105,2,4,central,strongly_facing,None,n,5,5,central,slightly_facing,None,m,10.671860980445027
106,2,4,central,strongly_facing,None,n,5,5,central,slightly_facing,None,m,10.620969482533319
107,2,4,central,strongly_facing,None,n,5,5,central,slightly_facing,None,m,10.581784532947928
108,2,4,central,strongly_facing,None,n,5,5,central,slightly_facing,None,m,10.5489992854712
109,2,4,central,strongly_facing,None,n,5,5,central,slightly_facing,None,m,10.524825415989103
110,2,4,central,strongly_facing,None,n,5,5,central,slightly_facing,None,m,10.523028599504848
111,2,4,central,strongly_facing,None,n,5,5,central,slightly_facing,None,y,10.50931371780479
112,2,4,central,strongly_facing,None,n,5,5,central,slightly_facing,None,y,10.40671818634833
113,2,4,central,strongly_facing,None,n,5,5,central,strongly_facing,None,y,10.27179979244908
114,2,4,central,strongly_facing,None,n,5,5,central,strongly_facing,None,y,10.124510901568382
115,2,4,central,strongly_facing,None,n,5,5,central,strongly_facing,None,y,9.980542953946195
116,2,4,central,strongly_facing,None,n,5,5,central,strongly_facing,None,m,9.816045605765135
117,2,4,central,strongly_facing,None,n,5,5,central,slightly_facing,None,y,9.745572689189485
118,2,4,central,strongly_facing,None,n,5,5,central,strongly_facing,None,y,9.581849613358632
119,2,4,central,strongly_facing,None,n,5,5,central,strongly_facing,None,y,9.330075796929838
120,2,4,central,strongly_facing,None,n,5,5,central,strongly_facing,None,y,9.146442642073803
121,2,4,central,strongly_facing,None,n,5,5,central,strongly_facing,None,y,8.96907316715891
122,2,4,central,strongly_facing,None,n,5,5,central,strongly_facing,None,y,8.811020584563403
123,2,4,central,strongly_facing,None,n,5,5,central,slightly_facing,None,y,8.618477430390184
124,2,4,central,strongly_facing,None,n,5,5,central,slightly_facing,None,y,8.485456765319826
125,2,4,central,strongly_facing,None,n,5,5,central,strongly_facing,None,y,8.328766857509038
126,2,4,central,strongly_facing,None,n,5,5,central,strongly_facing,None,y,8.141521257987106
127,2,4,central,strongly_facing,None,n,5,5,central,strongly_facing,None,y,7.96216427867757
128,2,4,central,strongly_facing,None,n,5,5,central,strongly_facing,None,y,7.787268455769637
129,2,4,central,strongly_facing,None,n,5,5,central,slightly_facing,None,m,7.569486924842464
130,2,4,central,strongly_facing,None,n,5,5,central,slightly_facing,None,y,7.483851700120465
131,2,4,central,strongly_facing,None,n,5,5,central,slightly_facing,None,y,7.351045430311257
132,2,4,central,strongly_facing,None,n,5,5,central,strongly_facing,None,y,7.194604660009054
133,2,4,central,strongly_facing,None,n,5,5,central,strongly_facing,None,y,6.9095374466755795
134,2,4,central,strongly_facing,None,n,5,5,central,strongly_facing,None,y,6.752989130464301
135,2,4,central,strongly_facing,None,n,5,5,central,slightly_facing,None,y,6.587708673569971
136,2,4,central,strongly_facing,None,n,5,5,central,slightly_facing,None,m,6.350370556550306
137,2,4,central,strongly_facing,None,n,5,5,central,slightly_facing,None,y,6.2807303541257875
138,2,4,central,strongly_facing,None,n,5,5,central,slightly_facing,None,y,6.12036759545454
139,2,4,central,strongly_facing,None,n,5,5,central,strongly_facing,None,y,5.965010559562908
140,2,4,central,strongly_facing,None,n,5,5,central,strongly_facing,None,y,5.782634183017287
141,2,4,central,strongly_facing,None,n,5,5,central,slightly_facing,None,m,5.545637357261655
142,2,4,central,strongly_facing,None,n,5,5,central,slightly_facing,None,y,5.489058399504693
143,2,4,central,strongly_facing,None,n,5,5,central,slightly_facing,None,m,5.223429615858243
144,2,4,central,strongly_facing,None,n,5,5,central,slightly_facing,None,y,5.177978579841848
145,2,4,central,strongly_facing,None,n,5,5,central,slightly_facing,None,y,5.050421764987558
146,2,4,central,strongly_facing,None,n,5,5,central,strongly_facing,None,y,4.890803676544478
147,2,4,central,strongly_facing,None,n,5,5,central,strongly_facing,None,y,4.6846358708506886
148,2,4,central,strongly_facing,None,n,5,5,central,slightly_facing,None,y,4.583713668402074
149,2,4,central,strongly_facing,None,n,5,5,central,slightly_facing,None,y,4.294045920254816
150,2,4,central,strongly_facing,None,n,5,5,central,slightly_facing,None,m,4.122328410849507
151,2,4,central,strongly_facing,None,n,5,5,central,slightly_facing,None,y,4.054056327370033
152,2,4,central,strongly_facing,None,n,5,5,central,slightly_facing,None,y,3.8970265428325015
153,2,4,central,strongly_facing,None,n,5,5,central,strongly_facing,None,y,3.6521342647438364
154,2,4,central,strongly_facing,None,n,5,5,central,strongly_facing,None,y,3.477016532125208
155,2,4,central,strongly_facing,None,n,5,5,central,slightly_facing,None,y,3.318872004109829
156,2,4,central,strongly_facing,None,n,5,5,central,slightly_facing,None,y,3.1782473596804866
157,2,4,central,strongly_facing,None,n,5,5,central,slightly_facing,None,y,3.0056523544182534
158,2,4,central,strongly_facing,None,n,5,5,central,slightly_facing,None,y,2.8790223565170545
159,2,4,central,strongly_facing,None,n,5,5,central,slightly_facing,None,y,2.734494865343874
160,2,4,central,strongly_facing,None,n,5,5,central,slightly_facing,None,m,2.5600569675085336
161,2,4,central,strongly_facing,None,n,5,5,central,slightly_facing,None,y,2.4699949859528103
162,2,4,central,strongly_facing,None,n,5,5,central,slightly_facing,None,y,2.2358453442347046
163,2,4,central,strongly_facing,None,n,5,5,central,slightly_facing,None,y,2.1010847378385304
164,2,4,central,strongly_facing,None,n,5,5,central,slightly_facing,None,m,1.9572431369160541
165,2,4,central,strongly_facing,None,n,5,5,central,slightly_facing,None,y,1.9078748119308064
166,2,4,central,strongly_facing,None,n,5,5,central,slightly_facing,None,y,1.7735766504126647
167,2,4,central,strongly_facing,None,n,5,5,central,slightly_facing,None,m,1.5515875670593045
168,2,4,central,strongly_facing,None,n,5,5,central,turned_away,None,n,1.4727091037798314
169,2,4,central,strongly_facing,None,n,5,5,central,slightly_facing,None,m,1.487222884612791
170,2,4,central,strongly_facing,None,n,5,5,central,slightly_facing,None,m,1.4497515200836952
171,2,4,central,strongly_facing,None,n,5,5,central,slightly_facing,None,m,1.4371747573238915
172,2,4,central,strongly_facing,None,n,5,5,central,slightly_facing,None,n,1.4243792012985919
