,imas_1,wti_1,viewing_area_1,body_facing_1,gesture_1,approaching_1,imas_2,wti_2,viewing_area_2,body_facing_2,gesture_2,approaching_2,distance
0,1,1,mid_peripheral,slightly_facing,None,n,1,1,outside,turned_away,None,n,15.03301846442038
1,1,1,mid_peripheral,slightly_facing,None,n,1,1,outside,turned_away,None,n,15.03301846442038
2,1,1,mid_peripheral,slightly_facing,None,n,1,1,outside,turned_away,None,n,15.03301846442038
3,1,1,mid_peripheral,slightly_facing,None,n,1,1,outside,turned_away,None,n,15.03301846442038
4,1,1,mid_peripheral,slightly_facing,None,n,1,1,outside,turned_away,None,n,15.03301846442038
5,1,1,mid_peripheral,slightly_facing,None,n,1,1,outside,turned_away,None,n,15.03301846442038
6,1,1,mid_peripheral,slightly_facing,None,n,1,1,outside,turned_away,None,n,15.03301846442038
7,1,1,mid_peripheral,slightly_facing,None,n,1,1,outside,turned_away,None,n,15.005656940261032
8,1,1,mid_peripheral,slightly_facing,None,n,1,1,outside,turned_away,None,n,14.963045924631023
9,1,1,mid_peripheral,slightly_facing,None,n,1,1,outside,turned_away,None,n,14.937416791620869
10,1,1,outside,slightly_facing,None,n,1,1,outside,turned_away,None,n,14.857430201359755
11,1,1,outside,slightly_facing,None,n,1,1,outside,turned_away,None,n,14.918795294360237
12,1,1,outside,slightly_facing,None,n,1,1,outside,turned_away,None,n,14.94729626487573
13,1,1,outside,slightly_facing,None,n,1,1,outside,turned_away,None,n,14.967745199623492
14,1,1,mid_peripheral,slightly_facing,None,n,1,1,outside,turned_away,None,n,14.98935644385709
15,1,1,mid_peripheral,slightly_facing,None,n,1,1,outside,turned_away,None,n,14.953294984366021
16,1,1,mid_peripheral,slightly_facing,None,n,1,1,outside,turned_away,None,n,14.95088761910543
17,1,1,mid_peripheral,slightly_facing,None,n,1,1,outside,turned_away,None,n,14.915408928691832
18,1,1,mid_peripheral,slightly_facing,None,n,1,1,outside,turned_away,None,n,14.938236955273274
19,1,1,mid_peripheral,slightly_facing,None,n,1,1,outside,turned_away,None,n,14.890968471754752
20,1,1,mid_peripheral,slightly_facing,None,n,1,1,outside,turned_away,None,n,14.832181301634797
21,1,1,mid_peripheral,slightly_facing,None,n,1,1,outside,turned_away,None,n,14.833618370974088
22,2,3,central,slightly_facing,None,m,1,1,outside,turned_away,None,n,14.819598154199088
23,2,3,central,slightly_facing,None,m,1,1,outside,turned_away,None,n,14.796744360955215
24,2,3,central,slightly_facing,None,m,1,1,outside,turned_away,None,n,14.717583426765994
25,2,3,central,slightly_facing,None,m,1,1,outside,turned_away,None,n,14.744048922001078
26,2,3,central,slightly_facing,None,m,1,1,outside,turned_away,None,n,14.718157284469443
27,2,3,central,slightly_facing,None,m,1,1,outside,turned_away,None,n,14.661649771891463
28,2,3,central,slightly_facing,None,m,1,1,outside,turned_away,None,n,14.6370046724516
29,2,3,central,slightly_facing,None,m,1,1,outside,turned_away,None,n,14.666733517835524
30,2,3,central,slightly_facing,None,m,1,1,outside,turned_away,None,n,14.676378858682709
31,2,3,central,slightly_facing,None,m,1,1,outside,turned_away,None,n,14.58189205338351
32,2,3,central,slightly_facing,None,m,2,3,central,turned_away,None,n,14.620681245357375
33,2,3,central,slightly_facing,None,m,2,3,central,turned_away,None,n,14.597314176880111
34,2,3,central,slightly_facing,None,m,2,3,central,turned_away,None,n,14.546586424179274
35,2,3,central,slightly_facing,None,m,2,3,central,turned_away,None,n,14.573505626444344
36,2,3,central,slightly_facing,None,m,2,3,central,turned_away,None,n,14.566372316803934
37,2,3,central,slightly_facing,None,m,2,3,central,turned_away,None,n,14.515162235749242
38,2,3,central,slightly_facing,None,m,2,3,central,turned_away,None,n,14.454871990436752
39,2,3,central,slightly_facing,None,m,2,3,central,turned_away,None,n,14.489068407362327
40,2,3,central,slightly_facing,None,m,2,4,central,turned_away,arm_raise_high,n,14.443483169275199
41,2,3,central,slightly_facing,None,m,2,4,central,turned_away,arm_raise_high,n,14.449006316543876
42,2,3,central,slightly_facing,None,m,2,4,central,turned_away,arm_raise_high,n,14.46408094744042
43,2,3,central,slightly_facing,None,m,2,4,central,turned_away,arm_raise_high,n,14.428162482757843
44,2,3,central,slightly_facing,None,m,2,4,central,turned_away,arm_raise_high,n,14.503525070694263
45,4,5,central,slightly_facing,i_am_coming,m,2,4,central,turned_away,arm_raise_high,n,14.436627614184587
46,4,5,central,slightly_facing,i_am_coming,m,2,4,central,turned_away,arm_raise_high,n,14.362307458327194
47,4,5,central,slightly_facing,i_am_coming,m,2,4,central,turned_away,arm_raise_high,n,14.332542393870987
48,4,5,central,slightly_facing,i_am_coming,m,2,4,central,turned_away,arm_raise_high,n,14.39663266217448
49,4,5,central,slightly_facing,i_am_coming,m,2,4,central,strongly_facing,None,n,14.391576031056257
50,4,5,central,slightly_facing,i_am_coming,m,2,4,central,strongly_facing,None,n,14.321659236949221
51,4,5,central,slightly_facing,i_am_coming,m,2,4,central,strongly_facing,None,n,14.22737266659242
52,4,5,central,slightly_facing,None,m,2,4,central,strongly_facing,None,n,14.138439382331605
53,4,5,central,slightly_facing,None,m,2,4,central,strongly_facing,None,n,14.058629168077273
54,4,5,central,slightly_facing,None,m,2,4,central,strongly_facing,None,n,13.967987064754897
55,4,5,central,slightly_facing,None,m,2,4,central,strongly_facing,None,n,13.877399005333421
56,4,5,central,slightly_facing,None,m,2,4,central,strongly_facing,None,n,13.815278530987676
57,4,5,central,slightly_facing,None,m,2,4,central,strongly_facing,None,n,13.749477708740582
58,4,5,central,slightly_facing,None,y,2,4,central,strongly_facing,None,n,13.653677102629066
59,4,5,central,slightly_facing,None,y,2,4,central,strongly_facing,None,n,13.543193404926704
60,4,5,central,slightly_facing,None,y,2,4,central,strongly_facing,None,n,13.427459207656117
61,4,5,central,slightly_facing,None,y,2,4,central,strongly_facing,None,n,13.310507170880157
62,4,5,central,strongly_facing,None,y,2,4,central,strongly_facing,None,n,12.966007318212379
63,4,5,central,strongly_facing,None,y,2,4,central,strongly_facing,None,n,12.740388348267649
64,4,5,central,slightly_facing,None,m,2,4,central,strongly_facing,None,n,12.475385762487425
65,4,5,central,slightly_facing,None,y,2,4,central,strongly_facing,None,n,12.40636996074489
66,4,5,central,strongly_facing,None,y,2,4,central,strongly_facing,None,n,12.197526542464013
67,4,5,central,strongly_facing,None,m,2,4,central,strongly_facing,None,n,11.861541540572965
68,4,5,central,strongly_facing,None,y,2,4,central,strongly_facing,None,n,11.8008445577581
69,4,5,central,slightly_facing,None,y,2,4,central,strongly_facing,None,n,11.51273080030646
70,4,5,central,slightly_facing,None,y,2,4,central,strongly_facing,None,n,11.28748059854072
71,4,5,central,strongly_facing,None,y,2,4,central,strongly_facing,None,n,11.13142100774816
72,4,5,central,strongly_facing,None,y,2,4,central,strongly_facing,None,n,10.821560275723874
73,4,5,central,strongly_facing,None,y,2,4,central,strongly_facing,None,n,10.620478127731593
74,4,5,central,slightly_facing,None,y,2,4,central,strongly_facing,None,n,10.432450109320868
75,4,5,central,slightly_facing,None,y,2,4,central,strongly_facing,None,n,10.146155181034095
76,4,5,central,strongly_facing,None,y,2,4,central,strongly_facing,None,n,9.974211346368394
77,4,5,central,strongly_facing,None,y,2,4,central,strongly_facing,None,n,9.66869106748319
78,4,5,central,strongly_facing,None,y,2,4,central,strongly_facing,None,n,9.472451889195586
79,4,5,central,slightly_facing,None,y,2,4,central,strongly_facing,None,n,9.188632548082667
80,4,5,central,slightly_facing,None,y,2,4,central,strongly_facing,None,n,9.013912434178017
81,4,5,central,strongly_facing,None,y,2,4,central,strongly_facing,None,n,8.864669155486009
82,4,5,central,strongly_facing,None,y,2,4,central,strongly_facing,None,n,8.536415695941018
83,4,5,central,strongly_facing,None,y,2,4,central,strongly_facing,None,n,8.424528932856072
84,4,5,central,slightly_facing,None,y,2,4,central,strongly_facing,None,n,8.168553393306615
85,4,5,central,slightly_facing,None,y,2,4,central,strongly_facing,None,n,7.8678974764017475
86,4,5,central,slightly_facing,None,y,2,4,central,strongly_facing,None,n,7.697261621679883
87,4,5,central,strongly_facing,None,y,2,4,central,strongly_facing,None,n,7.516067950365871
88,4,5,central,strongly_facing,None,y,2,4,central,strongly_facing,None,n,7.295822424796536
89,4,5,central,slightly_facing,None,y,2,4,central,strongly_facing,None,n,6.961962921995492
90,4,5,central,slightly_facing,None,y,2,4,central,strongly_facing,None,n,6.766218373360414
91,4,5,central,slightly_facing,None,y,2,4,central,strongly_facing,None,n,6.636778310063181
92,4,5,central,strongly_facing,None,y,2,4,central,strongly_facing,None,n,6.4835976958465
93,4,5,central,strongly_facing,None,y,2,4,central,strongly_facing,None,n,6.269078655251108
94,4,5,central,strongly_facing,None,y,2,4,central,strongly_facing,None,n,6.08652145402816
95,4,5,central,slightly_facing,None,y,2,4,central,strongly_facing,None,n,5.800101457423052
96,4,5,central,slightly_facing,None,y,2,4,central,strongly_facing,None,n,5.579276436327921
97,4,5,central,slightly_facing,None,y,2,4,central,strongly_facing,None,n,5.318385659756255
98,4,5,central,strongly_facing,None,y,2,4,central,strongly_facing,None,n,5.11651643256044
99,4,5,central,strongly_facing,None,y,2,4,central,strongly_facing,None,n,4.9044835218458
100,4,5,central,slightly_facing,None,y,2,4,central,strongly_facing,None,n,4.62083410525644
101,4,5,central,slightly_facing,None,y,2,4,central,strongly_facing,None,n,4.446591927229665
102,4,5,central,slightly_facing,None,y,2,4,central,strongly_facing,None,n,4.297388847151839
103,4,5,central,strongly_facing,None,y,2,4,central,strongly_facing,None,n,3.9884576072524607
104,4,5,central,strongly_facing,None,y,2,4,central,strongly_facing,None,n,3.783522716845373
105,4,5,central,slightly_facing,None,y,2,4,central,strongly_facing,None,n,3.530034199514365
106,4,5,central,slightly_facing,None,y,2,4,central,strongly_facing,None,n,3.322740854454045
107,4,5,central,slightly_facing,None,y,2,4,central,strongly_facing,None,n,3.0751328899234585
108,4,5,central,slightly_facing,None,m,2,4,central,strongly_facing,None,n,2.778833447935306
109,4,5,central,slightly_facing,None,y,2,4,central,strongly_facing,None,n,2.6825362516532754
110,4,5,central,slightly_facing,None,y,2,4,central,strongly_facing,None,n,2.482303738016362
111,4,5,central,turned_away,None,n,2,4,central,strongly_facing,None,n,2.2509094541515755
112,4,5,central,slightly_facing,None,m,2,4,central,strongly_facing,None,n,2.2563980753167208
113,4,5,central,slightly_facing,None,m,2,4,central,strongly_facing,None,n,2.254535238811983
114,4,5,central,slightly_facing,None,n,2,4,central,strongly_facing,None,n,2.233093116959078
