,imas_1,wti_1,viewing_area_1,body_facing_1,gesture_1,approaching_1,imas_2,wti_2,viewing_area_2,body_facing_2,gesture_2,approaching_2,distance
0,1,1,outside,slightly_facing,None,n,1,1,outside,turned_away,None,n,12.493424738703999
1,1,1,outside,slightly_facing,None,n,1,1,outside,turned_away,None,n,12.493424738703999
2,1,1,outside,slightly_facing,None,n,1,1,outside,turned_away,None,n,12.493424738703999
3,1,1,outside,slightly_facing,None,n,1,1,outside,turned_away,None,n,12.493424738703999
4,1,1,outside,slightly_facing,None,n,1,1,outside,turned_away,None,n,12.493424738703999
5,1,1,outside,slightly_facing,None,n,1,1,outside,turned_away,None,n,12.493424738703999
6,1,1,outside,slightly_facing,None,n,1,1,outside,turned_away,None,n,12.490319198312143
7,1,1,outside,slightly_facing,None,n,1,1,outside,slightly_facing,None,n,12.478875921648706
8,1,1,outside,slightly_facing,None,n,1,1,outside,turned_away,None,n,12.422549221300631
9,2,3,central,slightly_facing,None,m,1,1,outside,turned_away,None,n,12.417079457091358
10,2,3,central,slightly_facing,None,m,1,1,outside,turned_away,None,n,12.423263976547545
11,2,3,central,slightly_facing,None,m,1,1,outside,turned_away,None,n,12.361105526312159
12,2,3,central,slightly_facing,None,m,1,1,outside,turned_away,None,n,12.405877376631333
13,2,3,central,slightly_facing,None,m,1,1,outside,turned_away,None,n,12.442069091649048
14,2,3,central,slightly_facing,None,m,1,1,outside,turned_away,None,n,12.430945789308746
15,2,3,central,turned_away,None,n,1,1,outside,turned_away,None,n,12.436038166968777
16,2,3,central,turned_away,None,n,1,1,outside,turned_away,None,n,12.478462073694223
17,2,3,central,slightly_facing,None,m,1,1,outside,turned_away,None,n,12.548474583564534
18,2,3,central,slightly_facing,None,m,1,1,outside,turned_away,None,n,12.558405638555318
19,2,3,central,slightly_facing,None,m,1,1,outside,turned_away,None,n,12.55598819779964
20,2,4,central,slightly_facing,arm_raise_high,m,1,1,outside,turned_away,None,n,12.558462748083299
21,2,4,central,slightly_facing,arm_raise_high,m,1,1,outside,turned_away,None,n,12.563733823481144
22,2,4,central,slightly_facing,arm_raise_high,m,1,1,outside,turned_away,None,n,12.60556009183004
23,2,4,central,slightly_facing,arm_raise_high,m,2,3,central,turned_away,None,n,12.565406685387144
24,2,4,central,slightly_facing,arm_raise_high,m,2,3,central,turned_away,None,n,12.569047923118516
25,2,4,central,slightly_facing,arm_raise_high,m,2,3,central,turned_away,None,n,12.523250265352244
26,2,4,central,slightly_facing,arm_raise_high,m,2,3,central,turned_away,None,n,12.52672171256298
27,2,4,central,slightly_facing,arm_raise_high,m,2,3,central,turned_away,None,n,12.538885781605504
28,2,4,central,slightly_facing,arm_raise_high,m,2,3,central,turned_away,None,n,12.524988113036112
29,2,4,central,slightly_facing,arm_raise_high,m,2,3,central,turned_away,None,n,12.505268415849569
30,2,4,central,slightly_facing,arm_raise_high,m,2,3,central,turned_away,None,n,12.470727655772619
31,2,4,central,slightly_facing,arm_raise_high,m,2,3,central,turned_away,None,n,12.418246789052992
32,2,4,central,slightly_facing,arm_raise_high,m,2,3,central,turned_away,None,n,12.429491087520226
33,2,4,central,slightly_facing,arm_raise_high,m,2,3,central,turned_away,None,n,12.46173920155004
34,2,4,central,slightly_facing,arm_raise_high,m,2,3,central,turned_away,None,n,12.480987746585807
35,2,4,central,slightly_facing,arm_raise_high,m,2,3,central,turned_away,None,n,12.518697818920673
36,2,4,central,slightly_facing,arm_raise_high,m,2,3,central,turned_away,None,n,12.512057779545653
37,2,4,central,slightly_facing,arm_raise_high,m,2,3,central,turned_away,None,n,12.506903311943567
38,2,4,central,slightly_facing,arm_raise_high,m,2,4,central,turned_away,come_here,n,12.502033976336381
39,3,4,central,slightly_facing,None,m,2,4,central,turned_away,come_here,n,12.504032411250776
40,3,4,central,slightly_facing,None,m,2,4,central,turned_away,come_here,n,12.500421078899468
41,3,4,central,slightly_facing,None,m,2,4,central,turned_away,come_here,n,12.483305704002605
42,3,4,central,slightly_facing,None,m,2,4,central,turned_away,come_here,n,12.455688491623413
43,3,4,central,slightly_facing,None,m,2,4,central,turned_away,come_here,n,12.460296266084093
44,3,4,central,slightly_facing,None,m,2,4,central,turned_away,come_here,n,12.48264885635854
45,3,4,central,turned_away,None,n,2,4,central,turned_away,come_here,n,12.494747648256435
46,3,4,central,slightly_facing,None,m,2,4,central,slightly_facing,come_here,m,12.518367617490066
47,3,4,central,slightly_facing,None,m,2,4,central,turned_away,come_here,n,12.493682533593246
48,3,4,central,slightly_facing,None,m,2,4,central,slightly_facing,come_here,m,12.488109615267199
49,3,4,central,slightly_facing,None,m,2,4,central,strongly_facing,come_here,m,12.465058214142811
50,3,4,central,slightly_facing,None,m,2,4,central,strongly_facing,come_here,m,12.420367427305402
51,3,4,central,slightly_facing,None,m,2,4,central,strongly_facing,come_here,m,12.351518321272453
52,3,4,central,slightly_facing,None,y,2,4,central,slightly_facing,come_here,y,12.269552599280061
53,3,4,central,strongly_facing,None,y,2,4,central,slightly_facing,come_here,y,12.005063133659283
54,3,4,central,strongly_facing,None,y,2,4,central,turned_away,come_here,n,11.742891810337232
55,3,4,central,strongly_facing,None,m,2,4,central,turned_away,come_here,n,11.593338053955343
56,3,4,central,slightly_facing,None,y,2,4,central,turned_away,come_here,n,11.52379133583283
57,3,4,central,slightly_facing,None,y,2,4,central,strongly_facing,come_here,y,11.289916189464746
58,3,4,central,strongly_facing,None,y,2,4,central,slightly_facing,come_here,y,11.105731974778163
59,3,4,central,strongly_facing,None,y,2,4,central,slightly_facing,come_here,y,10.806650698159716
60,3,4,central,strongly_facing,None,y,2,4,central,slightly_facing,come_here,y,10.551581830768031
61,3,4,central,strongly_facing,None,y,2,4,central,slightly_facing,come_here,y,10.299992089104924
62,3,4,central,slightly_facing,None,y,2,4,central,slightly_facing,come_here,y,10.130419916486483
63,3,4,central,slightly_facing,None,y,2,4,central,slightly_facing,come_here,y,9.816901513077337
64,3,4,central,strongly_facing,None,y,2,4,central,slightly_facing,come_here,y,9.58650339103309
65,3,4,central,strongly_facing,None,y,2,4,central,slightly_facing,come_here,y,9.394447120772993
66,3,4,central,strongly_facing,None,y,2,4,central,slightly_facing,come_here,y,9.274060048190865
67,3,4,central,strongly_facing,None,y,2,4,central,slightly_facing,come_here,y,9.033755932604778
68,3,4,central,slightly_facing,None,y,2,4,central,slightly_facing,come_here,y,8.785945941088638
69,3,4,central,slightly_facing,None,y,2,4,central,slightly_facing,come_here,y,8.589841362366185
70,3,4,central,strongly_facing,None,y,2,4,central,slightly_facing,come_here,y,8.347960280955403
71,3,4,central,strongly_facing,None,y,2,4,central,slightly_facing,come_here,y,8.102960829974437
72,3,4,central,strongly_facing,None,m,2,4,central,slightly_facing,come_here,m,7.954971814322161
73,3,4,central,strongly_facing,None,y,2,4,central,slightly_facing,come_here,y,7.891286513108616
74,3,4,central,strongly_facing,None,y,2,4,central,slightly_facing,come_here,y,7.715942890389611
75,3,4,central,slightly_facing,None,y,2,4,central,turned_away,come_here,n,7.46751595157138
76,3,4,central,slightly_facing,None,y,2,4,central,turned_away,come_here,n,7.284441998594059
77,3,4,central,strongly_facing,None,y,2,4,central,turned_away,come_here,n,7.13643113289949
78,3,4,central,strongly_facing,None,y,2,4,central,turned_away,come_here,n,6.916054750079696
79,3,4,central,strongly_facing,None,y,2,4,central,strongly_facing,None,n,6.784134338995135
80,3,4,central,strongly_facing,None,y,2,4,central,strongly_facing,None,n,6.552601865334408
81,3,4,central,slightly_facing,None,y,2,4,central,strongly_facing,None,n,6.317756142307488
82,3,4,central,slightly_facing,None,y,2,4,central,strongly_facing,None,n,6.180606164417529
83,3,4,central,strongly_facing,None,y,2,4,central,strongly_facing,None,n,6.035544284228312
84,3,4,central,strongly_facing,None,y,2,4,central,strongly_facing,None,n,5.78195363668068
85,3,4,central,strongly_facing,None,y,2,4,central,strongly_facing,None,n,5.624541681277239
86,3,4,central,strongly_facing,None,y,2,4,central,strongly_facing,None,n,5.393112195849915
87,3,4,central,slightly_facing,None,y,2,4,central,strongly_facing,None,n,5.159868088239658
88,3,4,central,slightly_facing,None,y,2,4,central,strongly_facing,None,n,5.028087412249817
89,3,4,central,strongly_facing,None,y,2,4,central,strongly_facing,None,n,4.806262226572739
90,3,4,central,strongly_facing,None,y,2,4,central,strongly_facing,None,n,4.592480177039414
91,3,4,central,strongly_facing,None,y,2,4,central,strongly_facing,None,n,4.380446009498691
92,3,4,central,slightly_facing,None,y,2,4,central,strongly_facing,None,n,4.238600691983615
93,3,4,central,slightly_facing,None,y,2,4,central,strongly_facing,None,n,4.00662289392064
94,3,4,central,slightly_facing,None,y,2,4,central,strongly_facing,None,n,3.876128744949136
95,3,4,central,strongly_facing,None,y,2,4,central,strongly_facing,None,n,3.6559307262978824
96,3,4,central,strongly_facing,None,y,2,4,central,strongly_facing,None,n,3.4422789629235546
97,3,4,central,strongly_facing,None,y,2,4,central,strongly_facing,None,n,3.314778061309835
98,3,4,central,slightly_facing,None,y,2,4,central,strongly_facing,None,n,3.087928629819831
99,3,4,central,slightly_facing,None,y,2,4,central,strongly_facing,None,n,2.8679574306063147
100,3,4,central,slightly_facing,None,y,2,4,central,strongly_facing,None,n,2.655412870558734
101,3,4,central,strongly_facing,None,y,2,4,central,strongly_facing,None,n,2.52091214910992
102,3,4,central,strongly_facing,None,y,2,4,central,strongly_facing,None,n,2.307864411044109
103,3,4,central,slightly_facing,None,y,2,4,central,strongly_facing,None,n,2.1058563625100364
104,3,4,central,slightly_facing,None,y,2,4,central,strongly_facing,None,n,1.9720767276667912
105,3,4,central,slightly_facing,None,y,2,4,central,strongly_facing,None,n,1.7762469124423557
106,3,4,central,slightly_facing,None,y,2,4,central,strongly_facing,None,n,1.575667724961386
107,3,4,central,slightly_facing,None,y,2,4,central,strongly_facing,None,n,1.3948525091467492
108,3,4,central,slightly_facing,None,m,2,4,central,strongly_facing,None,n,1.2925099670644715
109,3,4,central,slightly_facing,None,m,2,4,central,strongly_facing,None,n,1.2672315336326647
110,3,4,central,slightly_facing,None,n,2,4,central,strongly_facing,None,n,1.2574190058822823
