,imas_1,wti_1,viewing_area_1,body_facing_1,gesture_1,approaching_1,imas_2,wti_2,viewing_area_2,body_facing_2,gesture_2,approaching_2,distance
0,2.0,2.0,mid_peripheral,strongly_facing,None,n,1.0,1.0,mid_peripheral,strongly_facing,None,n,26.461074620746242
1,2.0,2.0,mid_peripheral,strongly_facing,None,n,1.0,1.0,mid_peripheral,strongly_facing,None,n,26.461074620746242
2,2.0,2.0,mid_peripheral,strongly_facing,None,n,1.0,1.0,mid_peripheral,strongly_facing,None,n,26.461074620746242
3,2.0,2.0,mid_peripheral,strongly_facing,None,n,1.0,1.0,mid_peripheral,strongly_facing,None,n,26.461074620746242
4,2.0,2.0,mid_peripheral,slightly_facing,None,n,1.0,1.0,mid_peripheral,strongly_facing,None,n,26.440105663232213
5,2.0,2.0,mid_peripheral,slightly_facing,None,n,1.0,1.0,mid_peripheral,slightly_facing,None,n,26.183404059138606
6,2.0,2.0,mid_peripheral,slightly_facing,None,n,1.0,1.0,mid_peripheral,slightly_facing,None,n,25.889953629079372
7,2.0,2.0,mid_peripheral,slightly_facing,None,n,1.0,1.0,mid_peripheral,slightly_facing,None,n,25.724586315205386
8,2.0,2.0,mid_peripheral,slightly_facing,None,n,1.0,1.0,mid_peripheral,slightly_facing,None,n,25.53544049431801
9,2.0,2.0,mid_peripheral,slightly_facing,None,n,1.0,1.0,mid_peripheral,slightly_facing,None,n,25.321214347159675
10,2.0,2.0,mid_peripheral,slightly_facing,None,n,1.0,1.0,mid_peripheral,slightly_facing,None,n,25.065390006751162
11,2.0,2.0,mid_peripheral,slightly_facing,None,n,1.0,1.0,mid_peripheral,slightly_facing,None,n,24.790349588782846
12,2.0,2.0,mid_peripheral,slightly_facing,None,n,1.0,1.0,mid_peripheral,slightly_facing,None,n,24.539024997188985
13,2.0,2.0,mid_peripheral,slightly_facing,None,n,1.0,1.0,mid_peripheral,slightly_facing,None,n,24.25818139084008
14,2.0,2.0,mid_peripheral,slightly_facing,None,n,1.0,1.0,mid_peripheral,slightly_facing,None,n,24.033241892193903
15,2.0,2.0,mid_peripheral,slightly_facing,None,n,1.0,1.0,mid_peripheral,slightly_facing,None,n,23.70469586935696
16,2.0,2.0,mid_peripheral,slightly_facing,None,n,1.0,1.0,mid_peripheral,slightly_facing,None,n,23.547850856186116
17,2.0,2.0,mid_peripheral,slightly_facing,None,n,1.0,1.0,mid_peripheral,slightly_facing,None,n,23.26672219588649
18,2.0,2.0,mid_peripheral,slightly_facing,None,n,1.0,1.0,mid_peripheral,slightly_facing,None,n,22.967637905865544
19,2.0,2.0,mid_peripheral,slightly_facing,None,n,1.0,1.0,mid_peripheral,slightly_facing,None,n,22.73734826163588
20,2.0,2.0,mid_peripheral,slightly_facing,None,n,1.0,1.0,mid_peripheral,slightly_facing,None,n,22.32040942958287
21,2.0,2.0,mid_peripheral,slightly_facing,None,n,1.0,1.0,mid_peripheral,slightly_facing,None,n,22.087630600857874
22,2.0,2.0,mid_peripheral,slightly_facing,None,n,1.0,1.0,mid_peripheral,slightly_facing,None,n,21.871591046952688
23,2.0,2.0,mid_peripheral,slightly_facing,None,n,1.0,1.0,mid_peripheral,slightly_facing,None,n,21.66801219547896
24,2.0,2.0,mid_peripheral,slightly_facing,None,n,1.0,1.0,mid_peripheral,slightly_facing,None,n,21.521007722008655
25,2.0,2.0,mid_peripheral,slightly_facing,None,n,1.0,1.0,mid_peripheral,slightly_facing,None,n,21.39841210088863
26,2.0,2.0,mid_peripheral,slightly_facing,None,n,1.0,1.0,mid_peripheral,slightly_facing,None,n,21.137089330898903
27,2.0,2.0,mid_peripheral,slightly_facing,None,n,1.0,1.0,mid_peripheral,slightly_facing,None,n,21.01997017723598
28,2.0,2.0,mid_peripheral,slightly_facing,None,n,1.0,1.0,mid_peripheral,slightly_facing,None,n,20.892411125534004
29,2.0,2.0,mid_peripheral,slightly_facing,None,n,1.0,1.0,mid_peripheral,slightly_facing,None,n,20.72325559999818
30,2.0,2.0,mid_peripheral,slightly_facing,None,n,1.0,1.0,mid_peripheral,slightly_facing,None,n,20.549478492729616
31,2.0,2.0,mid_peripheral,slightly_facing,None,n,1.0,1.0,mid_peripheral,slightly_facing,None,n,20.37842213749185
32,2.0,2.0,mid_peripheral,slightly_facing,None,n,1.0,1.0,mid_peripheral,slightly_facing,None,n,20.183288317731503
33,2.0,2.0,mid_peripheral,slightly_facing,None,n,1.0,1.0,mid_peripheral,slightly_facing,None,n,19.975899539663793
34,2.0,2.0,mid_peripheral,slightly_facing,None,n,1.0,1.0,mid_peripheral,slightly_facing,None,n,19.81298486423739
35,2.0,2.0,mid_peripheral,slightly_facing,None,n,1.0,1.0,mid_peripheral,slightly_facing,None,n,19.608385461804957
36,2.0,2.0,mid_peripheral,slightly_facing,None,n,1.0,1.0,mid_peripheral,slightly_facing,None,n,19.51365689132032
37,2.0,2.0,mid_peripheral,slightly_facing,None,n,1.0,1.0,mid_peripheral,slightly_facing,None,n,19.270807180524866
38,2.0,2.0,mid_peripheral,slightly_facing,None,n,1.0,1.0,mid_peripheral,slightly_facing,None,n,19.14714971171646
39,2.0,2.0,mid_peripheral,slightly_facing,None,n,1.0,1.0,mid_peripheral,slightly_facing,None,n,18.9112101131164
40,2.0,2.0,mid_peripheral,slightly_facing,None,n,1.0,1.0,mid_peripheral,slightly_facing,None,n,18.716672898818448
41,2.0,2.0,mid_peripheral,slightly_facing,None,n,1.0,1.0,mid_peripheral,slightly_facing,None,n,18.630143839285513
42,2.0,2.0,mid_peripheral,slightly_facing,None,n,1.0,1.0,mid_peripheral,slightly_facing,None,n,18.430332948240434
43,1.0,1.0,mid_peripheral,slightly_facing,None,n,1.0,1.0,mid_peripheral,slightly_facing,None,n,18.255991085038193
44,1.0,1.0,mid_peripheral,slightly_facing,None,n,1.0,1.0,mid_peripheral,slightly_facing,None,n,18.074805058060242
45,1.0,1.0,mid_peripheral,slightly_facing,None,n,1.0,1.0,mid_peripheral,slightly_facing,None,n,17.93264302341495
46,1.0,1.0,mid_peripheral,slightly_facing,None,n,1.0,1.0,mid_peripheral,slightly_facing,None,n,17.79389145233299
47,1.0,1.0,mid_peripheral,slightly_facing,None,n,1.0,1.0,mid_peripheral,slightly_facing,None,n,17.599526383698507
48,1.0,1.0,mid_peripheral,slightly_facing,None,n,1.0,1.0,mid_peripheral,slightly_facing,None,n,17.475473145713824
49,1.0,1.0,mid_peripheral,slightly_facing,None,n,1.0,1.0,mid_peripheral,slightly_facing,None,n,17.332196692461228
50,1.0,1.0,mid_peripheral,slightly_facing,None,n,1.0,1.0,outside,slightly_facing,None,n,17.16171396406548
51,1.0,1.0,mid_peripheral,slightly_facing,None,n,1.0,1.0,mid_peripheral,slightly_facing,None,n,17.077999011840035
52,1.0,1.0,mid_peripheral,slightly_facing,None,n,1.0,1.0,mid_peripheral,slightly_facing,None,n,16.911140084424968
53,1.0,1.0,mid_peripheral,slightly_facing,None,n,1.0,1.0,mid_peripheral,slightly_facing,None,n,16.733913162469083
54,1.0,1.0,mid_peripheral,slightly_facing,None,n,1.0,1.0,mid_peripheral,slightly_facing,None,n,16.51191360249493
55,1.0,1.0,mid_peripheral,slightly_facing,None,n,1.0,1.0,mid_peripheral,slightly_facing,None,n,16.369209639989585
56,1.0,1.0,mid_peripheral,slightly_facing,None,n,1.0,1.0,mid_peripheral,slightly_facing,None,n,16.22179025717254
57,1.0,1.0,mid_peripheral,slightly_facing,None,n,1.0,1.0,mid_peripheral,slightly_facing,None,n,16.03210399567134
58,1.0,1.0,mid_peripheral,slightly_facing,None,n,1.0,1.0,mid_peripheral,slightly_facing,None,n,15.90371033954256
59,1.0,1.0,mid_peripheral,slightly_facing,None,n,1.0,1.0,outside,slightly_facing,None,n,15.751637982937646
60,1.0,1.0,mid_peripheral,slightly_facing,None,n,1.0,1.0,outside,slightly_facing,None,n,15.561354372407688
61,1.0,1.0,mid_peripheral,slightly_facing,None,n,1.0,1.0,outside,slightly_facing,None,n,15.429531111637576
62,1.0,1.0,mid_peripheral,slightly_facing,None,n,1.0,1.0,outside,slightly_facing,None,n,15.325307953311777
63,1.0,1.0,mid_peripheral,slightly_facing,None,n,1.0,1.0,mid_peripheral,slightly_facing,None,n,15.136331647134185
64,1.0,1.0,mid_peripheral,slightly_facing,None,n,1.0,1.0,mid_peripheral,slightly_facing,None,n,14.993242855531449
65,1.0,1.0,mid_peripheral,slightly_facing,None,n,1.0,1.0,mid_peripheral,slightly_facing,None,n,14.890384444702155
66,1.0,1.0,mid_peripheral,slightly_facing,None,n,1.0,1.0,mid_peripheral,slightly_facing,None,n,14.726747049600604
67,1.0,1.0,mid_peripheral,slightly_facing,None,n,1.0,1.0,mid_peripheral,slightly_facing,None,n,14.483046679437312
68,1.0,1.0,mid_peripheral,slightly_facing,None,n,1.0,1.0,mid_peripheral,slightly_facing,None,n,14.362857952102315
69,1.0,1.0,mid_peripheral,slightly_facing,None,n,1.0,1.0,mid_peripheral,slightly_facing,None,n,14.229819585529881
70,1.0,1.0,mid_peripheral,slightly_facing,None,n,1.0,1.0,mid_peripheral,slightly_facing,None,n,14.051185203055034
71,1.0,1.0,mid_peripheral,slightly_facing,None,n,1.0,1.0,outside,slightly_facing,None,n,13.931505797978124
72,1.0,1.0,mid_peripheral,slightly_facing,None,n,1.0,1.0,mid_peripheral,slightly_facing,None,n,13.840338214765309
73,1.0,1.0,mid_peripheral,slightly_facing,None,n,1.0,1.0,mid_peripheral,slightly_facing,None,n,13.700331427983075
74,1.0,1.0,mid_peripheral,slightly_facing,None,n,1.0,1.0,mid_peripheral,slightly_facing,None,n,13.50560130063619
75,1.0,1.0,mid_peripheral,slightly_facing,None,n,1.0,1.0,mid_peripheral,slightly_facing,None,n,13.355320352346467
76,1.0,1.0,outside,slightly_facing,None,n,1.0,1.0,mid_peripheral,slightly_facing,None,n,13.201812975127652
77,1.0,1.0,outside,slightly_facing,None,n,1.0,1.0,mid_peripheral,slightly_facing,None,n,13.034786826553676
78,1.0,1.0,mid_peripheral,slightly_facing,None,n,1.0,1.0,mid_peripheral,slightly_facing,None,n,12.886914262179987
79,1.0,1.0,mid_peripheral,slightly_facing,None,n,1.0,1.0,mid_peripheral,slightly_facing,None,n,12.680854844605394
80,1.0,1.0,mid_peripheral,slightly_facing,None,n,1.0,1.0,outside,slightly_facing,None,n,12.540513037146809
81,1.0,1.0,mid_peripheral,slightly_facing,None,n,1.0,1.0,outside,slightly_facing,None,n,12.450431885127887
82,1.0,1.0,outside,slightly_facing,None,n,1.0,1.0,outside,slightly_facing,None,n,12.314838398895093
83,1.0,1.0,outside,slightly_facing,None,n,1.0,1.0,outside,slightly_facing,None,n,12.2222620079444
84,1.0,1.0,outside,slightly_facing,None,n,1.0,1.0,outside,slightly_facing,None,n,12.120676762416611
85,1.0,1.0,outside,slightly_facing,None,n,1.0,1.0,mid_peripheral,slightly_facing,None,n,12.017042267218873
86,1.0,1.0,outside,slightly_facing,None,n,1.0,1.0,mid_peripheral,slightly_facing,None,n,11.91185731491143
87,1.0,1.0,outside,slightly_facing,None,n,1.0,1.0,outside,slightly_facing,None,n,11.811352566925814
88,1.0,1.0,outside,slightly_facing,None,n,1.0,1.0,outside,slightly_facing,None,n,11.71423571326871
89,1.0,1.0,outside,slightly_facing,None,n,1.0,1.0,outside,slightly_facing,None,n,11.564960346278802
90,1.0,1.0,outside,slightly_facing,None,n,1.0,1.0,outside,slightly_facing,None,n,11.49909762216097
91,1.0,1.0,outside,slightly_facing,None,n,1.0,1.0,outside,slightly_facing,None,n,11.459641312079048
92,1.0,1.0,outside,slightly_facing,None,n,1.0,1.0,outside,slightly_facing,None,n,11.396572827487267
93,1.0,1.0,outside,slightly_facing,None,n,1.0,1.0,outside,slightly_facing,None,n,11.368297658927354
94,1.0,1.0,outside,slightly_facing,None,n,1.0,1.0,outside,slightly_facing,None,n,11.312576445718493
95,1.0,1.0,outside,slightly_facing,None,n,1.0,1.0,outside,slightly_facing,None,n,11.251915019223345
96,1.0,1.0,outside,slightly_facing,None,n,1.0,1.0,outside,slightly_facing,None,n,11.199980570248947
97,1.0,1.0,outside,turned_away,None,n,1.0,1.0,outside,slightly_facing,None,n,11.152328315197192
98,1.0,1.0,outside,slightly_facing,None,n,1.0,1.0,outside,slightly_facing,None,n,11.137128632674083
99,1.0,1.0,outside,slightly_facing,None,n,1.0,1.0,outside,slightly_facing,None,n,11.100674581671335
100,1.0,1.0,outside,slightly_facing,None,n,1.0,1.0,outside,slightly_facing,None,n,11.038493488877426
101,1.0,1.0,outside,slightly_facing,None,n,1.0,1.0,outside,slightly_facing,None,n,11.019821696198534
102,1.0,1.0,outside,slightly_facing,None,n,1.0,1.0,outside,turned_away,None,n,10.98419825558792
103,1.0,1.0,outside,turned_away,None,n,1.0,1.0,outside,turned_away,None,n,10.98522136932452
104,1.0,1.0,outside,turned_away,None,n,1.0,1.0,outside,turned_away,None,n,11.031117997105916
105,1.0,1.0,outside,turned_away,None,n,1.0,1.0,outside,turned_away,None,n,11.081723642707262
106,1.0,1.0,outside,slightly_facing,None,n,1.0,1.0,outside,turned_away,None,n,11.101890199041291
107,1.0,1.0,outside,slightly_facing,None,n,1.0,1.0,outside,turned_away,None,n,11.098885465921171
108,1.0,1.0,outside,turned_away,None,n,1.0,1.0,outside,turned_away,None,n,11.088076268499465
109,1.0,1.0,outside,turned_away,None,n,1.0,1.0,outside,turned_away,None,n,11.109127170916896
110,1.0,1.0,outside,turned_away,None,n,1.0,1.0,outside,turned_away,None,n,11.178360027389534
111,1.0,1.0,outside,turned_away,None,n,1.0,1.0,outside,turned_away,None,n,11.258008342983631
112,1.0,1.0,outside,turned_away,None,n,1.0,1.0,outside,turned_away,None,n,11.349467730923418
113,1.0,1.0,outside,turned_away,None,n,1.0,1.0,outside,turned_away,None,n,11.4218561173948
114,1.0,1.0,outside,turned_away,None,n,1.0,1.0,outside,turned_away,None,n,11.473762613468393
115,1.0,1.0,outside,turned_away,None,n,1.0,1.0,outside,turned_away,None,n,11.572375218492564
116,1.0,1.0,outside,turned_away,None,n,1.0,1.0,outside,turned_away,None,n,11.670866233942528
117,1.0,1.0,outside,turned_away,None,n,1.0,1.0,outside,turned_away,None,n,11.824412532525074
118,1.0,1.0,outside,turned_away,None,n,1.0,1.0,outside,turned_away,None,n,11.925981853894847
119,1.0,1.0,outside,turned_away,None,n,1.0,1.0,outside,turned_away,None,n,12.060847007857195
120,1.0,1.0,outside,turned_away,None,n,1.0,1.0,outside,turned_away,None,n,12.1084803606603
121,1.0,1.0,outside,turned_away,None,n,1.0,1.0,outside,turned_away,None,n,12.205649203840006
122,1.0,1.0,outside,turned_away,None,n,1.0,1.0,outside,turned_away,None,n,12.313817711957759
123,1.0,1.0,outside,turned_away,None,n,1.0,1.0,outside,turned_away,None,n,12.428299824671152
124,1.0,1.0,outside,turned_away,None,n,1.0,1.0,outside,turned_away,None,n,12.57794494636719
125,1.0,1.0,outside,turned_away,None,n,1.0,1.0,outside,turned_away,None,n,12.738577260347087
126,1.0,1.0,outside,turned_away,None,n,1.0,1.0,outside,turned_away,None,n,12.971148139521993
127,1.0,1.0,outside,turned_away,None,n,1.0,1.0,outside,turned_away,None,n,13.093107477191792
128,1.0,1.0,outside,turned_away,None,n,1.0,1.0,outside,turned_away,None,n,13.169042189879182
129,1.0,1.0,outside,turned_away,None,n,1.0,1.0,outside,turned_away,None,n,13.299737632058925
130,1.0,1.0,outside,turned_away,None,n,1.0,1.0,outside,turned_away,None,n,13.462843155832616
131,1.0,1.0,outside,turned_away,None,n,1.0,1.0,outside,turned_away,None,n,13.697658061444075
132,1.0,1.0,outside,turned_away,None,n,1.0,1.0,outside,turned_away,None,n,13.856520754806697
133,1.0,1.0,outside,turned_away,None,n,1.0,1.0,outside,turned_away,None,n,14.04116094147048
134,1.0,1.0,outside,turned_away,None,n,1.0,1.0,outside,turned_away,None,n,14.261754434715565
135,1.0,1.0,outside,turned_away,None,n,1.0,1.0,outside,turned_away,None,n,14.338405015751647
136,1.0,1.0,outside,turned_away,None,n,1.0,1.0,outside,turned_away,None,n,14.580719103029221
137,1.0,1.0,outside,turned_away,None,n,1.0,1.0,outside,turned_away,None,n,14.79002024078091
138,1.0,1.0,outside,turned_away,None,n,1.0,1.0,outside,turned_away,None,n,14.993745246434221
139,1.0,1.0,outside,turned_away,None,n,1.0,1.0,outside,turned_away,None,n,15.189722913938386
140,1.0,1.0,outside,turned_away,None,n,1.0,1.0,outside,turned_away,None,n,15.40396458069133
141,1.0,1.0,outside,turned_away,None,n,1.0,1.0,outside,turned_away,None,n,15.516394407956316
142,1.0,1.0,outside,turned_away,None,n,1.0,1.0,outside,turned_away,None,n,15.640659562387036
143,1.0,1.0,outside,turned_away,None,n,1.0,1.0,outside,turned_away,None,n,15.799638406066453
144,1.0,1.0,outside,turned_away,None,n,1.0,1.0,outside,turned_away,None,n,16.027006506506936
145,1.0,1.0,outside,turned_away,None,n,1.0,1.0,outside,turned_away,None,n,16.218906658048684
146,1.0,1.0,outside,turned_away,None,n,1.0,1.0,outside,turned_away,None,n,16.481978575408498
147,1.0,1.0,outside,turned_away,None,n,1.0,1.0,outside,turned_away,None,n,16.724037067551635
148,1.0,1.0,outside,turned_away,None,n,1.0,1.0,outside,turned_away,None,n,16.938531238921183
149,1.0,1.0,outside,turned_away,None,n,1.0,1.0,outside,turned_away,None,n,17.078615340494355
150,1.0,1.0,outside,turned_away,None,n,1.0,1.0,outside,turned_away,None,n,17.27285578059508
151,1.0,1.0,outside,turned_away,None,n,1.0,1.0,outside,turned_away,None,n,17.592586725821647
152,1.0,1.0,outside,turned_away,None,n,1.0,1.0,outside,turned_away,None,n,17.81687886374447
153,1.0,1.0,outside,turned_away,None,n,1.0,1.0,outside,turned_away,None,n,18.035058403536432
154,1.0,1.0,outside,turned_away,None,n,1.0,1.0,outside,turned_away,None,n,18.28028863670987
155,1.0,1.0,outside,turned_away,None,n,1.0,1.0,outside,turned_away,None,n,18.46076457972131
156,1.0,1.0,outside,turned_away,None,n,1.0,1.0,outside,turned_away,None,n,18.60651430358046
157,1.0,1.0,outside,turned_away,None,n,1.0,1.0,outside,turned_away,None,n,18.801145197893895
158,1.0,1.0,outside,turned_away,None,n,1.0,1.0,outside,turned_away,None,n,19.06371666390623
159,1.0,1.0,outside,turned_away,None,n,1.0,1.0,outside,turned_away,None,n,19.264127520322145
160,1.0,1.0,outside,turned_away,None,n,1.0,1.0,outside,turned_away,None,n,19.54151821160426
161,1.0,1.0,outside,turned_away,None,n,1.0,1.0,outside,turned_away,None,n,19.794186449917564
162,1.0,1.0,outside,turned_away,None,n,1.0,1.0,outside,turned_away,None,n,20.00837157677738
163,1.0,1.0,outside,turned_away,None,n,1.0,1.0,outside,turned_away,None,n,20.068038333251835
164,1.0,1.0,outside,turned_away,None,n,1.0,1.0,outside,turned_away,None,n,20.20331009981744
165,1.0,1.0,outside,turned_away,None,n,1.0,1.0,outside,turned_away,None,n,20.323026453663363
166,1.0,1.0,outside,turned_away,None,n,1.0,1.0,outside,turned_away,None,n,20.410313488765055
167,1.0,1.0,outside,turned_away,None,n,1.0,1.0,outside,turned_away,None,n,20.54339061597865
168,1.0,1.0,outside,turned_away,None,n,1.0,1.0,outside,turned_away,None,n,20.645484929324105
169,1.0,1.0,outside,turned_away,None,n,1.0,1.0,outside,turned_away,None,n,20.73126165655694
170,1.0,1.0,outside,turned_away,None,n,1.0,1.0,outside,turned_away,None,n,20.82291126001868
171,1.0,1.0,outside,turned_away,None,n,1.0,1.0,outside,turned_away,None,n,20.94761791578329
172,1.0,1.0,outside,turned_away,None,n,1.0,1.0,outside,turned_away,None,n,21.011729370856926
173,1.0,1.0,outside,turned_away,None,n,1.0,1.0,outside,turned_away,None,n,21.104209799504858
174,1.0,1.0,outside,turned_away,None,n,1.0,1.0,outside,turned_away,None,n,21.175663957538543
175,1.0,1.0,outside,turned_away,None,n,1.0,1.0,outside,turned_away,None,n,21.253564600074608
176,1.0,1.0,outside,turned_away,None,n,1.0,1.0,outside,turned_away,None,n,21.36208110711699
177,1.0,1.0,outside,turned_away,None,n,1.0,1.0,outside,turned_away,None,n,21.43819690836952
178,1.0,1.0,outside,turned_away,None,n,1.0,1.0,outside,turned_away,None,n,21.541903874874865
179,1.0,1.0,outside,turned_away,None,n,1.0,1.0,outside,turned_away,None,n,21.645341505958637
180,1.0,1.0,outside,turned_away,None,n,1.0,1.0,outside,turned_away,None,n,21.7382144840669
181,1.0,1.0,outside,turned_away,None,n,1.0,1.0,outside,turned_away,None,n,21.895107710271642
182,1.0,1.0,outside,turned_away,None,n,1.0,1.0,outside,turned_away,None,n,21.983786113807078
183,1.0,1.0,outside,turned_away,None,n,1.0,1.0,outside,turned_away,None,n,22.048526230775106
184,1.0,1.0,outside,turned_away,None,n,1.0,1.0,outside,turned_away,None,n,22.124610646823978
185,1.0,1.0,outside,turned_away,None,n,1.0,1.0,outside,turned_away,None,n,22.222568855908285
186,1.0,1.0,outside,turned_away,None,n,1.0,1.0,outside,turned_away,None,n,22.30037953359164
187,1.0,1.0,outside,turned_away,None,n,1.0,1.0,outside,turned_away,None,n,22.380293356641523
188,1.0,1.0,outside,turned_away,None,n,1.0,1.0,outside,turned_away,None,n,22.457864088538113
189,1.0,1.0,outside,turned_away,None,n,1.0,1.0,outside,turned_away,None,n,22.61847416339365
190,1.0,1.0,outside,turned_away,None,n,1.0,1.0,outside,turned_away,None,n,22.71506496664953
191,1.0,1.0,outside,turned_away,None,n,1.0,1.0,outside,turned_away,None,n,22.81283221547971
192,1.0,1.0,outside,turned_away,None,n,1.0,1.0,outside,turned_away,None,n,22.900448979508887
193,1.0,1.0,outside,turned_away,None,n,1.0,1.0,outside,turned_away,None,n,22.9624372183027
194,1.0,1.0,outside,turned_away,None,n,1.0,1.0,outside,turned_away,None,n,23.101137229547057
195,1.0,1.0,outside,turned_away,None,n,1.0,1.0,outside,turned_away,None,n,23.178703091956198
196,1.0,1.0,outside,turned_away,None,n,1.0,1.0,outside,turned_away,None,n,23.248300013647984
197,1.0,1.0,outside,turned_away,None,n,1.0,1.0,outside,turned_away,None,n,23.327297948391106
198,1.0,1.0,outside,turned_away,None,n,1.0,1.0,outside,turned_away,None,n,23.408371862680344
199,1.0,1.0,outside,turned_away,None,n,1.0,1.0,outside,turned_away,None,n,23.486900224455756
200,1.0,1.0,outside,turned_away,None,n,1.0,1.0,outside,turned_away,None,n,23.649057469474677
201,1.0,1.0,outside,turned_away,None,n,1.0,1.0,outside,turned_away,None,n,23.746465120472667
202,1.0,1.0,outside,turned_away,None,n,1.0,1.0,outside,turned_away,None,n,23.844887429414403
203,1.0,1.0,outside,turned_away,None,n,1.0,1.0,outside,turned_away,None,n,23.93316571752867
204,1.0,1.0,outside,turned_away,None,n,1.0,1.0,outside,turned_away,None,n,24.01113606123046
205,1.0,1.0,outside,turned_away,None,n,1.0,1.0,outside,turned_away,None,n,24.136366266118948
206,1.0,1.0,outside,turned_away,None,n,1.0,1.0,outside,turned_away,None,n,24.215112539335692
207,1.0,1.0,outside,turned_away,None,n,1.0,1.0,outside,turned_away,None,n,24.284708861059155
208,1.0,1.0,outside,turned_away,None,n,1.0,1.0,outside,turned_away,None,n,24.364625593984506
209,1.0,1.0,outside,turned_away,None,n,1.0,1.0,outside,turned_away,None,n,24.444297897174565
210,1.0,1.0,outside,turned_away,None,n,1.0,1.0,outside,turned_away,None,n,24.557607367227977
211,1.0,1.0,outside,turned_away,None,n,1.0,1.0,outside,turned_away,None,n,24.627443095473897
212,1.0,1.0,outside,turned_away,None,n,1.0,1.0,outside,turned_away,None,n,24.777445909969913
213,1.0,1.0,outside,turned_away,None,n,1.0,1.0,outside,turned_away,None,n,24.875789040430448
214,1.0,1.0,outside,turned_away,None,n,1.0,1.0,outside,turned_away,None,n,24.96398793194088
215,1.0,1.0,outside,turned_away,None,n,1.0,1.0,outside,turned_away,None,n,25.0739618712912
216,1.0,1.0,outside,turned_away,None,n,1.0,1.0,outside,turned_away,None,n,25.166867662767885
217,1.0,1.0,outside,turned_away,None,n,1.0,1.0,outside,turned_away,None,n,25.245451245685466
218,1.0,1.0,outside,turned_away,None,n,1.0,1.0,outside,turned_away,None,n,25.29466246225019
219,1.0,1.0,outside,turned_away,None,n,1.0,1.0,outside,turned_away,None,n,25.399640404887563
220,1.0,1.0,outside,turned_away,None,n,1.0,1.0,outside,turned_away,None,n,25.462044713465097
221,1.0,1.0,outside,turned_away,None,n,1.0,1.0,outside,turned_away,None,n,25.55698938543906
222,1.0,1.0,outside,turned_away,None,n,1.0,1.0,outside,turned_away,None,n,25.698358047853347
223,1.0,1.0,outside,turned_away,None,n,1.0,1.0,outside,turned_away,None,n,25.807597908672186
224,1.0,1.0,outside,turned_away,None,n,1.0,1.0,outside,turned_away,None,n,25.951017811723393
225,1.0,1.0,outside,turned_away,None,n,1.0,1.0,outside,turned_away,None,n,26.03771662985132
226,1.0,1.0,outside,turned_away,None,n,1.0,1.0,outside,turned_away,None,n,26.120491168148675
227,1.0,1.0,outside,turned_away,None,n,1.0,1.0,outside,turned_away,None,n,26.21534136988599
228,1.0,1.0,outside,turned_away,None,n,1.0,1.0,outside,turned_away,None,n,26.289059240047663
229,1.0,1.0,outside,turned_away,None,n,1.0,1.0,outside,turned_away,None,n,26.372052953220706
230,1.0,1.0,outside,turned_away,None,n,1.0,1.0,outside,turned_away,None,n,26.44585770756373
231,1.0,1.0,outside,turned_away,None,n,1.0,1.0,outside,turned_away,None,n,26.511275897528773
232,1.0,1.0,outside,turned_away,None,n,1.0,1.0,outside,turned_away,None,n,26.6871363047341
233,1.0,1.0,outside,turned_away,None,n,1.0,1.0,outside,turned_away,None,n,26.809743413946745
234,1.0,1.0,outside,turned_away,None,n,1.0,1.0,outside,turned_away,None,n,26.87052767451657
235,1.0,1.0,outside,turned_away,None,n,1.0,1.0,outside,turned_away,None,n,26.999054393070875
236,1.0,1.0,outside,turned_away,None,n,1.0,1.0,outside,turned_away,None,n,27.080408137877463
237,1.0,1.0,outside,turned_away,None,n,1.0,1.0,outside,turned_away,None,n,27.183489061184492
238,1.0,1.0,outside,turned_away,None,n,1.0,1.0,outside,turned_away,None,n,27.27371962585105
239,1.0,1.0,outside,turned_away,None,n,1.0,1.0,mid_peripheral,slightly_facing,None,n,27.304097042277387
240,1.0,1.0,outside,turned_away,None,n,1.0,1.0,outside,turned_away,None,n,27.295506778780585
241,1.0,1.0,outside,turned_away,None,n,1.0,1.0,outside,turned_away,None,n,27.30258099281256
242,1.0,1.0,outside,turned_away,None,n,1.0,1.0,outside,turned_away,None,n,27.311574616624355
243,1.0,1.0,outside,turned_away,None,n,1.0,1.0,outside,turned_away,None,n,27.32462391954041
244,1.0,1.0,outside,turned_away,None,n,1.0,1.0,outside,turned_away,None,n,27.335334333961768
245,1.0,1.0,outside,turned_away,None,n,1.0,1.0,outside,turned_away,None,n,27.335334333961768
246,1.0,1.0,outside,turned_away,None,n,1.0,1.0,outside,turned_away,None,n,27.335334333961768
247,1.0,1.0,outside,turned_away,None,n,1.0,1.0,outside,turned_away,None,n,27.335334333961768
248,1.0,1.0,outside,turned_away,None,n,1.0,1.0,outside,turned_away,None,n,27.335334333961768
249,1.0,1.0,outside,turned_away,None,n,1.0,1.0,outside,turned_away,None,n,27.335334333961768
250,1.0,1.0,outside,turned_away,None,n,1.0,1.0,outside,turned_away,None,n,27.335334333961768
251,1.0,1.0,outside,turned_away,None,n,1.0,1.0,outside,turned_away,None,n,27.335334333961768
252,1.0,1.0,outside,turned_away,None,n,1.0,1.0,outside,turned_away,None,n,27.335334333961768
