,imas_1,wti_1,viewing_area_1,body_facing_1,gesture_1,approaching_1,imas_2,wti_2,viewing_area_2,body_facing_2,gesture_2,approaching_2,distance
0,2,2,mid_peripheral,slightly_facing,None,n,2,3,mid_peripheral,slightly_facing,None,n,25.904854631038486
1,2,2,mid_peripheral,slightly_facing,None,n,2,3,mid_peripheral,slightly_facing,None,n,25.904854631038486
2,2,2,mid_peripheral,slightly_facing,None,n,2,3,mid_peripheral,slightly_facing,None,n,25.904854631038486
3,2,2,mid_peripheral,slightly_facing,None,n,2,3,mid_peripheral,slightly_facing,None,n,25.904854631038486
4,2,2,mid_peripheral,slightly_facing,None,n,2,3,mid_peripheral,slightly_facing,None,n,25.904854631038486
5,2,2,mid_peripheral,slightly_facing,None,n,2,3,mid_peripheral,slightly_facing,None,n,25.904854631038486
6,2,2,mid_peripheral,slightly_facing,None,n,2,3,mid_peripheral,slightly_facing,None,n,25.83904569164988
7,2,2,mid_peripheral,slightly_facing,None,n,2,3,mid_peripheral,slightly_facing,None,n,25.68106945796458
8,2,2,mid_peripheral,slightly_facing,None,n,2,4,central,slightly_facing,None,y,25.487781368335394
9,2,2,mid_peripheral,slightly_facing,None,n,2,4,central,slightly_facing,None,y,25.277908574394047
10,2,2,mid_peripheral,slightly_facing,None,n,2,4,central,slightly_facing,None,y,25.03621282236357
11,2,2,mid_peripheral,slightly_facing,None,n,2,4,central,slightly_facing,None,m,24.860217736880138
12,2,2,mid_peripheral,slightly_facing,None,n,2,4,central,slightly_facing,None,y,24.782700259218323
13,2,2,mid_peripheral,slightly_facing,None,n,2,4,central,slightly_facing,None,y,24.59417878925211
14,2,2,mid_peripheral,slightly_facing,None,n,2,4,central,slightly_facing,None,y,24.427880926314522
15,2,2,mid_peripheral,slightly_facing,None,n,2,4,central,slightly_facing,None,y,24.190609630649345
16,2,2,mid_peripheral,slightly_facing,None,n,2,4,central,slightly_facing,None,y,23.99458351314364
17,2,2,mid_peripheral,slightly_facing,None,n,2,3,central,slightly_facing,arm_raise_low,y,23.72283865323703
18,2,2,mid_peripheral,slightly_facing,None,n,2,3,central,slightly_facing,arm_raise_low,y,23.56514553779242
19,2,2,central,slightly_facing,None,y,2,3,central,slightly_facing,arm_raise_low,y,23.434807625546945
20,2,2,central,slightly_facing,None,y,2,3,central,slightly_facing,arm_raise_low,y,23.298273066847248
21,2,2,central,slightly_facing,None,m,2,3,central,slightly_facing,arm_raise_low,m,23.155621669759356
22,2,2,central,slightly_facing,None,y,2,3,central,slightly_facing,arm_raise_low,y,23.095897261554832
23,2,2,central,slightly_facing,None,y,2,3,central,slightly_facing,arm_raise_low,y,22.86045675362109
24,2,2,central,slightly_facing,None,y,2,3,central,slightly_facing,arm_raise_low,y,22.724266768575745
25,2,2,central,slightly_facing,None,y,2,3,central,slightly_facing,arm_raise_low,y,22.532393475219738
26,2,2,central,slightly_facing,None,y,2,3,central,slightly_facing,arm_raise_low,y,22.261382584916266
27,2,2,central,slightly_facing,None,y,2,3,central,slightly_facing,arm_raise_low,y,21.993364108103265
28,2,2,central,slightly_facing,None,y,2,3,central,slightly_facing,arm_raise_low,y,21.81595085078337
29,2,2,central,slightly_facing,None,y,2,3,central,slightly_facing,arm_raise_low,y,21.6783156507582
30,2,2,central,slightly_facing,None,y,2,3,central,slightly_facing,arm_raise_low,y,21.475434746364552
31,2,2,central,slightly_facing,None,y,2,3,central,slightly_facing,arm_raise_low,y,21.283778472114136
32,2,2,central,slightly_facing,None,y,2,3,central,slightly_facing,arm_raise_low,y,21.10018461778797
33,2,2,central,slightly_facing,None,y,2,3,central,slightly_facing,arm_raise_low,y,20.928232102063948
34,2,2,central,slightly_facing,None,y,2,3,central,slightly_facing,arm_raise_low,y,20.777448483351677
35,2,2,central,slightly_facing,None,y,2,3,central,slightly_facing,arm_raise_low,y,20.606703313431378
36,2,2,central,slightly_facing,None,y,2,3,central,slightly_facing,None,y,20.369766817091747
37,2,2,central,slightly_facing,None,y,2,3,central,slightly_facing,None,y,20.234723337038762
38,2,2,central,slightly_facing,None,y,2,3,central,slightly_facing,None,y,20.084688140818518
39,2,2,central,slightly_facing,None,y,2,3,central,slightly_facing,None,y,19.968641362786897
40,2,2,central,slightly_facing,None,y,2,3,central,slightly_facing,None,y,19.778615065714032
41,2,3,central,slightly_facing,arm_raise_high,y,2,3,central,slightly_facing,None,y,19.577063797909325
42,2,3,central,slightly_facing,arm_raise_high,m,2,3,central,slightly_facing,None,m,19.422756140375473
43,2,3,central,slightly_facing,arm_raise_high,y,2,3,central,slightly_facing,None,y,19.32862306518377
44,2,3,central,slightly_facing,arm_raise_high,y,2,3,central,slightly_facing,None,y,19.214661564700485
45,2,3,central,slightly_facing,arm_raise_high,y,2,3,central,slightly_facing,None,y,18.98735749169855
46,2,3,central,slightly_facing,arm_raise_high,y,2,3,central,slightly_facing,None,y,18.83193052807375
47,2,3,central,slightly_facing,arm_raise_high,y,2,3,central,slightly_facing,None,y,18.649055412101543
48,2,3,central,slightly_facing,arm_raise_high,y,2,3,central,slightly_facing,None,y,18.467134862334788
49,2,3,central,slightly_facing,arm_raise_high,y,2,3,central,slightly_facing,None,y,18.33852841963831
50,2,3,central,slightly_facing,arm_raise_high,y,2,3,central,slightly_facing,None,y,18.175876216305085
51,2,3,central,slightly_facing,arm_raise_high,y,2,3,central,slightly_facing,None,y,17.988888717510143
52,2,3,central,slightly_facing,arm_raise_high,y,2,3,central,slightly_facing,None,y,17.856390997211335
53,2,3,central,slightly_facing,arm_raise_high,y,2,3,central,slightly_facing,None,y,17.685218710461285
54,2,3,central,slightly_facing,arm_raise_high,y,2,3,central,slightly_facing,None,y,17.522366902700846
55,2,3,central,slightly_facing,arm_raise_high,y,2,3,central,slightly_facing,None,y,17.33967158786455
56,2,3,central,slightly_facing,arm_raise_high,y,2,3,central,slightly_facing,None,y,17.21231429742755
57,2,3,central,slightly_facing,arm_raise_high,y,2,3,central,slightly_facing,None,y,17.039344328169086
58,2,3,central,slightly_facing,arm_raise_high,y,2,3,central,slightly_facing,None,y,16.877008916861303
59,2,3,central,slightly_facing,arm_raise_high,y,2,3,central,slightly_facing,None,y,16.71329360947822
60,2,3,central,slightly_facing,arm_raise_high,y,2,3,central,slightly_facing,None,y,16.605945758403823
61,2,3,central,slightly_facing,arm_raise_high,y,2,3,central,slightly_facing,None,y,16.3934666756862
62,4,4,central,slightly_facing,None,y,2,3,central,slightly_facing,None,y,16.210674924705664
63,4,4,central,slightly_facing,None,y,2,3,central,slightly_facing,None,y,16.04187446781158
64,4,4,central,slightly_facing,None,y,2,3,central,slightly_facing,None,y,15.91548396249228
65,4,4,central,slightly_facing,None,y,2,3,central,slightly_facing,None,y,15.782208563197294
66,4,4,central,slightly_facing,None,y,2,3,central,slightly_facing,None,y,15.570275433476857
67,4,4,central,slightly_facing,None,y,2,3,central,slightly_facing,None,y,15.43849897183662
68,4,4,central,slightly_facing,None,y,2,3,central,slightly_facing,None,y,15.316353648493008
69,4,4,central,slightly_facing,None,y,2,3,central,slightly_facing,None,y,15.158827029607275
70,4,4,central,slightly_facing,None,y,2,3,central,slightly_facing,None,y,14.987478065344618
71,4,4,central,slightly_facing,None,y,2,3,central,slightly_facing,None,y,14.859453987397318
72,4,4,central,slightly_facing,None,m,2,3,central,slightly_facing,None,m,14.715835380577001
73,4,4,central,slightly_facing,None,y,2,3,central,slightly_facing,None,y,14.628586399630311
74,4,4,central,slightly_facing,None,y,2,3,central,slightly_facing,None,y,14.523997232616127
75,4,4,central,slightly_facing,None,y,2,3,central,slightly_facing,None,y,14.36753754835772
76,4,4,central,strongly_facing,None,y,2,3,central,slightly_facing,None,y,14.136644965211971
77,4,4,central,slightly_facing,None,y,2,3,central,slightly_facing,None,y,13.952660594494303
78,4,4,central,slightly_facing,None,y,2,3,central,slightly_facing,None,y,13.803239040145607
79,4,4,central,slightly_facing,None,y,2,3,central,slightly_facing,None,y,13.627619902345968
80,4,4,central,strongly_facing,None,y,2,3,central,slightly_facing,None,y,13.438404534564361
81,4,4,central,slightly_facing,None,y,2,3,central,slightly_facing,None,y,13.226236781171584
82,4,4,central,strongly_facing,None,m,2,3,central,slightly_facing,None,m,13.085417568417338
83,4,4,central,strongly_facing,None,y,2,3,central,slightly_facing,None,y,12.993002308144792
84,4,4,central,strongly_facing,None,m,2,3,central,turned_away,None,n,12.826222875150734
85,4,4,central,strongly_facing,None,m,2,3,central,turned_away,None,n,12.737712049805229
86,4,4,central,slightly_facing,None,y,2,3,central,strongly_facing,None,n,12.643190112439534
87,4,4,central,strongly_facing,None,m,2,3,central,strongly_facing,None,n,12.512693528762057
88,4,4,central,slightly_facing,None,y,2,3,central,strongly_facing,None,n,12.44136589263932
89,4,4,central,strongly_facing,None,y,2,3,central,strongly_facing,None,n,12.294321310587577
90,4,4,central,strongly_facing,None,y,2,3,central,strongly_facing,None,n,12.19084877200406
91,4,4,central,strongly_facing,None,y,2,3,central,strongly_facing,None,n,12.08567648471367
92,4,4,central,strongly_facing,None,y,2,3,central,strongly_facing,None,n,11.930074440860999
93,4,4,central,strongly_facing,None,y,2,3,central,strongly_facing,None,n,11.79747424474701
94,4,4,central,strongly_facing,None,m,2,3,central,strongly_facing,None,n,11.69148855789758
95,4,4,central,strongly_facing,None,y,2,3,central,strongly_facing,None,n,11.59343742880358
96,4,4,central,slightly_facing,None,m,2,3,central,strongly_facing,None,n,11.436159155722862
97,4,4,central,slightly_facing,None,y,2,3,central,strongly_facing,None,n,11.351643759795586
98,4,4,central,slightly_facing,None,m,2,3,central,strongly_facing,None,n,11.236120391892742
99,4,4,central,slightly_facing,None,y,2,3,central,strongly_facing,None,n,11.173203908201533
100,4,4,central,strongly_facing,None,y,2,3,central,strongly_facing,None,n,11.03198143235946
101,4,4,central,strongly_facing,None,y,2,3,central,strongly_facing,None,n,10.928866293825036
102,4,4,central,strongly_facing,None,y,2,3,central,strongly_facing,None,n,10.77787455085189
103,4,4,central,strongly_facing,None,y,2,3,central,strongly_facing,None,n,10.647729614571787
104,4,4,central,strongly_facing,None,m,2,3,central,strongly_facing,None,n,10.534083075130361
105,4,4,central,strongly_facing,None,y,2,3,central,strongly_facing,None,n,10.434166264190583
106,4,4,central,slightly_facing,None,y,2,3,central,strongly_facing,None,n,10.326124397139756
107,4,4,central,slightly_facing,None,y,2,3,central,strongly_facing,None,n,10.207038035567466
108,4,4,central,slightly_facing,None,y,2,3,central,strongly_facing,None,n,10.096862819638286
109,4,4,central,strongly_facing,None,m,2,3,central,strongly_facing,None,n,9.99170033749136
110,4,4,central,strongly_facing,None,y,2,3,central,strongly_facing,None,n,9.892285056146985
111,4,4,central,strongly_facing,None,y,2,3,central,strongly_facing,None,n,9.788795749541615
112,4,4,central,strongly_facing,None,y,2,3,central,strongly_facing,None,n,9.633180302485409
113,4,4,central,strongly_facing,None,m,2,3,central,strongly_facing,None,n,9.503000078872457
114,4,4,central,strongly_facing,None,y,2,3,central,strongly_facing,None,n,9.436556794770484
115,4,4,central,slightly_facing,None,y,2,3,central,strongly_facing,None,n,9.296070731017542
116,4,4,central,slightly_facing,None,y,2,3,central,strongly_facing,None,n,9.190479112946665
117,4,4,central,slightly_facing,None,y,2,3,central,strongly_facing,None,n,9.061575033536057
118,4,4,central,slightly_facing,None,y,2,3,central,strongly_facing,None,n,8.935729651961621
119,4,4,central,slightly_facing,None,y,2,3,central,strongly_facing,None,n,8.822959421811245
120,4,4,central,strongly_facing,None,y,2,3,central,strongly_facing,None,n,8.720855187377436
121,4,4,central,strongly_facing,None,y,2,3,central,strongly_facing,None,n,8.617709487825287
122,4,4,central,strongly_facing,None,y,2,3,central,strongly_facing,None,n,8.487079612286198
123,4,4,central,strongly_facing,None,y,2,3,central,strongly_facing,None,n,8.349485981429511
124,4,4,central,strongly_facing,None,y,2,3,central,strongly_facing,None,n,8.232185940509478
125,4,4,central,slightly_facing,None,y,2,3,central,strongly_facing,None,n,8.12091230133936
126,4,4,central,slightly_facing,None,m,2,3,central,strongly_facing,None,n,8.017284383205322
127,4,4,central,slightly_facing,None,m,2,3,central,strongly_facing,None,n,7.919504544093967
128,4,4,central,slightly_facing,None,y,2,3,central,strongly_facing,None,n,7.869736841943891
129,4,4,central,slightly_facing,None,m,2,3,central,strongly_facing,None,n,7.760365995307506
130,4,4,central,strongly_facing,None,y,2,3,central,strongly_facing,None,n,7.664482724700011
131,4,4,central,strongly_facing,None,y,2,3,central,strongly_facing,None,n,7.555837555405886
132,4,4,central,strongly_facing,None,y,2,3,central,strongly_facing,None,n,7.384299857258234
133,4,4,central,strongly_facing,None,y,2,3,central,strongly_facing,None,n,7.246988316043016
134,4,4,central,strongly_facing,None,y,2,3,central,strongly_facing,None,n,7.1255670340930735
135,4,4,central,strongly_facing,None,y,2,3,central,strongly_facing,None,n,7.017443206555001
136,4,4,central,strongly_facing,None,m,2,3,central,strongly_facing,None,n,6.823467124808765
137,4,4,central,slightly_facing,None,y,2,3,central,strongly_facing,None,n,6.770679220257301
138,4,4,central,slightly_facing,None,y,2,3,central,strongly_facing,None,n,6.655928421815316
139,4,4,central,slightly_facing,None,y,2,3,central,strongly_facing,None,n,6.553437679772731
140,4,4,central,strongly_facing,None,m,2,3,central,strongly_facing,None,n,6.396213026100751
141,4,4,central,strongly_facing,None,y,2,3,central,strongly_facing,None,n,6.297095830851626
142,4,4,central,strongly_facing,None,y,2,3,central,strongly_facing,None,n,6.17526157841447
143,4,4,central,strongly_facing,None,y,2,3,central,strongly_facing,None,n,6.071199607824548
144,4,4,central,strongly_facing,None,y,2,3,central,strongly_facing,None,n,5.957632530765636
145,4,4,central,slightly_facing,None,y,2,3,central,strongly_facing,None,n,5.79744359295112
146,4,4,central,slightly_facing,None,m,2,3,central,strongly_facing,None,n,5.680902334528293
147,4,4,central,slightly_facing,None,m,2,3,central,strongly_facing,None,n,5.611433185403168
148,4,4,central,slightly_facing,None,y,2,3,central,strongly_facing,None,n,5.526546996439096
149,4,4,central,slightly_facing,None,m,2,3,central,strongly_facing,None,n,5.42319739682643
150,4,4,central,strongly_facing,None,y,2,3,central,strongly_facing,None,n,5.325205487893307
151,4,4,central,strongly_facing,None,m,2,3,central,strongly_facing,None,n,5.133264047137445
152,4,4,central,strongly_facing,None,y,2,3,central,strongly_facing,None,n,5.039761691110799
153,4,4,central,strongly_facing,None,y,2,3,central,strongly_facing,None,n,4.937504092681844
154,4,4,central,strongly_facing,None,m,2,3,central,strongly_facing,None,n,4.828790774899342
155,4,4,central,slightly_facing,None,y,2,3,central,strongly_facing,None,n,4.731506985486649
156,4,4,central,slightly_facing,None,m,2,3,central,strongly_facing,None,n,4.5793914946190135
157,4,4,central,slightly_facing,None,y,2,3,central,strongly_facing,None,n,4.5029695080364425
158,4,4,central,slightly_facing,None,y,2,3,central,strongly_facing,None,n,4.39517239866526
159,4,4,central,slightly_facing,None,y,2,3,central,strongly_facing,None,n,4.293311541270209
160,4,4,central,strongly_facing,None,m,2,3,central,strongly_facing,None,n,4.139771573756696
161,4,4,central,strongly_facing,None,y,2,3,central,strongly_facing,None,n,4.094795858823854
162,4,4,central,strongly_facing,None,y,2,3,central,strongly_facing,None,n,3.9130862321953765
163,4,4,central,strongly_facing,None,y,2,3,central,strongly_facing,None,n,3.8094557909549214
164,4,4,central,slightly_facing,None,m,2,3,central,strongly_facing,None,n,3.6963871663130723
165,4,4,central,slightly_facing,None,y,2,3,central,strongly_facing,None,n,3.5981565183779876
166,4,4,central,slightly_facing,None,y,2,3,central,strongly_facing,None,n,3.4932401373511315
167,4,4,central,slightly_facing,None,m,2,3,central,strongly_facing,None,n,3.357827463960739
168,4,4,central,slightly_facing,None,y,2,3,central,strongly_facing,None,n,3.261270886878917
169,4,4,central,slightly_facing,None,m,2,3,central,strongly_facing,None,n,3.154191169173644
170,4,4,central,slightly_facing,None,y,2,3,central,strongly_facing,None,n,3.0564663380624655
171,4,4,central,slightly_facing,None,m,2,3,central,strongly_facing,None,n,2.9083687421076743
172,4,4,central,slightly_facing,None,y,2,3,central,strongly_facing,None,n,2.8292047053308056
173,4,4,central,strongly_facing,None,y,2,3,central,strongly_facing,None,n,2.6995102403513846
174,4,4,central,slightly_facing,None,y,2,3,central,strongly_facing,None,n,2.5936766917998852
175,4,4,central,slightly_facing,None,m,2,3,central,strongly_facing,None,n,2.43808351930958
176,4,4,central,slightly_facing,None,y,2,3,central,strongly_facing,None,n,2.398687824775244
177,4,4,central,slightly_facing,None,m,2,3,central,strongly_facing,None,n,2.2907433449432935
178,4,4,central,slightly_facing,None,m,2,3,central,strongly_facing,None,n,2.208003186342125
179,4,4,central,slightly_facing,None,y,2,3,central,strongly_facing,None,n,2.1143317956264553
180,4,4,central,slightly_facing,None,m,2,3,central,strongly_facing,None,n,1.9698557548835873
181,4,4,central,slightly_facing,None,y,2,3,central,strongly_facing,None,n,1.9285939778252912
182,4,4,central,strongly_facing,None,m,2,3,central,strongly_facing,None,n,1.7613324920471394
183,4,4,central,strongly_facing,None,m,2,3,central,strongly_facing,None,n,1.735273338623627
184,4,4,central,slightly_facing,None,m,2,3,central,strongly_facing,None,n,1.7034957361041432
185,4,4,central,slightly_facing,None,m,2,3,central,strongly_facing,None,n,1.683417198607936
186,4,4,central,slightly_facing,None,m,2,3,central,strongly_facing,None,n,1.668180509349329
187,4,4,central,slightly_facing,None,m,2,3,central,strongly_facing,None,n,1.655083238011295
188,4,4,central,slightly_facing,None,m,2,3,central,strongly_facing,None,n,1.6459821601964593
189,4,4,central,slightly_facing,None,n,2,3,central,strongly_facing,None,n,1.6367029785666647
