,p1_imas,p1_imas_5_pred,p1_imas_4_pred,p1_imas_3_pred,p1_imas_2_pred,p1_imas_1_pred,p2_imas,p2_imas_5_pred,p2_imas_4_pred,p2_imas_3_pred,p2_imas_2_pred,p2_imas_1_pred,p1_wti,p1_wti_5_pred,p1_wti_4_pred,p1_wti_3_pred,p1_wti_2_pred,p1_wti_1_pred,p2_wti,p2_wti_5_pred,p2_wti_4_pred,p2_wti_3_pred,p2_wti_2_pred,p2_wti_1_pred,p1_approach,p2_head,p1_body,p2_approach,p2_body,dist,p1_gesture,p2_gesture,p1_head
0,2,4e-06,7e-06,2.7e-05,0.028198,0.971765,2,2e-06,4e-06,1.3e-05,0.026302,0.973679,2,3e-06,9.3e-05,0.018218,0.013762,0.967923,3,2e-06,5e-05,0.018187,0.010185,0.971576,n,mid_peripheral,strongly_facing,n,strongly_facing,range_27_inf,None,None,mid_peripheral
1,2,1e-06,2e-06,6e-06,0.024605,0.975386,2,1e-06,1e-06,1e-06,0.02438,0.975617,2,2e-06,7e-06,0.018327,0.006358,0.975306,3,1e-06,3e-06,0.018227,0.006177,0.975593,n,mid_peripheral,strongly_facing,n,strongly_facing,range_27_inf,None,None,mid_peripheral
2,2,0.0,1e-06,6e-06,0.024528,0.975466,2,0.0,0.0,1e-06,0.024358,0.975641,2,1e-06,4e-06,0.018329,0.0062,0.975465,3,0.0,2e-06,0.018227,0.00613,0.97564,n,mid_peripheral,strongly_facing,n,strongly_facing,range_27_inf,None,None,mid_peripheral
3,2,0.0,0.0,6e-06,0.024526,0.975468,2,0.0,0.0,1e-06,0.024358,0.975641,2,1e-06,4e-06,0.018329,0.006197,0.975468,3,0.0,2e-06,0.018227,0.00613,0.975641,n,mid_peripheral,strongly_facing,n,strongly_facing,range_27_inf,None,None,mid_peripheral
4,2,0.0,0.0,6e-06,0.024535,0.975459,2,0.0,0.0,1e-06,0.024358,0.975641,2,1e-06,5e-06,0.018329,0.006205,0.97546,3,0.0,2e-06,0.018227,0.00613,0.975641,n,mid_peripheral,slightly_facing,n,strongly_facing,range_27_inf,None,None,mid_peripheral
5,2,0.0,0.0,6e-06,0.024535,0.975459,2,0.0,0.0,0.0,0.024339,0.97566,2,1e-06,5e-06,0.018329,0.006206,0.97546,3,0.0,2e-06,0.018227,0.006111,0.97566,n,mid_peripheral,slightly_facing,n,slightly_facing,range_27_inf,None,None,mid_peripheral
6,2,0.0,0.0,6e-06,0.024535,0.975459,2,0.0,0.0,0.0,0.024339,0.975661,2,1e-06,5e-06,0.018329,0.006206,0.97546,3,0.0,2e-06,0.018227,0.006111,0.97566,n,mid_peripheral,slightly_facing,n,slightly_facing,range_27_inf,None,None,mid_peripheral
7,2,0.0,0.0,6e-06,0.024535,0.975459,2,0.0,0.0,0.0,0.024339,0.975661,2,1e-06,5e-06,0.018329,0.006206,0.97546,3,0.0,2e-06,0.018227,0.006111,0.97566,n,mid_peripheral,slightly_facing,n,slightly_facing,range_27_inf,None,None,mid_peripheral
8,2,0.0,0.0,6e-06,0.024535,0.975459,2,0.0,0.0,0.0,0.024339,0.975661,2,1e-06,5e-06,0.018329,0.006206,0.97546,3,0.0,2e-06,0.018227,0.006111,0.97566,n,mid_peripheral,slightly_facing,n,slightly_facing,range_27_inf,None,None,mid_peripheral
9,2,0.0,0.0,6e-06,0.024535,0.975459,2,0.0,0.0,0.0,0.024339,0.975661,2,1e-06,5e-06,0.018329,0.006206,0.97546,3,0.0,2e-06,0.018227,0.006111,0.97566,n,mid_peripheral,slightly_facing,n,slightly_facing,range_27_inf,None,None,mid_peripheral
10,2,0.0,0.0,6e-06,0.024535,0.975459,2,0.0,0.0,0.0,0.024339,0.975661,2,1e-06,5e-06,0.018329,0.006206,0.97546,3,0.0,2e-06,0.018227,0.006111,0.97566,n,mid_peripheral,slightly_facing,n,slightly_facing,range_27_inf,None,None,mid_peripheral
11,2,0.0,0.0,6e-06,0.024535,0.975459,2,0.0,0.0,0.0,0.024339,0.975661,2,1e-06,5e-06,0.018329,0.006206,0.97546,3,0.0,2e-06,0.018227,0.006111,0.97566,n,mid_peripheral,slightly_facing,n,slightly_facing,range_27_inf,None,None,mid_peripheral
12,2,0.0,0.0,6e-06,0.02454,0.975454,3,3.6e-05,7.2e-05,0.000273,0.070373,0.929245,2,1e-06,5e-06,0.018663,0.005911,0.97542,4,2.2e-05,0.00111,0.017579,0.052033,0.929256,n,central,slightly_facing,y,slightly_facing,range_27_inf,None,None,mid_peripheral
13,2,0.0,0.0,5e-06,0.024495,0.9755,3,0.000344,0.000689,0.002184,0.392725,0.604058,2,1.3e-05,1.6e-05,0.020949,0.003859,0.975163,4,0.000207,0.008905,0.012985,0.373784,0.604119,n,central,slightly_facing,y,strongly_facing,range_27_inf,None,None,mid_peripheral
14,2,0.0,0.0,4e-06,0.024419,0.975577,3,0.000809,0.001654,0.004994,0.867018,0.125525,2,3.1e-05,3.5e-05,0.024313,0.000842,0.974778,4,0.000494,0.020388,0.006226,0.847371,0.125521,n,central,slightly_facing,y,strongly_facing,range_27_inf,None,None,mid_peripheral
15,2,0.0,0.0,4e-06,0.024402,0.975594,3,0.000919,0.001896,0.005623,0.973094,0.01847,2,3.7e-05,4e-05,0.02507,0.000168,0.974684,4,0.000564,0.022962,0.004717,0.95347,0.018286,n,central,slightly_facing,y,slightly_facing,range_27_inf,None,None,mid_peripheral
16,2,0.0,0.0,4e-06,0.024399,0.975597,3,0.000934,0.001933,0.005712,0.988198,0.003223,2,3.8e-05,4.1e-05,0.025179,7.2e-05,0.974671,4,0.000575,0.023329,0.004499,0.968749,0.002848,n,central,slightly_facing,y,slightly_facing,range_27_inf,None,None,mid_peripheral
17,2,0.0,0.0,4e-06,0.024399,0.975597,3,0.000936,0.001938,0.005723,0.989955,0.001449,2,3.8e-05,4.1e-05,0.025191,6.1e-05,0.974669,4,0.000576,0.023372,0.004471,0.970712,0.000869,n,central,slightly_facing,y,slightly_facing,range_27_inf,None,None,mid_peripheral
18,2,0.0,0.0,4e-06,0.0244,0.975596,3,0.001175,0.002501,0.005706,0.98704,0.003578,2,8.6e-05,8.9e-05,0.025298,0.000123,0.974404,4,0.000737,0.023465,0.004625,0.96993,0.001243,n,central,slightly_facing,m,slightly_facing,range_27_inf,None,None,mid_peripheral
19,2,0.0,0.0,4e-06,0.024399,0.975597,3,0.000804,0.001738,0.004858,0.843966,0.148635,2,3.4e-05,3.7e-05,0.024169,0.000971,0.974789,4,0.00051,0.019923,0.003832,0.974075,0.001661,n,central,slightly_facing,y,slightly_facing,range_27_inf,None,None,mid_peripheral
20,2,0.0,0.0,4e-06,0.024398,0.975597,3,0.000501,0.001046,0.003074,0.543003,0.452376,2,2e-05,2.2e-05,0.022016,0.002841,0.9751,4,0.000311,0.01275,0.002452,0.981256,0.003232,n,central,slightly_facing,y,slightly_facing,range_27_inf,None,None,mid_peripheral
21,2,0.0,0.0,4e-06,0.024398,0.975597,3,0.0005,0.001037,0.003073,0.542791,0.4526,2,2e-05,2.2e-05,0.022013,0.002843,0.975101,4,0.000309,0.012743,0.002448,0.981328,0.003173,n,central,slightly_facing,y,slightly_facing,range_27_inf,None,None,mid_peripheral
22,2,0.0,0.0,4e-06,0.024399,0.975597,3,0.000497,0.001028,0.003073,0.54288,0.452521,2,2e-05,2.2e-05,0.022012,0.002842,0.975105,4,0.000306,0.012743,0.002444,0.981442,0.003064,n,central,strongly_facing,y,strongly_facing,range_27_inf,None,None,mid_peripheral
23,2,0.0,0.0,4e-06,0.024398,0.975597,3,0.0005,0.001034,0.003075,0.543112,0.45228,2,2e-05,2.2e-05,0.022015,0.002841,0.975102,4,0.000308,0.01275,0.002448,0.981344,0.00315,n,central,slightly_facing,y,slightly_facing,range_27_inf,None,None,mid_peripheral
24,2,0.0,0.0,4e-06,0.024398,0.975597,3,0.000501,0.001035,0.003075,0.543261,0.452127,2,2e-05,2.2e-05,0.022016,0.00284,0.975101,4,0.000308,0.012753,0.00245,0.981329,0.00316,n,central,slightly_facing,y,slightly_facing,range_27_inf,None,None,mid_peripheral
25,2,0.0,0.0,4e-06,0.024398,0.975597,3,0.000493,0.001017,0.003085,0.544701,0.450704,2,1.9e-05,2e-05,0.022021,0.002829,0.97511,4,0.000307,0.012786,0.002442,0.98167,0.002795,n,central,slightly_facing,y,slightly_facing,range_24_27,None,None,mid_peripheral
26,2,0.0,1e-06,6e-06,0.024673,0.975321,3,0.045128,0.099861,0.185842,0.621594,0.047575,2,0.008437,0.008453,0.045747,0.0101,0.927263,4,0.131451,0.757838,0.005032,0.105205,0.000474,n,central,slightly_facing,y,slightly_facing,range_24_27,None,arm_raise_high,mid_peripheral
27,2,2e-06,4e-06,1.9e-05,0.026693,0.973281,3,0.079796,0.389192,0.13376,0.396653,0.000599,2,0.011054,0.011263,0.088609,0.034412,0.854662,4,0.459968,0.539257,0.000295,0.000309,0.00017,n,central,slightly_facing,y,slightly_facing,range_24_27,None,arm_raise_high,mid_peripheral
28,2,4e-06,8e-06,3.4e-05,0.0279,0.972054,3,0.070942,0.757428,0.044159,0.127163,0.000308,2,0.006603,0.007033,0.136263,0.043858,0.806244,4,0.826213,0.17349,0.000101,9.8e-05,9.8e-05,n,central,slightly_facing,y,slightly_facing,range_24_27,None,arm_raise_high,mid_peripheral
29,2,4e-06,7e-06,3.2e-05,0.027383,0.972574,3,0.044139,0.920852,0.009836,0.025069,0.000105,2,0.002934,0.003332,0.156274,0.031979,0.805481,4,0.96558,0.034304,3.9e-05,3.9e-05,3.9e-05,n,central,slightly_facing,y,slightly_facing,range_24_27,None,arm_raise_high,mid_peripheral
30,2,3e-06,5e-06,2.5e-05,0.026629,0.973338,3,0.026745,0.966014,0.002947,0.004264,3e-05,2,0.001672,0.00195,0.161798,0.019781,0.814799,4,0.994094,0.005854,1.7e-05,1.7e-05,1.7e-05,n,central,slightly_facing,y,slightly_facing,range_24_27,None,arm_raise_high,mid_peripheral
31,2,2e-06,4e-06,2e-05,0.026103,0.973871,3,0.017563,0.979739,0.001982,0.000707,9e-06,2,0.001328,0.001506,0.163611,0.012074,0.821481,4,0.99899,0.000978,1.1e-05,1.1e-05,1.1e-05,n,central,slightly_facing,y,slightly_facing,range_24_27,None,arm_raise_high,mid_peripheral
32,2,0.000549,0.001036,0.004504,0.40965,0.584261,3,0.617181,0.382801,1.7e-05,0.0,0.0,2,0.493473,0.126617,0.126682,0.126615,0.126614,4,0.997573,0.000607,0.000607,0.000607,0.000607,y,central,slightly_facing,y,slightly_facing,range_24_27,None,arm_raise_high,central
33,2,0.00063,0.001642,0.004922,0.595099,0.397708,3,0.432655,0.56401,0.002497,0.000837,0.0,2,0.646361,0.08841,0.08841,0.08841,0.08841,4,0.998646,0.000338,0.000338,0.000338,0.000338,y,central,slightly_facing,y,slightly_facing,range_24_27,None,arm_raise_high,central
34,2,0.000833,0.002988,0.007025,0.854816,0.134337,3,0.155954,0.839675,0.00188,0.002491,1e-06,2,0.869145,0.032714,0.032714,0.032714,0.032714,4,0.998698,0.000325,0.000325,0.000325,0.000325,y,central,slightly_facing,y,slightly_facing,range_24_27,None,arm_raise_high,central
35,2,0.000925,0.004721,0.008773,0.937289,0.048292,3,0.062507,0.930606,0.00155,0.005336,2e-06,2,0.94436,0.01391,0.01391,0.01391,0.01391,4,0.998638,0.000341,0.000341,0.000341,0.000341,y,central,slightly_facing,y,slightly_facing,range_24_27,None,arm_raise_high,central
36,2,0.000989,0.007428,0.011225,0.953816,0.026543,3,0.037916,0.950333,0.001373,0.010376,3e-06,2,0.964136,0.008966,0.008966,0.008966,0.008966,4,0.998582,0.000354,0.000354,0.000354,0.000354,y,central,slightly_facing,y,slightly_facing,range_24_27,None,arm_raise_high,central
37,2,0.001084,0.011689,0.015776,0.952157,0.019294,3,0.029293,0.950176,0.001289,0.019237,5e-06,2,0.971062,0.007235,0.007235,0.007235,0.007235,4,0.998499,0.000375,0.000375,0.000375,0.000375,y,central,slightly_facing,y,slightly_facing,range_24_27,None,arm_raise_high,central
38,2,0.001264,0.018145,0.024685,0.940733,0.015173,3,0.024196,0.939086,0.001606,0.035104,9e-06,2,0.975095,0.006226,0.006227,0.006226,0.006226,4,0.998277,0.000431,0.000431,0.000431,0.000431,m,central,slightly_facing,m,slightly_facing,range_24_27,None,arm_raise_high,central
39,2,0.002395,0.140336,0.054434,0.796791,0.006045,3,0.01232,0.71063,0.038383,0.238609,5.8e-05,2,0.985608,0.003597,0.003601,0.003597,0.003597,4,0.9969,0.000775,0.000776,0.000775,0.000775,m,central,slightly_facing,m,slightly_facing,range_24_27,None,arm_raise_high,central
40,2,0.003872,0.325903,0.084445,0.585641,0.000139,3,0.004185,0.369569,0.094148,0.53197,0.000128,2,0.993764,0.001559,0.001559,0.001559,0.001559,4,0.995025,0.001244,0.001244,0.001244,0.001244,y,central,slightly_facing,y,slightly_facing,range_24_27,None,arm_raise_high,central
41,2,0.003872,0.325902,0.084444,0.585643,0.000139,3,0.004185,0.369568,0.094147,0.531972,0.000128,2,0.993766,0.001559,0.001559,0.001559,0.001559,4,0.995028,0.001243,0.001243,0.001243,0.001243,y,central,slightly_facing,y,slightly_facing,range_24_27,None,arm_raise_high,central
42,2,0.003872,0.325902,0.084444,0.585643,0.000139,3,0.004185,0.369568,0.094147,0.531972,0.000128,2,0.993766,0.001558,0.001558,0.001558,0.001558,4,0.995028,0.001243,0.001243,0.001243,0.001243,y,central,slightly_facing,y,slightly_facing,range_24_27,None,arm_raise_high,central
43,2,0.003872,0.325902,0.084444,0.585643,0.000139,3,0.004185,0.369568,0.094147,0.531972,0.000128,2,0.993766,0.001558,0.001558,0.001558,0.001558,4,0.995028,0.001243,0.001243,0.001243,0.001243,y,central,slightly_facing,y,slightly_facing,range_24_27,None,arm_raise_high,central
44,2,0.003872,0.325902,0.084444,0.585643,0.000139,3,0.004185,0.369568,0.094147,0.531972,0.000128,2,0.993766,0.001558,0.001558,0.001558,0.001558,4,0.995028,0.001243,0.001243,0.001243,0.001243,y,central,slightly_facing,y,strongly_facing,range_24_27,None,arm_raise_high,central
45,2,0.003872,0.325902,0.084444,0.585643,0.000139,3,0.004185,0.369568,0.094147,0.531972,0.000128,2,0.993766,0.001559,0.001559,0.001559,0.001559,4,0.995028,0.001243,0.001243,0.001243,0.001243,y,central,slightly_facing,y,slightly_facing,range_21_24,None,None,central
46,2,0.003872,0.325894,0.084453,0.585641,0.000139,3,0.004185,0.36956,0.094158,0.53197,0.000128,2,0.993766,0.001559,0.001559,0.001559,0.001559,4,0.995028,0.001243,0.001243,0.001243,0.001243,y,central,slightly_facing,y,slightly_facing,range_21_24,None,None,central
47,2,0.003872,0.325894,0.084453,0.585641,0.000139,3,0.004185,0.36956,0.094158,0.53197,0.000128,2,0.993766,0.001559,0.001559,0.001559,0.001559,4,0.995028,0.001243,0.001243,0.001243,0.001243,y,central,slightly_facing,y,slightly_facing,range_21_24,None,None,central
48,2,0.003872,0.325902,0.084444,0.585643,0.000139,3,0.004185,0.369568,0.094147,0.531972,0.000128,2,0.993766,0.001558,0.001558,0.001558,0.001558,4,0.995028,0.001243,0.001243,0.001243,0.001243,y,central,slightly_facing,y,strongly_facing,range_21_24,None,None,central
49,2,0.003872,0.325902,0.084444,0.585643,0.000139,3,0.004185,0.369568,0.094147,0.531972,0.000128,2,0.993766,0.001558,0.001558,0.001558,0.001558,4,0.995028,0.001243,0.001243,0.001243,0.001243,y,central,slightly_facing,y,strongly_facing,range_21_24,None,None,central
50,2,0.003872,0.325902,0.084444,0.585643,0.000139,3,0.004185,0.369568,0.094147,0.531972,0.000128,2,0.993766,0.001558,0.001558,0.001558,0.001558,4,0.995028,0.001243,0.001243,0.001243,0.001243,y,central,slightly_facing,y,strongly_facing,range_21_24,None,None,central
51,2,0.003872,0.325902,0.084444,0.585643,0.000139,3,0.004185,0.369568,0.094147,0.531972,0.000128,2,0.993766,0.001558,0.001558,0.001558,0.001558,4,0.995028,0.001243,0.001243,0.001243,0.001243,y,central,slightly_facing,y,strongly_facing,range_21_24,None,None,central
52,2,0.003872,0.325902,0.084444,0.585643,0.000139,3,0.004185,0.369568,0.094147,0.531972,0.000128,2,0.993766,0.001558,0.001558,0.001558,0.001558,4,0.995028,0.001243,0.001243,0.001243,0.001243,y,central,slightly_facing,y,strongly_facing,range_21_24,None,None,central
53,2,0.003872,0.325902,0.084444,0.585643,0.000139,3,0.004185,0.369568,0.094147,0.531972,0.000128,2,0.993766,0.001558,0.001558,0.001558,0.001558,4,0.995028,0.001243,0.001243,0.001243,0.001243,y,central,slightly_facing,y,strongly_facing,range_21_24,None,None,central
54,2,0.003872,0.325902,0.084444,0.585643,0.000139,3,0.004185,0.369568,0.094147,0.531972,0.000128,3,0.993766,0.001559,0.001559,0.001559,0.001559,4,0.995028,0.001243,0.001243,0.001243,0.001243,y,central,strongly_facing,y,slightly_facing,range_21_24,arm_raise_high,None,central
55,2,0.003873,0.325904,0.084447,0.585638,0.000139,3,0.004185,0.36957,0.09415,0.531968,0.000128,3,0.993759,0.00156,0.00156,0.00156,0.00156,4,0.995021,0.001245,0.001245,0.001245,0.001245,m,central,slightly_facing,m,strongly_facing,range_21_24,arm_raise_high,None,central
56,2,0.003872,0.325902,0.084444,0.585643,0.000139,3,0.004185,0.369568,0.094147,0.531972,0.000128,3,0.993766,0.001559,0.001559,0.001559,0.001559,4,0.995028,0.001243,0.001243,0.001243,0.001243,y,central,slightly_facing,y,strongly_facing,range_21_24,arm_raise_high,None,central
57,2,0.003872,0.325902,0.084444,0.585643,0.000139,3,0.004185,0.369568,0.094147,0.531972,0.000128,3,0.993766,0.001559,0.001559,0.001559,0.001559,4,0.995028,0.001243,0.001243,0.001243,0.001243,y,central,slightly_facing,y,strongly_facing,range_21_24,arm_raise_high,None,central
58,2,0.003872,0.325902,0.084445,0.585642,0.000139,3,0.004185,0.369568,0.094147,0.531972,0.000128,3,0.993766,0.001559,0.001559,0.001559,0.001559,4,0.995027,0.001243,0.001243,0.001243,0.001243,y,central,slightly_facing,y,slightly_facing,range_21_24,arm_raise_high,None,central
59,2,0.003872,0.325902,0.084445,0.585642,0.000139,3,0.004185,0.369568,0.094147,0.531972,0.000128,3,0.993765,0.001559,0.001559,0.001559,0.001559,4,0.995027,0.001243,0.001243,0.001243,0.001243,y,central,slightly_facing,y,slightly_facing,range_21_24,arm_raise_high,None,central
60,2,0.003872,0.325902,0.084445,0.585642,0.000139,3,0.004185,0.369568,0.094147,0.531972,0.000128,3,0.993765,0.001559,0.001559,0.001559,0.001559,4,0.995027,0.001243,0.001243,0.001243,0.001243,y,central,slightly_facing,y,slightly_facing,range_21_24,arm_raise_high,None,central
61,2,0.003872,0.325902,0.084445,0.585642,0.000139,3,0.004185,0.369568,0.094147,0.531972,0.000128,3,0.993765,0.001559,0.001559,0.001559,0.001559,4,0.995027,0.001243,0.001243,0.001243,0.001243,y,central,slightly_facing,y,slightly_facing,range_21_24,arm_raise_high,None,central
62,2,0.003872,0.325902,0.084445,0.585642,0.000139,3,0.004185,0.369568,0.094148,0.531971,0.000128,3,0.993765,0.001559,0.001559,0.001559,0.001559,4,0.995027,0.001243,0.001243,0.001243,0.001243,y,central,slightly_facing,y,slightly_facing,range_21_24,arm_raise_high,None,central
63,2,0.003873,0.325902,0.084448,0.585638,0.000139,3,0.004186,0.369568,0.094155,0.531964,0.000128,3,0.993758,0.001561,0.001561,0.00156,0.00156,4,0.99502,0.001245,0.001245,0.001245,0.001245,y,central,slightly_facing,y,slightly_facing,range_18_21,arm_raise_high,None,central
64,2,0.003873,0.325904,0.084448,0.585637,0.000139,3,0.004186,0.36957,0.094151,0.531966,0.000128,3,0.993758,0.001561,0.001561,0.001561,0.001561,4,0.995019,0.001245,0.001245,0.001245,0.001245,y,central,slightly_facing,y,slightly_facing,range_18_21,arm_raise_high,None,central
65,2,0.003873,0.325903,0.084447,0.585638,0.000139,3,0.004185,0.369569,0.09415,0.531968,0.000128,3,0.99376,0.00156,0.00156,0.00156,0.00156,4,0.995022,0.001245,0.001245,0.001245,0.001245,y,central,strongly_facing,y,slightly_facing,range_18_21,arm_raise_high,None,central
66,4,0.003873,0.325902,0.084446,0.58564,0.000139,3,0.004186,0.369568,0.094149,0.531969,0.000128,4,0.993762,0.001559,0.00156,0.00156,0.001559,4,0.995024,0.001244,0.001244,0.001244,0.001244,y,central,slightly_facing,y,slightly_facing,range_18_21,None,None,central
67,4,0.003873,0.325902,0.084446,0.58564,0.000139,3,0.004186,0.369568,0.094149,0.531969,0.000128,4,0.993762,0.001559,0.00156,0.00156,0.001559,4,0.995024,0.001244,0.001244,0.001244,0.001244,y,central,slightly_facing,y,slightly_facing,range_18_21,None,None,central
68,4,0.003873,0.325902,0.084446,0.58564,0.000139,3,0.004186,0.369568,0.094149,0.531969,0.000128,4,0.993762,0.001559,0.00156,0.00156,0.001559,4,0.995024,0.001244,0.001244,0.001244,0.001244,y,central,slightly_facing,y,slightly_facing,range_18_21,None,None,central
69,4,0.003873,0.325902,0.084446,0.58564,0.000139,3,0.004186,0.369568,0.094149,0.531969,0.000128,4,0.993762,0.001559,0.00156,0.00156,0.001559,4,0.995024,0.001244,0.001244,0.001244,0.001244,y,central,slightly_facing,y,slightly_facing,range_18_21,None,None,central
70,4,0.003873,0.325902,0.084446,0.58564,0.000139,3,0.004186,0.369568,0.094149,0.531969,0.000128,4,0.993762,0.001559,0.00156,0.00156,0.001559,4,0.995024,0.001244,0.001244,0.001244,0.001244,y,central,slightly_facing,y,slightly_facing,range_18_21,None,None,central
71,4,0.003873,0.325885,0.084451,0.585652,0.000139,3,0.004186,0.369548,0.09419,0.531948,0.000128,4,0.993761,0.00156,0.00156,0.00156,0.001559,4,0.995024,0.001244,0.001244,0.001244,0.001244,y,central,slightly_facing,y,slightly_facing,range_18_21,None,None,central
72,4,0.003872,0.325885,0.08445,0.585654,0.000139,3,0.004186,0.369548,0.09419,0.53195,0.000128,4,0.993764,0.001559,0.001559,0.001559,0.001559,4,0.995026,0.001243,0.001243,0.001244,0.001243,y,central,strongly_facing,y,slightly_facing,range_18_21,None,None,central
73,4,0.003872,0.32589,0.084449,0.58565,0.000139,3,0.004185,0.369553,0.094179,0.531955,0.000128,4,0.993764,0.001559,0.001559,0.001559,0.001559,4,0.995026,0.001243,0.001243,0.001244,0.001243,y,central,strongly_facing,y,slightly_facing,range_18_21,None,None,central
74,4,0.003872,0.325899,0.084446,0.585644,0.000139,3,0.004185,0.369565,0.094156,0.531966,0.000128,4,0.993764,0.001559,0.001559,0.001559,0.001559,4,0.995026,0.001243,0.001243,0.001244,0.001243,y,central,strongly_facing,y,slightly_facing,range_18_21,None,None,central
75,4,0.003873,0.325898,0.084447,0.585643,0.000139,3,0.004186,0.369566,0.094157,0.531964,0.000128,4,0.993762,0.001559,0.00156,0.00156,0.001559,4,0.995024,0.001244,0.001244,0.001244,0.001244,y,central,slightly_facing,y,slightly_facing,range_18_21,None,None,central
76,4,0.003873,0.325898,0.084447,0.585643,0.000139,3,0.004186,0.369566,0.094157,0.531964,0.000128,4,0.993762,0.001559,0.00156,0.00156,0.001559,4,0.995024,0.001244,0.001244,0.001244,0.001244,y,central,slightly_facing,y,slightly_facing,range_18_21,None,None,central
77,4,0.003873,0.325898,0.084447,0.585643,0.000139,3,0.004186,0.369566,0.094157,0.531964,0.000128,4,0.993762,0.001559,0.00156,0.00156,0.001559,4,0.995024,0.001244,0.001244,0.001244,0.001244,y,central,slightly_facing,y,slightly_facing,range_18_21,None,None,central
78,4,0.003873,0.325898,0.084447,0.585643,0.000139,3,0.004186,0.369566,0.094157,0.531964,0.000128,4,0.993762,0.001559,0.00156,0.00156,0.001559,4,0.995024,0.001244,0.001244,0.001244,0.001244,y,central,slightly_facing,y,slightly_facing,range_18_21,None,None,central
79,4,0.003977,0.325941,0.084475,0.585467,0.00014,3,0.004227,0.369515,0.094245,0.531879,0.000134,4,0.993566,0.001627,0.001603,0.001602,0.001602,4,0.994759,0.001344,0.001312,0.001301,0.001285,y,central,strongly_facing,y,slightly_facing,range_15_18,None,None,central
80,4,0.004001,0.325892,0.084584,0.585377,0.000146,3,0.004314,0.369535,0.094282,0.531735,0.000135,4,0.993314,0.001706,0.001693,0.001653,0.001634,4,0.994626,0.001382,0.001344,0.001332,0.001315,y,central,slightly_facing,y,slightly_facing,range_15_18,None,None,central
81,4,0.004003,0.325887,0.084595,0.585369,0.000147,3,0.004321,0.369535,0.094287,0.531722,0.000135,4,0.993292,0.001714,0.001701,0.001656,0.001636,4,0.994616,0.001385,0.001347,0.001334,0.001318,y,central,slightly_facing,y,slightly_facing,range_15_18,None,None,central
82,4,0.004003,0.325887,0.084596,0.585368,0.000147,3,0.004322,0.369534,0.094288,0.531721,0.000135,4,0.99329,0.001715,0.001702,0.001656,0.001636,4,0.994615,0.001385,0.001347,0.001335,0.001318,y,central,slightly_facing,y,slightly_facing,range_15_18,None,None,central
83,4,0.004003,0.325884,0.084596,0.585369,0.000147,3,0.004322,0.369535,0.09429,0.531718,0.000135,4,0.99329,0.001715,0.001702,0.001656,0.001636,4,0.994615,0.001385,0.001347,0.001335,0.001318,y,central,slightly_facing,y,slightly_facing,range_15_18,None,None,central
84,4,0.004003,0.325884,0.084596,0.585369,0.000147,3,0.004322,0.369535,0.09429,0.531718,0.000135,4,0.99329,0.001715,0.001702,0.001656,0.001636,4,0.994615,0.001385,0.001347,0.001335,0.001318,y,central,slightly_facing,y,slightly_facing,range_15_18,None,None,central
85,4,0.004003,0.325884,0.084596,0.585369,0.000147,3,0.004322,0.369535,0.09429,0.531718,0.000135,4,0.99329,0.001715,0.001702,0.001656,0.001636,4,0.994615,0.001385,0.001347,0.001335,0.001318,y,central,slightly_facing,y,slightly_facing,range_15_18,None,None,central
86,4,0.004003,0.325883,0.084596,0.585371,0.000147,3,0.004322,0.369537,0.09429,0.531716,0.000135,4,0.99329,0.001715,0.001702,0.001656,0.001636,4,0.994615,0.001385,0.001347,0.001335,0.001318,y,central,slightly_facing,y,slightly_facing,range_15_18,None,None,central
87,4,0.004003,0.325851,0.084562,0.585437,0.000147,3,0.004324,0.369656,0.094349,0.531536,0.000135,4,0.993287,0.001716,0.001703,0.001657,0.001637,4,0.994616,0.001385,0.001347,0.001334,0.001318,y,central,slightly_facing,y,slightly_facing,range_15_18,None,None,central
88,4,0.004004,0.325924,0.08461,0.585316,0.000147,3,0.004323,0.369609,0.094339,0.531595,0.000135,4,0.993287,0.001716,0.001703,0.001657,0.001637,4,0.994614,0.001386,0.001347,0.001335,0.001318,y,central,slightly_facing,y,slightly_facing,range_15_18,None,None,central
89,4,0.004004,0.325924,0.08461,0.585316,0.000147,3,0.004323,0.369609,0.094339,0.531595,0.000135,4,0.993287,0.001716,0.001703,0.001657,0.001637,4,0.994614,0.001386,0.001347,0.001335,0.001318,y,central,slightly_facing,y,slightly_facing,range_15_18,None,None,central
90,4,0.004004,0.325924,0.08461,0.585316,0.000147,3,0.004323,0.369609,0.094339,0.531595,0.000135,4,0.993287,0.001716,0.001703,0.001657,0.001637,4,0.994614,0.001386,0.001347,0.001335,0.001318,y,central,slightly_facing,y,slightly_facing,range_15_18,None,None,central
91,4,0.004004,0.325924,0.08461,0.585316,0.000147,3,0.004323,0.369609,0.094339,0.531595,0.000135,4,0.993287,0.001716,0.001703,0.001657,0.001637,4,0.994614,0.001386,0.001347,0.001335,0.001318,y,central,slightly_facing,y,slightly_facing,range_15_18,None,None,central
92,4,0.004171,0.325898,0.08478,0.584995,0.000156,3,0.004498,0.36956,0.094491,0.531308,0.000143,4,0.992727,0.001951,0.001854,0.001738,0.001731,4,0.994124,0.001592,0.001468,0.001412,0.001404,y,central,slightly_facing,y,slightly_facing,range_12_15,None,None,central
93,4,0.004217,0.325871,0.084804,0.584951,0.000158,3,0.004547,0.369527,0.094512,0.531268,0.000146,4,0.992628,0.002006,0.001877,0.001748,0.001741,4,0.994045,0.001639,0.001482,0.00142,0.001413,y,central,slightly_facing,y,slightly_facing,range_12_15,None,None,central
94,4,0.004232,0.325859,0.084809,0.584941,0.000159,3,0.004563,0.369514,0.094516,0.53126,0.000146,4,0.992602,0.002023,0.001883,0.00175,0.001743,4,0.994026,0.001655,0.001485,0.001421,0.001414,y,central,slightly_facing,y,slightly_facing,range_12_15,None,None,central
95,4,0.004241,0.325853,0.08481,0.584938,0.000159,3,0.004572,0.369506,0.094518,0.531258,0.000147,4,0.992589,0.002032,0.001885,0.00175,0.001743,4,0.994016,0.001664,0.001485,0.001421,0.001414,y,central,slightly_facing,y,slightly_facing,range_12_15,None,None,central
96,4,0.004251,0.325845,0.084811,0.584934,0.000159,3,0.004582,0.369498,0.094518,0.531256,0.000147,4,0.992576,0.002043,0.001887,0.00175,0.001743,4,0.994003,0.001675,0.001486,0.001421,0.001414,y,central,slightly_facing,y,slightly_facing,range_12_15,None,None,central
97,4,0.004267,0.325834,0.084811,0.584929,0.000159,3,0.004598,0.369484,0.094517,0.531254,0.000147,4,0.992552,0.002064,0.00189,0.001751,0.001743,4,0.993981,0.001695,0.001488,0.001421,0.001414,y,central,slightly_facing,y,slightly_facing,range_12_15,None,None,central
98,4,0.004303,0.325809,0.084808,0.584919,0.00016,3,0.004634,0.369456,0.094514,0.531249,0.000148,4,0.992499,0.002111,0.001895,0.001751,0.001744,4,0.993928,0.001743,0.001492,0.001422,0.001415,y,central,slightly_facing,y,slightly_facing,range_12_15,None,None,central
99,4,0.004389,0.325761,0.084797,0.584893,0.000161,3,0.004724,0.369402,0.094503,0.531222,0.000149,4,0.992363,0.002238,0.001902,0.001752,0.001745,4,0.993797,0.001864,0.001501,0.001422,0.001415,y,central,slightly_facing,y,slightly_facing,range_12_15,None,None,central
100,4,0.004603,0.325764,0.084748,0.584723,0.000163,3,0.004952,0.369362,0.094466,0.531067,0.000152,4,0.992,0.002579,0.00192,0.001754,0.001747,4,0.993455,0.002181,0.001521,0.001425,0.001417,y,central,slightly_facing,y,slightly_facing,range_12_15,None,None,central
101,4,0.004603,0.325764,0.084748,0.584723,0.000163,3,0.004952,0.369362,0.094466,0.531067,0.000152,4,0.992,0.002579,0.00192,0.001754,0.001747,4,0.993455,0.002181,0.001521,0.001425,0.001417,y,central,slightly_facing,y,slightly_facing,range_12_15,None,None,central
102,4,0.004603,0.325764,0.084748,0.584723,0.000163,3,0.004952,0.369362,0.094466,0.531067,0.000152,4,0.992,0.002579,0.00192,0.001754,0.001747,4,0.993455,0.002181,0.001521,0.001425,0.001417,y,central,slightly_facing,y,slightly_facing,range_12_15,None,None,central
103,4,0.004603,0.325764,0.084748,0.584723,0.000163,3,0.004952,0.369362,0.094466,0.531067,0.000152,4,0.992,0.002579,0.00192,0.001754,0.001747,4,0.993455,0.002181,0.001521,0.001425,0.001417,y,central,slightly_facing,y,slightly_facing,range_12_15,None,None,central
104,4,0.00503,0.325501,0.084653,0.584658,0.000158,3,0.005395,0.369052,0.094364,0.531044,0.000146,4,0.991445,0.003261,0.001768,0.001765,0.001762,4,0.992881,0.002854,0.001424,0.001422,0.00142,y,central,slightly_facing,y,slightly_facing,range_9_12,None,None,central
105,4,0.005877,0.324946,0.084546,0.584471,0.00016,3,0.006218,0.368392,0.094236,0.531007,0.000147,4,0.990265,0.004428,0.001771,0.001769,0.001766,4,0.99168,0.004051,0.001424,0.001424,0.001421,y,central,slightly_facing,y,slightly_facing,range_9_12,None,None,central
106,4,0.007503,0.323906,0.084319,0.584112,0.00016,3,0.007761,0.36714,0.09397,0.53098,0.000148,4,0.988047,0.00664,0.001773,0.00177,0.001768,4,0.989345,0.006378,0.001427,0.001426,0.001424,y,central,slightly_facing,y,slightly_facing,range_9_12,None,None,central
107,4,0.010699,0.321892,0.083869,0.583379,0.000161,3,0.01073,0.364695,0.093446,0.53098,0.000149,4,0.983771,0.01091,0.001776,0.001772,0.00177,4,0.984734,0.010976,0.001432,0.00143,0.001428,y,central,slightly_facing,y,slightly_facing,range_9_12,None,None,central
108,4,0.016904,0.318021,0.083003,0.58191,0.000162,3,0.01639,0.359964,0.092436,0.53106,0.00015,4,0.975618,0.019054,0.001781,0.001775,0.001773,4,0.975764,0.01992,0.001443,0.001438,0.001436,y,central,slightly_facing,y,slightly_facing,range_9_12,None,None,central
109,4,0.028457,0.310841,0.081412,0.579127,0.000163,3,0.026805,0.351136,0.090578,0.531328,0.000152,4,0.960606,0.034049,0.001789,0.001779,0.001777,4,0.958987,0.036648,0.001462,0.001453,0.00145,y,central,slightly_facing,y,slightly_facing,range_9_12,None,None,central
110,4,0.04827,0.298472,0.078744,0.574349,0.000165,3,0.044581,0.335846,0.08745,0.531967,0.000156,4,0.934832,0.059797,0.001803,0.001785,0.001783,4,0.929857,0.065692,0.001497,0.001478,0.001476,y,central,slightly_facing,y,slightly_facing,range_9_12,None,None,central
111,4,0.077402,0.280068,0.075049,0.567312,0.000169,3,0.070384,0.312924,0.083064,0.533465,0.000163,4,0.896249,0.09834,0.001825,0.001794,0.001792,4,0.88545,0.109971,0.00155,0.001515,0.001513,y,central,slightly_facing,y,slightly_facing,range_9_12,None,None,central
112,4,0.108518,0.260932,0.0722,0.558178,0.000172,3,0.092968,0.288322,0.079528,0.53901,0.000171,4,0.854533,0.140009,0.001855,0.001803,0.001801,4,0.830864,0.1644,0.001621,0.001558,0.001556,y,central,slightly_facing,y,slightly_facing,range_9_12,None,None,central
113,4,0.108518,0.260932,0.0722,0.558178,0.000172,3,0.092968,0.288322,0.079528,0.53901,0.000171,4,0.854533,0.140009,0.001855,0.001803,0.001801,4,0.830864,0.1644,0.001621,0.001558,0.001556,y,central,slightly_facing,y,slightly_facing,range_9_12,None,None,central
114,4,0.108518,0.260932,0.0722,0.558178,0.000172,3,0.092968,0.288322,0.079528,0.53901,0.000171,4,0.854533,0.140009,0.001855,0.001803,0.001801,4,0.830864,0.1644,0.001621,0.001558,0.001556,y,central,slightly_facing,y,slightly_facing,range_9_12,None,None,central
115,4,0.108518,0.260932,0.0722,0.558178,0.000172,3,0.092968,0.288322,0.079528,0.53901,0.000171,4,0.854533,0.140009,0.001855,0.001803,0.001801,4,0.830864,0.1644,0.001621,0.001558,0.001556,y,central,slightly_facing,y,slightly_facing,range_9_12,None,None,central
116,4,0.108518,0.260932,0.0722,0.558178,0.000172,3,0.092968,0.288322,0.079528,0.53901,0.000171,4,0.854533,0.140009,0.001855,0.001803,0.001801,4,0.830864,0.1644,0.001621,0.001558,0.001556,y,central,slightly_facing,y,slightly_facing,range_9_12,None,None,central
117,4,0.109692,0.260195,0.072039,0.557903,0.000171,3,0.093941,0.287394,0.079336,0.539158,0.00017,4,0.853046,0.141545,0.001836,0.001787,0.001787,4,0.829051,0.166257,0.001606,0.001543,0.001543,y,central,slightly_facing,y,slightly_facing,range_6_9,None,None,central
118,4,0.110889,0.259453,0.071896,0.557591,0.000171,3,0.094931,0.28646,0.079165,0.539274,0.000171,4,0.851505,0.143091,0.001834,0.001785,0.001785,4,0.827183,0.168126,0.001606,0.001542,0.001542,y,central,slightly_facing,y,slightly_facing,range_6_9,None,None,central
119,4,0.112095,0.258707,0.071755,0.557272,0.000171,3,0.095928,0.285519,0.078996,0.539386,0.000171,4,0.84995,0.144647,0.001834,0.001784,0.001784,4,0.825298,0.170007,0.001608,0.001543,0.001543,y,central,slightly_facing,y,slightly_facing,range_6_9,None,None,central
120,4,0.113307,0.257957,0.071614,0.556951,0.000171,3,0.09693,0.284574,0.078826,0.539498,0.000171,4,0.848385,0.146212,0.001835,0.001784,0.001784,4,0.823401,0.1719,0.00161,0.001545,0.001545,y,central,slightly_facing,y,slightly_facing,range_6_9,None,None,central
121,4,0.114525,0.257205,0.071472,0.556628,0.000171,3,0.097936,0.283625,0.078656,0.539611,0.000171,4,0.846812,0.147784,0.001836,0.001784,0.001784,4,0.821494,0.173802,0.001612,0.001546,0.001546,y,central,slightly_facing,y,slightly_facing,range_6_9,None,None,central
122,4,0.115745,0.256451,0.071329,0.556303,0.000171,3,0.098943,0.282675,0.078485,0.539724,0.000171,4,0.845235,0.149359,0.001836,0.001785,0.001785,4,0.819581,0.17571,0.001614,0.001548,0.001548,y,central,slightly_facing,y,slightly_facing,range_6_9,None,None,central
123,4,0.116956,0.255704,0.071188,0.55598,0.000171,3,0.099942,0.281731,0.078316,0.539839,0.000172,4,0.843664,0.15093,0.001837,0.001785,0.001785,4,0.817673,0.177613,0.001617,0.001549,0.001549,y,central,slightly_facing,y,slightly_facing,range_6_9,None,None,central
124,4,0.118122,0.254982,0.071054,0.555671,0.000172,3,0.100904,0.280817,0.078154,0.539953,0.000172,4,0.842128,0.152465,0.001838,0.001785,0.001785,4,0.815808,0.179473,0.001619,0.00155,0.00155,y,central,slightly_facing,y,slightly_facing,range_6_9,None,None,central
125,4,0.11883,0.254475,0.07098,0.555544,0.000172,3,0.101558,0.280191,0.078045,0.540034,0.000172,4,0.840913,0.153682,0.001837,0.001784,0.001784,4,0.814441,0.180836,0.00162,0.001551,0.001551,y,central,slightly_facing,y,slightly_facing,range_6_9,None,None,central
126,4,0.11883,0.254475,0.07098,0.555544,0.000172,3,0.101558,0.280191,0.078045,0.540034,0.000172,4,0.840913,0.153682,0.001837,0.001784,0.001784,4,0.814441,0.180836,0.00162,0.001551,0.001551,y,central,slightly_facing,y,slightly_facing,range_6_9,None,None,central
127,4,0.11883,0.254475,0.07098,0.555544,0.000172,3,0.101558,0.280191,0.078045,0.540034,0.000172,4,0.840913,0.153682,0.001837,0.001784,0.001784,4,0.814441,0.180836,0.00162,0.001551,0.001551,y,central,slightly_facing,y,slightly_facing,range_6_9,None,None,central
128,4,0.11883,0.254475,0.07098,0.555544,0.000172,3,0.101558,0.280191,0.078045,0.540034,0.000172,4,0.840913,0.153682,0.001837,0.001784,0.001784,4,0.814441,0.180836,0.00162,0.001551,0.001551,y,central,slightly_facing,y,slightly_facing,range_6_9,None,None,central
129,4,0.11883,0.254475,0.07098,0.555544,0.000172,3,0.101558,0.280191,0.078045,0.540034,0.000172,4,0.840913,0.153682,0.001837,0.001784,0.001784,4,0.814441,0.180836,0.00162,0.001551,0.001551,y,central,slightly_facing,y,slightly_facing,range_6_9,None,None,central
130,4,0.122062,0.252301,0.070574,0.554891,0.000172,3,0.104575,0.277571,0.077562,0.54012,0.000172,4,0.836188,0.158422,0.001834,0.001778,0.001778,4,0.809366,0.185917,0.00162,0.001549,0.001549,y,central,slightly_facing,y,slightly_facing,range_3_6,None,None,central
131,4,0.125342,0.25009,0.070166,0.55423,0.000172,3,0.107649,0.274911,0.077078,0.540191,0.000172,4,0.831381,0.163231,0.001834,0.001777,0.001777,4,0.804224,0.191052,0.001624,0.00155,0.00155,y,central,slightly_facing,y,slightly_facing,range_3_6,None,None,central
132,4,0.128658,0.247851,0.069753,0.553567,0.000172,3,0.110768,0.27222,0.076588,0.540251,0.000173,4,0.826501,0.16811,0.001836,0.001777,0.001777,4,0.799026,0.196239,0.001629,0.001553,0.001553,y,central,slightly_facing,y,slightly_facing,range_3_6,None,None,central
133,4,0.132004,0.245584,0.069336,0.552904,0.000172,3,0.11393,0.269501,0.076094,0.540301,0.000173,4,0.821553,0.173055,0.001837,0.001777,0.001777,4,0.793778,0.201475,0.001634,0.001557,0.001557,y,central,slightly_facing,y,slightly_facing,range_3_6,None,None,central
134,4,0.141548,0.253781,0.070295,0.53421,0.000166,3,0.093172,0.269749,0.076741,0.560157,0.00018,4,0.854051,0.140641,0.001802,0.001753,0.001753,4,0.778873,0.216249,0.001681,0.001598,0.001598,y,central,strongly_facing,y,slightly_facing,range_3_6,None,None,central
135,4,0.150603,0.260424,0.070997,0.517817,0.000159,3,0.075732,0.269388,0.07721,0.577483,0.000187,4,0.881285,0.11351,0.001761,0.001722,0.001722,4,0.76475,0.230306,0.001707,0.001619,0.001619,y,central,strongly_facing,y,slightly_facing,range_3_6,None,None,central
136,4,0.154643,0.258475,0.07059,0.516134,0.000158,3,0.077911,0.266565,0.076747,0.578589,0.000188,4,0.877795,0.117008,0.001759,0.001718,0.001718,4,0.758407,0.236661,0.001705,0.001614,0.001614,y,central,slightly_facing,y,slightly_facing,range_3_6,None,None,central
137,4,0.158694,0.256521,0.07019,0.514437,0.000157,3,0.080143,0.263707,0.076258,0.579703,0.000189,4,0.874295,0.120516,0.001758,0.001716,0.001716,4,0.752014,0.243047,0.001708,0.001615,0.001615,y,central,slightly_facing,y,slightly_facing,range_3_6,None,None,central
138,4,0.162641,0.254617,0.069804,0.512782,0.000156,3,0.082328,0.260915,0.07577,0.580797,0.00019,4,0.870828,0.123989,0.001757,0.001713,0.001713,4,0.74569,0.249358,0.001715,0.001619,0.001619,y,central,slightly_facing,y,slightly_facing,range_3_6,None,None,central
139,4,0.162629,0.254564,0.069806,0.512845,0.000155,3,0.082378,0.260922,0.075771,0.580739,0.00019,4,0.870777,0.12404,0.001757,0.001713,0.001713,4,0.745699,0.24935,0.001714,0.001618,0.001618,y,central,slightly_facing,y,slightly_facing,range_3_6,None,None,central
140,4,0.162618,0.254472,0.069809,0.512946,0.000155,3,0.082463,0.260933,0.075772,0.580642,0.00019,4,0.87069,0.124126,0.001757,0.001713,0.001713,4,0.745707,0.249343,0.001714,0.001618,0.001618,y,central,slightly_facing,y,slightly_facing,range_3_6,None,None,central
141,4,0.167687,0.261845,0.070766,0.499553,0.000149,3,0.065106,0.262811,0.076552,0.595336,0.000195,4,0.897955,0.096948,0.001721,0.001688,0.001688,4,0.737799,0.257182,0.001739,0.00164,0.00164,y,central,strongly_facing,y,slightly_facing,range_3_6,None,None,central
142,4,0.171659,0.267561,0.071504,0.489133,0.000144,3,0.051436,0.264364,0.077176,0.606825,0.000199,4,0.919465,0.075517,0.00169,0.001664,0.001664,4,0.731582,0.263368,0.001751,0.00165,0.00165,y,central,strongly_facing,y,slightly_facing,range_3_6,None,None,central
143,4,0.097142,0.289617,0.076639,0.536447,0.000156,3,0.038924,0.309467,0.08432,0.567101,0.000188,4,0.938979,0.055592,0.001822,0.001803,0.001803,4,0.848658,0.146457,0.001666,0.00161,0.00161,y,central,slightly_facing,y,slightly_facing,range_0_3,None,None,central
144,4,0.051521,0.305249,0.079978,0.563091,0.00016,3,0.027497,0.337785,0.08867,0.545877,0.000171,4,0.956884,0.037784,0.001786,0.001773,0.001773,4,0.920168,0.075317,0.001524,0.001496,0.001496,y,central,slightly_facing,y,slightly_facing,range_0_3,None,None,central
145,4,0.027187,0.316215,0.082145,0.574297,0.000156,3,0.015599,0.354549,0.091368,0.538328,0.000157,4,0.975587,0.019248,0.001726,0.00172,0.00172,4,0.958301,0.037452,0.001425,0.001411,0.001411,y,central,slightly_facing,y,slightly_facing,range_0_3,None,None,central
146,4,0.032913,0.313754,0.081855,0.571314,0.000164,3,0.018226,0.350731,0.090876,0.540004,0.000163,4,0.971143,0.023448,0.001808,0.0018,0.0018,4,0.94899,0.046515,0.00151,0.001493,0.001493,m,central,slightly_facing,m,slightly_facing,range_0_3,None,None,central
147,4,0.01781,0.321141,0.083121,0.577777,0.000151,3,0.009279,0.361464,0.09256,0.536547,0.000149,4,0.985517,0.009438,0.001683,0.001681,0.001681,4,0.973024,0.022864,0.001376,0.001368,0.001368,y,central,strongly_facing,y,slightly_facing,range_0_3,None,None,central
148,4,0.010453,0.324095,0.083761,0.581544,0.000148,3,0.006055,0.366434,0.093379,0.533989,0.000142,4,0.990599,0.004431,0.001657,0.001656,0.001656,4,0.984565,0.011422,0.00134,0.001336,0.001336,y,central,strongly_facing,y,slightly_facing,range_0_3,None,None,central
149,4,0.007002,0.32508,0.084081,0.583691,0.000146,3,0.004926,0.368687,0.093781,0.532467,0.000139,4,0.992378,0.002683,0.001647,0.001646,0.001646,4,0.989971,0.006061,0.001324,0.001322,0.001322,y,central,strongly_facing,y,slightly_facing,range_0_3,None,None,central
150,4,0.005413,0.325633,0.084255,0.584552,0.000146,3,0.004596,0.369347,0.093999,0.53192,0.000138,4,0.992898,0.002176,0.001642,0.001642,0.001642,4,0.992462,0.003587,0.001318,0.001317,0.001317,y,central,strongly_facing,y,slightly_facing,range_0_3,None,None,central
151,4,0.004691,0.325898,0.084408,0.584858,0.000146,3,0.004445,0.369352,0.09413,0.531936,0.000137,4,0.993139,0.001944,0.001639,0.001639,0.001639,4,0.9936,0.002457,0.001315,0.001314,0.001314,y,central,strongly_facing,y,slightly_facing,range_0_3,None,None,central
152,4,0.004689,0.325894,0.084432,0.584838,0.000148,3,0.00448,0.369392,0.094128,0.531864,0.000137,4,0.993055,0.001991,0.001651,0.001651,0.001651,4,0.993569,0.00246,0.001324,0.001323,0.001323,y,central,slightly_facing,y,slightly_facing,range_0_3,None,None,central
153,4,0.00468,0.325946,0.084395,0.584831,0.000148,3,0.004489,0.369503,0.094084,0.531788,0.000137,4,0.99304,0.002002,0.001653,0.001653,0.001653,4,0.993575,0.002452,0.001325,0.001324,0.001324,y,central,slightly_facing,y,slightly_facing,range_0_3,None,None,central
154,4,0.010448,0.325497,0.08395,0.57996,0.000146,3,0.004531,0.366637,0.094288,0.534353,0.000191,4,0.992154,0.002158,0.001896,0.001896,0.001896,4,0.984132,0.011088,0.001596,0.001592,0.001592,y,central,strongly_facing,n,strongly_facing,range_0_3,None,None,central
155,4,0.024733,0.321843,0.08325,0.57003,0.000145,3,0.004456,0.358974,0.093259,0.54309,0.000221,4,0.992141,0.002114,0.001915,0.001915,0.001915,4,0.963528,0.03151,0.001661,0.001651,0.001651,y,central,slightly_facing,n,strongly_facing,range_0_3,None,None,central
156,4,0.131115,0.293485,0.08476,0.490112,0.000528,3,0.015161,0.302434,0.087484,0.594665,0.000256,4,0.968115,0.017283,0.004869,0.004867,0.004867,4,0.794687,0.192622,0.004275,0.004208,0.004208,n,central,turned_away,n,strongly_facing,range_0_3,None,None,central
157,4,0.434875,0.229005,0.059438,0.276549,0.000133,3,0.009327,0.13381,0.058332,0.798278,0.000254,4,0.9855,0.010333,0.001391,0.001389,0.001389,4,0.336123,0.657444,0.002305,0.002064,0.002064,m,central,slightly_facing,n,strongly_facing,range_0_3,None,None,central
158,4,0.611608,0.193143,0.048635,0.14657,4.4e-05,3,0.004419,0.036659,0.043061,0.915609,0.000253,4,0.993168,0.004789,0.000682,0.00068,0.00068,4,0.060986,0.93294,0.002256,0.001908,0.001908,m,central,slightly_facing,n,strongly_facing,range_0_3,None,None,central
159,4,0.64137,0.188566,0.047197,0.122835,3.2e-05,3,0.002239,0.019377,0.04065,0.937481,0.000252,4,0.996385,0.001858,0.000586,0.000585,0.000585,4,0.01052,0.983395,0.002275,0.001905,0.001905,m,central,strongly_facing,n,strongly_facing,range_0_3,None,None,central
160,4,0.641504,0.189489,0.047449,0.121523,3.4e-05,3,0.002509,0.017521,0.04075,0.938967,0.000252,4,0.995847,0.002319,0.000612,0.000611,0.000611,4,0.005059,0.988761,0.00231,0.001935,0.001935,n,central,strongly_facing,n,strongly_facing,range_0_3,None,None,central
