,imas_1,wti_1,viewing_area_1,body_facing_1,gesture_1,approaching_1,imas_2,wti_2,viewing_area_2,body_facing_2,gesture_2,approaching_2,distance
0,2,2,central,turned_away,None,n,1,1,outside,turned_away,None,n,18.688879866596288
1,2,2,central,turned_away,None,n,1,1,outside,turned_away,None,n,18.688879866596288
2,2,2,central,turned_away,None,n,1,1,outside,turned_away,None,n,18.699152430512463
3,2,2,central,slightly_facing,None,y,1,1,mid_peripheral,slightly_facing,None,n,18.734523261033278
4,2,2,central,slightly_facing,None,m,1,1,mid_peripheral,slightly_facing,None,n,18.588455478122032
5,2,2,central,slightly_facing,None,y,1,1,mid_peripheral,slightly_facing,None,n,18.492353619943408
6,2,2,central,slightly_facing,None,y,1,1,mid_peripheral,slightly_facing,None,n,18.194070806397228
7,2,2,central,slightly_facing,None,y,1,1,mid_peripheral,slightly_facing,None,n,18.024505568381205
8,2,2,central,slightly_facing,None,m,2,3,central,slightly_facing,None,m,17.81479193172418
9,2,2,central,slightly_facing,None,y,2,3,central,slightly_facing,None,y,17.75057268233589
10,2,2,central,slightly_facing,None,y,2,3,central,slightly_facing,None,y,17.647445454198884
11,2,2,central,slightly_facing,None,y,2,3,central,slightly_facing,None,y,17.451357914512272
12,3,4,central,slightly_facing,wave_small_head,y,2,3,central,slightly_facing,None,y,17.2554951323357
13,3,4,central,slightly_facing,wave_small_head,y,2,3,central,slightly_facing,None,y,17.049973479434765
14,3,4,central,slightly_facing,wave_small_head,y,2,3,central,slightly_facing,None,y,16.80535373443347
15,3,4,central,slightly_facing,wave_small_head,y,2,3,central,slightly_facing,None,y,16.530884881021528
16,3,4,central,slightly_facing,wave_small_head,y,2,3,central,slightly_facing,None,y,16.395691700822688
17,3,4,central,slightly_facing,wave_small_head,y,2,3,central,slightly_facing,None,y,16.18725673581759
18,3,4,central,slightly_facing,wave_small_head,y,2,3,central,slightly_facing,None,y,16.032693375789265
19,3,4,central,slightly_facing,wave_small_head,y,2,3,central,slightly_facing,None,y,15.856215073984828
20,3,4,central,slightly_facing,wave_small_head,y,2,4,central,slightly_facing,arm_raise_high,y,15.588037776062937
21,3,4,central,slightly_facing,wave_small_head,y,2,4,central,slightly_facing,arm_raise_high,y,15.45146209391802
22,3,4,central,slightly_facing,wave_small_head,y,2,4,central,slightly_facing,arm_raise_high,y,15.225616819953144
23,3,4,central,slightly_facing,wave_small_head,y,2,4,central,slightly_facing,arm_raise_high,y,15.058710950564421
24,3,4,central,slightly_facing,wave_small_head,y,2,4,central,slightly_facing,arm_raise_high,y,14.94346238430254
25,3,4,central,slightly_facing,wave_small_head,y,2,4,central,slightly_facing,arm_raise_high,y,14.792702140138227
26,3,4,central,slightly_facing,wave_small_head,m,2,4,central,slightly_facing,arm_raise_high,m,14.611846405032596
27,3,4,central,slightly_facing,wave_small_head,y,2,4,central,slightly_facing,arm_raise_high,y,14.531718031042338
28,3,4,central,slightly_facing,wave_small_head,y,2,4,central,slightly_facing,arm_raise_high,y,14.359579216571662
29,3,4,central,slightly_facing,wave_small_head,m,2,4,central,slightly_facing,arm_raise_high,m,14.224073995208304
30,4,5,central,slightly_facing,None,y,2,4,central,slightly_facing,arm_raise_high,y,14.130666909434103
31,4,5,central,slightly_facing,None,y,2,4,central,slightly_facing,arm_raise_high,y,13.975167642260358
32,4,5,central,slightly_facing,None,y,2,4,central,slightly_facing,arm_raise_high,y,13.849718531883967
33,4,5,central,slightly_facing,None,y,2,4,central,slightly_facing,arm_raise_high,y,13.712147331666548
34,4,5,central,slightly_facing,None,y,2,4,central,slightly_facing,arm_raise_high,y,13.549992568080071
35,4,5,central,slightly_facing,None,y,2,4,central,slightly_facing,arm_raise_high,y,13.430667569625651
36,4,5,central,slightly_facing,None,y,2,4,central,slightly_facing,arm_raise_high,y,13.325126484001037
37,4,5,central,slightly_facing,None,m,2,4,central,slightly_facing,arm_raise_high,m,13.130504407074769
38,4,5,central,slightly_facing,None,y,2,4,central,slightly_facing,arm_raise_high,y,13.04532034144862
39,4,5,central,slightly_facing,None,y,2,4,central,slightly_facing,arm_raise_high,y,12.923636701222653
40,4,5,central,slightly_facing,None,y,2,4,central,slightly_facing,arm_raise_high,y,12.816813964696992
41,4,5,central,slightly_facing,None,y,2,4,central,slightly_facing,arm_raise_high,y,12.707485230802552
42,4,5,central,slightly_facing,None,y,2,4,central,slightly_facing,arm_raise_high,y,12.580924169440976
43,4,5,central,slightly_facing,None,y,2,4,central,slightly_facing,arm_raise_high,y,12.427905035078203
44,4,5,central,slightly_facing,None,y,2,4,central,slightly_facing,arm_raise_high,y,12.24811862361473
45,4,5,central,strongly_facing,None,m,2,4,central,slightly_facing,arm_raise_high,m,11.901669832705199
46,4,5,central,strongly_facing,None,y,2,4,central,slightly_facing,arm_raise_high,y,11.840191515935919
47,4,5,central,strongly_facing,None,y,2,4,central,slightly_facing,arm_raise_high,y,11.648153463946894
48,4,5,central,slightly_facing,None,m,2,4,central,slightly_facing,arm_raise_high,m,11.374346696951433
49,4,5,central,strongly_facing,None,y,2,4,central,slightly_facing,arm_raise_high,y,11.279564671456775
50,4,5,central,strongly_facing,None,y,2,4,central,slightly_facing,arm_raise_high,y,11.008393303310523
51,4,5,central,strongly_facing,None,y,2,4,central,strongly_facing,None,n,10.80245302148456
52,4,5,central,strongly_facing,None,y,2,4,central,strongly_facing,None,n,10.688106028805153
53,4,5,central,strongly_facing,None,y,2,4,central,strongly_facing,None,n,10.50183191484215
54,4,5,central,strongly_facing,None,y,2,4,central,strongly_facing,None,n,10.307361501962081
55,4,5,central,strongly_facing,None,y,2,4,central,strongly_facing,None,n,10.076783023835189
56,4,5,central,strongly_facing,None,y,2,4,central,strongly_facing,None,n,9.912013430041801
57,4,5,central,strongly_facing,None,y,2,4,central,strongly_facing,None,n,9.72299349123767
58,4,5,central,strongly_facing,None,y,2,4,central,strongly_facing,None,n,9.486904697652704
59,4,5,central,strongly_facing,None,y,2,4,central,strongly_facing,None,n,9.310804187051783
60,4,5,central,strongly_facing,None,y,2,4,central,strongly_facing,None,n,9.128444255824657
61,4,5,central,strongly_facing,None,y,2,4,central,strongly_facing,None,n,8.91395799222708
62,4,5,central,strongly_facing,None,y,2,4,central,strongly_facing,None,n,8.758339407815845
63,4,5,central,strongly_facing,None,y,2,4,central,strongly_facing,None,n,8.57339874900987
64,4,5,central,strongly_facing,None,y,2,4,central,strongly_facing,None,n,8.32457203740205
65,4,5,central,strongly_facing,None,y,2,4,central,strongly_facing,None,n,8.138170680698826
66,4,5,central,strongly_facing,None,y,2,4,central,strongly_facing,None,n,7.9435821492888214
67,4,5,central,slightly_facing,None,m,2,4,central,strongly_facing,None,n,7.713041474209062
68,4,5,central,slightly_facing,None,y,2,4,central,strongly_facing,None,n,7.6207588224963505
69,4,5,central,strongly_facing,None,y,2,4,central,strongly_facing,None,n,7.4220601893636005
70,4,5,central,strongly_facing,None,m,2,4,central,strongly_facing,None,n,7.130472160922026
71,4,5,central,strongly_facing,None,y,2,4,central,strongly_facing,None,n,7.032115931950573
72,4,5,central,strongly_facing,None,y,2,4,central,strongly_facing,None,n,6.825140863432787
73,4,5,central,slightly_facing,None,m,2,4,central,strongly_facing,None,n,6.568778868632517
74,4,5,central,slightly_facing,None,y,2,4,central,strongly_facing,None,n,6.514418644798092
75,4,5,central,strongly_facing,None,y,2,4,central,strongly_facing,None,n,6.356959156933526
76,4,5,central,strongly_facing,None,y,2,4,central,strongly_facing,None,n,6.141709911167896
77,4,5,central,strongly_facing,None,y,2,4,central,strongly_facing,None,n,5.922815958910852
78,4,5,central,strongly_facing,None,y,2,4,central,strongly_facing,None,n,5.714518584348552
79,4,5,central,strongly_facing,None,m,2,4,central,strongly_facing,None,n,5.50497404844791
80,4,5,central,strongly_facing,None,y,2,4,central,strongly_facing,None,n,5.410592837265156
81,4,5,central,strongly_facing,None,y,2,4,central,strongly_facing,None,n,5.145565007222826
82,4,5,central,strongly_facing,None,y,2,4,central,strongly_facing,None,n,4.942964097788391
83,4,5,central,strongly_facing,None,y,2,4,central,strongly_facing,None,n,4.829978775373032
84,4,5,central,strongly_facing,None,y,2,4,central,strongly_facing,None,n,4.658730205259048
85,4,5,central,slightly_facing,None,y,2,4,central,strongly_facing,None,n,4.480168861173535
86,4,5,central,slightly_facing,None,y,2,4,central,strongly_facing,None,n,4.258758770861887
87,4,5,central,slightly_facing,None,y,2,4,central,strongly_facing,None,n,4.087283700886088
88,4,5,central,strongly_facing,None,y,2,4,central,strongly_facing,None,n,3.918279934183494
89,4,5,central,strongly_facing,None,m,2,4,central,strongly_facing,None,n,3.703125252905852
90,4,5,central,strongly_facing,None,y,2,4,central,strongly_facing,None,n,3.6084407084735366
91,4,5,central,strongly_facing,None,y,2,4,central,strongly_facing,None,n,3.3529346418278103
92,4,5,central,strongly_facing,None,m,2,4,central,strongly_facing,None,n,3.1268688762389836
93,4,5,central,strongly_facing,None,y,2,4,central,strongly_facing,None,n,3.049342758867561
94,4,5,central,strongly_facing,None,y,2,4,central,strongly_facing,None,n,2.862192769492128
95,4,5,central,strongly_facing,None,y,2,4,central,strongly_facing,None,n,2.659644125568875
96,4,5,central,strongly_facing,None,y,2,4,central,strongly_facing,None,n,2.4484766562452696
97,4,5,central,strongly_facing,None,y,2,4,central,strongly_facing,None,n,2.2418299203510044
98,4,5,central,strongly_facing,None,m,2,4,central,strongly_facing,None,n,2.054599957862847
99,4,5,central,slightly_facing,None,y,2,4,central,strongly_facing,None,n,1.9844359775132616
100,4,5,central,strongly_facing,None,y,2,4,central,strongly_facing,None,n,1.8274210242341609
101,4,5,central,strongly_facing,None,y,2,4,central,strongly_facing,None,n,1.5173150761028533
102,4,5,central,strongly_facing,None,y,2,4,central,strongly_facing,None,n,1.4088620389867847
103,4,5,central,strongly_facing,None,m,2,4,central,strongly_facing,None,n,1.1032724362681223
104,4,5,central,slightly_facing,None,y,2,4,central,strongly_facing,None,n,1.025581180881361
105,4,5,central,turned_away,None,n,2,4,central,strongly_facing,None,n,0.8498309959809659
106,4,5,central,slightly_facing,None,m,2,4,central,strongly_facing,None,n,0.8640487562828877
107,4,5,central,slightly_facing,None,n,2,4,central,strongly_facing,None,n,0.8474455662312571
