,imas_1,wti_1,viewing_area_1,body_facing_1,gesture_1,approaching_1,imas_2,wti_2,viewing_area_2,body_facing_2,gesture_2,approaching_2,distance
0,1,1,outside,turned_away,None,n,1,1,outside,turned_away,None,n,12.961783010723831
1,1,1,outside,turned_away,None,n,1,1,outside,turned_away,None,n,12.961783010723831
2,1,1,outside,turned_away,None,n,1,1,outside,turned_away,None,n,12.961783010723831
3,1,1,outside,turned_away,None,n,1,1,outside,turned_away,None,n,12.961783010723831
4,1,1,outside,turned_away,None,n,1,1,outside,turned_away,None,n,12.961783010723831
5,1,1,outside,turned_away,None,n,1,1,outside,turned_away,None,n,12.961783010723831
6,1,1,outside,turned_away,None,n,1,1,outside,turned_away,None,n,12.961783010723831
7,1,1,outside,turned_away,None,n,1,1,outside,turned_away,None,n,12.961783010723831
8,1,1,outside,turned_away,None,n,1,1,outside,turned_away,None,n,12.968714277328496
9,1,1,outside,slightly_facing,None,n,1,1,outside,turned_away,None,n,12.987195053958041
10,1,1,outside,slightly_facing,None,n,1,1,outside,turned_away,None,n,12.975999717598214
11,1,1,outside,slightly_facing,None,n,1,1,outside,turned_away,None,n,12.981622076241944
12,1,1,outside,turned_away,None,n,1,1,outside,turned_away,None,n,13.0240488035063
13,1,1,outside,slightly_facing,None,n,1,1,outside,turned_away,None,n,13.08842888851879
14,1,1,outside,slightly_facing,None,n,1,1,outside,turned_away,None,n,13.18922025008291
15,1,1,outside,slightly_facing,None,n,1,1,outside,turned_away,None,n,13.24215746210149
16,1,1,outside,slightly_facing,None,n,1,1,outside,turned_away,None,n,13.278701367389695
17,2,3,central,slightly_facing,None,m,1,1,outside,turned_away,None,n,13.318495146360712
18,2,3,central,slightly_facing,None,m,1,1,outside,slightly_facing,None,n,13.336289939658077
19,2,3,central,slightly_facing,None,m,1,1,outside,slightly_facing,None,n,13.274510860946405
20,2,3,central,slightly_facing,None,m,1,1,outside,turned_away,None,n,13.250930378476072
21,2,3,central,turned_away,None,n,1,1,outside,turned_away,None,n,13.254412043468836
22,2,3,central,turned_away,None,n,2,3,central,turned_away,None,n,13.283400857620647
23,2,3,central,slightly_facing,None,m,2,3,central,turned_away,None,n,13.345088907655278
24,2,3,central,slightly_facing,None,m,2,3,central,turned_away,None,n,13.370124181132084
25,2,4,central,slightly_facing,arm_raise_high,m,2,3,central,turned_away,None,n,13.397220641723603
26,2,4,central,slightly_facing,arm_raise_high,m,2,3,central,turned_away,None,n,13.380533136943766
27,2,4,central,slightly_facing,arm_raise_high,m,2,3,central,turned_away,None,n,13.376330249986392
28,2,4,central,slightly_facing,arm_raise_high,m,2,3,central,turned_away,None,n,13.351209330173996
29,2,4,central,slightly_facing,arm_raise_high,m,2,3,central,turned_away,None,n,13.286994441681449
30,2,4,central,slightly_facing,arm_raise_high,m,2,3,central,turned_away,None,n,13.25904949487443
31,2,4,central,slightly_facing,arm_raise_high,m,2,3,central,turned_away,None,n,13.24617918155738
32,2,4,central,slightly_facing,arm_raise_high,m,2,3,central,turned_away,None,n,13.244501441477688
33,2,4,central,slightly_facing,arm_raise_high,m,2,4,central,turned_away,come_here,n,13.223884297728146
34,2,4,central,slightly_facing,arm_raise_high,m,2,4,central,turned_away,come_here,n,13.1412617926588
35,2,4,central,slightly_facing,arm_raise_high,m,2,4,central,turned_away,come_here,n,13.041558234766883
36,2,4,central,slightly_facing,arm_raise_high,m,2,4,central,slightly_facing,come_here,m,13.017094716820028
37,2,4,central,slightly_facing,arm_raise_high,m,2,4,central,slightly_facing,come_here,m,12.945359518692753
38,2,4,central,slightly_facing,arm_raise_high,m,2,4,central,slightly_facing,come_here,m,12.860069204278366
39,2,4,central,slightly_facing,arm_raise_high,m,2,4,central,slightly_facing,come_here,m,12.840102304737497
40,2,4,central,slightly_facing,arm_raise_high,m,2,4,central,slightly_facing,come_here,m,12.825891860398045
41,2,4,central,slightly_facing,arm_raise_high,m,2,4,central,slightly_facing,come_here,m,12.805753475522563
42,2,4,central,slightly_facing,arm_raise_high,m,2,4,central,turned_away,come_here,n,12.774365056310724
43,2,4,central,slightly_facing,arm_raise_high,m,2,4,central,turned_away,come_here,n,12.745631536156573
44,3,4,central,slightly_facing,None,m,2,4,central,slightly_facing,come_here,m,12.672660554636067
45,3,4,central,slightly_facing,None,m,2,4,central,slightly_facing,come_here,m,12.622489732744059
46,3,4,central,slightly_facing,None,m,2,4,central,slightly_facing,come_here,m,12.58539424137682
47,3,4,central,slightly_facing,None,m,2,4,central,slightly_facing,come_here,m,12.55042373203295
48,3,4,central,turned_away,None,n,2,4,central,slightly_facing,come_here,m,12.535967709457218
49,3,4,central,slightly_facing,None,m,2,4,central,slightly_facing,come_here,m,12.501333413290794
50,3,4,central,slightly_facing,None,m,2,4,central,slightly_facing,come_here,m,12.436315216238695
51,3,4,central,slightly_facing,None,y,2,4,central,slightly_facing,come_here,y,12.340024931792069
52,3,4,central,slightly_facing,None,y,2,4,central,slightly_facing,come_here,y,12.240007223473555
53,3,4,central,slightly_facing,None,y,2,4,central,slightly_facing,come_here,y,12.117022887146707
54,3,4,central,strongly_facing,None,y,2,4,central,slightly_facing,come_here,y,11.815534292207186
55,3,4,central,strongly_facing,None,y,2,4,central,slightly_facing,come_here,y,11.602273206936818
56,3,4,central,slightly_facing,None,y,2,4,central,slightly_facing,come_here,y,11.321991439361724
57,3,4,central,strongly_facing,None,y,2,4,central,slightly_facing,come_here,y,11.179861166300054
58,3,4,central,strongly_facing,None,y,2,4,central,strongly_facing,None,n,10.950277316594727
59,3,4,central,strongly_facing,None,y,2,4,central,strongly_facing,None,n,10.717381840322243
60,3,4,central,strongly_facing,None,y,2,4,central,strongly_facing,None,n,10.446039623182605
61,3,4,central,slightly_facing,None,m,2,4,central,strongly_facing,None,n,10.128084066892455
62,3,4,central,strongly_facing,None,y,2,4,central,strongly_facing,None,n,10.037784747808452
63,3,4,central,strongly_facing,None,y,2,4,central,strongly_facing,None,n,9.783401185606971
64,3,4,central,strongly_facing,None,y,2,4,central,strongly_facing,None,n,9.557424095696962
65,3,4,central,strongly_facing,None,y,2,4,central,strongly_facing,None,n,9.400936372549484
66,3,4,central,slightly_facing,None,y,2,4,central,strongly_facing,None,n,9.081587526202336
67,3,4,central,strongly_facing,None,y,2,4,central,strongly_facing,None,n,8.788955883335005
68,3,4,central,strongly_facing,None,y,2,4,central,strongly_facing,None,n,8.592941800498368
69,3,4,central,strongly_facing,None,y,2,4,central,strongly_facing,None,n,8.412346236690208
70,3,4,central,strongly_facing,None,y,2,4,central,strongly_facing,None,n,8.25584902926434
71,3,4,central,slightly_facing,None,y,2,4,central,strongly_facing,None,n,7.936907380020126
72,3,4,central,slightly_facing,None,y,2,4,central,strongly_facing,None,n,7.734370238304402
73,3,4,central,strongly_facing,None,y,2,4,central,strongly_facing,None,n,7.481342914657835
74,3,4,central,strongly_facing,None,y,2,4,central,strongly_facing,None,n,7.2550561763518395
75,3,4,central,strongly_facing,None,y,2,4,central,strongly_facing,None,n,7.098588040794868
76,3,4,central,slightly_facing,None,y,2,4,central,strongly_facing,None,n,6.779962395988333
77,3,4,central,slightly_facing,None,y,2,4,central,strongly_facing,None,n,6.5780519968236755
78,3,4,central,strongly_facing,None,y,2,4,central,strongly_facing,None,n,6.395749264162555
79,3,4,central,strongly_facing,None,y,2,4,central,strongly_facing,None,n,6.099456716595329
80,3,4,central,slightly_facing,None,y,2,4,central,strongly_facing,None,n,5.831388584490403
81,3,4,central,slightly_facing,None,m,2,4,central,strongly_facing,None,n,5.522837695388208
82,3,4,central,slightly_facing,None,y,2,4,central,strongly_facing,None,n,5.429213621992044
83,3,4,central,strongly_facing,None,y,2,4,central,strongly_facing,None,n,5.231116904736979
84,3,4,central,strongly_facing,None,m,2,4,central,strongly_facing,None,n,4.97428073112897
85,3,4,central,strongly_facing,None,m,2,4,central,strongly_facing,None,n,4.891128400477334
86,3,4,central,strongly_facing,None,y,2,4,central,strongly_facing,None,n,4.812997146846439
87,3,4,central,slightly_facing,None,y,2,4,central,strongly_facing,None,n,4.503032269727253
88,3,4,central,slightly_facing,None,y,2,4,central,strongly_facing,None,n,4.399502777110724
89,3,4,central,slightly_facing,None,y,2,4,central,strongly_facing,None,n,4.237137457397869
90,3,4,central,strongly_facing,None,y,2,4,central,strongly_facing,None,n,4.0631691804857235
91,3,4,central,strongly_facing,None,m,2,4,central,strongly_facing,None,n,3.8371721776641685
92,3,4,central,strongly_facing,None,y,2,4,central,strongly_facing,None,n,3.7796075246115173
93,3,4,central,slightly_facing,None,y,2,4,central,strongly_facing,None,n,3.5498431867710813
94,3,4,central,slightly_facing,None,y,2,4,central,strongly_facing,None,n,3.3126341788612863
95,3,4,central,slightly_facing,None,y,2,4,central,strongly_facing,None,n,3.2015072739245753
96,3,4,central,strongly_facing,None,m,2,4,central,strongly_facing,None,n,2.840717742251242
97,3,4,central,slightly_facing,None,y,2,4,central,strongly_facing,None,n,2.7563315481229718
98,3,4,central,slightly_facing,None,y,2,4,central,strongly_facing,None,n,2.6054556799072572
99,3,4,central,slightly_facing,None,y,2,4,central,strongly_facing,None,n,2.3062699582043686
100,3,4,central,slightly_facing,None,m,2,4,central,strongly_facing,None,n,2.2053850426843784
101,3,4,central,slightly_facing,None,y,2,4,central,strongly_facing,None,n,2.1280069537597974
102,3,4,central,slightly_facing,None,y,2,4,central,strongly_facing,None,n,1.9071193383700444
103,3,4,central,slightly_facing,None,m,2,4,central,strongly_facing,None,n,1.709200328691752
104,3,4,central,slightly_facing,None,m,2,4,central,strongly_facing,None,n,1.7046063385849546
105,3,4,central,slightly_facing,None,n,2,4,central,strongly_facing,None,n,1.678304239110417
