,imas_1,wti_1,viewing_area_1,body_facing_1,gesture_1,approaching_1,imas_2,wti_2,viewing_area_2,body_facing_2,gesture_2,approaching_2,distance
0,1,2,mid_peripheral,slightly_facing,None,n,2,2,central,slightly_facing,None,n,20.815491909729968
1,1,2,mid_peripheral,slightly_facing,None,n,2,2,central,slightly_facing,None,n,20.815491909729968
2,1,2,mid_peripheral,slightly_facing,None,n,2,2,central,slightly_facing,None,n,20.815491909729968
3,1,2,mid_peripheral,slightly_facing,None,n,2,2,central,slightly_facing,None,n,20.815491909729968
4,1,2,mid_peripheral,slightly_facing,None,n,2,2,central,slightly_facing,None,n,20.815491909729968
5,1,2,mid_peripheral,slightly_facing,None,n,2,2,central,slightly_facing,None,n,20.815491909729968
6,1,2,mid_peripheral,slightly_facing,None,n,2,2,central,slightly_facing,None,n,20.815491909729968
7,1,2,mid_peripheral,slightly_facing,None,n,2,2,central,slightly_facing,None,n,20.799992591205847
8,1,2,mid_peripheral,slightly_facing,None,n,2,2,central,slightly_facing,None,m,20.763972945670226
9,1,2,mid_peripheral,slightly_facing,None,n,2,2,central,slightly_facing,None,y,20.69440653247686
10,1,2,mid_peripheral,slightly_facing,None,n,2,2,central,slightly_facing,None,y,20.468218878166464
11,1,2,mid_peripheral,slightly_facing,None,n,2,2,central,slightly_facing,None,y,20.28353659250615
12,1,2,mid_peripheral,slightly_facing,None,n,2,2,central,slightly_facing,None,m,20.08050109478658
13,1,2,mid_peripheral,slightly_facing,None,n,2,2,central,slightly_facing,None,y,20.014854036392173
14,1,2,mid_peripheral,slightly_facing,None,n,2,2,central,slightly_facing,None,y,19.835017250016243
15,1,2,mid_peripheral,slightly_facing,None,n,3,4,central,slightly_facing,arm_raise_high,y,19.717699591149497
16,1,2,mid_peripheral,slightly_facing,None,n,3,4,central,slightly_facing,arm_raise_high,y,19.58661150812248
17,1,2,mid_peripheral,slightly_facing,None,n,3,4,central,slightly_facing,arm_raise_high,y,19.432124869960308
18,1,2,mid_peripheral,slightly_facing,None,n,3,4,central,slightly_facing,arm_raise_high,y,19.252960577239154
19,1,2,mid_peripheral,slightly_facing,None,n,3,4,central,slightly_facing,arm_raise_high,y,19.076279632357274
20,1,2,mid_peripheral,slightly_facing,None,n,3,4,central,slightly_facing,None,n,18.95715402318684
21,1,2,mid_peripheral,slightly_facing,None,n,3,4,central,slightly_facing,None,n,18.88680659778632
22,1,2,mid_peripheral,slightly_facing,None,n,3,4,central,slightly_facing,None,n,18.820876181779873
23,1,2,mid_peripheral,slightly_facing,None,n,3,4,central,slightly_facing,None,n,18.7014847377451
24,1,2,mid_peripheral,slightly_facing,None,n,3,4,central,slightly_facing,None,n,18.60484015533216
25,1,2,mid_peripheral,slightly_facing,None,n,3,4,central,slightly_facing,None,n,18.535799602714743
26,1,2,mid_peripheral,slightly_facing,None,n,3,4,central,slightly_facing,None,n,18.438356366143946
27,1,2,mid_peripheral,slightly_facing,None,n,3,4,central,slightly_facing,arm_raise_high,y,18.400669129679848
28,2,3,central,slightly_facing,None,y,3,4,central,slightly_facing,arm_raise_high,y,18.197796555256364
29,2,3,central,slightly_facing,None,y,3,4,central,slightly_facing,arm_raise_high,y,18.078700362823014
30,2,3,central,slightly_facing,None,y,3,4,central,slightly_facing,arm_raise_high,y,17.885652875959156
31,2,3,central,slightly_facing,None,m,3,4,central,slightly_facing,arm_raise_high,m,17.71161701801843
32,2,3,central,slightly_facing,None,y,3,4,central,slightly_facing,arm_raise_high,y,17.62612547120068
33,2,4,central,slightly_facing,arm_raise_low,y,3,4,central,slightly_facing,arm_raise_high,y,17.42710372097777
34,2,4,central,slightly_facing,arm_raise_low,y,3,4,central,slightly_facing,arm_raise_high,y,17.28660173165082
35,2,4,central,slightly_facing,arm_raise_low,y,3,4,central,slightly_facing,arm_raise_high,y,17.151960083743813
36,2,4,central,slightly_facing,arm_raise_low,y,3,4,central,slightly_facing,arm_raise_high,y,16.876836240297706
37,2,4,central,slightly_facing,arm_raise_low,y,3,4,central,slightly_facing,arm_raise_high,y,16.631884764642432
38,2,4,central,slightly_facing,arm_raise_low,y,3,4,central,slightly_facing,arm_raise_high,y,16.53156417288277
39,2,4,central,slightly_facing,arm_raise_low,y,3,4,central,slightly_facing,arm_raise_high,y,16.349610705216342
40,2,4,central,slightly_facing,arm_raise_low,y,3,4,central,slightly_facing,arm_raise_high,y,16.17234575209833
41,2,4,central,slightly_facing,arm_raise_low,y,3,4,central,slightly_facing,None,y,15.938336903899224
42,2,4,central,slightly_facing,arm_raise_low,y,3,4,central,slightly_facing,None,y,15.807811878777942
43,2,4,central,slightly_facing,arm_raise_low,y,3,4,central,slightly_facing,None,y,15.695556773927393
44,2,4,central,slightly_facing,arm_raise_low,y,3,4,central,slightly_facing,None,y,15.56877522095457
45,2,4,central,slightly_facing,arm_raise_low,y,3,4,central,slightly_facing,None,y,15.393716509785182
46,2,4,central,slightly_facing,arm_raise_low,y,3,4,central,slightly_facing,None,y,15.20224308703847
47,2,4,central,slightly_facing,arm_raise_low,y,3,4,central,slightly_facing,None,y,14.95120364312068
48,2,4,central,slightly_facing,arm_raise_low,y,3,4,central,slightly_facing,None,y,14.841323992188904
49,2,4,central,slightly_facing,arm_raise_low,y,3,4,central,slightly_facing,None,y,14.67282008960356
50,2,4,central,slightly_facing,arm_raise_low,y,3,4,central,slightly_facing,None,y,14.483470848531887
51,2,4,central,slightly_facing,arm_raise_low,y,3,4,central,slightly_facing,None,y,14.310289659961533
52,2,4,central,slightly_facing,arm_raise_low,y,3,4,central,slightly_facing,None,y,14.199831176115374
53,2,4,central,slightly_facing,arm_raise_low,y,3,4,central,slightly_facing,None,y,14.012609196750258
54,2,4,central,slightly_facing,arm_raise_low,y,3,4,central,strongly_facing,None,y,13.625165492137002
55,2,4,central,slightly_facing,arm_raise_low,y,3,4,central,slightly_facing,None,y,13.38026412654489
56,2,4,central,slightly_facing,arm_raise_low,y,3,4,central,slightly_facing,None,y,13.237039764994663
57,2,4,central,slightly_facing,arm_raise_low,y,3,4,central,strongly_facing,None,y,13.047027563074273
58,2,4,central,slightly_facing,arm_raise_low,y,3,4,central,strongly_facing,None,y,12.714491711631098
59,2,4,central,slightly_facing,arm_raise_low,y,3,4,central,strongly_facing,None,y,12.353782150887447
60,2,4,central,slightly_facing,arm_raise_low,y,3,4,central,strongly_facing,None,y,12.10608877809844
61,2,4,central,slightly_facing,arm_raise_low,y,3,4,central,slightly_facing,None,y,11.868666286664217
62,2,4,central,slightly_facing,arm_raise_low,y,3,4,central,slightly_facing,None,y,11.674655983848474
63,2,4,central,slightly_facing,arm_raise_low,y,3,4,central,slightly_facing,None,y,11.438172711056254
64,2,4,central,slightly_facing,arm_raise_low,y,3,4,central,strongly_facing,None,y,11.165282189205788
65,2,4,central,turned_away,arm_raise_low,n,3,4,central,strongly_facing,None,y,10.91823725715805
66,2,4,central,slightly_facing,arm_raise_low,y,3,4,central,strongly_facing,None,y,10.80100803969777
67,2,4,central,slightly_facing,arm_raise_low,y,3,4,central,strongly_facing,None,y,10.574965521070695
68,2,4,central,turned_away,arm_raise_low,n,3,4,central,slightly_facing,None,y,10.440975832865673
69,2,4,central,turned_away,arm_raise_low,n,3,4,central,slightly_facing,None,y,10.273462011403016
70,2,4,central,strongly_facing,None,n,3,4,central,slightly_facing,None,y,10.096009371584644
71,2,4,central,strongly_facing,None,n,3,4,central,strongly_facing,None,y,9.973052378960013
72,2,4,central,strongly_facing,None,n,3,4,central,strongly_facing,None,y,9.763541044629456
73,2,4,central,strongly_facing,None,n,3,4,central,strongly_facing,None,y,9.577546287385514
74,2,4,central,strongly_facing,None,n,3,4,central,strongly_facing,None,y,9.448191121383609
75,2,4,central,strongly_facing,None,n,3,4,central,slightly_facing,None,y,9.320928961324457
76,2,4,central,strongly_facing,None,n,3,4,central,slightly_facing,None,y,9.152283876026681
77,2,4,central,strongly_facing,None,n,3,4,central,slightly_facing,None,y,9.042577504676485
78,2,4,central,strongly_facing,None,n,3,4,central,strongly_facing,None,y,8.840094792417384
79,2,4,central,strongly_facing,None,n,3,4,central,strongly_facing,None,y,8.706184994308643
80,2,4,central,strongly_facing,None,n,3,4,central,strongly_facing,None,y,8.502003701716669
81,2,4,central,strongly_facing,None,n,3,4,central,slightly_facing,None,y,8.320848380823916
82,2,4,central,strongly_facing,None,n,3,4,central,slightly_facing,None,y,8.121735576494784
83,2,4,central,strongly_facing,None,n,3,4,central,slightly_facing,None,y,7.998946962511758
84,2,4,central,strongly_facing,None,n,3,4,central,slightly_facing,None,y,7.822072125695727
85,2,4,central,strongly_facing,None,n,3,4,central,strongly_facing,None,y,7.700426206891405
86,2,4,central,strongly_facing,None,n,3,4,central,strongly_facing,None,y,7.491897934662227
87,2,4,central,strongly_facing,None,n,3,4,central,strongly_facing,None,y,7.298007047739678
88,2,4,central,strongly_facing,None,n,3,4,central,slightly_facing,None,y,7.105049710406537
89,2,4,central,strongly_facing,None,n,3,4,central,slightly_facing,None,y,6.975199364713961
90,2,4,central,strongly_facing,None,n,3,4,central,strongly_facing,None,y,6.553834794862711
91,2,4,central,strongly_facing,None,n,3,4,central,strongly_facing,None,y,6.433150497216513
92,2,4,central,strongly_facing,None,n,3,4,central,strongly_facing,None,y,6.276992502975052
93,2,4,central,strongly_facing,None,n,3,4,central,strongly_facing,None,y,6.065183762896307
94,2,4,central,strongly_facing,None,n,3,4,central,slightly_facing,None,y,5.933936017629444
95,2,4,central,strongly_facing,None,n,3,4,central,slightly_facing,None,m,5.768361698969047
96,2,4,central,strongly_facing,None,n,3,4,central,slightly_facing,None,y,5.724057794357596
97,2,4,central,strongly_facing,None,n,3,4,central,slightly_facing,None,y,5.561053055720742
98,2,4,central,strongly_facing,None,n,3,4,central,strongly_facing,None,y,5.4439248845649075
99,2,4,central,strongly_facing,None,n,3,4,central,strongly_facing,None,y,5.238313655769855
100,2,4,central,strongly_facing,None,n,3,4,central,strongly_facing,None,y,5.103406955276939
101,2,4,central,strongly_facing,None,n,3,4,central,strongly_facing,None,y,4.876725185095932
102,2,4,central,strongly_facing,None,n,3,4,central,slightly_facing,None,y,4.68871236996086
103,2,4,central,strongly_facing,None,n,3,4,central,slightly_facing,None,y,4.506051212494709
104,2,4,central,strongly_facing,None,n,3,4,central,slightly_facing,None,y,4.326209724877546
105,2,4,central,strongly_facing,None,n,3,4,central,slightly_facing,None,y,4.212460895741111
106,2,4,central,strongly_facing,None,n,3,4,central,strongly_facing,None,y,4.007936363524874
107,2,4,central,strongly_facing,None,n,3,4,central,slightly_facing,None,y,3.7985536749115463
108,2,4,central,strongly_facing,None,n,3,4,central,slightly_facing,None,y,3.6703662211545054
109,2,4,central,strongly_facing,None,n,3,4,central,slightly_facing,None,y,3.511351832874195
110,2,4,central,strongly_facing,None,n,3,4,central,slightly_facing,None,y,3.377060236180721
111,2,4,central,strongly_facing,None,n,3,4,central,slightly_facing,None,y,3.188973176145731
112,2,4,central,strongly_facing,None,n,3,4,central,strongly_facing,None,y,2.974141736576953
113,2,4,central,strongly_facing,None,n,3,4,central,slightly_facing,None,y,2.8631194665128796
114,2,4,central,strongly_facing,None,n,3,4,central,slightly_facing,None,y,2.619361804021159
115,2,4,central,strongly_facing,None,n,3,4,central,slightly_facing,None,m,2.4641735754790086
116,2,4,central,strongly_facing,None,n,3,4,central,slightly_facing,None,y,2.3682974088716118
117,2,4,central,strongly_facing,None,n,3,4,central,slightly_facing,None,y,2.193735182884433
118,2,4,central,strongly_facing,None,n,3,4,central,slightly_facing,None,y,2.086412587316805
119,2,4,central,strongly_facing,None,n,3,4,central,slightly_facing,None,m,1.9142138074520285
120,2,4,central,strongly_facing,None,n,3,4,central,slightly_facing,None,m,1.8559030260194076
121,2,4,central,strongly_facing,None,n,3,4,central,slightly_facing,None,m,1.839337198048524
122,2,4,central,strongly_facing,None,n,3,4,central,slightly_facing,None,m,1.7898298185685129
123,2,4,central,strongly_facing,None,n,3,4,central,slightly_facing,None,m,1.7621847508692154
124,2,4,central,strongly_facing,None,n,3,4,central,slightly_facing,None,m,1.7531091021853125
125,2,4,central,strongly_facing,None,n,3,4,central,slightly_facing,None,n,1.743793821843054
