,imas_1,wti_1,viewing_area_1,body_facing_1,gesture_1,approaching_1,imas_2,wti_2,viewing_area_2,body_facing_2,gesture_2,approaching_2,distance
0,1.0,1.0,outside,turned_away,None,n,1.0,1.0,outside,turned_away,None,n,14.054923469053149
1,1.0,1.0,outside,turned_away,None,n,1.0,1.0,outside,turned_away,None,n,14.054923469053149
2,1.0,1.0,outside,turned_away,None,n,1.0,1.0,outside,turned_away,None,n,14.054923469053149
3,1.0,1.0,outside,turned_away,None,n,1.0,1.0,outside,turned_away,None,n,14.054923469053149
4,1.0,1.0,outside,turned_away,None,n,1.0,1.0,mid_peripheral,slightly_facing,None,n,14.22354132015881
5,1.0,1.0,outside,turned_away,None,n,1.0,1.0,mid_peripheral,slightly_facing,None,n,14.328386651260502
6,1.0,1.0,outside,slightly_facing,None,n,1.0,1.0,mid_peripheral,slightly_facing,None,n,14.227970171146865
7,1.0,1.0,outside,slightly_facing,None,n,1.0,1.0,mid_peripheral,slightly_facing,None,n,14.111976826954365
8,1.0,1.0,outside,turned_away,None,n,1.0,1.0,mid_peripheral,slightly_facing,None,n,14.072914037597897
9,1.0,1.0,outside,slightly_facing,None,n,1.0,1.0,outside,slightly_facing,None,n,14.051425555092587
10,1.0,1.0,outside,turned_away,None,n,1.0,1.0,mid_peripheral,slightly_facing,None,n,13.931683825074124
11,1.0,1.0,outside,slightly_facing,None,n,1.0,1.0,mid_peripheral,slightly_facing,None,n,13.948440457033033
12,1.0,1.0,outside,turned_away,None,n,1.0,1.0,mid_peripheral,slightly_facing,None,n,13.766874083653882
13,1.0,1.0,outside,turned_away,None,n,1.0,1.0,mid_peripheral,slightly_facing,None,n,13.634633515537724
14,1.0,1.0,outside,turned_away,None,n,1.0,1.0,mid_peripheral,slightly_facing,None,n,13.581246939762787
15,1.0,1.0,outside,turned_away,None,n,1.0,1.0,mid_peripheral,slightly_facing,None,n,13.551841167050659
16,1.0,1.0,outside,turned_away,None,n,1.0,1.0,mid_peripheral,slightly_facing,None,n,13.57356726854573
17,1.0,1.0,outside,turned_away,None,n,1.0,1.0,mid_peripheral,slightly_facing,None,n,13.635886832252051
18,1.0,1.0,outside,turned_away,None,n,1.0,1.0,mid_peripheral,strongly_facing,None,n,13.72633671409532
19,1.0,1.0,outside,turned_away,None,n,1.0,1.0,mid_peripheral,strongly_facing,None,n,13.588035291169986
20,1.0,1.0,outside,turned_away,None,n,1.0,1.0,mid_peripheral,strongly_facing,None,n,13.703014729962751
21,1.0,1.0,outside,turned_away,None,n,1.0,1.0,mid_peripheral,slightly_facing,None,n,13.798944684997796
22,1.0,1.0,outside,turned_away,None,n,1.0,1.0,mid_peripheral,slightly_facing,None,n,13.80474161398735
23,1.0,1.0,outside,turned_away,None,n,1.0,1.0,mid_peripheral,slightly_facing,None,n,13.783618212156233
24,1.0,1.0,outside,turned_away,None,n,1.0,1.0,mid_peripheral,strongly_facing,None,n,13.755840802891694
25,1.0,1.0,outside,turned_away,None,n,1.0,1.0,mid_peripheral,strongly_facing,None,n,13.751182621240183
26,1.0,1.0,outside,turned_away,None,n,1.0,1.0,mid_peripheral,slightly_facing,None,n,13.82405988883168
27,1.0,1.0,outside,turned_away,None,n,1.0,1.0,mid_peripheral,slightly_facing,None,n,13.898946360975861
28,1.0,1.0,outside,turned_away,None,n,1.0,1.0,mid_peripheral,slightly_facing,None,n,13.992756280405981
29,1.0,1.0,outside,turned_away,None,n,1.0,1.0,outside,slightly_facing,None,n,13.907591902147619
30,1.0,1.0,outside,turned_away,None,n,1.0,1.0,outside,slightly_facing,None,n,14.161274646435471
31,1.0,1.0,outside,turned_away,None,n,1.0,1.0,mid_peripheral,slightly_facing,None,n,14.139724152924614
32,1.0,1.0,outside,turned_away,None,n,1.0,1.0,mid_peripheral,slightly_facing,None,n,14.18219256352416
33,1.0,1.0,outside,turned_away,None,n,1.0,1.0,mid_peripheral,slightly_facing,None,n,14.234416846547285
34,1.0,1.0,outside,turned_away,None,n,1.0,1.0,mid_peripheral,slightly_facing,None,n,14.203530958664112
35,1.0,1.0,outside,turned_away,None,n,1.0,1.0,outside,slightly_facing,None,n,14.306774270821645
36,1.0,1.0,outside,turned_away,None,n,1.0,1.0,outside,slightly_facing,None,n,14.374717268899218
37,1.0,1.0,outside,turned_away,None,n,1.0,1.0,outside,slightly_facing,None,n,14.466222521330497
38,1.0,1.0,outside,turned_away,None,n,1.0,1.0,mid_peripheral,slightly_facing,None,n,14.545566758972477
39,1.0,1.0,outside,turned_away,None,n,1.0,1.0,mid_peripheral,slightly_facing,None,n,14.458282956454394
40,1.0,1.0,outside,turned_away,None,n,1.0,1.0,mid_peripheral,slightly_facing,None,n,14.47616071963067
41,1.0,1.0,outside,turned_away,None,n,1.0,1.0,mid_peripheral,slightly_facing,None,n,14.536488125641243
42,1.0,1.0,outside,turned_away,None,n,1.0,1.0,outside,slightly_facing,None,n,14.565613926036104
43,1.0,1.0,outside,turned_away,None,n,1.0,1.0,outside,slightly_facing,None,n,14.732735492233344
44,1.0,1.0,outside,turned_away,None,n,1.0,1.0,outside,slightly_facing,None,n,14.72374540349194
45,1.0,1.0,outside,turned_away,None,n,1.0,1.0,mid_peripheral,slightly_facing,None,n,14.769537745596509
46,1.0,1.0,outside,turned_away,None,n,1.0,1.0,mid_peripheral,slightly_facing,None,n,14.777001090763067
47,1.0,1.0,outside,turned_away,None,n,1.0,1.0,mid_peripheral,slightly_facing,None,n,14.761812026549748
48,1.0,1.0,outside,turned_away,None,n,1.0,1.0,mid_peripheral,slightly_facing,None,n,14.79695354763324
49,1.0,1.0,outside,turned_away,None,n,1.0,1.0,outside,slightly_facing,None,n,14.874649575107453
50,1.0,1.0,outside,turned_away,None,n,1.0,1.0,outside,slightly_facing,None,n,14.865894735104947
51,1.0,1.0,outside,turned_away,None,n,1.0,1.0,outside,slightly_facing,None,n,15.074768427557492
52,1.0,1.0,outside,turned_away,None,n,1.0,1.0,mid_peripheral,slightly_facing,None,n,15.097021972110525
53,1.0,1.0,outside,turned_away,None,n,1.0,1.0,mid_peripheral,slightly_facing,None,n,15.17365021461234
54,1.0,1.0,outside,turned_away,None,n,1.0,1.0,mid_peripheral,slightly_facing,None,n,15.28213565263916
55,1.0,1.0,outside,turned_away,None,n,1.0,1.0,mid_peripheral,slightly_facing,None,n,15.171621117201326
56,1.0,1.0,outside,turned_away,None,n,1.0,1.0,mid_peripheral,slightly_facing,None,n,15.303288670959915
57,1.0,1.0,outside,turned_away,None,n,1.0,1.0,mid_peripheral,slightly_facing,None,n,15.321117665291165
58,1.0,1.0,outside,turned_away,None,n,1.0,1.0,mid_peripheral,slightly_facing,None,n,15.379063040223514
59,1.0,1.0,outside,turned_away,None,n,1.0,1.0,mid_peripheral,slightly_facing,None,n,15.459848027887787
60,1.0,1.0,outside,turned_away,None,n,1.0,1.0,mid_peripheral,slightly_facing,None,n,15.499976515956481
61,1.0,1.0,outside,turned_away,None,n,1.0,1.0,mid_peripheral,slightly_facing,None,n,15.530273137284485
62,1.0,1.0,outside,turned_away,None,n,1.0,1.0,mid_peripheral,slightly_facing,None,n,15.668276781085186
63,1.0,1.0,outside,turned_away,None,n,1.0,1.0,mid_peripheral,slightly_facing,None,n,15.57665194632133
64,1.0,1.0,outside,turned_away,None,n,1.0,1.0,mid_peripheral,slightly_facing,None,n,15.65662647655682
65,1.0,1.0,outside,turned_away,None,n,1.0,1.0,mid_peripheral,slightly_facing,None,n,15.756586491447942
66,1.0,1.0,outside,turned_away,None,n,1.0,1.0,mid_peripheral,slightly_facing,None,n,15.745218026814142
67,1.0,1.0,outside,turned_away,None,n,1.0,1.0,mid_peripheral,slightly_facing,None,n,15.94280985292982
68,1.0,1.0,outside,turned_away,None,n,1.0,1.0,mid_peripheral,slightly_facing,None,n,15.902749725051356
69,1.0,1.0,outside,turned_away,None,n,1.0,1.0,mid_peripheral,slightly_facing,None,n,15.960303397684893
70,1.0,1.0,outside,turned_away,None,n,1.0,1.0,mid_peripheral,slightly_facing,None,n,16.011020574584652
71,1.0,1.0,outside,turned_away,None,n,1.0,1.0,mid_peripheral,slightly_facing,None,n,15.936474907102388
72,1.0,1.0,outside,turned_away,None,n,1.0,1.0,mid_peripheral,slightly_facing,None,n,16.076407887021528
73,1.0,1.0,outside,turned_away,None,n,1.0,1.0,mid_peripheral,slightly_facing,None,n,16.048458474169347
74,1.0,1.0,outside,turned_away,None,n,1.0,1.0,mid_peripheral,slightly_facing,None,n,16.054069540717208
75,1.0,1.0,outside,turned_away,None,n,1.0,1.0,mid_peripheral,slightly_facing,None,n,16.259589497172744
76,1.0,1.0,outside,turned_away,None,n,1.0,1.0,mid_peripheral,slightly_facing,None,n,16.20725595471572
77,1.0,1.0,outside,turned_away,None,n,1.0,1.0,mid_peripheral,slightly_facing,None,n,16.24128817787558
78,1.0,1.0,outside,turned_away,None,n,1.0,1.0,mid_peripheral,slightly_facing,None,n,16.233270709106314
79,1.0,1.0,outside,turned_away,None,n,1.0,1.0,mid_peripheral,slightly_facing,None,n,16.23893079003568
80,1.0,1.0,outside,turned_away,None,n,1.0,1.0,mid_peripheral,slightly_facing,None,n,16.350016494002837
81,1.0,1.0,outside,turned_away,None,n,1.0,1.0,mid_peripheral,slightly_facing,None,n,16.42711408795397
82,1.0,1.0,outside,turned_away,None,n,1.0,1.0,mid_peripheral,slightly_facing,None,n,16.37859221675053
83,1.0,1.0,outside,turned_away,None,n,1.0,1.0,mid_peripheral,slightly_facing,None,n,16.450278420036547
84,1.0,1.0,outside,turned_away,None,n,1.0,1.0,mid_peripheral,slightly_facing,None,n,16.455492197602595
85,1.0,1.0,outside,turned_away,None,n,1.0,1.0,mid_peripheral,slightly_facing,None,n,16.503629192747287
86,1.0,1.0,outside,turned_away,None,n,1.0,1.0,mid_peripheral,slightly_facing,None,n,16.69316421045707
87,1.0,1.0,outside,turned_away,None,n,1.0,1.0,mid_peripheral,slightly_facing,None,n,16.661314599031517
88,1.0,1.0,outside,turned_away,None,n,1.0,1.0,mid_peripheral,slightly_facing,None,n,16.700382465837475
89,1.0,1.0,outside,turned_away,None,n,1.0,1.0,mid_peripheral,slightly_facing,None,n,16.726892825585416
90,1.0,1.0,outside,turned_away,None,n,1.0,1.0,mid_peripheral,slightly_facing,None,n,16.72201389840602
91,1.0,1.0,outside,turned_away,None,n,1.0,1.0,mid_peripheral,slightly_facing,None,n,16.842523733133014
92,1.0,1.0,outside,turned_away,None,n,1.0,1.0,mid_peripheral,slightly_facing,None,n,16.851179099163392
93,1.0,1.0,outside,turned_away,None,n,1.0,1.0,mid_peripheral,slightly_facing,None,n,16.83641349524161
94,1.0,1.0,outside,turned_away,None,n,1.0,1.0,mid_peripheral,slightly_facing,None,n,16.940718093299466
95,1.0,1.0,outside,turned_away,None,n,1.0,1.0,mid_peripheral,slightly_facing,None,n,16.96722703200464
96,1.0,1.0,outside,turned_away,None,n,1.0,1.0,mid_peripheral,slightly_facing,None,n,16.94193783743737
97,1.0,1.0,outside,turned_away,None,n,1.0,1.0,mid_peripheral,slightly_facing,None,n,17.077334507179803
98,1.0,1.0,outside,turned_away,None,n,1.0,1.0,mid_peripheral,slightly_facing,None,n,17.023625778510347
99,1.0,1.0,outside,turned_away,None,n,1.0,1.0,mid_peripheral,slightly_facing,None,n,17.069441451750578
100,1.0,1.0,outside,turned_away,None,n,1.0,1.0,mid_peripheral,slightly_facing,None,n,17.09041353322432
101,1.0,1.0,outside,turned_away,None,n,1.0,1.0,mid_peripheral,slightly_facing,None,n,17.1172324543852
102,1.0,1.0,outside,turned_away,None,n,1.0,1.0,mid_peripheral,slightly_facing,None,n,17.17657957201241
103,1.0,1.0,outside,turned_away,None,n,1.0,1.0,mid_peripheral,slightly_facing,None,n,17.185912043774053
104,1.0,1.0,outside,turned_away,None,n,1.0,1.0,mid_peripheral,slightly_facing,None,n,17.232713318019332
105,1.0,1.0,outside,turned_away,None,n,1.0,1.0,mid_peripheral,slightly_facing,None,n,17.216465228630554
106,1.0,1.0,outside,turned_away,None,n,1.0,1.0,mid_peripheral,slightly_facing,None,n,17.263672448164698
107,1.0,1.0,outside,turned_away,None,n,1.0,1.0,mid_peripheral,slightly_facing,None,n,17.27347358719126
108,1.0,1.0,mid_peripheral,slightly_facing,None,n,1.0,1.0,mid_peripheral,slightly_facing,None,n,17.410039011596982
109,1.0,1.0,outside,turned_away,None,n,1.0,1.0,mid_peripheral,slightly_facing,None,n,17.237254789369015
110,1.0,1.0,outside,turned_away,None,n,1.0,1.0,mid_peripheral,slightly_facing,None,n,17.141734756768145
111,1.0,1.0,outside,turned_away,None,n,1.0,1.0,mid_peripheral,slightly_facing,None,n,17.085927274430293
112,1.0,1.0,outside,turned_away,None,n,1.0,1.0,mid_peripheral,slightly_facing,None,n,16.99938150208486
113,1.0,1.0,outside,turned_away,None,n,1.0,1.0,mid_peripheral,slightly_facing,None,n,16.87310683413395
114,1.0,1.0,outside,turned_away,None,n,1.0,1.0,mid_peripheral,slightly_facing,None,n,16.663619420085343
115,1.0,1.0,outside,turned_away,None,n,1.0,1.0,mid_peripheral,slightly_facing,None,n,16.583775657279645
116,1.0,1.0,outside,turned_away,None,n,1.0,1.0,mid_peripheral,slightly_facing,None,n,16.477855873073924
117,1.0,1.0,outside,turned_away,None,n,1.0,1.0,mid_peripheral,slightly_facing,None,n,16.31281223297445
118,1.0,1.0,outside,turned_away,None,n,1.0,1.0,mid_peripheral,slightly_facing,None,n,16.213566714061468
119,1.0,1.0,outside,turned_away,None,n,1.0,1.0,mid_peripheral,slightly_facing,None,n,16.0533197259128
120,1.0,1.0,outside,turned_away,None,n,1.0,1.0,mid_peripheral,slightly_facing,None,n,15.927255078436156
121,1.0,1.0,outside,turned_away,None,n,1.0,1.0,mid_peripheral,slightly_facing,None,n,15.818943884674283
122,1.0,1.0,outside,turned_away,None,n,1.0,1.0,mid_peripheral,slightly_facing,None,n,15.669288098735052
123,1.0,1.0,outside,turned_away,None,n,1.0,1.0,mid_peripheral,slightly_facing,None,n,15.635131466683644
124,1.0,1.0,outside,turned_away,None,n,1.0,1.0,mid_peripheral,slightly_facing,None,n,15.480948712234692
125,1.0,1.0,outside,turned_away,None,n,1.0,1.0,mid_peripheral,slightly_facing,None,n,15.340238603815418
126,1.0,1.0,outside,turned_away,None,n,1.0,1.0,mid_peripheral,slightly_facing,None,n,15.2624231793001
127,1.0,1.0,outside,turned_away,None,n,1.0,1.0,mid_peripheral,slightly_facing,None,n,15.095980917516583
128,1.0,1.0,outside,turned_away,None,n,1.0,1.0,mid_peripheral,slightly_facing,None,n,14.992984876166583
129,1.0,1.0,outside,turned_away,None,n,1.0,1.0,mid_peripheral,slightly_facing,None,n,14.880085406382083
130,1.0,1.0,outside,turned_away,None,n,1.0,1.0,mid_peripheral,slightly_facing,None,n,14.793966109294765
131,1.0,1.0,outside,turned_away,None,n,1.0,1.0,mid_peripheral,slightly_facing,None,n,14.69891930526683
132,1.0,1.0,outside,turned_away,None,n,1.0,1.0,mid_peripheral,slightly_facing,None,n,14.502392532198273
133,1.0,1.0,outside,turned_away,None,n,1.0,1.0,mid_peripheral,slightly_facing,None,n,14.427508484809497
134,1.0,1.0,outside,turned_away,None,n,1.0,1.0,mid_peripheral,slightly_facing,None,n,14.31412849902644
135,1.0,1.0,outside,turned_away,None,n,1.0,1.0,mid_peripheral,slightly_facing,None,n,14.21120971325274
136,1.0,1.0,outside,turned_away,None,n,1.0,1.0,mid_peripheral,slightly_facing,None,n,14.061633650200747
137,1.0,1.0,outside,turned_away,None,n,1.0,1.0,mid_peripheral,slightly_facing,None,n,13.987266175805802
138,1.0,1.0,outside,turned_away,None,n,1.0,1.0,mid_peripheral,slightly_facing,None,n,13.904737484516742
139,1.0,1.0,outside,turned_away,None,n,1.0,1.0,mid_peripheral,slightly_facing,None,n,13.800450521263002
140,1.0,1.0,outside,turned_away,None,n,1.0,1.0,mid_peripheral,slightly_facing,None,n,13.63926401297079
141,1.0,1.0,outside,turned_away,None,n,1.0,1.0,mid_peripheral,slightly_facing,None,n,13.526179013549868
142,1.0,1.0,outside,turned_away,None,n,1.0,1.0,mid_peripheral,slightly_facing,None,n,13.430074314162301
143,1.0,1.0,outside,turned_away,None,n,1.0,1.0,mid_peripheral,slightly_facing,None,n,13.32187918230945
144,1.0,1.0,outside,turned_away,None,n,1.0,1.0,mid_peripheral,slightly_facing,None,n,13.262748140839962
145,1.0,1.0,outside,turned_away,None,n,1.0,1.0,mid_peripheral,slightly_facing,None,n,13.153940960527422
146,1.0,1.0,outside,turned_away,None,n,1.0,1.0,mid_peripheral,slightly_facing,None,n,13.054058330744548
147,1.0,1.0,outside,turned_away,None,n,1.0,1.0,mid_peripheral,slightly_facing,None,n,12.944668125806896
148,1.0,1.0,outside,turned_away,None,n,1.0,1.0,mid_peripheral,slightly_facing,None,n,12.835487560091394
149,1.0,1.0,outside,turned_away,None,n,1.0,1.0,mid_peripheral,slightly_facing,None,n,12.731436000924209
150,1.0,1.0,outside,turned_away,None,n,1.0,1.0,outside,slightly_facing,None,n,12.594174257952298
151,1.0,1.0,outside,turned_away,None,n,1.0,1.0,outside,slightly_facing,None,n,12.539141816326381
152,1.0,1.0,outside,turned_away,None,n,1.0,1.0,outside,slightly_facing,None,n,12.469302879396624
153,1.0,1.0,outside,turned_away,None,n,1.0,1.0,mid_peripheral,slightly_facing,None,n,12.40528075777429
154,1.0,1.0,outside,turned_away,None,n,1.0,1.0,mid_peripheral,slightly_facing,None,n,12.309060741629969
155,1.0,1.0,outside,turned_away,None,n,1.0,1.0,mid_peripheral,slightly_facing,None,n,12.228089380175879
156,1.0,1.0,outside,turned_away,None,n,1.0,1.0,mid_peripheral,slightly_facing,None,n,12.183598912504715
157,1.0,1.0,outside,turned_away,None,n,1.0,1.0,outside,slightly_facing,None,n,12.080602485907113
158,1.0,1.0,outside,turned_away,None,n,1.0,1.0,outside,slightly_facing,None,n,11.975627879665316
159,1.0,1.0,outside,turned_away,None,n,1.0,1.0,outside,slightly_facing,None,n,11.953860835982072
160,1.0,1.0,outside,turned_away,None,n,1.0,1.0,mid_peripheral,slightly_facing,None,n,11.853810587239233
161,1.0,1.0,outside,turned_away,None,n,1.0,1.0,mid_peripheral,slightly_facing,None,n,11.796463016215414
162,1.0,1.0,outside,turned_away,None,n,1.0,1.0,mid_peripheral,slightly_facing,None,n,11.731704085930913
163,1.0,1.0,outside,turned_away,None,n,1.0,1.0,outside,slightly_facing,None,n,11.645792428376273
164,1.0,1.0,outside,turned_away,None,n,1.0,1.0,outside,slightly_facing,None,n,11.576908706684055
165,1.0,1.0,outside,turned_away,None,n,1.0,1.0,outside,slightly_facing,None,n,11.498339160179833
166,1.0,1.0,outside,turned_away,None,n,1.0,1.0,outside,slightly_facing,None,n,11.459232524116967
167,1.0,1.0,outside,turned_away,None,n,1.0,1.0,outside,slightly_facing,None,n,11.41296067678414
168,1.0,1.0,outside,turned_away,None,n,1.0,1.0,mid_peripheral,slightly_facing,None,n,11.349620695404408
169,1.0,1.0,outside,turned_away,None,n,1.0,1.0,outside,slightly_facing,None,n,11.273264030723006
170,1.0,1.0,outside,turned_away,None,n,1.0,1.0,outside,slightly_facing,None,n,11.211211064590842
171,1.0,1.0,outside,turned_away,None,n,1.0,1.0,outside,slightly_facing,None,n,11.112397704158951
172,1.0,1.0,outside,turned_away,None,n,1.0,1.0,outside,slightly_facing,None,n,11.06394430852981
173,1.0,1.0,outside,turned_away,None,n,1.0,1.0,outside,slightly_facing,None,n,11.031820581778515
174,1.0,1.0,outside,turned_away,None,n,1.0,1.0,outside,slightly_facing,None,n,11.000047026664939
175,1.0,1.0,outside,turned_away,None,n,1.0,1.0,outside,slightly_facing,None,n,10.95406771619389
176,1.0,1.0,outside,turned_away,None,n,1.0,1.0,outside,slightly_facing,None,n,10.9133954062043
177,1.0,1.0,outside,turned_away,None,n,1.0,1.0,outside,slightly_facing,None,n,10.870053458669883
178,1.0,1.0,outside,turned_away,None,n,1.0,1.0,outside,slightly_facing,None,n,10.8059501446685
179,1.0,1.0,outside,turned_away,None,n,1.0,1.0,outside,turned_away,None,n,10.802790741767888
180,1.0,1.0,outside,turned_away,None,n,1.0,1.0,outside,slightly_facing,None,n,10.806819079380631
181,1.0,1.0,outside,turned_away,None,n,1.0,1.0,outside,slightly_facing,None,n,10.800787288004756
182,1.0,1.0,outside,turned_away,None,n,1.0,1.0,outside,slightly_facing,None,n,10.763631471887177
183,1.0,1.0,outside,turned_away,None,n,1.0,1.0,outside,slightly_facing,None,n,10.698103121899704
184,1.0,1.0,outside,turned_away,None,n,1.0,1.0,outside,slightly_facing,None,n,10.664729824393405
185,1.0,1.0,outside,turned_away,None,n,1.0,1.0,outside,slightly_facing,None,n,10.631204206280737
186,1.0,1.0,outside,turned_away,None,n,1.0,1.0,outside,turned_away,None,n,10.616940740151716
187,1.0,1.0,outside,turned_away,None,n,1.0,1.0,outside,turned_away,None,n,10.61766743917647
188,1.0,1.0,outside,turned_away,None,n,1.0,1.0,outside,slightly_facing,None,n,10.632341900444754
189,1.0,1.0,outside,turned_away,None,n,1.0,1.0,outside,slightly_facing,None,n,10.626488237037586
190,1.0,1.0,outside,turned_away,None,n,1.0,1.0,outside,slightly_facing,None,n,10.603889383144287
191,1.0,1.0,outside,turned_away,None,n,1.0,1.0,outside,slightly_facing,None,n,10.591336505929984
192,1.0,1.0,outside,turned_away,None,n,1.0,1.0,outside,turned_away,None,n,10.58841235489444
193,1.0,1.0,outside,turned_away,None,n,1.0,1.0,outside,turned_away,None,n,10.595381847138697
194,1.0,1.0,outside,turned_away,None,n,1.0,1.0,outside,turned_away,None,n,10.611902116237086
195,1.0,1.0,outside,turned_away,None,n,1.0,1.0,outside,turned_away,None,n,10.611902116237086
196,1.0,1.0,outside,turned_away,None,n,1.0,1.0,outside,turned_away,None,n,10.611902116237086
197,1.0,1.0,outside,turned_away,None,n,1.0,1.0,outside,turned_away,None,n,10.611902116237086
198,1.0,1.0,outside,turned_away,None,n,1.0,1.0,outside,turned_away,None,n,10.611902116237086
199,1.0,1.0,outside,turned_away,None,n,1.0,1.0,outside,turned_away,None,n,10.611902116237086
200,1.0,1.0,outside,turned_away,None,n,1.0,1.0,outside,turned_away,None,n,10.611902116237086
201,1.0,1.0,outside,turned_away,None,n,1.0,1.0,outside,turned_away,None,n,10.611902116237086
202,1.0,1.0,outside,turned_away,None,n,1.0,1.0,outside,turned_away,None,n,10.611902116237086
203,1.0,1.0,outside,turned_away,None,n,1.0,1.0,outside,turned_away,None,n,10.611902116237086
204,1.0,1.0,outside,turned_away,None,n,1.0,1.0,outside,turned_away,None,n,10.611902116237086
205,1.0,1.0,outside,turned_away,None,n,1.0,1.0,outside,turned_away,None,n,10.611902116237086
206,1.0,1.0,outside,turned_away,None,n,1.0,1.0,outside,turned_away,None,n,10.611902116237086
207,1.0,1.0,outside,turned_away,None,n,1.0,1.0,outside,turned_away,None,n,10.611902116237086
208,1.0,1.0,outside,turned_away,None,n,1.0,1.0,outside,turned_away,None,n,10.611902116237086
209,1.0,1.0,outside,turned_away,None,n,1.0,1.0,outside,turned_away,None,n,10.611902116237086
210,1.0,1.0,outside,turned_away,None,n,1.0,1.0,outside,turned_away,None,n,10.611902116237086
211,1.0,1.0,outside,turned_away,None,n,1.0,1.0,outside,turned_away,None,n,10.611902116237086
212,1.0,1.0,outside,turned_away,None,n,1.0,1.0,outside,turned_away,None,n,10.611902116237086
213,1.0,1.0,outside,turned_away,None,n,1.0,1.0,outside,turned_away,None,n,10.611902116237086
214,1.0,1.0,outside,turned_away,None,n,1.0,1.0,outside,turned_away,None,n,10.611902116237086
215,1.0,1.0,outside,turned_away,None,n,1.0,1.0,outside,turned_away,None,n,10.611902116237086
216,1.0,1.0,outside,turned_away,None,n,1.0,1.0,outside,turned_away,None,n,10.611902116237086
217,1.0,1.0,outside,turned_away,None,n,1.0,1.0,outside,turned_away,None,n,10.611902116237086
218,1.0,1.0,outside,turned_away,None,n,1.0,1.0,outside,turned_away,None,n,10.611902116237086
219,1.0,1.0,outside,turned_away,None,n,1.0,1.0,outside,turned_away,None,n,10.611902116237086
220,1.0,1.0,outside,turned_away,None,n,1.0,1.0,outside,turned_away,None,n,10.611902116237086
221,1.0,1.0,outside,turned_away,None,n,1.0,1.0,outside,turned_away,None,n,10.611902116237086
222,1.0,1.0,outside,turned_away,None,n,1.0,1.0,outside,turned_away,None,n,10.611902116237086
223,1.0,1.0,outside,turned_away,None,n,1.0,1.0,outside,turned_away,None,n,10.611902116237086
224,1.0,1.0,outside,turned_away,None,n,1.0,1.0,outside,turned_away,None,n,10.611902116237086
225,1.0,1.0,outside,turned_away,None,n,1.0,1.0,outside,turned_away,None,n,10.611902116237086
226,1.0,1.0,outside,turned_away,None,n,1.0,1.0,outside,turned_away,None,n,10.611902116237086
227,1.0,1.0,outside,turned_away,None,n,1.0,1.0,outside,turned_away,None,n,10.611902116237086
228,1.0,1.0,outside,turned_away,None,n,1.0,1.0,outside,turned_away,None,n,10.611902116237086
229,1.0,1.0,outside,turned_away,None,n,1.0,1.0,outside,turned_away,None,n,10.611902116237086
230,1.0,1.0,outside,turned_away,None,n,1.0,1.0,outside,turned_away,None,n,10.611902116237086
231,1.0,1.0,outside,turned_away,None,n,1.0,1.0,outside,turned_away,None,n,10.611902116237086
232,1.0,1.0,outside,turned_away,None,n,1.0,1.0,outside,turned_away,None,n,10.611902116237086
233,1.0,1.0,outside,turned_away,None,n,1.0,1.0,outside,turned_away,None,n,10.611902116237086
234,1.0,1.0,outside,turned_away,None,n,1.0,1.0,outside,turned_away,None,n,10.611902116237086
235,1.0,1.0,outside,turned_away,None,n,1.0,1.0,outside,turned_away,None,n,10.611902116237086
236,1.0,1.0,outside,turned_away,None,n,1.0,1.0,outside,turned_away,None,n,10.611902116237086
237,1.0,1.0,outside,turned_away,None,n,1.0,1.0,outside,turned_away,None,n,10.611902116237086
238,1.0,1.0,outside,turned_away,None,n,1.0,1.0,outside,turned_away,None,n,10.611902116237086
239,1.0,1.0,outside,turned_away,None,n,1.0,1.0,outside,turned_away,None,n,10.611902116237086
240,1.0,1.0,outside,turned_away,None,n,1.0,1.0,outside,turned_away,None,n,10.611902116237086
241,1.0,1.0,outside,turned_away,None,n,1.0,1.0,outside,turned_away,None,n,10.611902116237086
242,1.0,1.0,outside,turned_away,None,n,1.0,1.0,outside,turned_away,None,n,10.611902116237086
243,1.0,1.0,outside,turned_away,None,n,1.0,1.0,outside,turned_away,None,n,10.611902116237086
244,1.0,1.0,outside,turned_away,None,n,1.0,1.0,outside,turned_away,None,n,10.611902116237086
245,1.0,1.0,outside,turned_away,None,n,1.0,1.0,outside,turned_away,None,n,10.611902116237086
246,1.0,1.0,outside,turned_away,None,n,1.0,1.0,outside,turned_away,None,n,10.611902116237086
247,1.0,1.0,outside,turned_away,None,n,1.0,1.0,outside,turned_away,None,n,10.611902116237086
248,1.0,1.0,outside,turned_away,None,n,1.0,1.0,outside,turned_away,None,n,10.611902116237086
249,1.0,1.0,outside,turned_away,None,n,1.0,1.0,outside,turned_away,None,n,10.611902116237086
250,1.0,1.0,outside,turned_away,None,n,1.0,1.0,outside,turned_away,None,n,10.611902116237086
251,1.0,1.0,outside,turned_away,None,n,1.0,1.0,outside,turned_away,None,n,10.611902116237086
252,1.0,1.0,outside,turned_away,None,n,1.0,1.0,outside,turned_away,None,n,10.611902116237086
