,imas_1,wti_1,viewing_area_1,body_facing_1,gesture_1,approaching_1,imas_2,wti_2,viewing_area_2,body_facing_2,gesture_2,approaching_2,distance
0,2,2,mid_peripheral,slightly_facing,None,n,1,1,mid_peripheral,slightly_facing,None,n,18.525895292655115
1,2,2,mid_peripheral,slightly_facing,None,n,1,1,mid_peripheral,slightly_facing,None,n,18.510881665933958
2,2,2,mid_peripheral,slightly_facing,None,n,1,1,mid_peripheral,slightly_facing,None,n,18.367671779652884
3,2,2,central,slightly_facing,None,y,1,1,mid_peripheral,slightly_facing,None,n,18.096211484209068
4,2,2,central,slightly_facing,None,y,1,1,mid_peripheral,slightly_facing,None,n,17.91384575391828
5,2,2,central,slightly_facing,None,m,1,1,mid_peripheral,slightly_facing,None,n,17.739655040518965
6,2,2,central,slightly_facing,None,y,1,1,mid_peripheral,slightly_facing,None,n,17.725123512067775
7,2,2,central,slightly_facing,None,y,1,1,mid_peripheral,slightly_facing,None,n,17.60971953815997
8,2,2,central,slightly_facing,None,y,1,1,mid_peripheral,slightly_facing,None,n,17.49295761336673
9,3,4,central,slightly_facing,wave_small_head,y,1,1,mid_peripheral,slightly_facing,None,n,17.377524341979214
10,3,4,central,slightly_facing,wave_small_head,y,1,1,mid_peripheral,slightly_facing,None,n,17.20571704145959
11,3,4,central,slightly_facing,wave_small_head,y,1,1,mid_peripheral,slightly_facing,None,n,17.079655604508453
12,3,4,central,slightly_facing,wave_small_head,y,1,1,outside,slightly_facing,None,n,16.922670288958326
13,3,4,central,slightly_facing,wave_small_head,m,2,3,central,slightly_facing,None,m,16.8032683202488
14,3,4,central,slightly_facing,wave_small_head,y,2,3,central,slightly_facing,None,y,16.720276903307695
15,3,4,central,slightly_facing,wave_small_head,y,2,3,central,slightly_facing,None,y,16.60069777595899
16,3,4,central,slightly_facing,wave_small_head,m,2,4,central,slightly_facing,arm_raise_high,m,16.47201999291945
17,3,4,central,slightly_facing,wave_small_head,y,2,4,central,slightly_facing,arm_raise_high,y,16.391911422875186
18,3,4,central,slightly_facing,wave_small_head,y,2,4,central,slightly_facing,arm_raise_high,y,16.232030532301742
19,3,4,central,slightly_facing,wave_small_head,y,2,4,central,slightly_facing,arm_raise_high,y,16.04578209345827
20,3,4,central,slightly_facing,wave_small_head,y,2,4,central,strongly_facing,arm_raise_high,y,15.88750826111574
21,3,4,central,slightly_facing,wave_small_head,y,2,4,central,slightly_facing,arm_raise_high,y,15.71744576598488
22,3,4,central,slightly_facing,wave_small_head,y,2,4,central,strongly_facing,arm_raise_high,y,15.5043112123154
23,3,4,central,slightly_facing,wave_small_head,y,2,4,central,strongly_facing,arm_raise_high,y,15.320829164313823
24,4,5,central,slightly_facing,None,y,2,4,central,strongly_facing,arm_raise_high,y,15.07330067310438
25,4,5,central,slightly_facing,None,y,2,4,central,strongly_facing,arm_raise_high,y,14.867832848802982
26,4,5,central,slightly_facing,None,y,2,4,central,slightly_facing,arm_raise_high,y,14.506987954822328
27,4,5,central,slightly_facing,None,y,2,4,central,slightly_facing,arm_raise_high,y,14.348428235169763
28,4,5,central,slightly_facing,None,y,2,4,central,slightly_facing,arm_raise_high,y,14.220722695151961
29,4,5,central,slightly_facing,None,y,2,4,central,slightly_facing,arm_raise_high,y,14.035942462343518
30,4,5,central,slightly_facing,None,y,2,4,central,slightly_facing,arm_raise_high,y,13.879634655962096
31,4,5,central,slightly_facing,None,y,2,4,central,slightly_facing,arm_raise_high,y,13.775279219862588
32,4,5,central,slightly_facing,None,y,2,4,central,slightly_facing,arm_raise_high,y,13.600429563039325
33,4,5,central,slightly_facing,None,m,2,4,central,slightly_facing,arm_raise_high,m,13.361626064671364
34,4,5,central,slightly_facing,None,y,2,4,central,slightly_facing,arm_raise_high,y,13.270761719485584
35,4,5,central,strongly_facing,None,y,2,4,central,slightly_facing,arm_raise_high,y,13.105803225352387
36,4,5,central,strongly_facing,None,y,2,4,central,slightly_facing,arm_raise_high,y,12.995013599727937
37,4,5,central,strongly_facing,None,y,2,4,central,slightly_facing,arm_raise_high,y,12.806140950672258
38,4,5,central,strongly_facing,None,y,2,4,central,slightly_facing,arm_raise_high,y,12.64958411947215
39,4,5,central,strongly_facing,None,y,2,4,central,turned_away,arm_raise_high,n,12.497816001641407
40,4,5,central,slightly_facing,None,y,2,4,central,slightly_facing,arm_raise_high,y,12.313278378568434
41,4,5,central,strongly_facing,None,m,2,4,central,slightly_facing,arm_raise_high,m,12.180853832922098
42,4,5,central,slightly_facing,None,y,2,4,central,turned_away,arm_raise_high,n,12.116350367942696
43,4,5,central,strongly_facing,None,y,2,4,central,turned_away,arm_raise_high,n,11.994491983525977
44,4,5,central,strongly_facing,None,y,2,4,central,strongly_facing,None,n,11.87876845944414
45,4,5,central,strongly_facing,None,y,2,4,central,strongly_facing,None,n,11.748003802727505
46,4,5,central,strongly_facing,None,y,2,4,central,strongly_facing,None,n,11.539139605466342
47,4,5,central,strongly_facing,None,y,2,4,central,strongly_facing,None,n,11.407003176071097
48,4,5,central,slightly_facing,None,y,2,4,central,strongly_facing,None,n,11.289214840774932
49,4,5,central,slightly_facing,None,m,2,4,central,strongly_facing,None,n,11.094317874265181
50,4,5,central,slightly_facing,None,y,2,4,central,strongly_facing,None,n,11.032679079951972
51,4,5,central,slightly_facing,None,y,2,4,central,strongly_facing,None,n,10.91488018191569
52,4,5,central,strongly_facing,None,y,2,4,central,strongly_facing,None,n,10.78888068935142
53,4,5,central,strongly_facing,None,y,2,4,central,strongly_facing,None,n,10.680399610987223
54,4,5,central,strongly_facing,None,m,2,4,central,strongly_facing,None,n,10.476703452326305
55,4,5,central,strongly_facing,None,y,2,4,central,strongly_facing,None,n,10.407154223180319
56,4,5,central,strongly_facing,None,y,2,4,central,strongly_facing,None,n,10.261525501217298
57,4,5,central,strongly_facing,None,y,2,4,central,strongly_facing,None,n,10.081793178613916
58,4,5,central,strongly_facing,None,m,2,4,central,strongly_facing,None,n,9.926879126251205
59,4,5,central,slightly_facing,None,m,2,4,central,strongly_facing,None,n,9.86472233706174
60,4,5,central,strongly_facing,None,y,2,4,central,strongly_facing,None,n,9.787352601423173
61,4,5,central,strongly_facing,None,y,2,4,central,strongly_facing,None,n,9.685511183721017
62,4,5,central,strongly_facing,None,y,2,4,central,strongly_facing,None,n,9.506667067519984
63,4,5,central,strongly_facing,None,m,2,4,central,strongly_facing,None,n,9.300750015616211
64,4,5,central,strongly_facing,None,y,2,4,central,strongly_facing,None,n,9.232223105124406
65,4,5,central,strongly_facing,None,y,2,4,central,strongly_facing,None,n,9.05734625524916
66,4,5,central,strongly_facing,None,y,2,4,central,strongly_facing,None,n,8.937872382481475
67,4,5,central,slightly_facing,None,y,2,4,central,strongly_facing,None,n,8.78903943671144
68,4,5,central,slightly_facing,None,y,2,4,central,strongly_facing,None,n,8.604774073442075
69,4,5,central,strongly_facing,None,y,2,4,central,strongly_facing,None,n,8.47175020369994
70,4,5,central,strongly_facing,None,m,2,4,central,strongly_facing,None,n,8.27247742095057
71,4,5,central,strongly_facing,None,y,2,4,central,strongly_facing,None,n,8.20972218623146
72,4,5,central,strongly_facing,None,y,2,4,central,strongly_facing,None,n,8.077836190769466
73,4,5,central,strongly_facing,None,y,2,4,central,strongly_facing,None,n,7.931563981103917
74,4,5,central,slightly_facing,None,y,2,4,central,strongly_facing,None,n,7.747706893904807
75,4,5,central,slightly_facing,None,m,2,4,central,strongly_facing,None,n,7.628408096907306
76,4,5,central,slightly_facing,None,m,2,4,central,strongly_facing,None,n,7.582593106701488
77,4,5,central,slightly_facing,None,y,2,4,central,strongly_facing,None,n,7.5113139200292345
78,4,5,central,strongly_facing,None,y,2,4,central,strongly_facing,None,n,7.337107464654786
79,4,5,central,slightly_facing,None,y,2,4,central,strongly_facing,None,n,7.197751333888938
80,4,5,central,strongly_facing,None,m,2,4,central,strongly_facing,None,n,7.036541923385382
81,4,5,central,strongly_facing,None,y,2,4,central,strongly_facing,None,n,6.996589203762711
82,4,5,central,strongly_facing,None,y,2,4,central,strongly_facing,None,n,6.841391046956747
83,4,5,central,slightly_facing,None,y,2,4,central,strongly_facing,None,n,6.6691220800912765
84,4,5,central,slightly_facing,None,m,2,4,central,strongly_facing,None,n,6.513934923023483
85,4,5,central,slightly_facing,None,y,2,4,central,strongly_facing,None,n,6.460314093058709
86,4,5,central,slightly_facing,None,y,2,4,central,strongly_facing,None,n,6.352842204934808
87,4,5,central,strongly_facing,None,y,2,4,central,strongly_facing,None,n,6.229419553760199
88,4,5,central,strongly_facing,None,y,2,4,central,strongly_facing,None,n,6.059709119290296
89,4,5,central,strongly_facing,None,m,2,4,central,strongly_facing,None,n,5.883843661354118
90,4,5,central,strongly_facing,None,y,2,4,central,strongly_facing,None,n,5.819754532662781
91,4,5,central,strongly_facing,None,y,2,4,central,strongly_facing,None,n,5.680481717340969
92,4,5,central,slightly_facing,None,y,2,4,central,strongly_facing,None,n,5.511833003018321
93,4,5,central,slightly_facing,None,y,2,4,central,strongly_facing,None,n,5.370672265621311
94,4,5,central,slightly_facing,None,y,2,4,central,strongly_facing,None,n,5.258959389039812
95,4,5,central,strongly_facing,None,y,2,4,central,strongly_facing,None,n,5.1245611980988155
96,4,5,central,strongly_facing,None,y,2,4,central,strongly_facing,None,n,4.999094567473997
97,4,5,central,strongly_facing,None,y,2,4,central,strongly_facing,None,n,4.793668471640478
98,4,5,central,strongly_facing,None,y,2,4,central,strongly_facing,None,n,4.661098745609239
99,4,5,central,strongly_facing,None,y,2,4,central,strongly_facing,None,n,4.528815835825624
100,4,5,central,slightly_facing,None,y,2,4,central,strongly_facing,None,n,4.363296408380824
101,4,5,central,slightly_facing,None,y,2,4,central,strongly_facing,None,n,4.2168697526801795
102,4,5,central,slightly_facing,None,y,2,4,central,strongly_facing,None,n,4.101659884807609
103,4,5,central,slightly_facing,None,y,2,4,central,strongly_facing,None,n,3.9751161914269817
104,4,5,central,strongly_facing,None,y,2,4,central,strongly_facing,None,n,3.8557980630350674
105,4,5,central,strongly_facing,None,y,2,4,central,strongly_facing,None,n,3.725802074062044
106,4,5,central,strongly_facing,None,y,2,4,central,strongly_facing,None,n,3.581267657236744
107,4,5,central,strongly_facing,None,y,2,4,central,strongly_facing,None,n,3.369031724899749
108,4,5,central,strongly_facing,None,m,2,4,central,strongly_facing,None,n,3.236280256812904
109,4,5,central,slightly_facing,None,y,2,4,central,strongly_facing,None,n,3.137474765340107
110,4,5,central,slightly_facing,None,m,2,4,central,strongly_facing,None,n,3.0213787759372353
111,4,5,central,slightly_facing,None,y,2,4,central,strongly_facing,None,n,2.9830233826388244
112,4,5,central,strongly_facing,None,y,2,4,central,strongly_facing,None,n,2.8457812928658073
113,4,5,central,strongly_facing,None,y,2,4,central,strongly_facing,None,n,2.7271096101962935
114,4,5,central,strongly_facing,None,y,2,4,central,strongly_facing,None,n,2.5498886257297615
115,4,5,central,strongly_facing,None,y,2,4,central,strongly_facing,None,n,2.397850554546091
116,4,5,central,strongly_facing,None,y,2,4,central,strongly_facing,None,n,2.26521380208624
117,4,5,central,slightly_facing,None,y,2,4,central,strongly_facing,None,n,2.1482385070138257
118,4,5,central,slightly_facing,None,y,2,4,central,strongly_facing,None,n,2.019588755158088
119,4,5,central,slightly_facing,None,m,2,4,central,strongly_facing,None,n,1.8995488156720268
120,4,5,central,slightly_facing,None,y,2,4,central,strongly_facing,None,n,1.8637843441184345
121,4,5,central,slightly_facing,None,y,2,4,central,strongly_facing,None,n,1.730306805576684
122,4,5,central,strongly_facing,None,y,2,4,central,strongly_facing,None,n,1.614684038900491
123,4,5,central,strongly_facing,None,y,2,4,central,strongly_facing,None,n,1.4374157211120195
124,4,5,central,strongly_facing,None,m,2,4,central,strongly_facing,None,n,1.320672541016883
125,4,5,central,slightly_facing,None,y,2,4,central,strongly_facing,None,n,1.2793247259120704
126,4,5,central,slightly_facing,None,y,2,4,central,strongly_facing,None,n,1.0711876873382182
127,4,5,central,slightly_facing,None,y,2,4,central,strongly_facing,None,n,0.9101727329672088
128,4,5,central,strongly_facing,None,m,2,4,central,strongly_facing,None,n,0.8100438247897449
129,4,5,central,slightly_facing,None,m,2,4,central,strongly_facing,None,n,0.7971652144574534
130,4,5,central,strongly_facing,None,m,2,4,central,strongly_facing,None,n,0.7732052950808057
131,4,5,central,strongly_facing,None,n,2,4,central,strongly_facing,None,n,0.7569184454543336
