,imas_1,wti_1,viewing_area_1,body_facing_1,gesture_1,approaching_1,imas_2,wti_2,viewing_area_2,body_facing_2,gesture_2,approaching_2,distance
0,2,2,mid_peripheral,slightly_facing,None,n,1,1,outside,turned_away,None,n,9.77488667725028
1,2,2,mid_peripheral,slightly_facing,None,n,1,1,outside,turned_away,None,n,9.77488667725028
2,2,2,mid_peripheral,slightly_facing,None,n,1,1,outside,turned_away,None,n,9.77488667725028
3,2,2,mid_peripheral,slightly_facing,None,n,1,1,outside,turned_away,None,n,9.77488667725028
4,2,2,mid_peripheral,slightly_facing,None,n,1,1,outside,turned_away,None,n,9.77488667725028
5,2,2,outside,slightly_facing,None,n,1,1,outside,turned_away,None,n,9.777823142778661
6,2,2,outside,slightly_facing,None,n,1,1,outside,turned_away,None,n,9.775636588456129
7,2,2,outside,slightly_facing,None,n,1,1,outside,turned_away,None,n,9.78035100457289
8,2,2,outside,turned_away,None,n,1,1,outside,turned_away,None,n,9.842458529174968
9,2,2,outside,turned_away,None,n,1,1,outside,turned_away,None,n,9.899207653543844
10,2,2,outside,turned_away,None,n,1,1,outside,turned_away,None,n,9.951790852319693
11,2,2,outside,turned_away,None,n,1,1,outside,turned_away,None,n,9.971042729884967
12,2,2,outside,slightly_facing,None,n,1,1,outside,turned_away,None,n,9.997177378206969
13,2,2,mid_peripheral,slightly_facing,None,n,1,1,outside,turned_away,None,n,9.986194960436983
14,2,2,mid_peripheral,slightly_facing,None,n,1,1,outside,turned_away,None,n,9.922100655931935
15,2,2,outside,slightly_facing,None,n,1,1,outside,turned_away,None,n,9.879908076472018
16,2,2,outside,slightly_facing,None,n,1,1,outside,turned_away,None,n,9.880728746743578
17,2,2,outside,slightly_facing,None,n,1,1,outside,turned_away,None,n,9.883569853831812
18,2,2,outside,slightly_facing,None,n,1,1,outside,turned_away,None,n,9.907996460477815
19,2,2,outside,slightly_facing,None,n,1,1,outside,turned_away,None,n,9.91459200996535
20,2,2,outside,slightly_facing,None,n,1,1,outside,turned_away,None,n,9.937199460155767
21,2,2,outside,slightly_facing,None,n,1,1,outside,turned_away,None,n,9.946895251285651
22,2,2,outside,slightly_facing,None,n,1,1,outside,turned_away,None,n,9.94632935320247
23,2,4,central,slightly_facing,None,m,1,1,outside,turned_away,None,n,9.91313329783399
24,2,4,central,slightly_facing,None,m,1,1,outside,turned_away,None,n,9.863250773905781
25,2,4,central,slightly_facing,None,m,1,1,outside,turned_away,None,n,9.818648522838002
26,2,4,central,slightly_facing,None,m,1,1,outside,turned_away,None,n,9.819255450526288
27,2,4,central,slightly_facing,None,m,1,1,outside,turned_away,None,n,9.856073113033046
28,2,4,central,turned_away,None,n,1,1,outside,turned_away,None,n,9.868565381781693
29,2,4,central,turned_away,None,n,1,1,outside,turned_away,None,n,9.885016219337722
30,2,4,central,slightly_facing,None,m,1,1,outside,turned_away,None,n,9.911194872022493
31,2,4,central,slightly_facing,None,m,1,1,outside,turned_away,None,n,9.930241368306666
32,2,4,central,slightly_facing,None,m,1,1,outside,turned_away,None,n,9.927927779069156
33,2,4,central,slightly_facing,None,m,1,1,outside,turned_away,None,n,9.906751773742691
34,2,4,central,slightly_facing,None,m,1,1,outside,turned_away,None,n,9.863541570122973
35,2,4,central,slightly_facing,None,m,1,1,outside,turned_away,None,n,9.842583225598922
36,2,4,central,slightly_facing,None,m,1,1,outside,turned_away,None,n,9.818654221047813
37,2,4,central,slightly_facing,None,m,1,1,outside,turned_away,None,n,9.815188220639481
38,2,4,central,turned_away,None,n,1,1,outside,turned_away,None,n,9.844303082280481
39,2,4,central,turned_away,None,n,1,1,outside,turned_away,None,n,9.905569901223911
40,2,4,central,turned_away,None,n,1,1,outside,turned_away,None,n,9.940810659705226
41,2,4,central,slightly_facing,None,m,1,1,outside,turned_away,None,n,9.969142405471501
42,2,4,central,slightly_facing,None,m,1,1,outside,turned_away,None,n,9.983563972963163
43,2,4,central,slightly_facing,None,m,1,1,outside,turned_away,None,n,9.992351030809768
44,2,4,central,slightly_facing,None,m,1,1,outside,turned_away,None,n,9.979960857450747
45,2,4,central,slightly_facing,None,m,1,1,outside,turned_away,None,n,9.968348574077307
46,2,4,central,slightly_facing,None,m,1,1,outside,turned_away,None,n,9.965288968544005
47,2,4,central,slightly_facing,None,m,1,1,outside,turned_away,None,n,9.981427092796903
48,2,4,central,turned_away,None,n,1,1,outside,turned_away,None,n,10.010191671591098
49,2,4,central,turned_away,None,n,1,1,central,turned_away,None,n,10.05152791124811
50,2,4,central,turned_away,None,n,1,1,central,turned_away,None,n,10.091564784854539
51,2,4,central,turned_away,None,n,1,1,central,turned_away,None,n,10.128958784749498
52,2,4,central,slightly_facing,None,m,1,1,central,turned_away,None,n,10.152997676958313
53,2,4,central,slightly_facing,arm_raise_low,m,1,1,central,turned_away,None,n,10.175978517903078
54,2,4,central,slightly_facing,arm_raise_low,m,1,1,central,turned_away,None,n,10.174263403975782
55,2,4,central,slightly_facing,arm_raise_low,m,1,1,central,turned_away,None,n,10.15877687922759
56,2,4,central,slightly_facing,arm_raise_low,m,1,1,central,turned_away,None,n,10.137824964974383
57,2,4,central,slightly_facing,arm_raise_low,m,1,1,central,turned_away,None,n,10.131856766197636
58,2,4,central,slightly_facing,arm_raise_low,m,1,1,central,turned_away,None,n,10.176571723044306
59,2,4,central,turned_away,arm_raise_low,n,1,1,central,turned_away,None,n,10.1911658764083
60,2,4,central,turned_away,arm_raise_low,n,1,1,central,turned_away,None,n,10.269794842974525
61,2,4,central,turned_away,arm_raise_low,n,1,1,central,turned_away,None,n,10.31491042143023
62,2,4,central,turned_away,arm_raise_low,n,1,1,central,turned_away,None,n,10.351362838636083
63,2,4,central,slightly_facing,arm_raise_low,m,1,1,central,turned_away,None,n,10.378432033391746
64,2,4,central,slightly_facing,arm_raise_low,m,1,1,central,turned_away,None,n,10.38167544951941
65,2,4,central,slightly_facing,arm_raise_low,m,1,1,central,turned_away,None,n,10.364628138301583
66,2,4,central,slightly_facing,arm_raise_low,m,1,1,central,turned_away,None,n,10.341936178354079
67,2,4,central,slightly_facing,arm_raise_low,m,1,1,central,turned_away,None,n,10.322892364550258
68,2,4,central,slightly_facing,None,m,1,1,central,turned_away,None,n,10.310250060509395
69,2,4,central,slightly_facing,None,m,1,1,central,turned_away,None,n,10.296672217124375
70,2,4,central,slightly_facing,None,m,1,1,central,turned_away,None,n,10.31755439430318
71,2,4,central,slightly_facing,None,m,1,1,central,turned_away,None,n,10.329018514055244
72,2,4,central,slightly_facing,None,m,1,1,central,turned_away,None,n,10.361827744514574
73,2,4,central,slightly_facing,None,m,1,1,central,turned_away,None,n,10.375926431440517
74,2,4,central,slightly_facing,None,m,1,1,central,turned_away,None,n,10.364430438812347
75,2,4,central,slightly_facing,None,m,1,1,central,turned_away,None,n,10.340855929042716
76,2,4,central,slightly_facing,None,m,1,1,central,turned_away,None,n,10.295435822678893
77,2,4,central,slightly_facing,None,m,1,1,central,turned_away,None,n,10.238488758592158
78,2,4,central,slightly_facing,None,m,2,3,central,turned_away,arm_raise_high,n,10.229840739444247
79,2,4,central,slightly_facing,None,m,2,3,central,turned_away,arm_raise_high,n,10.193870480403904
80,2,4,central,slightly_facing,None,m,2,3,central,turned_away,arm_raise_high,n,10.192012318002174
81,2,4,central,slightly_facing,None,m,2,3,central,turned_away,arm_raise_high,n,10.198952747023842
82,2,4,central,slightly_facing,None,m,2,3,central,turned_away,arm_raise_high,n,10.192499984461707
83,2,4,central,turned_away,None,n,2,3,central,turned_away,arm_raise_high,n,10.206174523043636
84,2,4,central,slightly_facing,None,m,2,3,central,turned_away,arm_raise_high,n,10.229011185940703
85,2,4,central,slightly_facing,None,m,2,3,central,turned_away,arm_raise_high,n,10.239974660972745
86,2,4,central,slightly_facing,None,m,2,3,central,turned_away,arm_raise_high,n,10.248279473953168
87,2,4,central,slightly_facing,None,m,2,3,central,turned_away,arm_raise_high,n,10.239564471802543
88,2,4,central,slightly_facing,None,m,2,3,central,turned_away,arm_raise_high,n,10.228389635093981
89,2,4,central,slightly_facing,None,m,2,3,central,turned_away,arm_raise_high,n,10.211955620300934
90,2,4,central,slightly_facing,None,m,2,3,central,turned_away,arm_raise_high,n,10.221802411335483
91,2,4,central,turned_away,None,n,2,3,central,turned_away,arm_raise_high,n,10.249082017797749
92,2,4,central,slightly_facing,None,m,2,3,central,slightly_facing,arm_raise_high,m,10.283796781557479
93,2,4,central,turned_away,None,n,2,3,central,slightly_facing,arm_raise_high,m,10.27697970884461
94,2,4,central,turned_away,None,n,2,3,central,slightly_facing,arm_raise_high,m,10.279393951527295
95,2,4,central,turned_away,None,n,2,3,central,slightly_facing,arm_raise_high,m,10.251606934027905
96,2,4,central,slightly_facing,None,m,2,3,central,slightly_facing,arm_raise_high,m,10.18689588335917
97,2,4,central,slightly_facing,None,m,5,5,central,slightly_facing,None,m,10.131589176235876
98,2,4,central,slightly_facing,None,m,5,5,central,slightly_facing,None,m,10.037923925983153
99,2,4,central,slightly_facing,None,m,5,5,central,slightly_facing,None,m,9.977248560461193
100,2,4,central,slightly_facing,None,m,5,5,central,slightly_facing,None,m,9.942010217159757
101,2,4,central,slightly_facing,None,m,5,5,central,slightly_facing,None,m,9.924109958477683
102,2,4,central,turned_away,None,n,5,5,central,slightly_facing,None,m,9.89876399059287
103,2,4,central,turned_away,None,n,5,5,central,slightly_facing,None,m,9.847169029560987
104,2,4,central,turned_away,None,n,5,5,central,slightly_facing,None,m,9.821177840936384
105,2,4,central,turned_away,None,n,5,5,central,slightly_facing,None,m,9.742646526806414
106,2,4,central,slightly_facing,None,m,5,5,central,slightly_facing,None,m,9.696280551556926
107,2,4,central,slightly_facing,None,m,5,5,central,slightly_facing,None,m,9.647897668976855
108,2,4,central,slightly_facing,None,m,5,5,central,slightly_facing,None,m,9.575420919952753
109,2,4,central,slightly_facing,None,m,5,5,central,slightly_facing,None,m,9.53634101487651
110,2,4,central,slightly_facing,None,m,5,5,central,slightly_facing,None,m,9.512330580505974
111,2,4,central,slightly_facing,None,y,5,5,central,slightly_facing,None,y,9.45623506157418
112,2,4,central,slightly_facing,None,y,5,5,central,strongly_facing,None,y,9.351288114684575
113,2,4,central,turned_away,None,n,5,5,central,strongly_facing,None,y,9.213082877092825
114,2,4,central,turned_away,None,n,5,5,central,slightly_facing,None,y,9.020001056972507
115,2,4,central,turned_away,None,n,5,5,central,slightly_facing,None,m,8.85295772465502
116,2,4,central,turned_away,None,n,5,5,central,slightly_facing,None,y,8.772741207680525
117,2,4,central,turned_away,None,n,5,5,central,slightly_facing,None,y,8.669394882642331
118,2,4,central,turned_away,None,n,5,5,central,strongly_facing,None,y,8.515098658734729
119,2,4,central,turned_away,None,n,5,5,central,strongly_facing,None,m,8.237499754158222
120,2,4,central,turned_away,None,n,5,5,central,strongly_facing,None,y,8.144124780283391
121,2,4,central,turned_away,None,n,5,5,central,slightly_facing,None,y,7.988622436182162
122,2,4,central,turned_away,None,n,5,5,central,slightly_facing,None,y,7.776970307610089
123,2,4,central,turned_away,None,n,5,5,central,slightly_facing,None,y,7.676950008016533
124,2,4,central,turned_away,None,n,5,5,central,strongly_facing,None,y,7.552822559167922
125,2,4,central,turned_away,None,n,5,5,central,strongly_facing,None,y,7.320690790730681
126,2,4,central,strongly_facing,None,n,5,5,central,strongly_facing,None,y,7.1482352158183815
127,2,4,central,strongly_facing,None,n,5,5,central,strongly_facing,None,y,7.003883180411339
128,2,4,central,strongly_facing,None,n,5,5,central,slightly_facing,None,m,6.764746162142756
129,2,4,central,strongly_facing,None,n,5,5,central,slightly_facing,None,y,6.6941381697058695
130,2,4,central,strongly_facing,None,n,5,5,central,slightly_facing,None,y,6.499796697152463
131,2,4,central,strongly_facing,None,n,5,5,central,strongly_facing,None,y,6.325252770964492
132,2,4,central,strongly_facing,None,n,5,5,central,strongly_facing,None,y,6.0892790302002116
133,2,4,central,strongly_facing,None,n,5,5,central,strongly_facing,None,y,5.912534406794595
134,2,4,central,strongly_facing,None,n,5,5,central,strongly_facing,None,y,5.720405264350507
135,2,4,central,strongly_facing,None,n,5,5,central,strongly_facing,None,y,5.555707532329352
136,2,4,central,strongly_facing,None,n,5,5,central,slightly_facing,None,y,5.393804653223735
137,2,4,central,strongly_facing,None,n,5,5,central,slightly_facing,None,y,5.246313804174218
138,2,4,central,strongly_facing,None,n,5,5,central,strongly_facing,None,y,5.097574580028627
139,2,4,central,strongly_facing,None,n,5,5,central,strongly_facing,None,y,4.930244681353057
140,2,4,central,strongly_facing,None,n,5,5,central,strongly_facing,None,y,4.703263756560761
141,2,4,central,strongly_facing,None,n,5,5,central,slightly_facing,None,y,4.552994571666547
142,2,4,central,strongly_facing,None,n,5,5,central,slightly_facing,None,y,4.39400736076455
143,2,4,central,strongly_facing,None,n,5,5,central,slightly_facing,None,y,4.280396952048846
144,2,4,central,strongly_facing,None,n,5,5,central,slightly_facing,None,y,4.0495645506460365
145,2,4,central,strongly_facing,None,n,5,5,central,strongly_facing,None,y,3.89050880216059
146,2,4,central,strongly_facing,None,n,5,5,central,strongly_facing,None,y,3.7011266620434706
147,2,4,central,strongly_facing,None,n,5,5,central,strongly_facing,None,y,3.544560524663394
148,2,4,central,strongly_facing,None,n,5,5,central,slightly_facing,None,y,3.3794357972248785
149,2,4,central,strongly_facing,None,n,5,5,central,slightly_facing,None,m,3.1706595858043505
150,2,4,central,strongly_facing,None,n,5,5,central,slightly_facing,None,y,3.1431418656474976
151,2,4,central,strongly_facing,None,n,5,5,central,slightly_facing,None,y,2.915270532330408
152,2,4,central,strongly_facing,None,n,5,5,central,strongly_facing,None,y,2.7581219069113
153,2,4,central,strongly_facing,None,n,5,5,central,strongly_facing,None,y,2.5703253163848783
154,2,4,central,strongly_facing,None,n,5,5,central,slightly_facing,None,y,2.326825574393789
155,2,4,central,strongly_facing,None,n,5,5,central,slightly_facing,None,y,2.1810839567228997
156,2,4,central,strongly_facing,None,n,5,5,central,slightly_facing,None,m,2.0154484363877927
157,2,4,central,strongly_facing,None,n,5,5,central,slightly_facing,None,y,1.9516295703421838
158,2,4,central,strongly_facing,None,n,5,5,central,slightly_facing,None,y,1.7394508301167864
159,2,4,central,strongly_facing,None,n,5,5,central,slightly_facing,None,m,1.558574769341843
160,2,4,central,strongly_facing,None,n,5,5,central,slightly_facing,None,m,1.4766248736510579
161,2,4,central,strongly_facing,None,n,5,5,central,slightly_facing,None,m,1.4597203507336618
162,2,4,central,strongly_facing,None,n,5,5,central,slightly_facing,None,m,1.4329215133164206
163,2,4,central,strongly_facing,None,n,5,5,central,slightly_facing,None,n,1.4165292406191274
