,imas_1,wti_1,viewing_area_1,body_facing_1,gesture_1,approaching_1,imas_2,wti_2,viewing_area_2,body_facing_2,gesture_2,approaching_2,distance
0,2,2,central,turned_away,None,n,2,2,mid_peripheral,slightly_facing,None,n,17.56514325208388
1,2,2,central,turned_away,None,n,2,2,mid_peripheral,slightly_facing,None,n,17.56514325208388
2,2,2,central,turned_away,None,n,2,2,mid_peripheral,slightly_facing,None,n,17.549881744202896
3,2,2,central,turned_away,None,n,2,2,mid_peripheral,slightly_facing,None,n,17.47093109514682
4,2,2,central,turned_away,None,n,2,2,mid_peripheral,slightly_facing,None,n,17.33322525224968
5,2,2,central,turned_away,None,n,2,2,outside,slightly_facing,None,n,17.29051552782189
6,2,2,central,turned_away,None,n,2,2,outside,slightly_facing,None,n,17.20379899165242
7,2,2,central,turned_away,None,n,2,2,outside,slightly_facing,None,n,17.183682519790278
8,2,2,central,turned_away,None,n,2,2,mid_peripheral,slightly_facing,None,n,17.13190703021695
9,2,2,central,slightly_facing,None,m,2,2,mid_peripheral,slightly_facing,None,n,16.99392751020355
10,2,2,central,slightly_facing,None,y,2,2,mid_peripheral,slightly_facing,None,n,16.908153663084157
11,2,2,central,slightly_facing,None,y,2,2,mid_peripheral,slightly_facing,None,n,16.78841418083879
12,2,2,central,slightly_facing,None,y,2,2,mid_peripheral,slightly_facing,None,n,16.612560974571657
13,2,2,central,slightly_facing,None,m,2,2,mid_peripheral,slightly_facing,None,n,16.48896075473494
14,2,2,central,slightly_facing,None,y,2,2,mid_peripheral,slightly_facing,None,n,16.39089787832174
15,2,2,central,turned_away,None,n,2,2,outside,slightly_facing,None,n,16.275305838084893
16,2,2,central,slightly_facing,None,m,2,3,central,slightly_facing,None,m,16.230613595630018
17,2,2,central,slightly_facing,None,y,2,3,central,slightly_facing,None,y,16.17244287745608
18,2,2,central,slightly_facing,None,y,2,3,central,slightly_facing,None,y,16.044525275742437
19,2,2,central,slightly_facing,None,y,2,3,central,slightly_facing,None,y,15.918920412776266
20,3,5,central,slightly_facing,wave_small_head,y,2,3,central,slightly_facing,None,y,15.749457741264171
21,3,5,central,slightly_facing,wave_small_head,m,2,3,central,slightly_facing,None,m,15.54436527712888
22,3,5,central,slightly_facing,wave_small_head,m,2,4,central,slightly_facing,arm_raise_high,m,15.445588133810377
23,3,5,central,slightly_facing,wave_small_head,m,2,4,central,slightly_facing,arm_raise_high,m,15.394267248633598
24,3,5,central,slightly_facing,wave_small_head,m,2,4,central,slightly_facing,arm_raise_high,m,15.345961642292998
25,3,5,central,slightly_facing,wave_small_head,m,2,4,central,slightly_facing,arm_raise_high,m,15.287493316799132
26,3,5,central,slightly_facing,wave_small_head,m,2,4,central,slightly_facing,arm_raise_high,m,15.221803760813367
27,3,5,central,slightly_facing,wave_small_head,m,2,4,central,slightly_facing,arm_raise_high,m,15.15358762512884
28,3,5,central,slightly_facing,wave_small_head,m,2,4,central,slightly_facing,arm_raise_high,m,15.116230674113567
29,3,5,central,slightly_facing,wave_small_head,m,2,4,central,turned_away,arm_raise_high,n,15.105656972809097
30,3,5,central,slightly_facing,wave_small_head,m,2,4,central,turned_away,arm_raise_high,n,15.10357118592619
31,3,5,central,slightly_facing,wave_small_head,m,2,4,central,strongly_facing,arm_raise_high,m,15.099756661934418
32,3,5,central,slightly_facing,wave_small_head,y,2,4,central,slightly_facing,arm_raise_high,y,15.055867698529534
33,3,5,central,slightly_facing,wave_small_head,m,2,4,central,slightly_facing,arm_raise_high,m,14.931084293901534
34,3,5,central,slightly_facing,wave_small_head,y,2,4,central,slightly_facing,arm_raise_high,y,14.871742240218822
35,3,5,central,strongly_facing,wave_small_head,y,2,4,central,slightly_facing,arm_raise_high,y,14.769305387633166
36,3,5,central,slightly_facing,wave_small_head,y,2,4,central,slightly_facing,arm_raise_high,y,14.637797595164546
37,3,5,central,slightly_facing,wave_small_head,y,2,4,central,slightly_facing,arm_raise_high,y,14.439616628957467
38,3,5,central,slightly_facing,wave_small_head,y,2,4,central,slightly_facing,arm_raise_high,y,14.285127539327503
39,3,5,central,slightly_facing,wave_small_head,y,2,4,central,slightly_facing,arm_raise_high,y,14.162915519150008
40,3,5,central,slightly_facing,wave_small_head,y,2,4,central,slightly_facing,None,y,14.00560529631719
41,3,5,central,slightly_facing,wave_small_head,y,2,4,central,slightly_facing,None,y,13.753564574074968
42,3,5,central,slightly_facing,wave_small_head,y,2,4,central,slightly_facing,None,y,13.639365550884103
43,3,5,central,slightly_facing,wave_small_head,y,2,4,central,slightly_facing,None,y,13.50141636236215
44,3,5,central,slightly_facing,wave_small_head,y,2,4,central,strongly_facing,None,y,13.351636723767761
45,3,5,central,slightly_facing,wave_small_head,y,2,4,central,strongly_facing,None,y,13.126495885645037
46,3,5,central,slightly_facing,wave_small_head,y,2,4,central,strongly_facing,None,y,13.01324096382327
47,3,5,central,slightly_facing,wave_small_head,y,2,4,central,strongly_facing,None,y,12.867352943251586
48,5,5,central,slightly_facing,None,y,2,4,central,slightly_facing,None,y,12.706373466742626
49,5,5,central,slightly_facing,None,y,2,4,central,slightly_facing,None,y,12.569787032316821
50,5,5,central,slightly_facing,None,y,2,4,central,slightly_facing,None,y,12.377023029432557
51,5,5,central,slightly_facing,None,y,2,4,central,slightly_facing,None,y,12.201249869607173
52,5,5,central,slightly_facing,None,m,2,4,central,slightly_facing,None,m,12.100609260008396
53,5,5,central,slightly_facing,None,y,2,4,central,slightly_facing,None,y,12.02828118308755
54,5,5,central,slightly_facing,None,m,2,4,central,slightly_facing,None,m,11.907603670933504
55,5,5,central,slightly_facing,None,y,2,4,central,slightly_facing,None,y,11.815775150965129
56,5,5,central,slightly_facing,None,m,2,4,central,slightly_facing,None,m,11.708168982849196
57,5,5,central,strongly_facing,None,m,2,4,central,slightly_facing,None,m,11.676595285047137
58,5,5,central,slightly_facing,None,m,2,4,central,slightly_facing,None,m,11.611911240868581
59,5,5,central,strongly_facing,None,y,2,4,central,turned_away,None,n,11.532392061807911
60,5,5,central,strongly_facing,None,y,2,4,central,turned_away,None,n,11.356041931084436
61,5,5,central,strongly_facing,None,y,2,4,central,turned_away,None,n,11.149324520842901
62,5,5,central,slightly_facing,None,y,2,4,central,turned_away,None,n,11.028741556587494
63,5,5,central,slightly_facing,None,y,2,4,central,slightly_facing,None,y,10.919814848835582
64,5,5,central,slightly_facing,None,m,2,4,central,slightly_facing,None,m,10.699920512690596
65,5,5,central,slightly_facing,None,y,2,4,central,slightly_facing,None,y,10.611721206697108
66,5,5,central,slightly_facing,None,y,2,4,central,slightly_facing,None,y,10.460361283458615
67,5,5,central,strongly_facing,None,y,2,4,central,slightly_facing,None,y,10.328522370226828
68,5,5,central,strongly_facing,None,y,2,4,central,slightly_facing,None,y,10.187190001133807
69,5,5,central,strongly_facing,None,y,2,4,central,turned_away,None,n,10.052049424567716
70,5,5,central,strongly_facing,None,y,2,4,central,turned_away,None,n,9.923329564213462
71,5,5,central,strongly_facing,None,y,2,4,central,turned_away,None,n,9.781726925708211
72,5,5,central,strongly_facing,None,m,2,4,central,turned_away,None,n,9.587016908439036
73,5,5,central,slightly_facing,None,m,2,4,central,turned_away,None,n,9.508592410754233
74,5,5,central,slightly_facing,None,y,2,4,central,slightly_facing,None,y,9.453110618356536
75,5,5,central,slightly_facing,None,y,2,4,central,slightly_facing,None,y,9.310827759338794
76,5,5,central,strongly_facing,None,y,2,4,central,turned_away,None,n,9.190180628564868
77,5,5,central,strongly_facing,None,y,2,4,central,slightly_facing,None,y,9.080068231232241
78,5,5,central,strongly_facing,None,y,2,4,central,slightly_facing,None,y,8.95161003208004
79,5,5,central,strongly_facing,None,y,2,4,central,turned_away,None,n,8.825434721213059
80,5,5,central,strongly_facing,None,y,2,4,central,turned_away,None,n,8.709203533749404
81,5,5,central,slightly_facing,None,y,2,4,central,strongly_facing,None,n,8.517377379522992
82,5,5,central,strongly_facing,None,m,2,4,central,strongly_facing,None,n,8.392277412718974
83,5,5,central,slightly_facing,None,y,2,4,central,strongly_facing,None,n,8.337608832926442
84,5,5,central,strongly_facing,None,y,2,4,central,strongly_facing,None,n,8.1619812943596
85,5,5,central,strongly_facing,None,y,2,4,central,strongly_facing,None,n,8.04218926578659
86,5,5,central,strongly_facing,None,y,2,4,central,strongly_facing,None,n,7.879742279138395
87,5,5,central,strongly_facing,None,y,2,4,central,strongly_facing,None,n,7.739756555171806
88,5,5,central,strongly_facing,None,y,2,4,central,strongly_facing,None,n,7.540640082516346
89,5,5,central,strongly_facing,None,y,2,4,central,strongly_facing,None,n,7.409733700830008
90,5,5,central,strongly_facing,None,y,2,4,central,strongly_facing,None,n,7.289461024906096
91,5,5,central,slightly_facing,None,y,2,4,central,strongly_facing,None,n,7.188539210693923
92,5,5,central,strongly_facing,None,y,2,4,central,strongly_facing,None,n,7.063828474820789
93,5,5,central,strongly_facing,None,y,2,4,central,strongly_facing,None,n,6.893209858142791
94,5,5,central,strongly_facing,None,y,2,4,central,strongly_facing,None,n,6.7307724913855935
95,5,5,central,strongly_facing,None,y,2,4,central,strongly_facing,None,n,6.592212010620414
96,5,5,central,strongly_facing,None,y,2,4,central,strongly_facing,None,n,6.476924882024879
97,5,5,central,slightly_facing,None,y,2,4,central,strongly_facing,None,n,6.3663589166116
98,5,5,central,slightly_facing,None,y,2,4,central,strongly_facing,None,n,6.17676399508513
99,5,5,central,slightly_facing,None,y,2,4,central,strongly_facing,None,n,6.058613998691205
100,5,5,central,slightly_facing,None,y,2,4,central,strongly_facing,None,n,5.924624652296642
101,5,5,central,strongly_facing,None,m,2,4,central,strongly_facing,None,n,5.770811237874972
102,5,5,central,strongly_facing,None,y,2,4,central,strongly_facing,None,n,5.69218807711797
103,5,5,central,strongly_facing,None,y,2,4,central,strongly_facing,None,n,5.567486288318725
104,5,5,central,strongly_facing,None,y,2,4,central,strongly_facing,None,n,5.4558380538826485
105,5,5,central,strongly_facing,None,m,2,4,central,strongly_facing,None,n,5.277372414724966
106,5,5,central,slightly_facing,None,y,2,4,central,strongly_facing,None,n,5.224207268999393
107,5,5,central,slightly_facing,None,y,2,4,central,strongly_facing,None,n,5.030062295978855
108,5,5,central,slightly_facing,None,y,2,4,central,strongly_facing,None,n,4.9114813121853595
109,5,5,central,strongly_facing,None,y,2,4,central,strongly_facing,None,n,4.709547507478825
110,5,5,central,strongly_facing,None,y,2,4,central,strongly_facing,None,n,4.582247189114963
111,5,5,central,strongly_facing,None,y,2,4,central,strongly_facing,None,n,4.4539577081395825
112,5,5,central,strongly_facing,None,y,2,4,central,strongly_facing,None,n,4.331118870433828
113,5,5,central,strongly_facing,None,y,2,4,central,strongly_facing,None,n,4.208627902640478
114,5,5,central,slightly_facing,None,m,2,4,central,strongly_facing,None,n,4.013598272068214
115,5,5,central,slightly_facing,None,m,2,4,central,strongly_facing,None,n,3.922215894077234
116,5,5,central,slightly_facing,None,y,2,4,central,strongly_facing,None,n,3.8679719214261326
117,5,5,central,slightly_facing,None,y,2,4,central,strongly_facing,None,n,3.7446339254698913
118,5,5,central,strongly_facing,None,y,2,4,central,strongly_facing,None,n,3.575717199254439
119,5,5,central,strongly_facing,None,y,2,4,central,strongly_facing,None,n,3.413883724320157
120,5,5,central,strongly_facing,None,y,2,4,central,strongly_facing,None,n,3.275111549290495
121,5,5,central,strongly_facing,None,y,2,4,central,strongly_facing,None,n,3.142488092447767
122,5,5,central,slightly_facing,None,y,2,4,central,strongly_facing,None,n,2.978027577054989
123,5,5,central,slightly_facing,None,y,2,4,central,strongly_facing,None,n,2.8341574259677227
124,5,5,central,slightly_facing,None,y,2,4,central,strongly_facing,None,n,2.721379332149419
125,5,5,central,slightly_facing,None,y,2,4,central,strongly_facing,None,n,2.598003126523329
126,5,5,central,strongly_facing,None,y,2,4,central,strongly_facing,None,n,2.436126281627459
127,5,5,central,strongly_facing,None,y,2,4,central,strongly_facing,None,n,2.278792552061072
128,5,5,central,strongly_facing,None,y,2,4,central,strongly_facing,None,n,2.1476541063190333
129,5,5,central,strongly_facing,None,m,2,4,central,strongly_facing,None,n,1.9653385587231562
130,5,5,central,slightly_facing,None,y,2,4,central,strongly_facing,None,n,1.8945735463718487
131,5,5,central,slightly_facing,None,m,2,4,central,strongly_facing,None,n,1.7286315341911351
132,5,5,central,strongly_facing,None,m,2,4,central,strongly_facing,None,n,1.684531149329393
133,5,5,central,slightly_facing,None,m,2,4,central,strongly_facing,None,n,1.6725876361243375
134,5,5,central,slightly_facing,None,m,2,4,central,strongly_facing,None,n,1.64094937001268
135,5,5,central,slightly_facing,None,n,2,4,central,strongly_facing,None,n,1.621048179766417
