,imas_1,wti_1,viewing_area_1,body_facing_1,gesture_1,approaching_1,imas_2,wti_2,viewing_area_2,body_facing_2,gesture_2,approaching_2,distance
0,2,2,mid_peripheral,strongly_facing,None,n,2,3,outside,turned_away,None,n,31.11028181705567
1,2,2,mid_peripheral,strongly_facing,None,n,2,3,outside,turned_away,None,n,31.11028181705567
2,2,2,mid_peripheral,strongly_facing,None,n,2,3,outside,turned_away,None,n,31.11028181705567
3,2,2,mid_peripheral,strongly_facing,None,n,2,3,outside,turned_away,None,n,31.11028181705567
4,2,2,mid_peripheral,strongly_facing,None,n,2,3,outside,turned_away,None,n,31.11028181705567
5,2,2,mid_peripheral,strongly_facing,None,n,2,3,outside,turned_away,None,n,31.11028181705567
6,2,2,mid_peripheral,strongly_facing,None,n,2,3,outside,turned_away,None,n,31.11028181705567
7,2,2,mid_peripheral,strongly_facing,None,n,2,3,outside,turned_away,None,n,31.11028181705567
8,2,2,mid_peripheral,strongly_facing,None,n,2,3,outside,turned_away,None,n,31.11028181705567
9,2,2,mid_peripheral,strongly_facing,None,n,2,3,outside,turned_away,None,n,31.11028181705567
10,2,2,mid_peripheral,slightly_facing,None,n,2,3,mid_peripheral,slightly_facing,None,n,31.094186174943587
11,2,2,mid_peripheral,slightly_facing,None,n,2,3,mid_peripheral,strongly_facing,None,n,30.838062548588184
12,2,2,mid_peripheral,slightly_facing,None,n,2,3,mid_peripheral,strongly_facing,None,n,30.511125556244497
13,2,2,mid_peripheral,slightly_facing,None,n,2,3,mid_peripheral,strongly_facing,None,n,30.249456282034554
14,2,2,mid_peripheral,slightly_facing,None,n,2,3,mid_peripheral,slightly_facing,None,n,30.03048007469492
15,2,2,mid_peripheral,slightly_facing,None,n,2,3,mid_peripheral,slightly_facing,None,n,29.69828286559678
16,2,2,mid_peripheral,strongly_facing,None,n,3,4,central,strongly_facing,None,y,29.419252448285302
17,2,2,mid_peripheral,strongly_facing,None,n,3,4,central,strongly_facing,None,y,29.073337033652326
18,2,2,mid_peripheral,strongly_facing,None,n,3,4,central,strongly_facing,None,y,28.87803733748665
19,2,2,mid_peripheral,slightly_facing,None,n,3,4,central,strongly_facing,None,y,28.744334864841335
20,2,2,mid_peripheral,slightly_facing,None,n,3,4,central,strongly_facing,None,y,28.578228487890147
21,2,2,mid_peripheral,slightly_facing,None,n,3,4,central,slightly_facing,None,y,28.193943769603077
22,2,2,mid_peripheral,slightly_facing,None,n,3,4,central,slightly_facing,None,y,27.862839378446303
23,2,2,mid_peripheral,slightly_facing,None,n,3,4,central,slightly_facing,None,y,27.62336788534606
24,2,2,mid_peripheral,slightly_facing,None,n,3,4,central,slightly_facing,None,y,27.360274243953764
25,2,2,mid_peripheral,strongly_facing,None,n,3,4,central,slightly_facing,arm_raise_high,y,27.12093607648757
26,2,2,mid_peripheral,strongly_facing,None,n,3,4,central,slightly_facing,arm_raise_high,y,26.941195005432185
27,2,2,mid_peripheral,strongly_facing,None,n,3,4,central,slightly_facing,arm_raise_high,y,26.783483974990745
28,2,2,mid_peripheral,slightly_facing,None,n,3,4,central,slightly_facing,arm_raise_high,y,26.645744071609652
29,2,2,mid_peripheral,slightly_facing,None,n,3,4,central,slightly_facing,arm_raise_high,m,26.478079222437437
30,2,2,mid_peripheral,slightly_facing,None,n,3,4,central,slightly_facing,arm_raise_high,y,26.39061714977488
31,2,2,mid_peripheral,slightly_facing,None,n,3,4,central,slightly_facing,arm_raise_high,y,26.193579583691957
32,2,2,mid_peripheral,slightly_facing,None,n,3,4,central,slightly_facing,arm_raise_high,y,25.950828604465407
33,2,2,mid_peripheral,slightly_facing,None,n,3,4,central,slightly_facing,arm_raise_high,y,25.839934602040845
34,2,2,mid_peripheral,slightly_facing,None,n,3,4,central,slightly_facing,arm_raise_high,y,25.70194049525514
35,2,2,mid_peripheral,slightly_facing,None,n,3,4,central,slightly_facing,arm_raise_high,y,25.529123064236767
36,2,2,central,strongly_facing,None,y,3,4,central,slightly_facing,arm_raise_high,y,25.354759999214135
37,2,2,central,strongly_facing,None,y,3,4,central,slightly_facing,arm_raise_high,y,25.207844133180227
38,2,2,central,slightly_facing,None,y,3,4,central,slightly_facing,arm_raise_high,y,25.084094496150662
39,2,2,central,slightly_facing,None,y,3,4,central,slightly_facing,arm_raise_high,y,24.922292230450733
40,2,2,central,slightly_facing,None,y,3,4,central,strongly_facing,None,y,24.694845631381234
41,2,2,central,slightly_facing,None,y,3,4,central,slightly_facing,None,y,24.431145345893587
42,2,2,central,slightly_facing,None,y,3,4,central,slightly_facing,None,y,24.222884596331482
43,2,2,central,slightly_facing,None,y,3,4,central,slightly_facing,None,y,24.020325748595003
44,2,2,central,slightly_facing,None,y,3,4,central,strongly_facing,None,y,23.84336554897568
45,2,2,central,slightly_facing,None,y,3,4,central,strongly_facing,None,y,23.568872511871355
46,2,2,central,slightly_facing,None,y,3,4,central,strongly_facing,None,y,23.368693207680952
47,2,2,central,slightly_facing,None,y,3,4,central,slightly_facing,None,y,23.175810150018147
48,2,2,central,slightly_facing,None,y,3,4,central,slightly_facing,None,y,22.963171809918332
49,2,2,central,slightly_facing,None,m,3,4,central,slightly_facing,None,n,22.79884518292503
50,2,2,central,slightly_facing,None,y,3,4,central,slightly_facing,None,y,22.719718274211345
51,2,2,central,slightly_facing,None,y,3,4,central,strongly_facing,None,y,22.618104129970796
52,2,2,central,slightly_facing,None,y,3,4,central,slightly_facing,None,y,22.497684843288944
53,2,2,central,slightly_facing,None,y,3,4,central,slightly_facing,None,y,22.30624294315369
54,2,2,central,slightly_facing,None,y,3,4,central,slightly_facing,None,y,22.02808327901586
55,2,2,central,slightly_facing,None,y,3,4,central,slightly_facing,None,y,21.845352904587948
56,2,3,central,slightly_facing,arm_raise_high,y,3,4,central,slightly_facing,None,y,21.68359268318774
57,2,3,central,slightly_facing,arm_raise_high,y,3,4,central,slightly_facing,None,y,21.50020646582953
58,2,3,central,slightly_facing,arm_raise_high,y,3,4,central,slightly_facing,None,y,21.272974036056034
59,2,3,central,slightly_facing,arm_raise_high,y,3,4,central,slightly_facing,None,y,21.13393976239719
60,2,3,central,slightly_facing,arm_raise_high,y,3,4,central,slightly_facing,None,y,20.954883010504087
61,2,3,central,slightly_facing,arm_raise_high,y,3,4,central,slightly_facing,None,y,20.799132648224777
62,2,3,central,slightly_facing,arm_raise_high,y,3,4,central,slightly_facing,None,y,20.63868753356192
63,2,3,central,slightly_facing,arm_raise_high,y,3,4,central,slightly_facing,None,y,20.461198916429705
64,2,3,central,slightly_facing,arm_raise_high,y,3,4,central,slightly_facing,None,y,20.286199530782227
65,2,3,central,slightly_facing,arm_raise_high,y,3,4,central,slightly_facing,None,y,20.103736533879097
66,2,3,central,slightly_facing,arm_raise_high,y,3,4,central,slightly_facing,None,y,19.967197384537318
67,2,3,central,slightly_facing,arm_raise_high,y,3,4,central,slightly_facing,None,y,19.79276307806922
68,2,3,central,slightly_facing,arm_raise_high,y,3,4,central,slightly_facing,None,y,19.597212725903653
69,2,3,central,slightly_facing,arm_raise_high,y,3,4,central,slightly_facing,None,y,19.38978762066196
70,2,3,central,slightly_facing,arm_raise_high,y,3,4,central,slightly_facing,None,y,19.199705442080617
71,2,3,central,slightly_facing,arm_raise_high,y,3,4,central,slightly_facing,None,y,19.054725524963228
72,4,4,central,slightly_facing,None,y,3,4,central,slightly_facing,None,y,18.82140947560817
73,4,4,central,slightly_facing,None,y,3,4,central,slightly_facing,None,y,18.635721516610882
74,4,4,central,slightly_facing,None,m,3,4,central,slightly_facing,None,m,18.344279624787777
75,4,4,central,slightly_facing,None,y,3,4,central,slightly_facing,None,y,18.244369310508844
76,4,4,central,slightly_facing,None,y,3,4,central,slightly_facing,None,y,18.025736210113276
77,4,4,central,slightly_facing,None,y,3,4,central,slightly_facing,None,y,17.824791569133705
78,4,4,central,slightly_facing,None,y,3,4,central,slightly_facing,None,y,17.604167222608854
79,4,4,central,strongly_facing,None,y,3,4,central,slightly_facing,None,y,17.395794532953328
80,4,4,central,slightly_facing,None,y,3,4,central,slightly_facing,None,y,17.253981267591577
81,4,4,central,slightly_facing,None,y,3,4,central,slightly_facing,None,y,17.053412713624947
82,4,4,central,slightly_facing,None,y,3,4,central,slightly_facing,None,y,16.852289933381154
83,4,4,central,slightly_facing,None,y,3,4,central,slightly_facing,None,y,16.606954544500265
84,4,4,central,slightly_facing,None,y,3,4,central,slightly_facing,None,y,16.41515136139636
85,4,4,central,strongly_facing,None,y,3,4,central,slightly_facing,None,y,16.22972439394693
86,4,4,central,slightly_facing,None,y,3,4,central,slightly_facing,None,y,15.874345092679444
87,4,4,central,slightly_facing,None,y,3,4,central,slightly_facing,None,y,15.69071962592937
88,4,4,central,slightly_facing,None,y,3,4,central,slightly_facing,None,y,15.230274236990088
89,4,4,central,strongly_facing,None,y,3,4,central,slightly_facing,None,y,14.931535956617791
90,4,4,central,slightly_facing,None,y,3,4,central,slightly_facing,None,y,14.725489320443145
91,4,4,central,slightly_facing,None,y,3,4,central,slightly_facing,None,y,14.4175747936789
92,4,4,central,slightly_facing,None,y,3,4,central,slightly_facing,None,y,14.14075034021165
93,4,4,central,slightly_facing,None,y,3,4,central,slightly_facing,None,y,13.954810422032574
94,4,4,central,strongly_facing,None,y,3,4,central,slightly_facing,None,y,13.583778718605995
95,4,4,central,strongly_facing,None,y,3,4,central,slightly_facing,None,y,13.299833981559996
96,4,4,central,slightly_facing,None,y,3,4,central,slightly_facing,None,y,13.02192745549264
97,4,4,central,slightly_facing,None,y,3,4,central,slightly_facing,None,y,12.717361008717374
98,4,4,central,slightly_facing,None,y,3,4,central,slightly_facing,None,y,12.386036764204633
99,4,4,central,slightly_facing,None,y,3,4,central,slightly_facing,None,y,12.05929504059246
100,4,4,central,strongly_facing,None,y,3,4,central,slightly_facing,None,y,11.764500963691235
101,4,4,central,slightly_facing,None,y,3,4,central,slightly_facing,None,y,11.575154210776162
102,4,4,central,slightly_facing,None,y,3,4,central,slightly_facing,None,y,11.111837092181029
103,4,4,central,slightly_facing,None,y,3,4,central,slightly_facing,None,y,10.96296396659794
104,4,4,central,slightly_facing,None,y,3,4,central,slightly_facing,None,y,10.657754210643999
105,4,4,central,strongly_facing,None,y,3,4,central,slightly_facing,None,y,10.40843259015136
106,4,4,central,strongly_facing,None,y,3,4,central,slightly_facing,None,y,10.163258639746795
107,4,4,central,slightly_facing,None,y,3,4,central,slightly_facing,None,y,9.758389663621458
108,4,4,central,slightly_facing,None,y,3,4,central,slightly_facing,None,y,9.442310004506572
109,4,4,central,slightly_facing,None,y,3,4,central,slightly_facing,None,y,9.311308384477714
110,4,4,central,strongly_facing,None,y,3,4,central,slightly_facing,None,y,9.037281714484337
111,4,4,central,strongly_facing,None,y,3,4,central,slightly_facing,None,y,8.70678856841172
112,4,4,central,strongly_facing,None,y,3,4,central,slightly_facing,None,y,8.381155006358963
113,4,4,central,slightly_facing,None,y,3,4,central,slightly_facing,None,y,8.215977121474044
114,4,4,central,slightly_facing,None,y,3,4,central,slightly_facing,None,y,7.870422120960282
115,4,4,central,strongly_facing,None,y,3,4,central,slightly_facing,None,y,7.629540707470659
116,4,4,central,strongly_facing,None,y,3,4,central,slightly_facing,None,y,7.340950424785748
117,4,4,central,strongly_facing,None,m,3,4,central,slightly_facing,None,n,6.942302410409537
118,4,4,central,strongly_facing,None,y,3,4,central,slightly_facing,None,y,6.851495551230404
119,4,4,central,strongly_facing,None,y,3,4,central,slightly_facing,None,y,6.354067026272633
120,4,4,central,strongly_facing,None,y,3,4,central,slightly_facing,None,y,6.187170545173372
121,4,4,central,strongly_facing,None,y,3,4,central,slightly_facing,None,y,5.902732501823286
122,4,4,central,strongly_facing,None,y,3,4,central,turned_away,None,n,5.566148874322797
123,4,4,central,strongly_facing,None,y,3,4,central,slightly_facing,None,y,5.464575241313912
124,4,4,central,strongly_facing,None,y,3,4,central,slightly_facing,None,y,5.239203910118026
125,4,4,central,strongly_facing,None,y,3,4,central,slightly_facing,None,y,4.9805813098722655
126,4,4,central,strongly_facing,None,y,3,4,central,slightly_facing,None,y,4.79154186513297
127,4,4,central,strongly_facing,None,y,3,4,central,slightly_facing,None,y,4.544056818154673
128,4,4,central,strongly_facing,None,y,3,4,central,strongly_facing,None,n,4.2304938411945505
129,4,4,central,strongly_facing,None,y,3,4,central,strongly_facing,None,n,3.995004036338508
130,4,4,central,strongly_facing,None,m,3,4,central,strongly_facing,None,n,3.7821999728523106
131,4,4,central,strongly_facing,None,y,3,4,central,strongly_facing,None,n,3.6887407702819117
132,4,4,central,strongly_facing,None,y,3,4,central,strongly_facing,None,n,3.38215453895901
133,4,4,central,slightly_facing,None,y,3,4,central,strongly_facing,None,n,3.1922735733608443
134,4,4,central,strongly_facing,None,y,3,4,central,strongly_facing,None,n,2.9843041550393385
135,4,4,central,strongly_facing,None,y,3,4,central,strongly_facing,None,n,2.7578865227585037
136,4,4,central,strongly_facing,None,y,3,4,central,strongly_facing,None,n,2.5390782753174386
137,4,4,central,strongly_facing,None,y,3,4,central,strongly_facing,None,n,2.3200513402140466
138,4,4,central,slightly_facing,None,y,3,4,central,strongly_facing,None,n,2.0428838205341036
139,4,4,central,strongly_facing,None,y,3,4,central,strongly_facing,None,n,1.83069036379094
140,4,4,central,strongly_facing,None,y,3,4,central,strongly_facing,None,n,1.6030224782344733
141,4,4,central,strongly_facing,None,y,3,4,central,strongly_facing,None,n,1.4371087677695082
142,4,4,central,strongly_facing,None,y,3,4,central,strongly_facing,None,n,1.2552476997266342
143,4,4,central,strongly_facing,None,y,3,4,central,strongly_facing,None,n,1.0366227578140477
144,4,4,central,slightly_facing,None,m,3,4,central,strongly_facing,None,n,0.8626670620262435
145,4,4,central,strongly_facing,None,m,3,4,central,strongly_facing,None,n,0.8264925022339854
146,4,4,central,strongly_facing,None,n,3,4,central,strongly_facing,None,n,0.799597890153542
