,imas_1,wti_1,viewing_area_1,body_facing_1,gesture_1,approaching_1,imas_2,wti_2,viewing_area_2,body_facing_2,gesture_2,approaching_2,distance
0,2,2,mid_peripheral,slightly_facing,None,n,2,2,central,slightly_facing,None,n,17.70050447845047
1,2,2,mid_peripheral,slightly_facing,None,n,2,2,central,slightly_facing,None,n,17.70050447845047
2,2,2,mid_peripheral,slightly_facing,None,n,2,2,central,slightly_facing,None,n,17.70050447845047
3,2,2,mid_peripheral,slightly_facing,None,n,2,2,central,slightly_facing,None,n,17.70050447845047
4,2,2,mid_peripheral,slightly_facing,None,n,2,2,central,slightly_facing,None,n,17.70050447845047
5,2,2,mid_peripheral,slightly_facing,None,n,2,2,central,slightly_facing,None,n,17.70050447845047
6,2,2,mid_peripheral,slightly_facing,None,n,2,2,central,slightly_facing,None,n,17.70050447845047
7,2,2,mid_peripheral,slightly_facing,None,n,2,2,central,slightly_facing,None,n,17.70050447845047
8,2,2,mid_peripheral,slightly_facing,None,n,2,2,central,slightly_facing,None,n,17.645114133317726
9,2,2,mid_peripheral,slightly_facing,None,n,2,2,central,slightly_facing,None,n,17.591484865773445
10,2,2,outside,slightly_facing,None,n,2,2,central,slightly_facing,None,n,17.51942915759315
11,2,2,outside,slightly_facing,None,n,2,2,central,slightly_facing,None,y,17.41807463312349
12,2,2,outside,slightly_facing,None,n,2,2,central,slightly_facing,None,m,17.2638462069275
13,2,2,mid_peripheral,slightly_facing,None,n,2,2,central,slightly_facing,None,y,17.184738838732954
14,2,2,mid_peripheral,slightly_facing,None,n,2,2,central,slightly_facing,None,y,17.072191498797846
15,2,2,mid_peripheral,slightly_facing,None,n,2,2,central,slightly_facing,None,y,16.895472782810014
16,2,2,mid_peripheral,slightly_facing,None,n,2,2,central,slightly_facing,None,m,16.752433808863735
17,2,2,mid_peripheral,slightly_facing,None,n,2,2,central,slightly_facing,None,y,16.674567653442438
18,2,2,mid_peripheral,slightly_facing,None,n,2,2,central,slightly_facing,None,y,16.57046817841197
19,2,2,mid_peripheral,slightly_facing,None,n,3,5,central,slightly_facing,wave_small_head,m,16.456992457291456
20,2,2,mid_peripheral,slightly_facing,None,n,3,5,central,slightly_facing,wave_small_head,m,16.40864929550979
21,2,3,central,slightly_facing,None,y,3,5,central,slightly_facing,wave_small_head,y,16.317956261469085
22,2,3,central,slightly_facing,None,m,3,5,central,slightly_facing,wave_small_head,m,16.187417598126796
23,2,3,central,slightly_facing,None,m,3,5,central,slightly_facing,wave_small_head,m,16.088481776784842
24,2,3,central,slightly_facing,None,y,3,5,central,slightly_facing,wave_small_head,y,16.007318754632948
25,2,3,central,slightly_facing,None,y,3,5,central,slightly_facing,wave_small_head,y,15.888006596380338
26,2,3,central,slightly_facing,None,m,3,5,central,slightly_facing,wave_small_head,m,15.705334302625328
27,2,3,central,slightly_facing,None,y,3,5,central,slightly_facing,wave_small_head,y,15.60695755143279
28,2,3,central,slightly_facing,None,y,3,5,central,slightly_facing,wave_small_head,y,15.489308604197314
29,2,3,central,slightly_facing,None,y,3,5,central,slightly_facing,wave_small_head,y,15.380440952128062
30,2,3,central,slightly_facing,None,y,3,5,central,slightly_facing,wave_small_head,y,15.26086940946501
31,2,4,central,slightly_facing,arm_raise_high,y,3,5,central,slightly_facing,wave_small_head,y,15.140610263853995
32,2,4,central,slightly_facing,arm_raise_high,m,3,5,central,slightly_facing,wave_small_head,m,15.004653754321486
33,2,4,central,slightly_facing,arm_raise_high,m,3,5,central,slightly_facing,wave_small_head,m,14.921345207354094
34,2,4,central,slightly_facing,arm_raise_high,y,3,5,central,slightly_facing,wave_small_head,y,14.830708046683435
35,2,4,central,slightly_facing,arm_raise_high,m,3,5,central,slightly_facing,wave_small_head,m,14.696792481022651
36,2,4,central,slightly_facing,arm_raise_high,y,3,5,central,slightly_facing,wave_small_head,y,14.604702990133859
37,2,4,central,slightly_facing,arm_raise_high,m,3,5,central,slightly_facing,wave_small_head,m,14.474337465056566
38,2,4,central,slightly_facing,arm_raise_high,m,3,5,central,slightly_facing,wave_small_head,m,14.427562178624905
39,2,4,central,slightly_facing,arm_raise_high,m,3,5,central,slightly_facing,wave_small_head,m,14.341283084771497
40,2,4,central,slightly_facing,arm_raise_high,m,3,5,central,slightly_facing,wave_small_head,m,14.264104089495982
41,2,4,central,slightly_facing,arm_raise_high,m,3,5,central,strongly_facing,wave_small_head,m,14.171720359215263
42,2,4,central,slightly_facing,arm_raise_high,m,3,5,central,strongly_facing,wave_small_head,m,14.091933335232072
43,2,4,central,slightly_facing,arm_raise_high,m,3,5,central,strongly_facing,wave_small_head,m,14.030710494535766
44,2,4,central,slightly_facing,arm_raise_high,m,3,5,central,slightly_facing,wave_small_head,m,13.956859471772653
45,2,4,central,slightly_facing,arm_raise_high,y,3,5,central,slightly_facing,wave_small_head,y,13.88813998919182
46,2,4,central,slightly_facing,arm_raise_high,y,3,5,central,slightly_facing,wave_small_head,y,13.743282740516145
47,2,4,central,slightly_facing,arm_raise_high,m,3,5,central,slightly_facing,wave_small_head,m,13.574084084691277
48,2,4,central,slightly_facing,arm_raise_high,y,3,5,central,slightly_facing,wave_small_head,y,13.474193385466195
49,2,4,central,slightly_facing,arm_raise_high,y,3,5,central,slightly_facing,wave_small_head,y,13.349228949695943
50,2,4,central,slightly_facing,arm_raise_high,y,3,5,central,slightly_facing,wave_small_head,y,13.173248635697115
51,2,4,central,slightly_facing,None,y,3,5,central,slightly_facing,wave_small_head,y,13.014642937424131
52,2,4,central,slightly_facing,None,y,3,5,central,slightly_facing,wave_small_head,y,12.896506508916895
53,2,4,central,slightly_facing,None,m,3,5,central,slightly_facing,wave_small_head,m,12.778960899253898
54,2,4,central,slightly_facing,None,y,3,5,central,slightly_facing,wave_small_head,y,12.701149710358193
55,2,4,central,slightly_facing,None,m,3,5,central,slightly_facing,wave_small_head,m,12.591179919545034
56,2,4,central,slightly_facing,None,y,3,5,central,slightly_facing,wave_small_head,y,12.502990055145414
57,2,4,central,slightly_facing,None,m,3,5,central,slightly_facing,wave_small_head,m,12.372964298632573
58,2,4,central,slightly_facing,None,y,3,5,central,slightly_facing,wave_small_head,y,12.273993188777647
59,2,4,central,slightly_facing,None,y,3,5,central,slightly_facing,wave_small_head,y,12.164353708891559
60,2,4,central,slightly_facing,None,m,5,5,central,slightly_facing,None,m,12.050865311960388
61,2,4,central,slightly_facing,None,m,5,5,central,turned_away,None,n,12.003331051384858
62,2,4,central,slightly_facing,None,m,5,5,central,turned_away,None,n,12.002693277739166
63,2,4,central,slightly_facing,None,m,5,5,central,slightly_facing,None,m,11.977560123051598
64,2,4,central,slightly_facing,None,m,5,5,central,slightly_facing,None,m,11.893204396964041
65,2,4,central,slightly_facing,None,m,5,5,central,slightly_facing,None,m,11.832368105402571
66,2,4,central,slightly_facing,None,m,5,5,central,slightly_facing,None,m,11.742711405055987
67,2,4,central,slightly_facing,None,m,5,5,central,slightly_facing,None,m,11.683533465484192
68,2,4,central,slightly_facing,None,m,5,5,central,turned_away,None,n,11.618421473164936
69,2,4,central,slightly_facing,None,m,5,5,central,strongly_facing,None,m,11.606906084503061
70,2,4,central,slightly_facing,None,m,5,5,central,slightly_facing,None,m,11.585013493275909
71,2,4,central,slightly_facing,None,m,5,5,central,slightly_facing,None,m,11.576233237932366
72,2,4,central,slightly_facing,None,m,5,5,central,slightly_facing,None,m,11.536842946185436
73,2,4,central,turned_away,None,n,5,5,central,slightly_facing,None,m,11.458615344373031
74,2,4,central,slightly_facing,None,m,5,5,central,slightly_facing,None,m,11.404398744820575
75,2,4,central,slightly_facing,None,m,5,5,central,slightly_facing,None,m,11.339824327862797
76,2,4,central,slightly_facing,None,y,5,5,central,strongly_facing,None,y,11.246073404144218
77,2,4,central,strongly_facing,None,n,5,5,central,strongly_facing,None,y,11.119012325521767
78,2,4,central,strongly_facing,None,n,5,5,central,strongly_facing,None,y,10.997280298617696
79,2,4,central,strongly_facing,None,n,5,5,central,strongly_facing,None,y,10.889892061372551
80,2,4,central,strongly_facing,None,n,5,5,central,slightly_facing,None,y,10.731413107056717
81,2,4,central,strongly_facing,None,n,5,5,central,slightly_facing,None,y,10.59601106285006
82,2,4,central,strongly_facing,None,n,5,5,central,slightly_facing,None,y,10.483266291428253
83,2,4,central,strongly_facing,None,n,5,5,central,slightly_facing,None,m,10.382988345100319
84,2,4,central,strongly_facing,None,n,5,5,central,slightly_facing,None,y,10.285416058041983
85,2,4,central,strongly_facing,None,n,5,5,central,strongly_facing,None,y,10.157868737828862
86,2,4,central,strongly_facing,None,n,5,5,central,strongly_facing,None,y,10.00964353301699
87,2,4,central,strongly_facing,None,n,5,5,central,strongly_facing,None,y,9.848911430244506
88,2,4,central,strongly_facing,None,n,5,5,central,strongly_facing,None,m,9.696398411422914
89,2,4,central,strongly_facing,None,n,5,5,central,strongly_facing,None,y,9.603055858224396
90,2,4,central,strongly_facing,None,n,5,5,central,slightly_facing,None,y,9.480700339600913
91,2,4,central,strongly_facing,None,n,5,5,central,slightly_facing,None,y,9.373858155511249
92,2,4,central,strongly_facing,None,n,5,5,central,slightly_facing,None,y,9.237243854074705
93,2,4,central,strongly_facing,None,n,5,5,central,slightly_facing,None,m,9.096088313139663
94,2,4,central,strongly_facing,None,n,5,5,central,slightly_facing,None,y,9.011712709604756
95,2,4,central,strongly_facing,None,n,5,5,central,strongly_facing,None,y,8.872931718421196
96,2,4,central,strongly_facing,None,n,5,5,central,strongly_facing,None,y,8.757147620307421
97,2,4,central,strongly_facing,None,n,5,5,central,strongly_facing,None,y,8.62130974910146
98,2,4,central,strongly_facing,None,n,5,5,central,strongly_facing,None,y,8.488326024401388
99,2,4,central,strongly_facing,None,n,5,5,central,slightly_facing,None,y,8.34566055193356
100,2,4,central,strongly_facing,None,n,5,5,central,slightly_facing,None,m,8.187062682107422
101,2,4,central,strongly_facing,None,n,5,5,central,slightly_facing,None,m,8.1237195435746
102,2,4,central,strongly_facing,None,n,5,5,central,slightly_facing,None,y,8.030338039201649
103,2,4,central,strongly_facing,None,n,5,5,central,strongly_facing,None,m,7.9000302839118275
104,2,4,central,strongly_facing,None,n,5,5,central,strongly_facing,None,y,7.811882757784066
105,2,4,central,strongly_facing,None,n,5,5,central,strongly_facing,None,y,7.635948147987186
106,2,4,central,strongly_facing,None,n,5,5,central,strongly_facing,None,y,7.528054055903688
107,2,4,central,strongly_facing,None,n,5,5,central,strongly_facing,None,y,7.372901016817996
108,2,4,central,strongly_facing,None,n,5,5,central,strongly_facing,None,y,7.272529347525868
109,2,4,central,strongly_facing,None,n,5,5,central,slightly_facing,None,m,7.1114901126136
110,2,4,central,strongly_facing,None,n,5,5,central,slightly_facing,None,m,7.0166068546396385
111,2,4,central,strongly_facing,None,n,5,5,central,slightly_facing,None,m,6.942206945525676
112,2,4,central,strongly_facing,None,n,5,5,central,slightly_facing,None,y,6.843146285841402
113,2,4,central,strongly_facing,None,n,5,5,central,strongly_facing,None,y,6.710566170928113
114,2,4,central,strongly_facing,None,n,5,5,central,strongly_facing,None,y,6.602804152209647
115,2,4,central,strongly_facing,None,n,5,5,central,strongly_facing,None,y,6.413941855352297
116,2,4,central,strongly_facing,None,n,5,5,central,strongly_facing,None,y,6.261441036235666
117,2,4,central,strongly_facing,None,n,5,5,central,slightly_facing,None,y,6.133598346850237
118,2,4,central,strongly_facing,None,n,5,5,central,slightly_facing,None,y,5.985936596191522
119,2,4,central,strongly_facing,None,n,5,5,central,slightly_facing,None,m,5.850868629034924
120,2,4,central,strongly_facing,None,n,5,5,central,slightly_facing,None,y,5.761750392753659
121,2,4,central,strongly_facing,None,n,5,5,central,slightly_facing,None,y,5.605672468659665
122,2,4,central,strongly_facing,None,n,5,5,central,strongly_facing,None,y,5.483711232311563
123,2,4,central,strongly_facing,None,n,5,5,central,strongly_facing,None,m,5.306773829749664
124,2,4,central,strongly_facing,None,n,5,5,central,strongly_facing,None,y,5.233563776854628
125,2,4,central,strongly_facing,None,n,5,5,central,slightly_facing,None,y,5.077513198787368
126,2,4,central,strongly_facing,None,n,5,5,central,slightly_facing,None,y,4.921302352867173
127,2,4,central,strongly_facing,None,n,5,5,central,slightly_facing,None,m,4.798441981714066
128,2,4,central,strongly_facing,None,n,5,5,central,slightly_facing,None,y,4.731856094236274
129,2,4,central,strongly_facing,None,n,5,5,central,slightly_facing,None,y,4.613916131130354
130,2,4,central,strongly_facing,None,n,5,5,central,slightly_facing,None,m,4.436620426276283
131,2,4,central,strongly_facing,None,n,5,5,central,strongly_facing,None,y,4.398792547667593
132,2,4,central,strongly_facing,None,n,5,5,central,strongly_facing,None,m,4.184044739344448
133,2,4,central,strongly_facing,None,n,5,5,central,strongly_facing,None,y,4.09167877319432
134,2,4,central,strongly_facing,None,n,5,5,central,slightly_facing,None,m,3.9389943914664265
135,2,4,central,strongly_facing,None,n,5,5,central,slightly_facing,None,y,3.8544634315080777
136,2,4,central,strongly_facing,None,n,5,5,central,slightly_facing,None,y,3.7154382547959246
137,2,4,central,strongly_facing,None,n,5,5,central,slightly_facing,None,m,3.5881724168948455
138,2,4,central,strongly_facing,None,n,5,5,central,slightly_facing,None,m,3.490096997068265
139,2,4,central,strongly_facing,None,n,5,5,central,slightly_facing,None,m,3.397951699968085
140,2,4,central,strongly_facing,None,n,5,5,central,slightly_facing,None,y,3.3094259840987497
141,2,4,central,strongly_facing,None,n,5,5,central,strongly_facing,None,y,3.1617775113472173
142,2,4,central,strongly_facing,None,n,5,5,central,strongly_facing,None,m,3.0072176998814024
143,2,4,central,strongly_facing,None,n,5,5,central,strongly_facing,None,y,2.9697278689033046
144,2,4,central,strongly_facing,None,n,5,5,central,slightly_facing,None,m,2.8401889632832504
145,2,4,central,strongly_facing,None,n,5,5,central,slightly_facing,None,m,2.753884511158738
146,2,4,central,strongly_facing,None,n,5,5,central,slightly_facing,None,y,2.6642504337760724
147,2,4,central,strongly_facing,None,n,5,5,central,slightly_facing,None,m,2.546665294988129
148,2,4,central,strongly_facing,None,n,5,5,central,slightly_facing,None,m,2.4573709237111485
149,2,4,central,strongly_facing,None,n,5,5,central,slightly_facing,None,y,2.3879534523310975
150,2,4,central,strongly_facing,None,n,5,5,central,slightly_facing,None,m,2.271182872941092
151,2,4,central,strongly_facing,None,n,5,5,central,slightly_facing,None,y,2.206351221455005
152,2,4,central,strongly_facing,None,n,5,5,central,turned_away,None,n,2.027447705247663
153,2,4,central,strongly_facing,None,n,5,5,central,slightly_facing,None,m,2.0419887239149954
154,2,4,central,strongly_facing,None,n,5,5,central,slightly_facing,None,m,2.0233409747583284
155,2,4,central,strongly_facing,None,n,5,5,central,slightly_facing,None,m,2.0103701705715724
156,2,4,central,strongly_facing,None,n,5,5,central,slightly_facing,None,m,2.0001273867284093
157,2,4,central,strongly_facing,None,n,5,5,central,slightly_facing,None,m,1.9939566868324865
158,2,4,central,strongly_facing,None,n,5,5,central,slightly_facing,None,m,1.9782499310056865
159,2,4,central,strongly_facing,None,n,5,5,central,slightly_facing,None,n,1.9631444766435346
