,imas_1,wti_1,viewing_area_1,body_facing_1,gesture_1,approaching_1,imas_2,wti_2,viewing_area_2,body_facing_2,gesture_2,approaching_2,distance
0,1,2,outside,turned_away,None,n,2,2,outside,slightly_facing,None,n,15.941620264581015
1,1,2,outside,turned_away,None,n,2,2,outside,slightly_facing,None,n,15.941620264581015
2,1,2,outside,turned_away,None,n,2,2,outside,slightly_facing,None,n,15.941620264581015
3,1,2,outside,turned_away,None,n,2,2,outside,slightly_facing,None,n,15.941620264581015
4,1,2,outside,turned_away,None,n,2,2,outside,slightly_facing,None,n,15.941620264581015
5,1,2,outside,turned_away,None,n,2,2,outside,slightly_facing,None,n,15.941620264581015
6,1,2,outside,turned_away,None,n,2,2,outside,slightly_facing,None,n,15.941620264581015
7,1,2,outside,turned_away,None,n,2,2,outside,slightly_facing,None,n,15.941620264581015
8,1,2,outside,turned_away,None,n,2,2,outside,slightly_facing,None,n,15.941620264581015
9,1,2,outside,turned_away,None,n,2,2,outside,slightly_facing,None,n,15.941620264581015
10,1,2,outside,turned_away,None,n,2,2,mid_peripheral,slightly_facing,None,n,15.936813947435953
11,1,2,outside,turned_away,None,n,2,2,outside,slightly_facing,None,n,15.928312925809186
12,1,2,outside,turned_away,None,n,2,2,outside,turned_away,None,n,15.920593609850133
13,1,2,mid_peripheral,slightly_facing,None,n,2,2,outside,turned_away,None,n,15.928326507104286
14,1,2,mid_peripheral,slightly_facing,None,n,2,2,outside,turned_away,None,n,15.874170432252162
15,1,2,mid_peripheral,slightly_facing,None,n,2,2,outside,turned_away,None,n,15.808367529494744
16,1,2,mid_peripheral,slightly_facing,None,n,2,2,outside,turned_away,None,n,15.779533040607665
17,1,2,mid_peripheral,slightly_facing,None,n,2,2,outside,turned_away,None,n,15.772424866540621
18,1,2,mid_peripheral,slightly_facing,None,n,2,2,outside,turned_away,None,n,15.697682349211806
19,1,2,mid_peripheral,slightly_facing,None,n,2,2,outside,turned_away,None,n,15.682769424580114
20,1,2,mid_peripheral,slightly_facing,None,n,2,2,outside,turned_away,None,n,15.65157336427216
21,1,2,mid_peripheral,slightly_facing,None,n,2,2,outside,turned_away,None,n,15.657521650634536
22,1,2,mid_peripheral,slightly_facing,None,n,2,2,outside,turned_away,None,n,15.591758921465214
23,1,2,mid_peripheral,slightly_facing,None,n,2,2,outside,turned_away,None,n,15.538813576657528
24,1,2,mid_peripheral,slightly_facing,None,n,2,3,central,turned_away,None,n,15.57455808993995
25,2,2,central,slightly_facing,None,m,2,4,central,turned_away,arm_raise_high,n,15.52404828037149
26,2,2,central,slightly_facing,None,m,2,4,central,turned_away,arm_raise_high,n,15.506116082617625
27,2,2,central,slightly_facing,None,m,2,4,central,turned_away,arm_raise_high,n,15.438494534479466
28,2,2,central,slightly_facing,None,m,2,4,central,turned_away,arm_raise_high,n,15.41081286529276
29,2,2,central,slightly_facing,None,m,2,4,central,turned_away,arm_raise_high,n,15.435377794726149
30,2,2,central,slightly_facing,None,m,2,4,central,turned_away,arm_raise_high,n,15.395179035908873
31,2,2,central,slightly_facing,None,m,2,4,central,turned_away,arm_raise_high,n,15.334233185675116
32,2,2,central,slightly_facing,None,m,2,4,central,turned_away,arm_raise_high,n,15.305869564169296
33,2,2,central,slightly_facing,None,m,2,4,central,turned_away,arm_raise_high,n,15.31024074654037
34,2,2,central,slightly_facing,None,m,2,4,central,turned_away,arm_raise_high,n,15.302752699597871
35,2,2,central,slightly_facing,None,m,2,4,central,turned_away,arm_raise_high,n,15.249440151332063
36,2,2,central,slightly_facing,None,m,2,4,central,turned_away,arm_raise_high,n,15.209742482019376
37,3,4,central,slightly_facing,wave_small_head,m,2,4,central,turned_away,arm_raise_high,n,15.162140464727592
38,3,4,central,slightly_facing,wave_small_head,y,2,4,central,turned_away,arm_raise_high,n,15.150094483202047
39,3,4,central,slightly_facing,wave_small_head,m,2,4,central,turned_away,arm_raise_high,n,15.02420237507583
40,3,4,central,slightly_facing,wave_small_head,m,2,4,central,turned_away,arm_raise_high,n,15.018512745718498
41,3,4,central,slightly_facing,wave_small_head,m,2,4,central,turned_away,arm_raise_high,n,15.00326454764059
42,3,4,central,slightly_facing,wave_small_head,m,2,4,central,turned_away,arm_raise_high,n,14.992038247903858
43,3,4,central,slightly_facing,wave_small_head,m,2,4,central,turned_away,arm_raise_high,n,14.929383387735248
44,3,4,central,slightly_facing,wave_small_head,m,2,4,central,turned_away,arm_raise_high,n,14.862629738111792
45,3,4,central,slightly_facing,wave_small_head,m,2,4,central,turned_away,arm_raise_high,n,14.796858197564134
46,3,4,central,slightly_facing,wave_small_head,m,2,4,central,turned_away,arm_raise_high,n,14.77185297625183
47,3,4,central,slightly_facing,None,n,2,4,central,turned_away,arm_raise_high,n,14.75554540339611
48,3,4,central,slightly_facing,wave_small_head,m,2,4,central,turned_away,arm_raise_high,n,14.780188695325108
49,3,4,central,slightly_facing,wave_small_head,m,2,4,central,turned_away,arm_raise_high,n,14.745214117932775
50,3,4,central,slightly_facing,wave_small_head,m,2,4,central,turned_away,arm_raise_high,n,14.742318308475927
51,3,4,central,slightly_facing,wave_small_head,m,2,4,central,turned_away,arm_raise_high,n,14.737516697090115
52,3,4,central,slightly_facing,wave_small_head,m,2,4,central,turned_away,arm_raise_high,n,14.73660199303086
53,4,4,central,slightly_facing,None,m,2,4,central,slightly_facing,arm_raise_high,m,14.685642998965767
54,4,4,central,slightly_facing,None,y,2,4,central,slightly_facing,arm_raise_high,y,14.61947763278237
55,4,4,central,slightly_facing,None,m,2,4,central,slightly_facing,arm_raise_high,m,14.514941712973716
56,4,4,central,slightly_facing,None,m,2,4,central,slightly_facing,arm_raise_high,m,14.455747860505191
57,4,4,central,slightly_facing,None,m,2,4,central,slightly_facing,arm_raise_high,m,14.384384586569489
58,4,4,central,slightly_facing,None,m,2,4,central,slightly_facing,arm_raise_high,m,14.31397605937963
59,4,4,central,turned_away,None,n,2,4,central,slightly_facing,arm_raise_high,m,14.226870346847232
60,4,4,central,strongly_facing,None,y,2,4,central,slightly_facing,arm_raise_high,y,14.188619713108984
61,4,4,central,strongly_facing,None,y,2,4,central,slightly_facing,arm_raise_high,y,13.766591557103638
62,4,4,central,strongly_facing,None,y,2,4,central,slightly_facing,arm_raise_high,y,13.589300054877432
63,4,4,central,slightly_facing,None,y,2,4,central,strongly_facing,arm_raise_high,y,13.053697544906768
64,4,4,central,slightly_facing,None,y,2,4,central,slightly_facing,arm_raise_high,y,12.767817042137045
65,4,4,central,strongly_facing,None,y,2,4,central,slightly_facing,arm_raise_high,y,12.339331341907348
66,4,4,central,strongly_facing,None,y,2,4,central,slightly_facing,arm_raise_high,y,12.156654309153373
67,4,4,central,slightly_facing,None,y,2,4,central,slightly_facing,arm_raise_high,y,11.764298374644584
68,4,4,central,slightly_facing,None,y,2,4,central,slightly_facing,arm_raise_high,y,11.449275331387796
69,4,4,central,strongly_facing,None,y,2,4,central,slightly_facing,arm_raise_high,y,11.075999919613984
70,4,4,central,strongly_facing,None,y,2,4,central,slightly_facing,arm_raise_high,y,10.703760600466454
71,4,4,central,slightly_facing,None,y,2,4,central,slightly_facing,arm_raise_high,y,10.37808833634837
72,4,4,central,slightly_facing,None,y,2,4,central,slightly_facing,arm_raise_high,y,10.113361542622565
73,4,4,central,strongly_facing,None,y,2,4,central,slightly_facing,arm_raise_high,y,9.794966009909585
74,4,4,central,strongly_facing,None,y,2,4,central,slightly_facing,arm_raise_high,y,9.447832702584696
75,4,4,central,strongly_facing,None,y,2,4,central,slightly_facing,arm_raise_high,y,9.25943682322727
76,4,4,central,slightly_facing,None,y,2,4,central,slightly_facing,arm_raise_high,y,8.873390239330396
77,4,4,central,slightly_facing,None,y,2,4,central,slightly_facing,arm_raise_high,y,8.54066715391092
78,4,4,central,strongly_facing,None,y,2,4,central,slightly_facing,arm_raise_high,y,8.176000509307029
79,4,4,central,strongly_facing,None,y,2,4,central,slightly_facing,arm_raise_high,y,7.951906041410704
80,4,4,central,slightly_facing,None,y,2,4,central,slightly_facing,arm_raise_high,y,7.541554748677756
81,4,4,central,slightly_facing,None,y,2,4,central,slightly_facing,arm_raise_high,y,7.248674970896265
82,4,4,central,slightly_facing,None,y,2,4,central,slightly_facing,arm_raise_high,y,7.017813784920776
83,4,4,central,strongly_facing,None,y,2,4,central,slightly_facing,arm_raise_high,y,6.550665793440538
84,4,4,central,slightly_facing,None,y,2,4,central,slightly_facing,arm_raise_high,y,6.278101471189278
85,4,4,central,slightly_facing,None,y,2,4,central,slightly_facing,arm_raise_high,y,5.814663225643003
86,4,4,central,slightly_facing,None,y,2,4,central,turned_away,arm_raise_high,n,5.685669124615762
87,4,4,central,strongly_facing,None,y,2,4,central,slightly_facing,arm_raise_high,y,5.402947794447484
88,4,4,central,strongly_facing,None,y,2,4,central,slightly_facing,arm_raise_high,y,5.095241998073292
89,4,4,central,slightly_facing,None,y,2,4,central,slightly_facing,arm_raise_high,y,4.763631428441331
90,4,4,central,slightly_facing,None,y,2,4,central,slightly_facing,arm_raise_high,y,4.632674375021518
91,4,4,central,slightly_facing,None,y,2,4,central,slightly_facing,arm_raise_high,y,4.3296856026327095
92,4,4,central,strongly_facing,None,y,2,4,central,strongly_facing,arm_raise_high,y,4.053579191460794
93,4,4,central,slightly_facing,None,y,2,4,central,strongly_facing,arm_raise_high,y,3.696499987071147
94,4,4,central,slightly_facing,None,y,2,4,central,strongly_facing,arm_raise_high,y,3.483090847281044
95,4,4,central,slightly_facing,None,y,2,4,central,strongly_facing,arm_raise_high,y,3.255707915724163
96,4,4,central,slightly_facing,None,y,2,4,central,strongly_facing,None,n,2.8966236214271994
97,4,4,central,slightly_facing,None,m,2,4,central,strongly_facing,None,n,2.641522434043672
98,4,4,central,slightly_facing,None,y,2,4,central,strongly_facing,None,n,2.557756211467585
99,4,4,central,slightly_facing,None,y,2,4,central,strongly_facing,None,n,2.3205188985854037
100,4,4,central,slightly_facing,None,y,2,4,central,strongly_facing,None,n,2.1727357432244316
101,4,4,central,slightly_facing,None,y,2,4,central,strongly_facing,None,n,1.9961838045250302
102,4,4,central,slightly_facing,None,m,2,4,central,strongly_facing,None,n,1.8364182927462371
103,4,4,central,slightly_facing,None,m,2,4,central,strongly_facing,None,n,1.8194720926741383
104,4,4,central,slightly_facing,None,n,2,4,central,strongly_facing,None,n,1.8107853826561056
