,p1_imas,p1_imas_5_pred,p1_imas_4_pred,p1_imas_3_pred,p1_imas_2_pred,p1_imas_1_pred,p2_imas,p2_imas_5_pred,p2_imas_4_pred,p2_imas_3_pred,p2_imas_2_pred,p2_imas_1_pred,p1_wti,p1_wti_5_pred,p1_wti_4_pred,p1_wti_3_pred,p1_wti_2_pred,p1_wti_1_pred,p2_wti,p2_wti_5_pred,p2_wti_4_pred,p2_wti_3_pred,p2_wti_2_pred,p2_wti_1_pred,p1_approach,p2_head,p1_body,p2_approach,p2_body,dist,p1_gesture,p2_gesture,p1_head
0,2,4e-06,7e-06,2.7e-05,0.028209,0.971754,2,1e-06,2e-06,5e-06,0.024957,0.975035,2,3e-06,9.3e-05,0.018209,0.013792,0.967903,3,1e-06,1.7e-05,0.018233,0.007414,0.974335,n,outside,strongly_facing,n,turned_away,range_27_inf,None,None,mid_peripheral
1,2,1e-06,2e-06,6e-06,0.024605,0.975386,2,0.0,0.0,0.0,0.024314,0.975685,2,2e-06,7e-06,0.018327,0.006359,0.975306,3,1e-06,1e-06,0.018228,0.006089,0.975681,n,outside,strongly_facing,n,turned_away,range_27_inf,None,None,mid_peripheral
2,2,0.0,1e-06,6e-06,0.024528,0.975466,2,0.0,0.0,0.0,0.024312,0.975688,2,1e-06,4e-06,0.018329,0.006201,0.975465,3,0.0,1e-06,0.018227,0.006084,0.975687,n,outside,strongly_facing,n,turned_away,range_27_inf,None,None,mid_peripheral
3,2,0.0,0.0,6e-06,0.024526,0.975468,2,0.0,0.0,0.0,0.024312,0.975688,2,1e-06,4e-06,0.018329,0.006197,0.975468,3,0.0,1e-06,0.018227,0.006084,0.975687,n,outside,strongly_facing,n,turned_away,range_27_inf,None,None,mid_peripheral
4,2,0.0,0.0,6e-06,0.024526,0.975468,2,0.0,0.0,0.0,0.024312,0.975688,2,1e-06,4e-06,0.018329,0.006197,0.975468,3,0.0,1e-06,0.018227,0.006084,0.975687,n,outside,strongly_facing,n,turned_away,range_27_inf,None,None,mid_peripheral
5,2,0.0,0.0,6e-06,0.024526,0.975468,2,0.0,0.0,0.0,0.024312,0.975688,2,1e-06,4e-06,0.018329,0.006197,0.975468,3,0.0,1e-06,0.018227,0.006084,0.975687,n,outside,strongly_facing,n,turned_away,range_27_inf,None,None,mid_peripheral
6,2,0.0,0.0,6e-06,0.024526,0.975468,2,0.0,0.0,0.0,0.024338,0.975661,2,1e-06,4e-06,0.018329,0.006197,0.975468,3,0.0,2e-06,0.018227,0.006111,0.97566,n,mid_peripheral,strongly_facing,n,slightly_facing,range_27_inf,None,None,mid_peripheral
7,2,0.0,0.0,6e-06,0.024535,0.975459,2,0.0,0.0,0.0,0.024339,0.975661,2,1e-06,5e-06,0.018329,0.006205,0.97546,3,0.0,2e-06,0.018227,0.006111,0.97566,n,mid_peripheral,slightly_facing,n,slightly_facing,range_27_inf,None,None,mid_peripheral
8,2,0.0,0.0,6e-06,0.024535,0.975459,2,0.0,0.0,1e-06,0.024357,0.975642,2,1e-06,5e-06,0.018329,0.006205,0.97546,3,0.0,2e-06,0.018227,0.00613,0.975641,n,mid_peripheral,slightly_facing,n,strongly_facing,range_27_inf,None,None,mid_peripheral
9,2,0.0,0.0,6e-06,0.024535,0.975459,2,0.0,0.0,1e-06,0.024358,0.975641,2,1e-06,5e-06,0.018329,0.006205,0.97546,3,0.0,2e-06,0.018227,0.00613,0.975641,n,mid_peripheral,slightly_facing,n,strongly_facing,range_27_inf,None,None,mid_peripheral
10,2,0.0,0.0,6e-06,0.024535,0.975459,2,0.0,0.0,1e-06,0.024358,0.975641,2,1e-06,5e-06,0.018329,0.006205,0.97546,3,0.0,2e-06,0.018227,0.00613,0.975641,n,mid_peripheral,slightly_facing,n,strongly_facing,range_27_inf,None,None,mid_peripheral
11,2,0.0,0.0,6e-06,0.024535,0.975459,2,0.0,0.0,1e-06,0.024358,0.975641,2,1e-06,5e-06,0.018329,0.006205,0.97546,3,0.0,2e-06,0.018227,0.00613,0.975641,n,mid_peripheral,slightly_facing,n,strongly_facing,range_27_inf,None,None,mid_peripheral
12,2,0.0,0.0,6e-06,0.024535,0.975459,2,0.0,0.0,1e-06,0.024358,0.975641,2,1e-06,5e-06,0.018329,0.006205,0.97546,3,0.0,2e-06,0.018227,0.00613,0.975641,n,mid_peripheral,slightly_facing,n,strongly_facing,range_27_inf,None,None,mid_peripheral
13,2,0.0,0.0,6e-06,0.024535,0.975459,2,0.0,0.0,1e-06,0.024358,0.975641,2,1e-06,5e-06,0.018329,0.006205,0.97546,3,0.0,2e-06,0.018227,0.00613,0.975641,n,mid_peripheral,slightly_facing,n,strongly_facing,range_27_inf,None,None,mid_peripheral
14,2,0.0,0.0,6e-06,0.024535,0.975459,2,0.0,0.0,1e-06,0.024358,0.975641,2,1e-06,5e-06,0.018329,0.006205,0.97546,3,0.0,2e-06,0.018227,0.00613,0.975641,n,mid_peripheral,slightly_facing,n,strongly_facing,range_27_inf,None,None,mid_peripheral
15,2,0.0,0.0,6e-06,0.024535,0.975459,2,0.0,0.0,0.0,0.024339,0.97566,2,1e-06,5e-06,0.018329,0.006206,0.97546,3,0.0,2e-06,0.018227,0.006111,0.97566,n,mid_peripheral,slightly_facing,n,slightly_facing,range_27_inf,None,None,mid_peripheral
16,2,0.0,0.0,6e-06,0.024526,0.975468,2,0.0,0.0,0.0,0.024339,0.975661,2,1e-06,4e-06,0.018329,0.006197,0.975468,3,0.0,2e-06,0.018227,0.006111,0.97566,n,mid_peripheral,strongly_facing,n,slightly_facing,range_27_inf,None,None,mid_peripheral
17,2,0.0,0.0,6e-06,0.024535,0.975459,2,0.0,0.0,1e-06,0.024357,0.975642,2,1e-06,5e-06,0.018329,0.006205,0.97546,3,0.0,2e-06,0.018227,0.00613,0.975641,n,mid_peripheral,slightly_facing,n,strongly_facing,range_27_inf,None,None,mid_peripheral
18,2,0.0,0.0,6e-06,0.024535,0.975459,2,0.0,0.0,1e-06,0.024358,0.975641,2,1e-06,5e-06,0.018329,0.006205,0.97546,3,0.0,2e-06,0.018227,0.00613,0.975641,n,mid_peripheral,slightly_facing,n,strongly_facing,range_27_inf,None,None,mid_peripheral
19,2,0.0,0.0,6e-06,0.024535,0.975459,2,0.0,0.0,1e-06,0.024358,0.975641,2,1e-06,5e-06,0.018329,0.006205,0.97546,3,0.0,2e-06,0.018227,0.00613,0.975641,n,mid_peripheral,slightly_facing,n,strongly_facing,range_27_inf,None,None,mid_peripheral
20,2,0.0,0.0,6e-06,0.024535,0.975459,2,0.0,0.0,1e-06,0.024358,0.975641,2,1e-06,5e-06,0.018329,0.006205,0.97546,3,0.0,2e-06,0.018227,0.00613,0.975641,n,mid_peripheral,slightly_facing,n,strongly_facing,range_27_inf,None,None,mid_peripheral
21,2,0.0,0.0,6e-06,0.024535,0.975459,2,0.0,0.0,1e-06,0.024358,0.975641,2,1e-06,5e-06,0.018329,0.006205,0.97546,3,0.0,2e-06,0.018227,0.00613,0.975641,n,mid_peripheral,slightly_facing,n,strongly_facing,range_27_inf,None,None,mid_peripheral
22,2,0.0,0.0,6e-06,0.02454,0.975454,3,3.6e-05,7.2e-05,0.000274,0.07051,0.929107,2,1e-06,5e-06,0.018664,0.00591,0.975419,4,2.2e-05,0.001113,0.017577,0.052169,0.929118,n,central,slightly_facing,y,slightly_facing,range_27_inf,None,None,mid_peripheral
23,2,0.0,0.0,5e-06,0.024502,0.975493,3,0.000281,0.000563,0.001773,0.323434,0.673949,2,1.1e-05,1.4e-05,0.020456,0.004301,0.975218,4,0.000169,0.007231,0.013971,0.304629,0.673999,n,central,slightly_facing,y,slightly_facing,range_27_inf,None,None,mid_peripheral
24,2,0.0,0.0,4e-06,0.02443,0.975565,3,0.00073,0.001496,0.004485,0.781037,0.212253,2,2.9e-05,3.3e-05,0.023706,0.001388,0.974844,4,0.000446,0.01831,0.007455,0.761536,0.212253,n,central,strongly_facing,y,slightly_facing,range_27_inf,None,None,mid_peripheral
25,2,0.0,0.0,4e-06,0.024404,0.975592,3,0.000904,0.001868,0.005534,0.958085,0.03361,2,3.6e-05,4e-05,0.024964,0.000264,0.974696,4,0.000556,0.022599,0.004931,0.938483,0.033431,n,central,slightly_facing,y,slightly_facing,range_27_inf,None,None,mid_peripheral
26,2,0.0,0.0,4e-06,0.0244,0.975596,3,0.000932,0.001929,0.0057,0.986221,0.005217,2,3.8e-05,4.1e-05,0.025165,8.5e-05,0.974672,4,0.000574,0.023281,0.004528,0.966773,0.004844,n,central,slightly_facing,y,slightly_facing,range_27_inf,None,None,mid_peripheral
27,2,0.0,0.0,4e-06,0.024399,0.975597,3,0.00093,0.001924,0.005722,0.989848,0.001576,2,3.7e-05,4e-05,0.025188,6.1e-05,0.974675,4,0.000572,0.023366,0.004469,0.970623,0.000971,n,central,slightly_facing,y,strongly_facing,range_27_inf,None,None,mid_peripheral
28,2,0.0,0.0,4e-06,0.024399,0.975597,3,0.000927,0.001916,0.005704,0.986785,0.004668,2,3.6e-05,4e-05,0.025165,8e-05,0.974679,4,0.00057,0.023293,0.004448,0.971057,0.000633,n,central,slightly_facing,y,strongly_facing,range_27_inf,None,None,mid_peripheral
29,2,0.0,0.0,4e-06,0.024399,0.975597,3,0.000953,0.00201,0.004815,0.811234,0.180988,2,6.8e-05,7.1e-05,0.024019,0.00121,0.974633,4,0.00113,0.019723,0.003643,0.974046,0.001458,n,central,slightly_facing,y,strongly_facing,range_24_27,None,None,mid_peripheral
30,2,0.0,0.0,4e-06,0.0244,0.975595,3,0.000688,0.001693,0.003175,0.542881,0.451563,2,5.3e-05,5.5e-05,0.02214,0.002892,0.974859,4,0.001181,0.013151,0.002432,0.980441,0.002796,n,central,slightly_facing,y,strongly_facing,range_24_27,None,None,mid_peripheral
31,2,1e-06,2e-06,1.2e-05,0.025447,0.974538,3,0.056664,0.267836,0.147085,0.490179,0.038237,2,0.009067,0.009171,0.069825,0.019305,0.892632,4,0.314048,0.599308,0.003892,0.082342,0.00041,n,central,slightly_facing,y,slightly_facing,range_24_27,None,arm_raise_high,mid_peripheral
32,2,3e-06,6e-06,2.6e-05,0.027109,0.972856,3,0.06434,0.682964,0.064049,0.188303,0.000343,2,0.00725,0.007556,0.126575,0.034579,0.824041,4,0.743577,0.255982,0.000164,0.00017,0.000106,n,central,slightly_facing,y,slightly_facing,range_24_27,None,arm_raise_high,mid_peripheral
33,2,3e-06,6e-06,2.8e-05,0.027064,0.972898,3,0.042162,0.902427,0.014869,0.040422,0.000119,2,0.003364,0.003692,0.154154,0.028301,0.810489,4,0.944723,0.055143,4.5e-05,4.4e-05,4.4e-05,n,central,slightly_facing,y,slightly_facing,range_24_27,None,arm_raise_high,mid_peripheral
34,2,3e-06,5e-06,2.4e-05,0.026482,0.973487,3,0.025608,0.963566,0.003784,0.007006,3.6e-05,2,0.001806,0.002049,0.161614,0.018135,0.816397,4,0.990354,0.009589,1.9e-05,1.9e-05,1.9e-05,n,central,slightly_facing,y,slightly_facing,range_24_27,None,arm_raise_high,mid_peripheral
35,2,2e-06,4e-06,2e-05,0.026034,0.97394,3,0.016877,0.977135,0.002761,0.003213,1.4e-05,2,0.001361,0.001521,0.163294,0.011275,0.822548,4,0.995547,0.004416,1.3e-05,1.2e-05,1.2e-05,n,central,slightly_facing,m,slightly_facing,range_24_27,None,arm_raise_high,mid_peripheral
36,2,2e-06,3e-06,1.7e-05,0.025758,0.97422,3,0.012606,0.983728,0.003091,0.00057,4e-06,2,0.001253,0.001358,0.164217,0.007485,0.825687,4,0.999183,0.000789,9e-06,9e-06,9e-06,n,central,slightly_facing,y,slightly_facing,range_24_27,None,arm_raise_high,mid_peripheral
37,2,2e-06,4e-06,1.9e-05,0.02585,0.974125,3,0.017645,0.542752,0.439084,0.000518,0.0,2,0.001454,0.001631,0.101795,0.009183,0.885936,4,0.999572,0.000126,0.000101,0.000101,0.000101,n,central,slightly_facing,y,slightly_facing,range_24_27,None,arm_raise_high,mid_peripheral
38,2,2e-06,4e-06,1.9e-05,0.025863,0.974112,3,0.01765,0.542653,0.439155,0.000541,0.0,2,0.001454,0.001632,0.101781,0.009222,0.885911,4,0.999536,0.000162,0.000101,0.000101,0.000101,n,central,slightly_facing,y,slightly_facing,range_24_27,None,arm_raise_high,mid_peripheral
39,2,2e-06,4e-06,1.9e-05,0.025949,0.974026,3,0.017699,0.542353,0.43926,0.000687,0.0,2,0.001454,0.001635,0.101737,0.009488,0.885686,4,0.999308,0.000389,0.000101,0.000101,0.000101,n,central,slightly_facing,y,slightly_facing,range_24_27,None,arm_raise_high,mid_peripheral
40,2,2e-06,5e-06,2.1e-05,0.026109,0.973863,3,0.017698,0.542105,0.439163,0.001034,1e-06,2,0.001454,0.001638,0.1017,0.009946,0.885262,4,0.998785,0.000897,0.000116,0.000101,0.000101,n,central,slightly_facing,m,slightly_facing,range_24_27,None,arm_raise_high,mid_peripheral
41,2,3e-06,6e-06,2.3e-05,0.026549,0.973419,3,0.01769,0.541479,0.438937,0.001893,1e-06,2,0.001453,0.001647,0.101607,0.011202,0.884091,4,0.997455,0.002221,0.000121,0.000101,0.000101,n,central,slightly_facing,m,slightly_facing,range_24_27,None,arm_raise_high,mid_peripheral
42,2,4e-06,8e-06,3.1e-05,0.027755,0.972202,3,0.017666,0.539784,0.438336,0.004212,2e-06,2,0.001449,0.001671,0.101354,0.014639,0.880887,4,0.993849,0.005819,0.000131,0.000101,0.000101,n,central,slightly_facing,m,slightly_facing,range_24_27,None,arm_raise_high,mid_peripheral
43,2,0.000524,0.001035,0.003974,0.240953,0.753514,3,0.792146,0.204146,0.003531,0.000176,1e-06,2,0.356737,0.160805,0.160849,0.160805,0.160803,4,0.997207,0.000698,0.000702,0.000696,0.000696,y,central,slightly_facing,y,slightly_facing,range_24_27,None,arm_raise_high,central
44,2,0.000632,0.001655,0.004921,0.590591,0.402201,3,0.43754,0.559037,0.002565,0.000857,1e-06,2,0.642467,0.089383,0.089383,0.089383,0.089383,4,0.998624,0.000344,0.000344,0.000344,0.000344,y,central,slightly_facing,y,slightly_facing,range_24_27,None,arm_raise_high,central
45,2,0.000834,0.002988,0.007024,0.854385,0.13477,3,0.156432,0.839196,0.001881,0.00249,1e-06,2,0.868764,0.032809,0.032809,0.032809,0.032809,4,0.998696,0.000326,0.000326,0.000326,0.000326,y,central,slightly_facing,y,slightly_facing,range_24_27,None,arm_raise_high,central
46,2,0.000936,0.00474,0.008846,0.93656,0.048918,3,0.063235,0.92988,0.00155,0.005333,2e-06,2,0.943709,0.014072,0.014075,0.014072,0.014072,4,0.998547,0.000363,0.000363,0.000363,0.000363,m,central,slightly_facing,m,slightly_facing,range_24_27,None,arm_raise_high,central
47,2,0.000989,0.007426,0.011221,0.953034,0.02733,3,0.03883,0.949425,0.001372,0.01037,3e-06,2,0.963406,0.009148,0.009148,0.009148,0.009148,4,0.998578,0.000356,0.000356,0.000356,0.000356,y,central,slightly_facing,y,slightly_facing,range_24_27,None,arm_raise_high,central
48,2,0.001083,0.011668,0.015746,0.951273,0.02023,3,0.030403,0.949096,0.001303,0.019193,5e-06,2,0.970179,0.007455,0.007455,0.007455,0.007455,4,0.9985,0.000375,0.000375,0.000375,0.000375,y,central,slightly_facing,y,slightly_facing,range_24_27,None,arm_raise_high,central
49,2,0.001252,0.018096,0.02458,0.940703,0.015368,3,0.024424,0.938915,0.001615,0.035037,9e-06,2,0.974986,0.006254,0.006254,0.006254,0.006254,4,0.998357,0.000411,0.000411,0.000411,0.000411,y,central,slightly_facing,y,slightly_facing,range_24_27,None,arm_raise_high,central
50,2,0.002384,0.140176,0.054347,0.797054,0.006039,3,0.012307,0.710878,0.038355,0.238402,5.7e-05,2,0.985691,0.003577,0.003577,0.003577,0.003577,4,0.996981,0.000755,0.000755,0.000755,0.000755,y,central,slightly_facing,y,slightly_facing,range_24_27,None,arm_raise_high,central
51,2,0.003872,0.325902,0.084444,0.585642,0.000139,3,0.004185,0.369568,0.094147,0.531972,0.000128,2,0.993766,0.001559,0.001559,0.001559,0.001559,4,0.995027,0.001243,0.001243,0.001243,0.001243,y,central,slightly_facing,y,slightly_facing,range_21_24,None,arm_raise_high,central
52,2,0.003872,0.325902,0.084444,0.585642,0.000139,3,0.004185,0.369569,0.094147,0.531972,0.000128,2,0.993766,0.001559,0.001559,0.001559,0.001559,4,0.995027,0.001243,0.001243,0.001243,0.001243,y,central,slightly_facing,y,slightly_facing,range_21_24,None,arm_raise_high,central
53,2,0.003872,0.325902,0.084444,0.585643,0.000139,3,0.004185,0.369568,0.094147,0.531972,0.000128,2,0.993766,0.001559,0.001559,0.001559,0.001559,4,0.995028,0.001243,0.001243,0.001243,0.001243,y,central,slightly_facing,y,strongly_facing,range_21_24,None,arm_raise_high,central
54,2,0.003872,0.325894,0.084453,0.585641,0.000139,3,0.004185,0.36956,0.094158,0.53197,0.000128,2,0.993766,0.001559,0.001559,0.001559,0.001559,4,0.995028,0.001243,0.001243,0.001243,0.001243,y,central,slightly_facing,y,slightly_facing,range_21_24,None,None,central
55,2,0.003872,0.325902,0.084444,0.585643,0.000139,3,0.004185,0.369568,0.094147,0.531972,0.000128,2,0.993766,0.001559,0.001559,0.001559,0.001559,4,0.995028,0.001243,0.001243,0.001243,0.001243,y,central,slightly_facing,y,slightly_facing,range_21_24,None,None,central
56,2,0.003872,0.325902,0.084444,0.585643,0.000139,3,0.004185,0.369568,0.094147,0.531972,0.000128,2,0.993766,0.001558,0.001558,0.001558,0.001558,4,0.995028,0.001243,0.001243,0.001243,0.001243,y,central,strongly_facing,y,slightly_facing,range_21_24,None,None,central
57,2,0.003872,0.325902,0.084444,0.585643,0.000139,3,0.004185,0.369568,0.094147,0.531972,0.000128,2,0.993766,0.001558,0.001558,0.001558,0.001558,4,0.995028,0.001243,0.001243,0.001243,0.001243,y,central,slightly_facing,y,strongly_facing,range_21_24,None,None,central
58,2,0.003872,0.325902,0.084444,0.585643,0.000139,3,0.004185,0.369568,0.094147,0.531972,0.000128,2,0.993766,0.001558,0.001558,0.001558,0.001558,4,0.995028,0.001243,0.001243,0.001243,0.001243,y,central,slightly_facing,y,strongly_facing,range_21_24,None,None,central
59,2,0.003872,0.325902,0.084444,0.585643,0.000139,3,0.004185,0.369568,0.094148,0.531972,0.000128,2,0.993766,0.001558,0.001558,0.001558,0.001558,4,0.995028,0.001243,0.001243,0.001243,0.001243,y,central,slightly_facing,y,strongly_facing,range_21_24,None,None,central
60,2,0.003872,0.325902,0.084444,0.585643,0.000139,3,0.004185,0.369568,0.094148,0.531972,0.000128,2,0.993766,0.001558,0.001558,0.001558,0.001558,4,0.995028,0.001243,0.001243,0.001243,0.001243,y,central,slightly_facing,y,strongly_facing,range_21_24,None,None,central
61,2,0.003872,0.325902,0.084444,0.585643,0.000139,3,0.004185,0.369568,0.094148,0.531972,0.000128,2,0.993766,0.001558,0.001558,0.001558,0.001558,4,0.995028,0.001243,0.001243,0.001243,0.001243,y,central,slightly_facing,y,strongly_facing,range_21_24,None,None,central
62,2,0.003872,0.325902,0.084444,0.585643,0.000139,3,0.004185,0.369568,0.094147,0.531972,0.000128,3,0.993766,0.001559,0.001559,0.001559,0.001559,4,0.995028,0.001243,0.001243,0.001243,0.001243,y,central,slightly_facing,y,strongly_facing,range_21_24,arm_raise_high,None,central
63,2,0.003872,0.325902,0.084445,0.585642,0.000139,3,0.004185,0.369568,0.094148,0.531972,0.000128,3,0.993766,0.001559,0.001559,0.001559,0.001559,4,0.995027,0.001243,0.001243,0.001243,0.001243,y,central,slightly_facing,y,slightly_facing,range_21_24,arm_raise_high,None,central
64,2,0.003872,0.325902,0.084445,0.585642,0.000139,3,0.004185,0.369568,0.094147,0.531972,0.000128,3,0.993765,0.001559,0.001559,0.001559,0.001559,4,0.995027,0.001243,0.001243,0.001243,0.001243,y,central,slightly_facing,y,slightly_facing,range_21_24,arm_raise_high,None,central
65,2,0.003872,0.325902,0.084445,0.585642,0.000139,3,0.004185,0.369568,0.094147,0.531972,0.000128,3,0.993765,0.001559,0.001559,0.001559,0.001559,4,0.995027,0.001243,0.001243,0.001243,0.001243,y,central,slightly_facing,y,slightly_facing,range_21_24,arm_raise_high,None,central
66,2,0.003872,0.325902,0.084445,0.585642,0.000139,3,0.004185,0.369568,0.094147,0.531972,0.000128,3,0.993765,0.001559,0.001559,0.001559,0.001559,4,0.995027,0.001243,0.001243,0.001243,0.001243,y,central,slightly_facing,y,slightly_facing,range_21_24,arm_raise_high,None,central
67,2,0.003872,0.325902,0.084445,0.585642,0.000139,3,0.004185,0.369568,0.094147,0.531972,0.000128,3,0.993765,0.001559,0.001559,0.001559,0.001559,4,0.995027,0.001243,0.001243,0.001243,0.001243,y,central,slightly_facing,y,slightly_facing,range_21_24,arm_raise_high,None,central
68,2,0.003873,0.325904,0.084447,0.585637,0.000139,3,0.004186,0.36957,0.09415,0.531967,0.000128,3,0.993758,0.00156,0.001561,0.00156,0.00156,4,0.995019,0.001245,0.001245,0.001245,0.001245,y,central,slightly_facing,y,slightly_facing,range_18_21,arm_raise_high,None,central
69,2,0.003873,0.325904,0.084447,0.585636,0.000139,3,0.004186,0.36957,0.09415,0.531967,0.000128,3,0.993758,0.001561,0.001561,0.001561,0.001561,4,0.995019,0.001245,0.001245,0.001245,0.001245,y,central,slightly_facing,y,slightly_facing,range_18_21,arm_raise_high,None,central
70,2,0.003873,0.325904,0.084448,0.585637,0.000139,3,0.004186,0.36957,0.094151,0.531966,0.000128,3,0.993758,0.001561,0.001561,0.001561,0.001561,4,0.995019,0.001245,0.001245,0.001245,0.001245,y,central,slightly_facing,y,slightly_facing,range_18_21,arm_raise_high,None,central
71,2,0.003873,0.325904,0.084448,0.585637,0.000139,3,0.004186,0.36957,0.094151,0.531966,0.000128,3,0.993758,0.001561,0.001561,0.001561,0.001561,4,0.995019,0.001245,0.001245,0.001245,0.001245,y,central,slightly_facing,y,slightly_facing,range_18_21,arm_raise_high,None,central
72,2,0.003873,0.325904,0.084448,0.585637,0.000139,3,0.004186,0.36957,0.094151,0.531966,0.000128,3,0.993758,0.001561,0.001561,0.001561,0.001561,4,0.995019,0.001245,0.001245,0.001245,0.001245,y,central,slightly_facing,y,slightly_facing,range_18_21,arm_raise_high,None,central
73,2,0.003873,0.325904,0.084448,0.585637,0.000139,3,0.004186,0.36957,0.094151,0.531966,0.000128,3,0.993758,0.001561,0.001561,0.001561,0.001561,4,0.995019,0.001245,0.001245,0.001245,0.001245,y,central,slightly_facing,y,slightly_facing,range_18_21,arm_raise_high,None,central
74,2,0.003873,0.325904,0.084448,0.585637,0.000139,3,0.004186,0.36957,0.094151,0.531966,0.000128,3,0.993758,0.001561,0.001561,0.001561,0.001561,4,0.995019,0.001245,0.001245,0.001245,0.001245,y,central,slightly_facing,y,slightly_facing,range_18_21,arm_raise_high,None,central
75,2,0.003873,0.325904,0.084448,0.585637,0.000139,3,0.004186,0.36957,0.094151,0.531966,0.000128,3,0.993758,0.001561,0.001561,0.001561,0.001561,4,0.995019,0.001245,0.001245,0.001245,0.001245,y,central,slightly_facing,y,slightly_facing,range_18_21,arm_raise_high,None,central
76,4,0.003872,0.325885,0.08445,0.585653,0.000139,3,0.004186,0.369548,0.09419,0.53195,0.000128,4,0.993763,0.001559,0.001559,0.001559,0.001559,4,0.995026,0.001244,0.001243,0.001244,0.001243,y,central,strongly_facing,y,slightly_facing,range_18_21,None,None,central
77,4,0.003872,0.325885,0.08445,0.585654,0.000139,3,0.004186,0.369548,0.09419,0.53195,0.000128,4,0.993764,0.001559,0.001559,0.001559,0.001559,4,0.995026,0.001243,0.001243,0.001244,0.001243,y,central,strongly_facing,y,slightly_facing,range_18_21,None,None,central
78,4,0.003872,0.325885,0.08445,0.585654,0.000139,3,0.004186,0.369548,0.09419,0.53195,0.000128,4,0.993764,0.001559,0.001559,0.001559,0.001559,4,0.995026,0.001243,0.001243,0.001244,0.001243,y,central,strongly_facing,y,slightly_facing,range_18_21,None,None,central
79,4,0.003872,0.325885,0.08445,0.585654,0.000139,3,0.004186,0.369548,0.09419,0.53195,0.000128,4,0.993764,0.001559,0.001559,0.001559,0.001559,4,0.995026,0.001243,0.001243,0.001244,0.001243,y,central,strongly_facing,y,slightly_facing,range_18_21,None,None,central
80,4,0.003873,0.325885,0.084451,0.585652,0.000139,3,0.004186,0.369548,0.09419,0.531948,0.000128,4,0.993761,0.00156,0.00156,0.00156,0.001559,4,0.995024,0.001244,0.001244,0.001244,0.001244,y,central,slightly_facing,y,slightly_facing,range_18_21,None,None,central
81,4,0.003872,0.325885,0.08445,0.585654,0.000139,3,0.004186,0.369548,0.09419,0.53195,0.000128,4,0.993764,0.001559,0.001559,0.001559,0.001559,4,0.995026,0.001243,0.001243,0.001244,0.001243,y,central,strongly_facing,y,slightly_facing,range_18_21,None,None,central
82,4,0.003872,0.325885,0.08445,0.585654,0.000139,3,0.004186,0.369548,0.09419,0.53195,0.000128,4,0.993764,0.001559,0.001559,0.001559,0.001559,4,0.995026,0.001243,0.001243,0.001244,0.001243,y,central,strongly_facing,y,slightly_facing,range_18_21,None,None,central
83,4,0.003991,0.325875,0.084585,0.585402,0.000146,3,0.004311,0.369523,0.094309,0.531723,0.000134,4,0.993329,0.001701,0.00169,0.00165,0.00163,4,0.994647,0.001372,0.00134,0.001329,0.001313,y,central,slightly_facing,y,slightly_facing,range_15_18,None,None,central
84,4,0.004002,0.325887,0.084594,0.58537,0.000146,3,0.004321,0.369535,0.094286,0.531723,0.000135,4,0.993294,0.001714,0.001701,0.001656,0.001636,4,0.994618,0.001384,0.001346,0.001334,0.001317,y,central,slightly_facing,y,slightly_facing,range_15_18,None,None,central
85,4,0.003988,0.325942,0.084483,0.585446,0.000141,3,0.004233,0.369512,0.094251,0.53187,0.000135,4,0.993541,0.001636,0.001608,0.001607,0.001607,4,0.994731,0.001356,0.001318,0.001306,0.001289,y,central,strongly_facing,y,slightly_facing,range_15_18,None,None,central
86,4,0.003987,0.325944,0.084478,0.58545,0.000141,3,0.00423,0.369509,0.09425,0.531876,0.000135,4,0.993551,0.001632,0.001606,0.001606,0.001605,4,0.994737,0.001355,0.001316,0.001304,0.001287,y,central,strongly_facing,y,slightly_facing,range_15_18,None,None,central
87,4,0.004002,0.325892,0.084585,0.585375,0.000146,3,0.004314,0.369534,0.094283,0.531734,0.000135,4,0.993313,0.001707,0.001694,0.001653,0.001634,4,0.994624,0.001383,0.001345,0.001332,0.001316,y,central,slightly_facing,y,slightly_facing,range_15_18,None,None,central
88,4,0.004003,0.325885,0.084595,0.58537,0.000147,3,0.004322,0.369535,0.094289,0.531719,0.000135,4,0.993292,0.001714,0.001701,0.001656,0.001636,4,0.994616,0.001385,0.001347,0.001334,0.001318,y,central,slightly_facing,y,slightly_facing,range_15_18,None,None,central
89,4,0.004003,0.325886,0.084596,0.585368,0.000147,3,0.004322,0.369534,0.094288,0.531721,0.000135,4,0.99329,0.001715,0.001702,0.001656,0.001636,4,0.994615,0.001385,0.001347,0.001335,0.001318,y,central,slightly_facing,y,slightly_facing,range_15_18,None,None,central
90,4,0.004003,0.325887,0.084596,0.585367,0.000147,3,0.004322,0.369535,0.094288,0.53172,0.000135,4,0.99329,0.001715,0.001702,0.001656,0.001636,4,0.994615,0.001385,0.001347,0.001335,0.001318,y,central,slightly_facing,y,slightly_facing,range_15_18,None,None,central
91,4,0.004004,0.325922,0.084609,0.585319,0.000147,3,0.004323,0.369611,0.094339,0.531592,0.000135,4,0.993287,0.001716,0.001703,0.001657,0.001637,4,0.994614,0.001386,0.001347,0.001335,0.001318,y,central,slightly_facing,y,slightly_facing,range_15_18,None,None,central
92,4,0.004003,0.325906,0.084605,0.585339,0.000147,3,0.004323,0.369623,0.094341,0.531577,0.000135,4,0.993287,0.001716,0.001703,0.001657,0.001637,4,0.994615,0.001385,0.001347,0.001335,0.001318,y,central,slightly_facing,y,slightly_facing,range_15_18,None,None,central
93,4,0.004003,0.325847,0.084562,0.585442,0.000147,3,0.004324,0.369659,0.094349,0.531533,0.000135,4,0.993287,0.001716,0.001703,0.001657,0.001637,4,0.994616,0.001385,0.001347,0.001334,0.001318,y,central,slightly_facing,y,slightly_facing,range_15_18,None,None,central
94,4,0.004003,0.325851,0.084562,0.585437,0.000147,3,0.004324,0.369656,0.094349,0.531536,0.000135,4,0.993287,0.001716,0.001703,0.001657,0.001637,4,0.994616,0.001385,0.001347,0.001334,0.001318,y,central,slightly_facing,y,slightly_facing,range_15_18,None,None,central
95,4,0.004004,0.325924,0.08461,0.585316,0.000147,3,0.004323,0.369609,0.094339,0.531595,0.000135,4,0.993287,0.001716,0.001703,0.001657,0.001637,4,0.994614,0.001386,0.001347,0.001335,0.001318,y,central,slightly_facing,y,slightly_facing,range_15_18,None,None,central
96,4,0.004171,0.325898,0.08478,0.584995,0.000156,3,0.004498,0.36956,0.094491,0.531308,0.000143,4,0.992727,0.001951,0.001854,0.001738,0.001731,4,0.994124,0.001592,0.001468,0.001412,0.001404,y,central,slightly_facing,y,slightly_facing,range_12_15,None,None,central
97,4,0.004217,0.325871,0.084804,0.584951,0.000158,3,0.004547,0.369527,0.094512,0.531268,0.000146,4,0.992628,0.002006,0.001877,0.001748,0.001741,4,0.994045,0.001639,0.001482,0.00142,0.001413,y,central,slightly_facing,y,slightly_facing,range_12_15,None,None,central
98,4,0.004232,0.325859,0.084809,0.584941,0.000159,3,0.004563,0.369514,0.094516,0.53126,0.000146,4,0.992602,0.002023,0.001883,0.00175,0.001743,4,0.994026,0.001655,0.001485,0.001421,0.001414,y,central,slightly_facing,y,slightly_facing,range_12_15,None,None,central
99,4,0.004241,0.325853,0.08481,0.584938,0.000159,3,0.004572,0.369506,0.094518,0.531258,0.000147,4,0.992589,0.002032,0.001885,0.00175,0.001743,4,0.994016,0.001664,0.001485,0.001421,0.001414,y,central,slightly_facing,y,slightly_facing,range_12_15,None,None,central
100,4,0.004251,0.325845,0.084811,0.584934,0.000159,3,0.004582,0.369498,0.094518,0.531256,0.000147,4,0.992576,0.002043,0.001887,0.00175,0.001743,4,0.994003,0.001675,0.001486,0.001421,0.001414,y,central,slightly_facing,y,slightly_facing,range_12_15,None,None,central
101,4,0.004267,0.325834,0.084811,0.584929,0.000159,3,0.004598,0.369484,0.094517,0.531254,0.000147,4,0.992552,0.002064,0.00189,0.001751,0.001743,4,0.993981,0.001695,0.001488,0.001421,0.001414,y,central,slightly_facing,y,slightly_facing,range_12_15,None,None,central
102,4,0.004303,0.325809,0.084808,0.584919,0.00016,3,0.004634,0.369456,0.094514,0.531249,0.000148,4,0.992499,0.002111,0.001895,0.001751,0.001744,4,0.993928,0.001743,0.001492,0.001422,0.001415,y,central,slightly_facing,y,slightly_facing,range_12_15,None,None,central
103,4,0.004389,0.325761,0.084797,0.584893,0.000161,3,0.004724,0.369402,0.094503,0.531222,0.000149,4,0.992363,0.002238,0.001902,0.001752,0.001745,4,0.993797,0.001864,0.001501,0.001422,0.001415,y,central,slightly_facing,y,slightly_facing,range_12_15,None,None,central
104,4,0.004603,0.325764,0.084748,0.584723,0.000163,3,0.004952,0.369362,0.094466,0.531067,0.000152,4,0.992,0.002579,0.00192,0.001754,0.001747,4,0.993455,0.002181,0.001521,0.001425,0.001417,y,central,slightly_facing,y,slightly_facing,range_12_15,None,None,central
105,4,0.004603,0.325764,0.084748,0.584723,0.000163,3,0.004952,0.369362,0.094466,0.531067,0.000152,4,0.992,0.002579,0.00192,0.001754,0.001747,4,0.993455,0.002181,0.001521,0.001425,0.001417,y,central,slightly_facing,y,slightly_facing,range_12_15,None,None,central
106,4,0.004603,0.325764,0.084748,0.584723,0.000163,3,0.004952,0.369362,0.094466,0.531067,0.000152,4,0.992,0.002579,0.00192,0.001754,0.001747,4,0.993455,0.002181,0.001521,0.001425,0.001417,y,central,slightly_facing,y,slightly_facing,range_12_15,None,None,central
107,4,0.004603,0.325764,0.084748,0.584723,0.000163,3,0.004952,0.369362,0.094466,0.531067,0.000152,4,0.992,0.002579,0.00192,0.001754,0.001747,4,0.993455,0.002181,0.001521,0.001425,0.001417,y,central,slightly_facing,y,slightly_facing,range_12_15,None,None,central
108,4,0.00503,0.325501,0.084653,0.584658,0.000158,3,0.005395,0.369052,0.094364,0.531044,0.000146,4,0.991445,0.003261,0.001768,0.001765,0.001762,4,0.992881,0.002854,0.001424,0.001422,0.00142,y,central,slightly_facing,y,slightly_facing,range_9_12,None,None,central
109,4,0.005877,0.324946,0.084546,0.584471,0.00016,3,0.006218,0.368392,0.094236,0.531007,0.000147,4,0.990265,0.004428,0.001771,0.001769,0.001766,4,0.99168,0.004051,0.001424,0.001424,0.001421,y,central,slightly_facing,y,slightly_facing,range_9_12,None,None,central
110,4,0.007503,0.323906,0.084319,0.584112,0.00016,3,0.007761,0.36714,0.09397,0.53098,0.000148,4,0.988047,0.00664,0.001773,0.00177,0.001768,4,0.989345,0.006378,0.001427,0.001426,0.001424,y,central,slightly_facing,y,slightly_facing,range_9_12,None,None,central
111,4,0.010699,0.321892,0.083869,0.583379,0.000161,3,0.01073,0.364695,0.093446,0.53098,0.000149,4,0.983771,0.01091,0.001776,0.001772,0.00177,4,0.984734,0.010976,0.001432,0.00143,0.001428,y,central,slightly_facing,y,slightly_facing,range_9_12,None,None,central
112,4,0.016904,0.318021,0.083003,0.58191,0.000162,3,0.01639,0.359964,0.092436,0.53106,0.00015,4,0.975618,0.019054,0.001781,0.001775,0.001773,4,0.975764,0.01992,0.001443,0.001438,0.001436,y,central,slightly_facing,y,slightly_facing,range_9_12,None,None,central
113,4,0.028457,0.310841,0.081412,0.579127,0.000163,3,0.026805,0.351136,0.090578,0.531328,0.000152,4,0.960606,0.034049,0.001789,0.001779,0.001777,4,0.958987,0.036648,0.001462,0.001453,0.00145,y,central,slightly_facing,y,slightly_facing,range_9_12,None,None,central
114,4,0.04827,0.298472,0.078744,0.574349,0.000165,3,0.044581,0.335846,0.08745,0.531967,0.000156,4,0.934832,0.059797,0.001803,0.001785,0.001783,4,0.929857,0.065692,0.001497,0.001478,0.001476,y,central,slightly_facing,y,slightly_facing,range_9_12,None,None,central
115,4,0.077402,0.280068,0.075049,0.567312,0.000169,3,0.070384,0.312924,0.083064,0.533465,0.000163,4,0.896249,0.09834,0.001825,0.001794,0.001792,4,0.88545,0.109971,0.00155,0.001515,0.001513,y,central,slightly_facing,y,slightly_facing,range_9_12,None,None,central
116,4,0.108518,0.260932,0.0722,0.558178,0.000172,3,0.092968,0.288322,0.079528,0.53901,0.000171,4,0.854533,0.140009,0.001855,0.001803,0.001801,4,0.830864,0.1644,0.001621,0.001558,0.001556,y,central,slightly_facing,y,slightly_facing,range_9_12,None,None,central
117,4,0.108518,0.260932,0.0722,0.558178,0.000172,3,0.092968,0.288322,0.079528,0.53901,0.000171,4,0.854533,0.140009,0.001855,0.001803,0.001801,4,0.830864,0.1644,0.001621,0.001558,0.001556,y,central,slightly_facing,y,slightly_facing,range_9_12,None,None,central
118,4,0.108518,0.260932,0.0722,0.558178,0.000172,3,0.092968,0.288322,0.079528,0.53901,0.000171,4,0.854533,0.140009,0.001855,0.001803,0.001801,4,0.830864,0.1644,0.001621,0.001558,0.001556,y,central,slightly_facing,y,slightly_facing,range_9_12,None,None,central
119,4,0.108518,0.260932,0.0722,0.558178,0.000172,3,0.092968,0.288322,0.079528,0.53901,0.000171,4,0.854533,0.140009,0.001855,0.001803,0.001801,4,0.830864,0.1644,0.001621,0.001558,0.001556,y,central,slightly_facing,y,slightly_facing,range_9_12,None,None,central
120,4,0.108518,0.260932,0.0722,0.558178,0.000172,3,0.092968,0.288322,0.079528,0.53901,0.000171,4,0.854533,0.140009,0.001855,0.001803,0.001801,4,0.830864,0.1644,0.001621,0.001558,0.001556,y,central,slightly_facing,y,slightly_facing,range_9_12,None,None,central
121,4,0.108518,0.260932,0.0722,0.558178,0.000172,3,0.092968,0.288322,0.079528,0.53901,0.000171,4,0.854533,0.140009,0.001855,0.001803,0.001801,4,0.830864,0.1644,0.001621,0.001558,0.001556,y,central,slightly_facing,y,slightly_facing,range_9_12,None,None,central
122,4,0.109692,0.260195,0.072039,0.557903,0.000171,3,0.093941,0.287394,0.079336,0.539158,0.00017,4,0.853046,0.141545,0.001836,0.001787,0.001787,4,0.829051,0.166257,0.001606,0.001543,0.001543,y,central,slightly_facing,y,slightly_facing,range_6_9,None,None,central
123,4,0.110889,0.259453,0.071896,0.557591,0.000171,3,0.094931,0.28646,0.079165,0.539274,0.000171,4,0.851505,0.143091,0.001834,0.001785,0.001785,4,0.827183,0.168126,0.001606,0.001542,0.001542,y,central,slightly_facing,y,slightly_facing,range_6_9,None,None,central
124,4,0.112095,0.258707,0.071755,0.557272,0.000171,3,0.095928,0.285519,0.078996,0.539386,0.000171,4,0.84995,0.144647,0.001834,0.001784,0.001784,4,0.825298,0.170007,0.001608,0.001543,0.001543,y,central,slightly_facing,y,slightly_facing,range_6_9,None,None,central
125,4,0.113307,0.257957,0.071614,0.556951,0.000171,3,0.09693,0.284574,0.078826,0.539498,0.000171,4,0.848385,0.146212,0.001835,0.001784,0.001784,4,0.823401,0.1719,0.00161,0.001545,0.001545,y,central,slightly_facing,y,slightly_facing,range_6_9,None,None,central
126,4,0.114525,0.257205,0.071472,0.556628,0.000171,3,0.097936,0.283625,0.078656,0.539611,0.000171,4,0.846812,0.147784,0.001836,0.001784,0.001784,4,0.821494,0.173802,0.001612,0.001546,0.001546,y,central,slightly_facing,y,slightly_facing,range_6_9,None,None,central
127,4,0.115745,0.256451,0.071329,0.556303,0.000171,3,0.098943,0.282675,0.078485,0.539724,0.000171,4,0.845235,0.149359,0.001836,0.001785,0.001785,4,0.819581,0.17571,0.001614,0.001548,0.001548,y,central,slightly_facing,y,slightly_facing,range_6_9,None,None,central
128,4,0.116956,0.255704,0.071188,0.55598,0.000171,3,0.099942,0.281731,0.078316,0.539839,0.000172,4,0.843664,0.15093,0.001837,0.001785,0.001785,4,0.817673,0.177613,0.001617,0.001549,0.001549,y,central,slightly_facing,y,slightly_facing,range_6_9,None,None,central
129,4,0.118122,0.254982,0.071054,0.555671,0.000172,3,0.100904,0.280817,0.078154,0.539953,0.000172,4,0.842128,0.152465,0.001838,0.001785,0.001785,4,0.815808,0.179473,0.001619,0.00155,0.00155,y,central,slightly_facing,y,slightly_facing,range_6_9,None,None,central
130,4,0.123461,0.263897,0.072234,0.540243,0.000165,3,0.080425,0.283279,0.079119,0.556999,0.000178,4,0.874003,0.120677,0.001801,0.001759,0.001759,4,0.807242,0.187944,0.001653,0.001581,0.001581,y,central,strongly_facing,y,slightly_facing,range_6_9,None,None,central
131,4,0.127179,0.271497,0.073213,0.527952,0.000159,3,0.063338,0.2858,0.08,0.57068,0.000182,4,0.900695,0.094078,0.001764,0.001731,0.001731,4,0.801482,0.193671,0.001665,0.001591,0.001591,y,central,strongly_facing,y,slightly_facing,range_6_9,None,None,central
132,4,0.127151,0.271479,0.073208,0.528003,0.000159,3,0.063343,0.285832,0.080026,0.570618,0.000182,4,0.900619,0.09415,0.001765,0.001733,0.001733,4,0.80152,0.193652,0.001659,0.001585,0.001585,y,central,slightly_facing,y,slightly_facing,range_6_9,None,None,central
133,4,0.127132,0.271458,0.073205,0.528048,0.000158,3,0.06338,0.285832,0.08003,0.570576,0.000182,4,0.900573,0.094198,0.001765,0.001732,0.001732,4,0.801543,0.193638,0.001656,0.001582,0.001582,y,central,slightly_facing,y,slightly_facing,range_6_9,None,None,central
134,4,0.130868,0.269663,0.072851,0.526462,0.000157,3,0.065384,0.283208,0.079579,0.571647,0.000183,4,0.897453,0.097334,0.00176,0.001727,0.001727,4,0.795669,0.19951,0.001658,0.001582,0.001582,y,central,slightly_facing,y,slightly_facing,range_3_6,None,None,central
135,4,0.134679,0.267812,0.072489,0.524864,0.000156,3,0.067441,0.280538,0.079125,0.572712,0.000183,4,0.89426,0.100534,0.001759,0.001724,0.001724,4,0.789689,0.205478,0.001664,0.001585,0.001585,y,central,slightly_facing,y,slightly_facing,range_3_6,None,None,central
136,4,0.138547,0.265892,0.072123,0.523282,0.000156,3,0.069572,0.277829,0.078666,0.57375,0.000184,4,0.89097,0.103828,0.001758,0.001722,0.001722,4,0.783617,0.211535,0.00167,0.001589,0.001589,y,central,slightly_facing,y,slightly_facing,range_3_6,None,None,central
137,4,0.146275,0.270594,0.072611,0.51037,0.00015,3,0.056485,0.27707,0.078931,0.587325,0.000189,4,0.91153,0.083357,0.001724,0.001695,0.001695,4,0.771547,0.223541,0.001695,0.001609,0.001609,y,central,strongly_facing,y,slightly_facing,range_3_6,None,None,central
138,4,0.153606,0.274043,0.072933,0.499273,0.000145,3,0.045969,0.275902,0.079058,0.598879,0.000194,4,0.928081,0.06688,0.001695,0.001672,0.001672,4,0.760053,0.234989,0.001713,0.001622,0.001622,y,central,strongly_facing,y,slightly_facing,range_3_6,None,None,central
139,4,0.158123,0.272614,0.072577,0.49654,0.000145,3,0.047139,0.273015,0.078593,0.601058,0.000195,4,0.926148,0.068818,0.001694,0.00167,0.00167,4,0.752995,0.24202,0.001724,0.001631,0.001631,y,central,strongly_facing,y,slightly_facing,range_3_6,None,None,central
140,4,0.159152,0.265649,0.071502,0.503545,0.000151,3,0.061343,0.268509,0.077533,0.592422,0.000193,4,0.903693,0.091192,0.001726,0.001695,0.001695,4,0.751387,0.243637,0.001721,0.001628,0.001628,y,central,slightly_facing,y,slightly_facing,range_3_6,None,None,central
141,4,0.163464,0.263841,0.071123,0.501423,0.00015,3,0.063149,0.265624,0.077055,0.593979,0.000194,4,0.90087,0.094021,0.001725,0.001692,0.001692,4,0.74458,0.250432,0.001727,0.00163,0.00163,y,central,slightly_facing,y,slightly_facing,range_3_6,None,None,central
142,4,0.167676,0.262066,0.070754,0.499355,0.000149,3,0.064927,0.262801,0.076574,0.595502,0.000195,4,0.898067,0.096831,0.001723,0.001689,0.001689,4,0.737834,0.257162,0.001734,0.001635,0.001635,y,central,slightly_facing,y,slightly_facing,range_3_6,None,None,central
143,4,0.167661,0.261962,0.070758,0.499471,0.000148,3,0.065018,0.262817,0.076577,0.595394,0.000195,4,0.897975,0.096924,0.001723,0.001689,0.001689,4,0.737843,0.257155,0.001733,0.001634,0.001634,y,central,slightly_facing,y,slightly_facing,range_3_6,None,None,central
144,4,0.171699,0.267788,0.07151,0.488861,0.000143,3,0.051199,0.264327,0.077195,0.60708,0.000199,4,0.919695,0.075288,0.001689,0.001664,0.001664,4,0.731548,0.263408,0.001749,0.001647,0.001647,y,central,strongly_facing,y,slightly_facing,range_3_6,None,None,central
145,4,0.174818,0.272202,0.072092,0.48075,0.000138,3,0.040472,0.265586,0.077687,0.616053,0.000202,4,0.936586,0.058462,0.001664,0.001644,0.001644,4,0.726654,0.26828,0.001758,0.001654,0.001654,y,central,strongly_facing,y,slightly_facing,range_3_6,None,None,central
146,4,0.611193,0.19803,0.049648,0.141092,3.7e-05,3,0.003426,0.030737,0.043331,0.922215,0.000291,4,0.994154,0.003767,0.000694,0.000693,0.000693,4,0.041639,0.952027,0.002357,0.001989,0.001989,y,central,strongly_facing,n,turned_away,range_3_6,None,None,central
147,4,0.636225,0.19329,0.048293,0.122161,3e-05,3,0.001204,0.017249,0.04081,0.940497,0.000238,4,0.998244,0.000488,0.000423,0.000423,0.000423,4,0.002825,0.991449,0.002164,0.001781,0.001781,y,central,slightly_facing,n,turned_away,range_3_6,None,None,central
148,4,0.636125,0.193237,0.048282,0.122325,3.1e-05,3,0.001842,0.017623,0.042089,0.938157,0.000289,4,0.996311,0.000986,0.000901,0.000901,0.000901,4,0.003701,0.989427,0.002546,0.002163,0.002163,m,central,slightly_facing,m,slightly_facing,range_0_3,None,None,central
149,4,0.634932,0.193164,0.048323,0.123549,3.1e-05,3,0.003408,0.01891,0.044672,0.932571,0.00044,4,0.992227,0.002071,0.001901,0.001901,0.001901,4,0.006814,0.984021,0.003309,0.002928,0.002928,y,central,slightly_facing,y,slightly_facing,range_0_3,None,None,central
150,4,0.636335,0.193381,0.048292,0.121962,3e-05,3,0.001219,0.017128,0.040973,0.940408,0.000272,4,0.998079,0.000486,0.000478,0.000478,0.000478,4,0.002348,0.991757,0.002221,0.001837,0.001837,y,central,slightly_facing,n,turned_away,range_0_3,None,None,central
151,4,0.636162,0.193481,0.048322,0.122005,3e-05,3,0.001168,0.017051,0.040825,0.940718,0.000238,4,0.998308,0.000423,0.000423,0.000423,0.000423,4,0.002203,0.992074,0.002164,0.001779,0.001779,y,central,strongly_facing,n,turned_away,range_0_3,None,None,central
152,4,0.635646,0.193691,0.048394,0.122238,3.1e-05,3,0.001349,0.017193,0.041246,0.939963,0.000248,4,0.997751,0.000563,0.000562,0.000562,0.000562,4,0.002484,0.991463,0.002274,0.00189,0.00189,m,central,strongly_facing,n,strongly_facing,range_0_3,None,None,central
153,4,0.634632,0.194224,0.048521,0.122593,3e-05,3,0.001365,0.017244,0.041345,0.939795,0.000251,4,0.997732,0.000569,0.000566,0.000566,0.000566,4,0.002511,0.99143,0.002277,0.001891,0.001891,y,central,strongly_facing,n,strongly_facing,range_0_3,None,None,central
154,4,0.631721,0.195772,0.048907,0.123569,3e-05,3,0.00137,0.017369,0.041619,0.93939,0.000252,4,0.997722,0.000573,0.000569,0.000569,0.000569,4,0.002522,0.991417,0.00228,0.001891,0.001891,y,central,slightly_facing,n,strongly_facing,range_0_3,None,None,central
155,4,0.631852,0.195733,0.048882,0.123502,3e-05,3,0.00137,0.017363,0.0416,0.939415,0.000252,4,0.997721,0.000573,0.000569,0.000569,0.000569,4,0.002524,0.991414,0.00228,0.001891,0.001891,y,central,slightly_facing,n,strongly_facing,range_0_3,None,None,central
156,4,0.636117,0.193517,0.048303,0.122033,3e-05,3,0.001366,0.017186,0.041192,0.940004,0.000252,4,0.997725,0.000572,0.000568,0.000568,0.000568,4,0.002525,0.991409,0.002278,0.001894,0.001894,y,central,slightly_facing,n,strongly_facing,range_0_3,None,None,central
157,4,0.638081,0.192373,0.048066,0.12145,3e-05,3,0.001364,0.017111,0.041031,0.940241,0.000252,4,0.997726,0.000571,0.000567,0.000567,0.000567,4,0.00252,0.991412,0.002277,0.001895,0.001895,y,central,slightly_facing,n,strongly_facing,range_0_3,None,None,central
158,4,0.631722,0.195755,0.048911,0.123582,3e-05,3,0.001371,0.017374,0.041622,0.939382,0.000252,4,0.997721,0.000573,0.000569,0.000569,0.000569,4,0.002526,0.991413,0.00228,0.001891,0.001891,y,central,slightly_facing,n,strongly_facing,range_0_3,None,None,central
159,4,0.631689,0.195756,0.048925,0.123598,3.1e-05,3,0.001381,0.017385,0.041655,0.939327,0.000252,4,0.997678,0.000589,0.000578,0.000578,0.000578,4,0.002544,0.991369,0.002288,0.001899,0.001899,m,central,slightly_facing,n,strongly_facing,range_0_3,None,None,central
160,4,0.632634,0.19532,0.048784,0.123231,3.1e-05,3,0.001382,0.017343,0.041554,0.939468,0.000252,4,0.997673,0.000592,0.000578,0.000578,0.000578,4,0.002556,0.991355,0.002288,0.001901,0.001901,m,central,slightly_facing,n,strongly_facing,range_0_3,None,None,central
161,4,0.632387,0.195379,0.048831,0.123372,3.1e-05,3,0.001379,0.017357,0.041582,0.93943,0.000252,4,0.99769,0.000586,0.000575,0.000575,0.000575,4,0.00255,0.991371,0.002285,0.001897,0.001897,m,central,strongly_facing,n,strongly_facing,range_0_3,None,None,central
162,4,0.632433,0.195367,0.048824,0.123344,3.1e-05,3,0.001383,0.017357,0.041585,0.939423,0.000252,4,0.997674,0.000592,0.000578,0.000578,0.000578,4,0.002556,0.991356,0.002288,0.0019,0.0019,m,central,slightly_facing,n,strongly_facing,range_0_3,None,None,central
163,4,0.632432,0.195367,0.048824,0.123345,3.1e-05,3,0.001384,0.017358,0.041586,0.939421,0.000252,4,0.997672,0.000593,0.000578,0.000578,0.000578,4,0.002557,0.991354,0.002288,0.0019,0.0019,m,central,slightly_facing,n,strongly_facing,range_0_3,None,None,central
164,4,0.632371,0.195359,0.048873,0.123361,3.6e-05,3,0.001449,0.017406,0.041737,0.939156,0.000252,4,0.997431,0.000693,0.000625,0.000625,0.000625,4,0.00266,0.99112,0.002332,0.001944,0.001944,n,central,slightly_facing,n,strongly_facing,range_0_3,None,None,central
