,imas_1,wti_1,viewing_area_1,body_facing_1,gesture_1,approaching_1,imas_2,wti_2,viewing_area_2,body_facing_2,gesture_2,approaching_2,distance
0,2,2,mid_peripheral,slightly_facing,None,n,1,2,mid_peripheral,slightly_facing,None,n,16.410694450438832
1,2,2,mid_peripheral,slightly_facing,None,n,1,2,mid_peripheral,slightly_facing,None,n,16.410694450438832
2,2,2,mid_peripheral,slightly_facing,None,n,1,2,mid_peripheral,slightly_facing,None,n,16.410694450438832
3,2,2,mid_peripheral,slightly_facing,None,n,1,2,mid_peripheral,slightly_facing,None,n,16.410694450438832
4,2,2,mid_peripheral,slightly_facing,None,n,1,2,mid_peripheral,slightly_facing,None,n,16.3872920532984
5,2,2,mid_peripheral,slightly_facing,None,n,1,2,mid_peripheral,slightly_facing,None,n,16.196097115867886
6,2,2,mid_peripheral,slightly_facing,None,n,1,2,mid_peripheral,slightly_facing,None,n,15.923307429654182
7,2,2,mid_peripheral,slightly_facing,None,n,1,2,mid_peripheral,slightly_facing,None,n,15.546695025724967
8,2,2,mid_peripheral,slightly_facing,None,n,1,2,outside,turned_away,None,n,15.339737324666189
9,2,2,mid_peripheral,slightly_facing,None,n,1,2,mid_peripheral,slightly_facing,None,n,15.276219316483903
10,2,2,mid_peripheral,slightly_facing,None,n,1,2,outside,slightly_facing,None,n,15.164374084762283
11,2,2,mid_peripheral,slightly_facing,None,n,2,3,central,turned_away,None,n,14.998098237667504
12,2,2,mid_peripheral,slightly_facing,None,n,2,3,central,slightly_facing,None,y,14.826969209657417
13,2,2,central,slightly_facing,None,y,2,3,central,turned_away,None,n,14.529653937257038
14,2,2,central,slightly_facing,None,y,2,3,central,strongly_facing,None,y,14.266832537435143
15,2,4,central,slightly_facing,arm_raise_low,y,2,3,central,slightly_facing,None,y,14.070084650460682
16,2,4,central,slightly_facing,arm_raise_low,y,2,3,central,strongly_facing,None,y,13.702349632746198
17,2,4,central,slightly_facing,arm_raise_low,y,2,3,central,slightly_facing,arm_raise_low,y,13.262197587300381
18,2,4,central,slightly_facing,arm_raise_low,y,2,3,central,slightly_facing,arm_raise_low,y,13.049261999835315
19,2,4,central,slightly_facing,arm_raise_low,y,2,3,central,slightly_facing,arm_raise_low,y,12.800185986624808
20,2,4,central,slightly_facing,arm_raise_low,y,2,3,central,slightly_facing,arm_raise_low,y,12.656175057991895
21,2,4,central,slightly_facing,arm_raise_low,y,2,3,central,strongly_facing,arm_raise_low,y,12.36973009228063
22,2,4,central,slightly_facing,arm_raise_low,y,2,3,central,slightly_facing,arm_raise_low,y,11.956118707882627
23,2,4,central,slightly_facing,arm_raise_low,y,2,3,central,slightly_facing,arm_raise_low,y,11.668130408250502
24,2,3,central,slightly_facing,None,m,2,3,central,turned_away,arm_raise_low,n,11.444824313512635
25,2,3,central,slightly_facing,None,m,2,3,central,turned_away,None,n,11.387813881292665
26,2,3,central,slightly_facing,None,m,2,3,central,turned_away,None,n,11.393388159452657
27,2,3,central,slightly_facing,None,m,2,3,central,turned_away,None,n,11.376007555551505
28,2,3,central,slightly_facing,None,y,2,3,central,slightly_facing,None,y,11.353864000920565
29,2,3,central,slightly_facing,None,y,2,3,central,slightly_facing,None,y,11.250138428831042
30,2,3,central,slightly_facing,None,m,2,3,central,slightly_facing,None,m,10.972812297388346
31,2,3,central,slightly_facing,None,y,2,3,central,slightly_facing,None,y,10.8845095478308
32,2,3,central,slightly_facing,None,y,2,3,central,slightly_facing,None,y,10.668134309143461
33,2,3,central,slightly_facing,None,m,2,3,central,slightly_facing,None,m,10.506518409211406
34,2,3,central,slightly_facing,None,y,2,3,central,slightly_facing,None,y,10.415217492008505
35,2,3,central,slightly_facing,None,y,2,3,central,slightly_facing,None,y,10.298821507869334
36,2,3,central,slightly_facing,None,m,2,3,central,slightly_facing,None,m,10.19074306076432
37,2,3,central,slightly_facing,None,y,2,3,central,slightly_facing,None,y,10.107143787350811
38,2,3,central,slightly_facing,None,m,2,3,central,slightly_facing,None,m,9.915813873762716
39,2,3,central,slightly_facing,None,m,2,3,central,slightly_facing,None,m,9.865017625836511
40,2,3,central,turned_away,None,n,2,3,central,slightly_facing,None,m,9.816192645703017
41,2,3,central,slightly_facing,None,m,2,3,central,turned_away,None,n,9.811443531441437
42,2,3,central,slightly_facing,None,m,2,3,central,slightly_facing,None,m,9.800415676552971
43,2,3,central,slightly_facing,None,m,2,3,central,slightly_facing,None,m,9.778007945421649
44,2,3,central,slightly_facing,None,m,2,3,central,slightly_facing,None,m,9.728826681707105
45,2,3,central,turned_away,None,n,2,3,central,turned_away,None,n,9.719178898781779
46,2,3,central,turned_away,None,n,2,3,central,turned_away,None,n,9.76243064837052
47,2,3,central,turned_away,None,n,2,3,central,turned_away,None,n,9.90223931460405
48,2,3,central,turned_away,None,n,2,3,central,turned_away,None,n,10.015867935289078
49,2,3,central,turned_away,None,n,2,3,central,turned_away,None,n,10.078787422324972
50,2,3,central,turned_away,None,n,2,3,central,turned_away,None,n,10.104212908491435
51,2,3,central,turned_away,None,n,2,3,central,turned_away,None,n,10.198383564980332
52,2,3,central,turned_away,None,n,2,3,central,turned_away,None,n,10.417175178190345
53,2,3,central,turned_away,None,n,2,3,central,turned_away,None,n,10.54331025305924
54,2,3,central,turned_away,None,n,2,3,central,turned_away,None,n,10.747475220363333
55,2,3,central,turned_away,None,n,2,3,central,turned_away,None,n,10.878955553244852
56,2,3,central,turned_away,None,n,2,3,central,turned_away,None,n,10.935170296053823
57,2,3,central,turned_away,None,n,2,3,central,turned_away,None,n,11.27295158297134
58,2,3,central,turned_away,None,n,2,3,central,turned_away,None,n,11.493472741349231
59,2,3,central,turned_away,None,n,2,3,central,turned_away,None,n,11.75176940013189
60,2,3,central,turned_away,None,n,2,3,central,turned_away,None,n,11.941807913278874
61,2,3,central,turned_away,None,n,2,3,central,turned_away,None,n,12.133266251475778
62,2,3,central,turned_away,None,n,2,3,central,turned_away,None,n,12.345382063800866
63,2,3,central,turned_away,None,n,2,3,central,turned_away,None,n,12.57945514658807
64,2,3,central,turned_away,None,n,2,3,central,turned_away,None,n,12.953044257605859
65,2,3,central,turned_away,None,n,2,3,central,turned_away,None,n,13.174713023145557
66,2,3,central,turned_away,None,n,2,3,central,turned_away,None,n,13.476820212930383
67,2,3,central,turned_away,None,n,2,3,central,turned_away,None,n,13.745475340255537
68,2,3,central,turned_away,None,n,2,3,central,turned_away,None,n,14.000408270555582
69,2,3,central,turned_away,None,n,2,3,central,turned_away,None,n,14.283348576971749
70,2,3,central,turned_away,None,n,2,3,central,turned_away,None,n,14.692342048891788
71,2,3,central,turned_away,None,n,2,3,central,turned_away,None,n,14.873116272129174
72,2,3,central,turned_away,None,n,2,3,central,turned_away,None,n,15.214035829102185
73,2,3,central,turned_away,None,n,2,3,central,turned_away,None,n,15.691822379153285
74,2,3,central,turned_away,None,n,2,3,central,turned_away,None,n,15.93565380609095
75,2,3,central,turned_away,None,n,2,3,central,turned_away,None,n,16.20702083895803
76,2,3,central,turned_away,None,n,2,3,central,turned_away,None,n,16.538681552488544
77,2,3,central,turned_away,None,n,2,3,central,turned_away,None,n,16.91407557287716
78,2,3,central,turned_away,None,n,2,3,central,turned_away,None,n,17.24237990703383
79,2,3,central,turned_away,None,n,2,3,central,turned_away,None,n,17.559920244573462
80,2,3,central,turned_away,None,n,2,3,central,turned_away,None,n,17.901518279728375
81,2,3,central,turned_away,None,n,2,3,central,turned_away,None,n,18.143812116350855
82,2,3,central,turned_away,None,n,2,3,central,turned_away,None,n,18.465289945211943
83,2,3,central,turned_away,None,n,2,3,central,turned_away,None,n,18.901807796780606
84,2,3,central,turned_away,None,n,2,3,central,turned_away,None,n,19.269186545151406
85,2,3,central,turned_away,None,n,2,3,central,turned_away,None,n,19.580408680505982
86,2,3,central,turned_away,None,n,2,3,central,turned_away,None,n,19.886194465508076
87,2,3,central,turned_away,None,n,2,3,central,turned_away,None,n,20.259746986292402
88,2,3,central,turned_away,None,n,2,3,central,turned_away,None,n,20.47692519098989
89,2,3,central,turned_away,None,n,2,3,central,turned_away,None,n,20.94940118923882
90,2,3,central,turned_away,None,n,2,3,central,turned_away,None,n,21.342580142478766
91,2,3,central,turned_away,None,n,2,3,central,turned_away,None,n,21.732090912209845
92,2,3,central,turned_away,None,n,2,3,central,turned_away,None,n,22.085187037637912
93,2,3,central,turned_away,None,n,2,3,central,turned_away,None,n,22.357406434067517
94,2,3,central,turned_away,None,n,2,3,central,turned_away,None,n,22.684466415049084
95,2,3,central,turned_away,None,n,2,3,central,turned_away,None,n,23.103986801607324
96,2,3,central,turned_away,None,n,2,3,central,turned_away,None,n,23.52223836619876
97,2,3,central,turned_away,None,n,2,3,central,turned_away,None,n,23.808162693898435
98,2,3,central,turned_away,None,n,2,3,central,turned_away,None,n,24.130187443818688
99,2,3,central,turned_away,None,n,2,3,central,turned_away,None,n,24.565146116885277
100,2,3,central,turned_away,None,n,2,3,central,turned_away,None,n,24.973769217835127
101,2,3,central,turned_away,None,n,2,3,central,turned_away,None,n,25.143742659504387
102,2,3,central,turned_away,None,n,2,3,central,turned_away,None,n,25.409837662773384
103,2,3,central,turned_away,None,n,2,3,central,turned_away,None,n,25.656064540421884
104,2,3,central,turned_away,None,n,2,3,central,turned_away,None,n,25.7546862216277
105,2,3,central,turned_away,None,n,2,3,central,turned_away,None,n,26.037642540301142
106,2,3,central,turned_away,None,n,2,3,central,turned_away,None,n,26.120392048905003
107,2,3,central,turned_away,None,n,2,3,central,turned_away,None,n,26.27727738432437
108,2,3,central,turned_away,None,n,2,3,central,turned_away,None,n,26.447239635947177
109,2,3,central,turned_away,None,n,2,3,central,turned_away,None,n,26.65914510271993
110,2,3,central,turned_away,None,n,2,3,central,turned_away,None,n,26.830471190874547
111,2,3,central,turned_away,None,n,2,3,central,turned_away,None,n,27.0027996242737
112,2,3,central,turned_away,None,n,2,3,central,turned_away,None,n,27.169135716441183
113,2,3,central,turned_away,None,n,2,3,central,turned_away,None,n,27.24446474156702
114,2,3,central,turned_away,None,n,2,3,central,turned_away,None,n,27.419033271581622
115,2,3,central,turned_away,None,n,2,3,central,turned_away,None,n,27.727143701640085
116,2,3,central,turned_away,None,n,2,3,central,turned_away,None,n,27.824843772785652
117,2,3,central,turned_away,None,n,2,3,central,turned_away,None,n,28.029268489438387
118,2,3,central,turned_away,None,n,2,3,central,turned_away,None,n,28.208022965380497
119,2,3,central,turned_away,None,n,2,3,central,turned_away,None,n,28.27415607794101
120,2,3,central,turned_away,None,n,2,3,central,turned_away,None,n,28.52414894386782
121,2,3,central,turned_away,None,n,2,3,central,turned_away,None,n,28.71828906415345
122,2,3,central,turned_away,None,n,2,3,central,turned_away,None,n,28.825181390252585
123,2,3,central,turned_away,None,n,2,3,central,turned_away,None,n,28.902623186673477
124,2,3,central,turned_away,None,n,2,3,central,turned_away,None,n,28.931637907980594
125,2,3,central,turned_away,None,n,2,3,central,turned_away,None,n,28.954480730927454
126,2,3,central,turned_away,None,n,2,3,central,turned_away,None,n,28.964743886026763
127,2,3,central,turned_away,None,n,2,3,central,turned_away,None,n,28.964743886026763
128,2,3,central,turned_away,None,n,2,3,central,turned_away,None,n,28.964743886026763
129,2,3,central,turned_away,None,n,2,3,central,turned_away,None,n,28.964743886026763
130,2,3,central,turned_away,None,n,2,3,central,turned_away,None,n,28.964743886026763
131,2,3,central,turned_away,None,n,2,3,central,turned_away,None,n,28.964743886026763
132,2,3,central,turned_away,None,n,2,3,central,turned_away,None,n,28.964743886026763
133,2,3,central,turned_away,None,n,2,3,central,turned_away,None,n,28.964743886026763
134,2,3,central,turned_away,None,n,2,3,central,turned_away,None,n,28.964743886026763
135,2,3,central,turned_away,None,n,2,3,central,turned_away,None,n,28.964743886026763
136,2,3,central,turned_away,None,n,2,3,central,turned_away,None,n,28.964743886026763
137,2,3,central,turned_away,None,n,2,3,central,turned_away,None,n,28.964743886026763
138,2,3,central,turned_away,None,n,2,3,central,turned_away,None,n,28.964743886026763
139,2,3,central,turned_away,None,n,2,3,central,turned_away,None,n,28.964743886026763
140,2,3,central,turned_away,None,n,2,3,central,turned_away,None,n,28.964743886026763
141,2,3,central,turned_away,None,n,2,3,central,turned_away,None,n,28.964743886026763
142,2,3,central,turned_away,None,n,2,3,central,turned_away,None,n,28.964743886026763
143,2,3,central,turned_away,None,n,2,3,central,turned_away,None,n,28.964743886026763
144,2,3,central,turned_away,None,n,2,3,central,turned_away,None,n,28.964743886026763
145,2,3,central,turned_away,None,n,2,3,central,turned_away,None,n,28.964743886026763
146,2,3,central,turned_away,None,n,2,3,central,turned_away,None,n,28.964743886026763
147,2,3,central,turned_away,None,n,2,3,central,turned_away,None,n,28.964743886026763
148,2,3,central,turned_away,None,n,2,3,central,turned_away,None,n,28.964743886026763
149,2,3,central,turned_away,None,n,2,3,central,turned_away,None,n,28.964743886026763
150,2,3,central,turned_away,None,n,2,3,central,turned_away,None,n,28.964743886026763
151,2,3,central,turned_away,None,n,2,3,central,turned_away,None,n,28.964743886026763
152,2,3,central,turned_away,None,n,2,3,central,turned_away,None,n,28.964743886026763
153,2,3,central,turned_away,None,n,2,3,central,turned_away,None,n,28.964743886026763
154,2,3,central,turned_away,None,n,2,3,central,turned_away,None,n,28.964743886026763
155,2,3,central,turned_away,None,n,2,3,central,turned_away,None,n,28.964743886026763
156,2,3,central,turned_away,None,n,2,3,central,turned_away,None,n,28.964743886026763
157,2,3,central,turned_away,None,n,2,3,central,turned_away,None,n,28.964743886026763
158,2,3,central,turned_away,None,n,2,3,central,turned_away,None,n,28.964743886026763
159,2,3,central,turned_away,None,n,2,3,central,turned_away,None,n,28.964743886026763
160,2,3,central,turned_away,None,n,2,3,central,turned_away,None,n,28.964743886026763
161,2,3,central,turned_away,None,n,2,3,central,turned_away,None,n,28.964743886026763
162,2,3,central,turned_away,None,n,2,3,central,turned_away,None,n,28.964743886026763
163,2,3,central,turned_away,None,n,2,3,central,turned_away,None,n,28.964743886026763
164,2,3,central,turned_away,None,n,2,3,central,turned_away,None,n,28.964743886026763
165,2,3,central,turned_away,None,n,2,3,central,turned_away,None,n,28.964743886026763
166,2,3,central,turned_away,None,n,2,3,central,turned_away,None,n,28.964743886026763
167,2,3,central,turned_away,None,n,2,3,central,turned_away,None,n,28.964743886026763
168,2,3,central,turned_away,None,n,2,3,central,turned_away,None,n,28.964743886026763
169,2,3,central,turned_away,None,n,2,3,central,turned_away,None,n,28.964743886026763
170,2,3,central,turned_away,None,n,2,3,central,turned_away,None,n,28.964743886026763
171,2,3,central,turned_away,None,n,2,3,central,turned_away,None,n,28.964743886026763
172,2,3,central,turned_away,None,n,2,3,central,turned_away,None,n,28.964743886026763
173,2,3,central,turned_away,None,n,2,3,central,turned_away,None,n,28.964743886026763
174,2,3,central,turned_away,None,n,2,3,central,turned_away,None,n,28.964743886026763
175,2,3,central,turned_away,None,n,2,3,central,turned_away,None,n,28.964743886026763
176,2,3,central,turned_away,None,n,2,3,central,turned_away,None,n,28.964743886026763
177,2,3,central,turned_away,None,n,2,3,central,turned_away,None,n,28.964743886026763
178,2,3,central,turned_away,None,n,2,3,central,turned_away,None,n,28.964743886026763
179,2,3,central,turned_away,None,n,2,3,central,turned_away,None,n,28.964743886026763
180,2,3,central,turned_away,None,n,2,3,central,turned_away,None,n,28.964743886026763
181,2,3,central,turned_away,None,n,2,3,central,turned_away,None,n,28.964743886026763
182,2,3,central,turned_away,None,n,2,3,central,turned_away,None,n,28.964743886026763
183,2,3,central,turned_away,None,n,2,3,central,turned_away,None,n,28.964743886026763
184,2,3,central,turned_away,None,n,2,3,central,turned_away,None,n,28.964743886026763
185,2,3,central,turned_away,None,n,2,3,central,turned_away,None,n,28.964743886026763
186,2,3,central,turned_away,None,n,2,3,central,turned_away,None,n,28.964743886026763
187,2,3,central,turned_away,None,n,2,3,central,turned_away,None,n,28.964743886026763
188,2,3,central,turned_away,None,n,2,3,central,turned_away,None,n,28.964743886026763
189,2,3,central,turned_away,None,n,2,3,central,turned_away,None,n,28.964743886026763
190,2,3,central,turned_away,None,n,2,3,central,turned_away,None,n,28.964743886026763
191,2,3,central,turned_away,None,n,2,3,central,turned_away,None,n,28.964743886026763
192,2,3,central,turned_away,None,n,2,3,central,turned_away,None,n,28.964743886026763
193,2,3,central,turned_away,None,n,2,3,central,turned_away,None,n,28.964743886026763
194,2,3,central,turned_away,None,n,2,3,central,turned_away,None,n,28.964743886026763
195,2,3,central,turned_away,None,n,2,3,central,turned_away,None,n,28.964743886026763
196,2,3,central,turned_away,None,n,2,3,central,turned_away,None,n,28.964743886026763
197,2,3,central,turned_away,None,n,2,3,central,turned_away,None,n,28.964743886026763
198,2,3,central,turned_away,None,n,2,3,central,turned_away,None,n,28.964743886026763
199,2,3,central,turned_away,None,n,2,3,central,turned_away,None,n,28.964743886026763
200,2,3,central,turned_away,None,n,2,3,central,turned_away,None,n,28.964743886026763
201,2,3,central,turned_away,None,n,2,3,central,turned_away,None,n,28.964743886026763
202,2,3,central,turned_away,None,n,2,3,central,turned_away,None,n,28.964743886026763
203,2,3,central,turned_away,None,n,2,3,central,turned_away,None,n,28.964743886026763
204,2,3,central,turned_away,None,n,2,3,central,turned_away,None,n,28.964743886026763
205,2,3,central,turned_away,None,n,2,3,central,turned_away,None,n,28.964743886026763
206,2,3,central,turned_away,None,n,2,3,central,turned_away,None,n,28.964743886026763
207,2,3,central,turned_away,None,n,2,3,central,turned_away,None,n,28.964743886026763
208,2,3,central,turned_away,None,n,2,3,central,turned_away,None,n,28.964743886026763
209,2,3,central,turned_away,None,n,2,3,central,turned_away,None,n,28.964743886026763
210,2,3,central,turned_away,None,n,2,3,central,turned_away,None,n,28.964743886026763
211,2,3,central,turned_away,None,n,2,3,central,turned_away,None,n,28.964743886026763
212,2,3,central,turned_away,None,n,2,3,central,turned_away,None,n,28.964743886026763
213,2,3,central,turned_away,None,n,2,3,central,turned_away,None,n,28.964743886026763
214,2,3,central,turned_away,None,n,2,3,central,turned_away,None,n,28.964743886026763
215,2,3,central,turned_away,None,n,2,3,central,turned_away,None,n,28.964743886026763
216,2,3,central,turned_away,None,n,2,3,central,turned_away,None,n,28.964743886026763
217,2,3,central,turned_away,None,n,2,3,central,turned_away,None,n,28.964743886026763
218,2,3,central,turned_away,None,n,2,3,central,turned_away,None,n,28.964743886026763
219,2,3,central,turned_away,None,n,2,3,central,turned_away,None,n,28.964743886026763
220,2,3,central,turned_away,None,n,2,3,central,turned_away,None,n,28.964743886026763
221,2,3,central,turned_away,None,n,2,3,central,turned_away,None,n,28.964743886026763
222,2,3,central,turned_away,None,n,2,3,central,turned_away,None,n,28.964743886026763
223,2,3,central,turned_away,None,n,2,3,central,turned_away,None,n,28.964743886026763
224,2,3,central,turned_away,None,n,2,3,central,turned_away,None,n,28.964743886026763
225,2,3,central,turned_away,None,n,2,3,central,turned_away,None,n,28.964743886026763
226,2,3,central,turned_away,None,n,2,3,central,turned_away,None,n,28.964743886026763
227,2,3,central,turned_away,None,n,2,3,central,turned_away,None,n,28.964743886026763
228,2,3,central,turned_away,None,n,2,3,central,turned_away,None,n,28.964743886026763
229,2,3,central,turned_away,None,n,2,3,central,turned_away,None,n,28.964743886026763
230,2,3,central,turned_away,None,n,2,3,central,turned_away,None,n,28.964743886026763
231,2,3,central,turned_away,None,n,2,3,central,turned_away,None,n,28.964743886026763
232,2,3,central,turned_away,None,n,2,3,central,turned_away,None,n,28.964743886026763
233,2,3,central,turned_away,None,n,2,3,central,turned_away,None,n,28.964743886026763
234,2,3,central,turned_away,None,n,2,3,central,turned_away,None,n,28.964743886026763
235,2,3,central,turned_away,None,n,2,3,central,turned_away,None,n,28.964743886026763
236,2,3,central,turned_away,None,n,2,3,central,turned_away,None,n,28.964743886026763
237,2,3,central,turned_away,None,n,2,3,central,turned_away,None,n,28.964743886026763
238,2,3,central,turned_away,None,n,2,3,central,turned_away,None,n,28.964743886026763
239,2,3,central,turned_away,None,n,2,3,central,turned_away,None,n,28.964743886026763
240,2,3,central,turned_away,None,n,2,3,central,turned_away,None,n,28.964743886026763
241,2,3,central,turned_away,None,n,2,3,central,turned_away,None,n,28.964743886026763
242,2,3,central,turned_away,None,n,2,3,central,turned_away,None,n,28.964743886026763
243,2,3,central,turned_away,None,n,2,3,central,turned_away,None,n,28.964743886026763
244,2,3,central,turned_away,None,n,2,3,central,turned_away,None,n,28.964743886026763
245,2,3,central,turned_away,None,n,2,3,central,turned_away,None,n,28.964743886026763
246,2,3,central,turned_away,None,n,2,3,central,turned_away,None,n,28.964743886026763
247,2,3,central,turned_away,None,n,2,3,central,turned_away,None,n,28.964743886026763
248,2,3,central,turned_away,None,n,2,3,central,turned_away,None,n,28.964743886026763
249,2,3,central,turned_away,None,n,2,3,central,turned_away,None,n,28.964743886026763
250,2,3,central,turned_away,None,n,2,3,central,turned_away,None,n,28.964743886026763
251,2,3,central,turned_away,None,n,2,3,central,turned_away,None,n,28.964743886026763
252,2,3,central,turned_away,None,n,2,3,central,turned_away,None,n,28.964743886026763
253,2,3,central,turned_away,None,n,2,3,central,turned_away,None,n,28.964743886026763
