,p1_imas,p1_imas_5_pred,p1_imas_4_pred,p1_imas_3_pred,p1_imas_2_pred,p1_imas_1_pred,p2_imas,p2_imas_5_pred,p2_imas_4_pred,p2_imas_3_pred,p2_imas_2_pred,p2_imas_1_pred,p1_wti,p1_wti_5_pred,p1_wti_4_pred,p1_wti_3_pred,p1_wti_2_pred,p1_wti_1_pred,p2_wti,p2_wti_5_pred,p2_wti_4_pred,p2_wti_3_pred,p2_wti_2_pred,p2_wti_1_pred,p1_approach,p2_head,p1_body,p2_approach,p2_body,dist,p1_gesture,p2_gesture,p1_head
0,2,4e-06,7e-06,2.7e-05,0.028209,0.971754,2,1e-06,2e-06,5e-06,0.024957,0.975035,2,3e-06,9.3e-05,0.018209,0.013792,0.967903,3,1e-06,1.7e-05,0.018233,0.007414,0.974335,n,outside,strongly_facing,n,turned_away,range_27_inf,None,None,mid_peripheral
1,2,1e-06,2e-06,6e-06,0.024605,0.975386,2,0.0,0.0,0.0,0.024314,0.975685,2,2e-06,7e-06,0.018327,0.006359,0.975306,3,1e-06,1e-06,0.018228,0.006089,0.975681,n,outside,strongly_facing,n,turned_away,range_27_inf,None,None,mid_peripheral
2,2,0.0,1e-06,6e-06,0.024528,0.975466,2,0.0,0.0,0.0,0.024312,0.975688,2,1e-06,4e-06,0.018329,0.006201,0.975465,3,0.0,1e-06,0.018227,0.006084,0.975687,n,outside,strongly_facing,n,turned_away,range_27_inf,None,None,mid_peripheral
3,2,0.0,0.0,6e-06,0.024535,0.975459,2,0.0,0.0,0.0,0.024312,0.975688,2,1e-06,5e-06,0.018329,0.006206,0.97546,3,0.0,1e-06,0.018227,0.006084,0.975687,n,outside,slightly_facing,n,turned_away,range_27_inf,None,None,mid_peripheral
4,2,0.0,0.0,6e-06,0.024535,0.975459,2,0.0,0.0,0.0,0.024312,0.975688,2,1e-06,5e-06,0.018329,0.006206,0.97546,3,0.0,1e-06,0.018227,0.006084,0.975687,n,outside,slightly_facing,n,turned_away,range_27_inf,None,None,mid_peripheral
5,2,0.0,0.0,6e-06,0.024535,0.975459,2,0.0,0.0,0.0,0.024338,0.975661,2,1e-06,5e-06,0.018329,0.006206,0.97546,3,0.0,2e-06,0.018227,0.006111,0.97566,n,mid_peripheral,slightly_facing,n,slightly_facing,range_27_inf,None,None,mid_peripheral
6,2,0.0,0.0,6e-06,0.024535,0.975459,2,0.0,0.0,1e-06,0.024357,0.975642,2,1e-06,5e-06,0.018329,0.006205,0.97546,3,0.0,2e-06,0.018227,0.00613,0.975641,n,mid_peripheral,slightly_facing,n,strongly_facing,range_27_inf,None,None,mid_peripheral
7,2,0.0,0.0,6e-06,0.024535,0.975459,2,0.0,0.0,1e-06,0.024358,0.975641,2,1e-06,5e-06,0.018329,0.006205,0.97546,3,0.0,2e-06,0.018227,0.00613,0.975641,n,mid_peripheral,slightly_facing,n,strongly_facing,range_27_inf,None,None,mid_peripheral
8,2,0.0,0.0,6e-06,0.024535,0.975459,2,0.0,0.0,1e-06,0.024358,0.975641,2,1e-06,5e-06,0.018329,0.006205,0.97546,3,0.0,2e-06,0.018227,0.00613,0.975641,n,mid_peripheral,slightly_facing,n,strongly_facing,range_27_inf,None,None,mid_peripheral
9,2,0.0,0.0,6e-06,0.024535,0.975459,2,0.0,0.0,1e-06,0.024358,0.975641,2,1e-06,5e-06,0.018329,0.006205,0.97546,3,0.0,2e-06,0.018227,0.00613,0.975641,n,mid_peripheral,slightly_facing,n,strongly_facing,range_27_inf,None,None,mid_peripheral
10,2,0.0,0.0,6e-06,0.024535,0.975459,2,0.0,0.0,1e-06,0.024358,0.975641,2,1e-06,5e-06,0.018329,0.006205,0.97546,3,0.0,2e-06,0.018227,0.00613,0.975641,n,mid_peripheral,slightly_facing,n,strongly_facing,range_27_inf,None,None,mid_peripheral
11,2,0.0,0.0,6e-06,0.024535,0.975459,2,0.0,0.0,0.0,0.024339,0.97566,2,1e-06,5e-06,0.018329,0.006206,0.97546,3,0.0,2e-06,0.018227,0.006111,0.97566,n,mid_peripheral,slightly_facing,n,slightly_facing,range_27_inf,None,None,mid_peripheral
12,2,0.0,0.0,6e-06,0.024535,0.975459,2,0.0,0.0,0.0,0.024339,0.975661,2,1e-06,5e-06,0.018329,0.006206,0.97546,3,0.0,2e-06,0.018227,0.006111,0.97566,n,mid_peripheral,slightly_facing,n,slightly_facing,range_27_inf,None,None,mid_peripheral
13,2,0.0,0.0,6e-06,0.02454,0.975454,3,3.6e-05,7.2e-05,0.000273,0.070373,0.929245,2,1e-06,5e-06,0.018663,0.005911,0.97542,4,2.2e-05,0.00111,0.017579,0.052033,0.929256,n,central,slightly_facing,y,slightly_facing,range_27_inf,None,None,mid_peripheral
14,2,0.0,0.0,5e-06,0.024495,0.9755,3,0.000344,0.000689,0.002184,0.392725,0.604058,2,1.3e-05,1.6e-05,0.020949,0.003859,0.975163,4,0.000207,0.008905,0.012985,0.373784,0.604119,n,central,slightly_facing,y,strongly_facing,range_27_inf,None,None,mid_peripheral
15,2,0.0,0.0,5e-06,0.02449,0.975505,3,0.000381,0.000791,0.001985,0.359266,0.637576,2,2.5e-05,2.9e-05,0.020739,0.004085,0.975123,4,0.000235,0.008143,0.013494,0.340515,0.637613,n,central,slightly_facing,m,strongly_facing,range_27_inf,None,None,mid_peripheral
16,2,0.0,0.0,4e-06,0.024422,0.975574,3,0.0008,0.001697,0.004893,0.849995,0.142615,2,3.2e-05,3.6e-05,0.024205,0.000951,0.974775,4,0.000501,0.019993,0.006481,0.830555,0.14247,n,central,slightly_facing,y,strongly_facing,range_27_inf,None,None,mid_peripheral
17,2,0.0,0.0,4e-06,0.024401,0.975595,3,0.000916,0.001905,0.005638,0.975666,0.015875,2,3.6e-05,4e-05,0.025088,0.000151,0.974685,4,0.000566,0.023024,0.004677,0.956224,0.01551,n,central,slightly_facing,y,strongly_facing,range_27_inf,None,None,mid_peripheral
18,2,0.0,0.0,4e-06,0.024399,0.975597,3,0.000934,0.001934,0.005713,0.988353,0.003067,2,3.8e-05,4.1e-05,0.02518,7.1e-05,0.974671,4,0.000575,0.023333,0.004494,0.96911,0.002489,n,central,slightly_facing,y,slightly_facing,range_27_inf,None,None,mid_peripheral
19,2,0.0,0.0,4e-06,0.024399,0.975597,3,0.000934,0.001934,0.005712,0.988114,0.003306,2,3.8e-05,4.1e-05,0.025178,7.2e-05,0.974671,4,0.000575,0.023328,0.004462,0.970801,0.000834,n,central,slightly_facing,y,slightly_facing,range_27_inf,None,None,mid_peripheral
20,2,0.0,0.0,4e-06,0.024399,0.975597,3,0.000795,0.001646,0.004866,0.845391,0.147302,2,3.2e-05,3.5e-05,0.024164,0.00096,0.974809,4,0.000489,0.019936,0.003814,0.974322,0.001439,n,central,slightly_facing,y,slightly_facing,range_27_inf,None,None,mid_peripheral
21,2,0.0,0.0,4e-06,0.024398,0.975597,3,0.000501,0.001035,0.003075,0.543131,0.452259,2,2e-05,2.2e-05,0.022015,0.002841,0.975101,4,0.000308,0.01275,0.002449,0.98133,0.003162,n,central,slightly_facing,y,slightly_facing,range_27_inf,None,None,mid_peripheral
22,2,0.0,0.0,4e-06,0.024398,0.975597,3,0.000498,0.001029,0.003077,0.543565,0.451831,2,2e-05,2.2e-05,0.022017,0.002837,0.975104,4,0.000307,0.012759,0.002447,0.981428,0.00306,n,central,slightly_facing,y,strongly_facing,range_27_inf,None,None,mid_peripheral
23,2,0.0,0.0,4e-06,0.024398,0.975597,3,0.000505,0.001042,0.003119,0.550583,0.444751,2,2e-05,2.2e-05,0.022067,0.002794,0.975098,4,0.000311,0.012925,0.002478,0.981274,0.003012,n,central,slightly_facing,y,strongly_facing,range_27_inf,None,None,mid_peripheral
24,2,0.0,0.0,4e-06,0.024399,0.975596,3,0.000624,0.001323,0.003059,0.540396,0.454598,2,4.6e-05,4.7e-05,0.022062,0.002881,0.974964,4,0.000391,0.012768,0.002597,0.97695,0.007295,n,central,slightly_facing,m,slightly_facing,range_27_inf,None,None,mid_peripheral
25,2,1e-06,1e-06,7e-06,0.024804,0.975188,3,0.048113,0.12165,0.179794,0.602151,0.048292,2,0.008708,0.008738,0.049017,0.012051,0.921487,4,0.15348,0.736799,0.005069,0.104166,0.000486,n,central,slightly_facing,y,slightly_facing,range_24_27,None,arm_raise_high,mid_peripheral
26,2,2e-06,4e-06,2.1e-05,0.026878,0.973094,3,0.080054,0.441732,0.120527,0.357147,0.000539,2,0.010583,0.010829,0.095536,0.036612,0.84644,4,0.511961,0.487332,0.000272,0.00028,0.000154,n,central,slightly_facing,y,slightly_facing,range_24_27,None,arm_raise_high,mid_peripheral
27,2,4e-06,8e-06,3.4e-05,0.027831,0.972123,3,0.066588,0.791103,0.036756,0.105298,0.000255,2,0.005903,0.006335,0.140414,0.042341,0.805006,4,0.855636,0.144113,8.5e-05,8.3e-05,8.3e-05,n,central,slightly_facing,y,slightly_facing,range_24_27,None,arm_raise_high,mid_peripheral
28,2,4e-06,7e-06,3.1e-05,0.027241,0.972717,3,0.040804,0.930875,0.008144,0.020093,8.4e-05,2,0.002657,0.003035,0.157491,0.029776,0.807041,4,0.972331,0.02757,3.3e-05,3.3e-05,3.3e-05,n,central,slightly_facing,y,slightly_facing,range_24_27,None,arm_raise_high,mid_peripheral
29,2,3e-06,5e-06,2.4e-05,0.026527,0.973441,3,0.024953,0.968962,0.002666,0.003394,2.4e-05,2,0.001594,0.001854,0.162179,0.018317,0.816056,4,0.995281,0.004673,1.6e-05,1.5e-05,1.5e-05,n,central,slightly_facing,y,slightly_facing,range_24_27,None,arm_raise_high,mid_peripheral
30,2,2e-06,4e-06,2e-05,0.026049,0.973924,3,0.016637,0.979451,0.002354,0.001549,1e-05,2,0.001307,0.001472,0.163572,0.01125,0.822399,4,0.997825,0.002142,1.1e-05,1.1e-05,1.1e-05,n,central,slightly_facing,m,slightly_facing,range_24_27,None,arm_raise_high,mid_peripheral
31,2,2e-06,3e-06,1.8e-05,0.025765,0.974212,3,0.012426,0.983526,0.003304,0.00074,4e-06,2,0.001236,0.001342,0.164176,0.007377,0.825869,4,0.998944,0.001027,1e-05,9e-06,9e-06,n,central,slightly_facing,m,slightly_facing,range_24_27,None,arm_raise_high,mid_peripheral
32,2,0.000522,0.000996,0.004352,0.417543,0.576587,3,0.602694,0.397035,0.00026,1.1e-05,0.0,2,0.504411,0.123882,0.12395,0.123879,0.123878,4,0.997822,0.000544,0.000545,0.000544,0.000544,y,central,slightly_facing,y,slightly_facing,range_24_27,None,arm_raise_high,central
33,2,0.00072,0.001811,0.005513,0.590218,0.401738,3,0.437713,0.558836,0.002579,0.000872,1e-06,2,0.642181,0.089446,0.089485,0.089445,0.089444,4,0.997924,0.000515,0.00053,0.000515,0.000515,m,central,slightly_facing,m,slightly_facing,range_24_27,None,arm_raise_high,central
34,2,0.000844,0.003006,0.007087,0.854652,0.134411,3,0.156114,0.839512,0.001882,0.00249,1e-06,2,0.869008,0.032748,0.032748,0.032748,0.032748,4,0.998624,0.000344,0.000344,0.000344,0.000344,y,central,slightly_facing,y,slightly_facing,range_24_27,None,arm_raise_high,central
35,2,0.000939,0.004745,0.008861,0.937043,0.048412,3,0.062679,0.930434,0.001551,0.005335,2e-06,2,0.94415,0.013962,0.013965,0.013962,0.013962,4,0.998533,0.000367,0.000367,0.000367,0.000367,m,central,slightly_facing,m,slightly_facing,range_24_27,None,arm_raise_high,central
36,2,0.001002,0.00745,0.011306,0.953546,0.026695,3,0.038112,0.950137,0.001373,0.010375,3e-06,2,0.963899,0.009024,0.009029,0.009024,0.009024,4,0.998482,0.000379,0.000381,0.000379,0.000379,m,central,slightly_facing,m,slightly_facing,range_24_27,None,arm_raise_high,central
37,2,0.001096,0.01171,0.015852,0.951863,0.019479,3,0.029526,0.949937,0.00129,0.019242,5e-06,2,0.970786,0.0073,0.007314,0.0073,0.0073,4,0.998394,0.000399,0.000409,0.000399,0.000399,m,central,slightly_facing,m,slightly_facing,range_24_27,None,arm_raise_high,central
38,2,0.001264,0.018112,0.024652,0.940603,0.015369,3,0.024431,0.938612,0.001621,0.035326,1e-05,2,0.974591,0.006279,0.006583,0.006273,0.006273,4,0.997954,0.00044,0.000738,0.000434,0.000434,m,central,slightly_facing,m,slightly_facing,range_24_27,None,arm_raise_high,central
39,2,0.002385,0.140176,0.054349,0.79705,0.006039,3,0.012308,0.710877,0.038356,0.238402,5.7e-05,2,0.985687,0.003578,0.003579,0.003578,0.003578,4,0.996976,0.000756,0.000757,0.000756,0.000756,y,central,slightly_facing,y,slightly_facing,range_24_27,None,arm_raise_high,central
40,2,0.003877,0.325917,0.084469,0.585598,0.000139,3,0.00419,0.369583,0.094168,0.531932,0.000128,2,0.993704,0.001573,0.001577,0.001573,0.001573,4,0.994966,0.001258,0.001259,0.001258,0.001258,m,central,slightly_facing,m,slightly_facing,range_24_27,None,arm_raise_high,central
41,2,0.003872,0.325895,0.084454,0.58564,0.000139,3,0.004185,0.36956,0.094158,0.531969,0.000128,2,0.993763,0.001559,0.001559,0.001559,0.001559,4,0.995025,0.001244,0.001244,0.001244,0.001244,y,central,slightly_facing,y,slightly_facing,range_24_27,None,arm_raise_high,central
42,2,0.003872,0.325902,0.084444,0.585643,0.000139,3,0.004185,0.369568,0.094147,0.531972,0.000128,2,0.993766,0.001559,0.001559,0.001559,0.001559,4,0.995028,0.001243,0.001243,0.001243,0.001243,y,central,slightly_facing,y,slightly_facing,range_24_27,None,arm_raise_high,central
43,2,0.003872,0.325894,0.084454,0.585641,0.000139,3,0.004185,0.369559,0.094158,0.53197,0.000128,2,0.993766,0.001559,0.001559,0.001559,0.001559,4,0.995028,0.001243,0.001243,0.001243,0.001243,y,central,slightly_facing,y,strongly_facing,range_24_27,None,arm_raise_high,central
44,2,0.003872,0.325894,0.084453,0.585641,0.000139,3,0.004185,0.369559,0.094158,0.53197,0.000128,2,0.993766,0.001558,0.001558,0.001558,0.001558,4,0.995028,0.001243,0.001243,0.001243,0.001243,y,central,slightly_facing,y,strongly_facing,range_24_27,None,arm_raise_high,central
45,2,0.003872,0.325894,0.084453,0.585641,0.000139,3,0.004185,0.36956,0.094158,0.53197,0.000128,2,0.993766,0.001558,0.001558,0.001558,0.001558,4,0.995028,0.001243,0.001243,0.001243,0.001243,y,central,slightly_facing,y,strongly_facing,range_24_27,None,arm_raise_high,central
46,2,0.003872,0.325894,0.084453,0.585641,0.000139,3,0.004185,0.36956,0.094158,0.53197,0.000128,2,0.993766,0.001558,0.001558,0.001558,0.001558,4,0.995028,0.001243,0.001243,0.001243,0.001243,y,central,slightly_facing,y,strongly_facing,range_24_27,None,arm_raise_high,central
47,2,0.003872,0.325902,0.084444,0.585643,0.000139,3,0.004185,0.369568,0.094147,0.531972,0.000128,2,0.993766,0.001558,0.001558,0.001558,0.001558,4,0.995028,0.001243,0.001243,0.001243,0.001243,y,central,slightly_facing,y,strongly_facing,range_24_27,None,arm_raise_high,central
48,2,0.003872,0.325894,0.084453,0.585641,0.000139,3,0.004185,0.36956,0.094158,0.53197,0.000128,2,0.993766,0.001559,0.001559,0.001559,0.001559,4,0.995028,0.001243,0.001243,0.001243,0.001243,y,central,slightly_facing,y,slightly_facing,range_24_27,None,arm_raise_high,central
49,2,0.003872,0.325902,0.084444,0.585642,0.000139,3,0.004185,0.369568,0.094147,0.531972,0.000128,2,0.993766,0.001559,0.001559,0.001559,0.001559,4,0.995027,0.001243,0.001243,0.001243,0.001243,y,central,slightly_facing,y,slightly_facing,range_21_24,None,arm_raise_high,central
50,2,0.003872,0.325902,0.084444,0.585643,0.000139,3,0.004185,0.369568,0.094147,0.531972,0.000128,2,0.993766,0.001559,0.001559,0.001559,0.001559,4,0.995028,0.001243,0.001243,0.001243,0.001243,y,central,slightly_facing,y,strongly_facing,range_21_24,None,arm_raise_high,central
51,2,0.003872,0.325902,0.084444,0.585643,0.000139,3,0.004185,0.369568,0.094147,0.531972,0.000128,2,0.993766,0.001559,0.001559,0.001559,0.001559,4,0.995028,0.001243,0.001243,0.001243,0.001243,y,central,slightly_facing,y,strongly_facing,range_21_24,None,arm_raise_high,central
52,2,0.003872,0.325902,0.084444,0.585643,0.000139,3,0.004185,0.369568,0.094147,0.531972,0.000128,2,0.993766,0.001559,0.001559,0.001559,0.001559,4,0.995028,0.001243,0.001243,0.001243,0.001243,y,central,slightly_facing,y,strongly_facing,range_21_24,None,arm_raise_high,central
53,2,0.003872,0.325902,0.084444,0.585643,0.000139,3,0.004185,0.369568,0.094147,0.531972,0.000128,2,0.993766,0.001559,0.001559,0.001559,0.001559,4,0.995028,0.001243,0.001243,0.001243,0.001243,y,central,slightly_facing,y,slightly_facing,range_21_24,None,None,central
54,2,0.003872,0.325902,0.084444,0.585643,0.000139,3,0.004185,0.369568,0.094147,0.531972,0.000128,2,0.993766,0.001558,0.001558,0.001558,0.001558,4,0.995028,0.001243,0.001243,0.001243,0.001243,y,central,slightly_facing,y,strongly_facing,range_21_24,None,None,central
55,2,0.003872,0.325902,0.084444,0.585643,0.000139,3,0.004185,0.369568,0.094147,0.531972,0.000128,2,0.993766,0.001558,0.001558,0.001558,0.001558,4,0.995028,0.001243,0.001243,0.001243,0.001243,y,central,slightly_facing,y,strongly_facing,range_21_24,None,None,central
56,2,0.003872,0.325902,0.084444,0.585643,0.000139,3,0.004185,0.369568,0.094147,0.531972,0.000128,3,0.993766,0.001559,0.001559,0.001558,0.001558,4,0.995028,0.001243,0.001243,0.001243,0.001243,y,central,slightly_facing,y,strongly_facing,range_21_24,arm_raise_high,None,central
57,2,0.003872,0.325902,0.084445,0.585643,0.000139,3,0.004185,0.369568,0.094148,0.531971,0.000128,3,0.993765,0.001559,0.001559,0.001559,0.001559,4,0.995027,0.001243,0.001243,0.001243,0.001243,y,central,slightly_facing,y,slightly_facing,range_21_24,arm_raise_high,None,central
58,2,0.003872,0.325902,0.084445,0.585642,0.000139,3,0.004185,0.369568,0.094148,0.531971,0.000128,3,0.993765,0.001559,0.001559,0.001559,0.001559,4,0.995027,0.001243,0.001243,0.001243,0.001243,y,central,slightly_facing,y,slightly_facing,range_21_24,arm_raise_high,None,central
59,2,0.003872,0.325902,0.084445,0.585642,0.000139,3,0.004185,0.369568,0.094148,0.531971,0.000128,3,0.993765,0.001559,0.001559,0.001559,0.001559,4,0.995027,0.001243,0.001243,0.001243,0.001243,y,central,slightly_facing,y,slightly_facing,range_21_24,arm_raise_high,None,central
60,2,0.003872,0.325902,0.084444,0.585643,0.000139,3,0.004185,0.369568,0.094148,0.531972,0.000128,3,0.993766,0.001559,0.001559,0.001559,0.001559,4,0.995028,0.001243,0.001243,0.001243,0.001243,y,central,slightly_facing,y,strongly_facing,range_21_24,arm_raise_high,None,central
61,2,0.003872,0.325902,0.084444,0.585643,0.000139,3,0.004185,0.369568,0.094147,0.531972,0.000128,3,0.993766,0.001558,0.001558,0.001558,0.001558,4,0.995028,0.001243,0.001243,0.001243,0.001243,y,central,strongly_facing,y,strongly_facing,range_21_24,arm_raise_high,None,central
62,2,0.003872,0.325902,0.084444,0.585643,0.000139,3,0.004185,0.369568,0.094147,0.531972,0.000128,3,0.993766,0.001558,0.001558,0.001558,0.001558,4,0.995028,0.001243,0.001243,0.001243,0.001243,y,central,strongly_facing,y,strongly_facing,range_21_24,arm_raise_high,None,central
63,2,0.003872,0.325902,0.084444,0.585643,0.000139,3,0.004185,0.369568,0.094147,0.531972,0.000128,3,0.993766,0.001559,0.001559,0.001559,0.001559,4,0.995028,0.001243,0.001243,0.001243,0.001243,y,central,strongly_facing,y,slightly_facing,range_21_24,arm_raise_high,None,central
64,2,0.003872,0.325902,0.084445,0.585641,0.000139,3,0.004185,0.369569,0.094149,0.53197,0.000128,3,0.993764,0.001559,0.001559,0.001559,0.001559,4,0.995025,0.001244,0.001244,0.001244,0.001244,y,central,strongly_facing,y,strongly_facing,range_18_21,arm_raise_high,None,central
65,2,0.003872,0.325903,0.084446,0.58564,0.000139,3,0.004185,0.369569,0.094149,0.531969,0.000128,3,0.993762,0.001559,0.001559,0.001559,0.001559,4,0.995024,0.001244,0.001244,0.001244,0.001244,y,central,slightly_facing,y,strongly_facing,range_18_21,arm_raise_high,None,central
66,2,0.003873,0.325904,0.084447,0.585637,0.000139,3,0.004186,0.36957,0.094151,0.531966,0.000128,3,0.993758,0.001561,0.001561,0.00156,0.00156,4,0.995019,0.001245,0.001245,0.001245,0.001245,y,central,slightly_facing,y,slightly_facing,range_18_21,arm_raise_high,None,central
67,2,0.003873,0.325904,0.084448,0.585637,0.000139,3,0.004186,0.36957,0.094151,0.531966,0.000128,3,0.993758,0.001561,0.001561,0.001561,0.001561,4,0.995019,0.001245,0.001245,0.001245,0.001245,y,central,slightly_facing,y,slightly_facing,range_18_21,arm_raise_high,None,central
68,2,0.003873,0.325904,0.084448,0.585637,0.000139,3,0.004186,0.36957,0.094151,0.531966,0.000128,3,0.993758,0.001561,0.001561,0.001561,0.001561,4,0.995019,0.001245,0.001245,0.001245,0.001245,y,central,slightly_facing,y,slightly_facing,range_18_21,arm_raise_high,None,central
69,2,0.003873,0.325904,0.084447,0.585637,0.000139,3,0.004186,0.36957,0.094151,0.531966,0.000128,3,0.993758,0.001561,0.001561,0.001561,0.001561,4,0.995019,0.001245,0.001245,0.001245,0.001245,y,central,slightly_facing,y,slightly_facing,range_18_21,arm_raise_high,None,central
70,2,0.003873,0.325904,0.084447,0.585637,0.000139,3,0.004186,0.36957,0.094151,0.531966,0.000128,3,0.993758,0.001561,0.001561,0.001561,0.001561,4,0.995019,0.001245,0.001245,0.001245,0.001245,y,central,slightly_facing,y,slightly_facing,range_18_21,arm_raise_high,None,central
71,2,0.003873,0.325904,0.084448,0.585637,0.000139,3,0.004186,0.36957,0.094151,0.531966,0.000128,3,0.993758,0.001561,0.001561,0.001561,0.001561,4,0.995019,0.001245,0.001245,0.001245,0.001245,y,central,slightly_facing,y,slightly_facing,range_18_21,arm_raise_high,None,central
72,2,0.003873,0.325894,0.08445,0.585644,0.000139,3,0.004186,0.369559,0.094173,0.531955,0.000128,3,0.993757,0.001561,0.001561,0.001561,0.001561,4,0.995019,0.001245,0.001245,0.001245,0.001245,y,central,slightly_facing,y,slightly_facing,range_18_21,arm_raise_high,None,central
73,2,0.003873,0.325891,0.084451,0.585646,0.000139,3,0.004186,0.369555,0.094181,0.531951,0.000128,3,0.993757,0.001561,0.001561,0.001561,0.001561,4,0.995019,0.001245,0.001245,0.001245,0.001245,y,central,slightly_facing,y,slightly_facing,range_18_21,arm_raise_high,None,central
74,4,0.003873,0.325885,0.084451,0.585652,0.000139,3,0.004186,0.369548,0.09419,0.531948,0.000128,4,0.993761,0.00156,0.00156,0.00156,0.00156,4,0.995024,0.001244,0.001244,0.001244,0.001244,y,central,slightly_facing,y,slightly_facing,range_18_21,None,None,central
75,4,0.003873,0.325885,0.084451,0.585652,0.000139,3,0.004186,0.369548,0.09419,0.531948,0.000128,4,0.993761,0.00156,0.00156,0.00156,0.001559,4,0.995024,0.001244,0.001244,0.001244,0.001244,y,central,slightly_facing,y,slightly_facing,range_18_21,None,None,central
76,4,0.003873,0.325885,0.084451,0.585652,0.000139,3,0.004186,0.369548,0.09419,0.531948,0.000128,4,0.993761,0.00156,0.00156,0.00156,0.001559,4,0.995024,0.001244,0.001244,0.001244,0.001244,y,central,slightly_facing,y,slightly_facing,range_18_21,None,None,central
77,4,0.003873,0.325885,0.084451,0.585652,0.000139,3,0.004186,0.369548,0.09419,0.531948,0.000128,4,0.993761,0.00156,0.00156,0.00156,0.001559,4,0.995024,0.001244,0.001244,0.001244,0.001244,y,central,slightly_facing,y,slightly_facing,range_18_21,None,None,central
78,4,0.003873,0.325885,0.084451,0.585652,0.000139,3,0.004186,0.369548,0.09419,0.531948,0.000128,4,0.993761,0.00156,0.00156,0.00156,0.001559,4,0.995024,0.001244,0.001244,0.001244,0.001244,y,central,slightly_facing,y,slightly_facing,range_18_21,None,None,central
79,4,0.003873,0.325885,0.084451,0.585652,0.000139,3,0.004186,0.369548,0.09419,0.531948,0.000128,4,0.993761,0.00156,0.00156,0.00156,0.001559,4,0.995024,0.001244,0.001244,0.001244,0.001244,y,central,slightly_facing,y,slightly_facing,range_18_21,None,None,central
80,4,0.003873,0.325885,0.084451,0.585652,0.000139,3,0.004186,0.369548,0.09419,0.531948,0.000128,4,0.993761,0.00156,0.00156,0.00156,0.001559,4,0.995024,0.001244,0.001244,0.001244,0.001244,y,central,slightly_facing,y,slightly_facing,range_18_21,None,None,central
81,4,0.003991,0.325875,0.084585,0.585402,0.000146,3,0.004311,0.369523,0.094309,0.531723,0.000134,4,0.993329,0.001701,0.00169,0.00165,0.00163,4,0.994647,0.001372,0.00134,0.001329,0.001313,y,central,slightly_facing,y,slightly_facing,range_15_18,None,None,central
82,4,0.004002,0.325885,0.084594,0.585372,0.000146,3,0.004321,0.369536,0.094288,0.53172,0.000135,4,0.993294,0.001714,0.001701,0.001656,0.001636,4,0.994618,0.001384,0.001346,0.001334,0.001317,y,central,slightly_facing,y,slightly_facing,range_15_18,None,None,central
83,4,0.004003,0.325885,0.084596,0.58537,0.000147,3,0.004322,0.369535,0.09429,0.531718,0.000135,4,0.99329,0.001715,0.001702,0.001656,0.001636,4,0.994616,0.001385,0.001347,0.001335,0.001318,y,central,slightly_facing,y,slightly_facing,range_15_18,None,None,central
84,4,0.004003,0.325884,0.084596,0.585369,0.000147,3,0.004322,0.369535,0.09429,0.531718,0.000135,4,0.99329,0.001715,0.001702,0.001656,0.001636,4,0.994615,0.001385,0.001347,0.001335,0.001318,y,central,slightly_facing,y,slightly_facing,range_15_18,None,None,central
85,4,0.004003,0.325884,0.084596,0.585369,0.000147,3,0.004322,0.369535,0.09429,0.531718,0.000135,4,0.99329,0.001715,0.001702,0.001656,0.001636,4,0.994615,0.001385,0.001347,0.001335,0.001318,y,central,slightly_facing,y,slightly_facing,range_15_18,None,None,central
86,4,0.004003,0.325884,0.084596,0.585369,0.000147,3,0.004322,0.369535,0.09429,0.531718,0.000135,4,0.99329,0.001715,0.001702,0.001656,0.001636,4,0.994615,0.001385,0.001347,0.001335,0.001318,y,central,slightly_facing,y,slightly_facing,range_15_18,None,None,central
87,4,0.003989,0.32594,0.084484,0.585447,0.000141,3,0.004233,0.369512,0.094253,0.531867,0.000135,4,0.993541,0.001636,0.001608,0.001608,0.001607,4,0.994731,0.001356,0.001318,0.001306,0.001289,y,central,strongly_facing,y,slightly_facing,range_15_18,None,None,central
88,4,0.004002,0.32589,0.084586,0.585375,0.000146,3,0.004315,0.369536,0.094285,0.53173,0.000135,4,0.993311,0.001707,0.001694,0.001653,0.001634,4,0.994624,0.001383,0.001345,0.001333,0.001316,y,central,slightly_facing,y,slightly_facing,range_15_18,None,None,central
89,4,0.003989,0.32598,0.084497,0.585394,0.000141,3,0.004234,0.369586,0.094301,0.531744,0.000135,4,0.993539,0.001637,0.001608,0.001608,0.001608,4,0.99473,0.001357,0.001318,0.001306,0.001289,y,central,strongly_facing,y,slightly_facing,range_15_18,None,None,central
90,4,0.004002,0.325929,0.0846,0.585323,0.000146,3,0.004316,0.369609,0.094333,0.531608,0.000135,4,0.993309,0.001708,0.001695,0.001654,0.001635,4,0.994623,0.001383,0.001345,0.001333,0.001316,y,central,slightly_facing,y,slightly_facing,range_15_18,None,None,central
91,4,0.004004,0.325924,0.084609,0.585317,0.000147,3,0.004323,0.369609,0.094338,0.531596,0.000135,4,0.993289,0.001715,0.001702,0.001657,0.001637,4,0.994615,0.001385,0.001347,0.001335,0.001318,y,central,slightly_facing,y,slightly_facing,range_15_18,None,None,central
92,4,0.004004,0.325924,0.08461,0.585316,0.000147,3,0.004323,0.369609,0.094338,0.531595,0.000135,4,0.993287,0.001716,0.001703,0.001657,0.001637,4,0.994615,0.001386,0.001347,0.001335,0.001318,y,central,slightly_facing,y,slightly_facing,range_15_18,None,None,central
93,4,0.004004,0.325922,0.084609,0.585319,0.000147,3,0.004323,0.369611,0.094339,0.531592,0.000135,4,0.993287,0.001716,0.001703,0.001657,0.001637,4,0.994614,0.001386,0.001347,0.001335,0.001318,y,central,slightly_facing,y,slightly_facing,range_15_18,None,None,central
94,4,0.004003,0.325907,0.084605,0.585339,0.000147,3,0.004323,0.369623,0.094341,0.531577,0.000135,4,0.993287,0.001716,0.001703,0.001657,0.001637,4,0.994615,0.001385,0.001347,0.001335,0.001318,y,central,slightly_facing,y,slightly_facing,range_15_18,None,None,central
95,4,0.004169,0.325826,0.084732,0.585118,0.000155,3,0.004498,0.369609,0.0945,0.531249,0.000143,4,0.992727,0.001951,0.001853,0.001738,0.001731,4,0.994125,0.001591,0.001468,0.001411,0.001404,y,central,slightly_facing,y,slightly_facing,range_12_15,None,None,central
96,4,0.004216,0.325854,0.084799,0.584973,0.000158,3,0.004547,0.369541,0.094515,0.531251,0.000146,4,0.992628,0.002006,0.001877,0.001748,0.001741,4,0.994046,0.001639,0.001482,0.00142,0.001413,y,central,slightly_facing,y,slightly_facing,range_12_15,None,None,central
97,4,0.004231,0.325787,0.08476,0.585063,0.000159,3,0.004564,0.369562,0.094526,0.531203,0.000146,4,0.992603,0.002023,0.001882,0.00175,0.001743,4,0.994027,0.001654,0.001484,0.001421,0.001414,y,central,slightly_facing,y,slightly_facing,range_12_15,None,None,central
98,4,0.004241,0.325853,0.08481,0.584938,0.000159,3,0.004572,0.369506,0.094518,0.531258,0.000147,4,0.992589,0.002032,0.001885,0.00175,0.001743,4,0.994016,0.001664,0.001485,0.001421,0.001414,y,central,slightly_facing,y,slightly_facing,range_12_15,None,None,central
99,4,0.004251,0.325845,0.084811,0.584934,0.000159,3,0.004582,0.369498,0.094518,0.531256,0.000147,4,0.992576,0.002043,0.001887,0.00175,0.001743,4,0.994003,0.001675,0.001486,0.001421,0.001414,y,central,slightly_facing,y,slightly_facing,range_12_15,None,None,central
100,4,0.004267,0.325834,0.084811,0.584929,0.000159,3,0.004598,0.369484,0.094517,0.531254,0.000147,4,0.992552,0.002064,0.00189,0.001751,0.001743,4,0.993981,0.001695,0.001488,0.001421,0.001414,y,central,slightly_facing,y,slightly_facing,range_12_15,None,None,central
101,4,0.004303,0.325809,0.084808,0.584919,0.00016,3,0.004634,0.369456,0.094514,0.531249,0.000148,4,0.992499,0.002111,0.001895,0.001751,0.001744,4,0.993928,0.001743,0.001492,0.001422,0.001415,y,central,slightly_facing,y,slightly_facing,range_12_15,None,None,central
102,4,0.004389,0.325761,0.084797,0.584893,0.000161,3,0.004724,0.369402,0.094503,0.531222,0.000149,4,0.992363,0.002238,0.001902,0.001752,0.001745,4,0.993797,0.001864,0.001501,0.001422,0.001415,y,central,slightly_facing,y,slightly_facing,range_12_15,None,None,central
103,4,0.004603,0.325764,0.084748,0.584723,0.000163,3,0.004952,0.369362,0.094466,0.531067,0.000152,4,0.992,0.002579,0.00192,0.001754,0.001747,4,0.993455,0.002181,0.001521,0.001425,0.001417,y,central,slightly_facing,y,slightly_facing,range_12_15,None,None,central
104,4,0.004603,0.325764,0.084748,0.584723,0.000163,3,0.004952,0.369362,0.094466,0.531067,0.000152,4,0.992,0.002579,0.00192,0.001754,0.001747,4,0.993455,0.002181,0.001521,0.001425,0.001417,y,central,slightly_facing,y,slightly_facing,range_12_15,None,None,central
105,4,0.004603,0.325764,0.084748,0.584723,0.000163,3,0.004952,0.369362,0.094466,0.531067,0.000152,4,0.992,0.002579,0.00192,0.001754,0.001747,4,0.993455,0.002181,0.001521,0.001425,0.001417,y,central,slightly_facing,y,slightly_facing,range_12_15,None,None,central
106,4,0.004603,0.325764,0.084748,0.584723,0.000163,3,0.004952,0.369362,0.094466,0.531067,0.000152,4,0.992,0.002579,0.00192,0.001754,0.001747,4,0.993455,0.002181,0.001521,0.001425,0.001417,y,central,slightly_facing,y,slightly_facing,range_12_15,None,None,central
107,4,0.004603,0.325764,0.084748,0.584723,0.000163,3,0.004952,0.369362,0.094466,0.531067,0.000152,4,0.992,0.002579,0.00192,0.001754,0.001747,4,0.993455,0.002181,0.001521,0.001425,0.001417,y,central,slightly_facing,y,slightly_facing,range_12_15,None,None,central
108,4,0.00503,0.325501,0.084653,0.584658,0.000158,3,0.005395,0.369052,0.094364,0.531044,0.000146,4,0.991445,0.003261,0.001768,0.001765,0.001762,4,0.992881,0.002854,0.001424,0.001422,0.00142,y,central,slightly_facing,y,slightly_facing,range_9_12,None,None,central
109,4,0.005877,0.324946,0.084546,0.584471,0.00016,3,0.006218,0.368392,0.094236,0.531007,0.000147,4,0.990265,0.004428,0.001771,0.001769,0.001766,4,0.99168,0.004051,0.001424,0.001424,0.001421,y,central,slightly_facing,y,slightly_facing,range_9_12,None,None,central
110,4,0.007503,0.323906,0.084319,0.584112,0.00016,3,0.007761,0.36714,0.09397,0.53098,0.000148,4,0.988047,0.00664,0.001773,0.00177,0.001768,4,0.989345,0.006378,0.001427,0.001426,0.001424,y,central,slightly_facing,y,slightly_facing,range_9_12,None,None,central
111,4,0.010699,0.321892,0.083869,0.583379,0.000161,3,0.01073,0.364695,0.093446,0.53098,0.000149,4,0.983771,0.01091,0.001776,0.001772,0.00177,4,0.984734,0.010976,0.001432,0.00143,0.001428,y,central,slightly_facing,y,slightly_facing,range_9_12,None,None,central
112,4,0.016904,0.318021,0.083003,0.58191,0.000162,3,0.01639,0.359964,0.092436,0.53106,0.00015,4,0.975618,0.019054,0.001781,0.001775,0.001773,4,0.975764,0.01992,0.001443,0.001438,0.001436,y,central,slightly_facing,y,slightly_facing,range_9_12,None,None,central
113,4,0.028457,0.310841,0.081412,0.579127,0.000163,3,0.026805,0.351136,0.090578,0.531328,0.000152,4,0.960606,0.034049,0.001789,0.001779,0.001777,4,0.958987,0.036648,0.001462,0.001453,0.00145,y,central,slightly_facing,y,slightly_facing,range_9_12,None,None,central
114,4,0.04827,0.298472,0.078744,0.574349,0.000165,3,0.044581,0.335846,0.08745,0.531967,0.000156,4,0.934832,0.059797,0.001803,0.001785,0.001783,4,0.929857,0.065692,0.001497,0.001478,0.001476,y,central,slightly_facing,y,slightly_facing,range_9_12,None,None,central
115,4,0.077402,0.280068,0.075049,0.567312,0.000169,3,0.070384,0.312924,0.083064,0.533465,0.000163,4,0.896249,0.09834,0.001825,0.001794,0.001792,4,0.88545,0.109971,0.00155,0.001515,0.001513,y,central,slightly_facing,y,slightly_facing,range_9_12,None,None,central
116,4,0.108518,0.260932,0.0722,0.558178,0.000172,3,0.092968,0.288322,0.079528,0.53901,0.000171,4,0.854533,0.140009,0.001855,0.001803,0.001801,4,0.830864,0.1644,0.001621,0.001558,0.001556,y,central,slightly_facing,y,slightly_facing,range_9_12,None,None,central
117,4,0.108518,0.260932,0.0722,0.558178,0.000172,3,0.092968,0.288322,0.079528,0.53901,0.000171,4,0.854533,0.140009,0.001855,0.001803,0.001801,4,0.830864,0.1644,0.001621,0.001558,0.001556,y,central,slightly_facing,y,slightly_facing,range_9_12,None,None,central
118,4,0.112345,0.269711,0.073361,0.544418,0.000165,3,0.073453,0.291421,0.080548,0.554402,0.000176,4,0.885059,0.109591,0.001808,0.00177,0.00177,4,0.824954,0.170253,0.001642,0.001577,0.001575,y,central,strongly_facing,y,slightly_facing,range_9_12,None,None,central
119,4,0.116734,0.276146,0.074147,0.532814,0.000159,3,0.058407,0.293016,0.081215,0.567181,0.00018,4,0.908541,0.086224,0.001765,0.001735,0.001735,4,0.818162,0.177043,0.001643,0.001576,0.001576,y,central,strongly_facing,y,slightly_facing,range_6_9,None,None,central
120,4,0.120614,0.281208,0.074755,0.52327,0.000153,3,0.04639,0.294085,0.081732,0.57761,0.000183,4,0.927286,0.067559,0.001734,0.001711,0.001711,4,0.812143,0.183046,0.00165,0.001581,0.001581,y,central,strongly_facing,y,slightly_facing,range_6_9,None,None,central
121,4,0.122015,0.280624,0.074652,0.522556,0.000153,3,0.046931,0.293182,0.081605,0.578099,0.000184,4,0.926384,0.06844,0.001741,0.001717,0.001717,4,0.809928,0.185254,0.001653,0.001582,0.001582,y,central,slightly_facing,y,slightly_facing,range_6_9,None,None,central
122,4,0.123435,0.280031,0.074534,0.521848,0.000152,3,0.047491,0.292244,0.081457,0.578624,0.000184,4,0.925528,0.069297,0.001741,0.001717,0.001717,4,0.807696,0.187485,0.001654,0.001583,0.001582,y,central,slightly_facing,y,slightly_facing,range_6_9,None,None,central
123,4,0.124868,0.279418,0.074416,0.521146,0.000152,3,0.048057,0.291307,0.081304,0.579148,0.000184,4,0.924672,0.070155,0.00174,0.001716,0.001716,4,0.805442,0.189735,0.001656,0.001584,0.001584,y,central,slightly_facing,y,slightly_facing,range_6_9,None,None,central
124,4,0.126305,0.278763,0.074299,0.520481,0.000151,3,0.048646,0.290378,0.081152,0.579639,0.000185,4,0.92379,0.071038,0.00174,0.001716,0.001716,4,0.803176,0.191995,0.001658,0.001585,0.001585,y,central,slightly_facing,y,slightly_facing,range_6_9,None,None,central
125,4,0.129971,0.282731,0.074777,0.512375,0.000146,3,0.038737,0.291046,0.081529,0.588501,0.000188,4,0.939341,0.055572,0.001708,0.001689,0.001689,4,0.797459,0.197695,0.001666,0.00159,0.00159,y,central,strongly_facing,y,slightly_facing,range_6_9,None,None,central
126,4,0.13312,0.285649,0.075143,0.505945,0.000142,3,0.030978,0.2915,0.081809,0.595523,0.00019,4,0.951495,0.043472,0.001687,0.001673,0.001673,4,0.792475,0.20266,0.001673,0.001596,0.001596,y,central,strongly_facing,y,slightly_facing,range_6_9,None,None,central
127,4,0.132295,0.281656,0.074624,0.511278,0.000147,3,0.039605,0.289565,0.081283,0.589359,0.000189,4,0.937956,0.056932,0.001717,0.001698,0.001698,4,0.793446,0.201679,0.001676,0.001599,0.001599,y,central,slightly_facing,y,slightly_facing,range_6_9,None,None,central
128,4,0.129985,0.277066,0.073995,0.518802,0.000152,3,0.050211,0.287929,0.080724,0.58095,0.000186,4,0.921359,0.073476,0.001738,0.001713,0.001713,4,0.797051,0.198102,0.001666,0.001591,0.00159,y,central,slightly_facing,y,slightly_facing,range_6_9,None,None,central
129,4,0.127118,0.271428,0.073205,0.528092,0.000157,3,0.063417,0.285834,0.08003,0.570536,0.000182,4,0.900534,0.094238,0.001764,0.001732,0.001732,4,0.801557,0.193627,0.001655,0.001581,0.001581,y,central,slightly_facing,y,slightly_facing,range_6_9,None,None,central
130,4,0.127107,0.271379,0.073207,0.52815,0.000157,3,0.063461,0.285843,0.080032,0.570482,0.000182,4,0.90049,0.094283,0.001764,0.001732,0.001732,4,0.801565,0.19362,0.001654,0.00158,0.00158,y,central,slightly_facing,y,slightly_facing,range_6_9,None,None,central
131,4,0.130074,0.277354,0.073989,0.518432,0.000151,3,0.049915,0.287846,0.080714,0.581339,0.000186,4,0.921733,0.073124,0.001731,0.001706,0.001706,4,0.796965,0.198187,0.001667,0.001591,0.001591,y,central,strongly_facing,y,slightly_facing,range_6_9,None,None,central
132,4,0.136482,0.280491,0.074286,0.508596,0.000146,3,0.040527,0.28685,0.080841,0.591593,0.000189,4,0.936428,0.058508,0.001701,0.001681,0.001681,4,0.786938,0.208186,0.001679,0.001599,0.001599,y,central,strongly_facing,y,slightly_facing,range_3_6,None,None,central
133,4,0.14266,0.282647,0.074458,0.500093,0.000142,3,0.033093,0.285506,0.080852,0.600356,0.000193,4,0.948129,0.046869,0.001678,0.001662,0.001662,4,0.777244,0.217851,0.001691,0.001607,0.001607,y,central,strongly_facing,y,slightly_facing,range_3_6,None,None,central
134,4,0.144865,0.277338,0.073636,0.504015,0.000147,3,0.043196,0.281507,0.079982,0.595123,0.000191,4,0.93226,0.062662,0.001707,0.001686,0.001686,4,0.773756,0.22132,0.001698,0.001613,0.001613,y,central,slightly_facing,y,slightly_facing,range_3_6,None,None,central
135,4,0.146294,0.270855,0.072609,0.510091,0.000151,3,0.056264,0.277049,0.078951,0.587547,0.000189,4,0.911681,0.08319,0.001729,0.0017,0.0017,4,0.77154,0.223549,0.001694,0.001608,0.001608,y,central,slightly_facing,y,slightly_facing,range_3_6,None,None,central
136,4,0.1505,0.269072,0.072247,0.50803,0.00015,3,0.05801,0.274246,0.078489,0.589065,0.00019,4,0.908978,0.085898,0.001728,0.001698,0.001698,4,0.764936,0.230137,0.001701,0.001613,0.001613,y,central,slightly_facing,y,slightly_facing,range_3_6,None,None,central
137,4,0.158172,0.272818,0.072579,0.496287,0.000144,3,0.046955,0.272956,0.078611,0.601283,0.000195,4,0.926324,0.068643,0.001693,0.00167,0.00167,4,0.752951,0.242072,0.001721,0.001628,0.001628,y,central,strongly_facing,y,slightly_facing,range_3_6,None,None,central
138,4,0.165512,0.275508,0.072788,0.486053,0.000139,3,0.038061,0.271322,0.078633,0.611784,0.000199,4,0.940249,0.054784,0.001668,0.001649,0.001649,4,0.741456,0.253524,0.001738,0.001641,0.001641,y,central,strongly_facing,y,slightly_facing,range_3_6,None,None,central
139,4,0.172497,0.277281,0.072885,0.477201,0.000135,3,0.031039,0.269434,0.078548,0.620775,0.000203,4,0.951299,0.043791,0.001646,0.001632,0.001632,4,0.730445,0.264499,0.001753,0.001651,0.001651,y,central,strongly_facing,y,slightly_facing,range_3_6,None,None,central
140,4,0.174807,0.272254,0.07211,0.48069,0.000139,3,0.040434,0.265603,0.077713,0.616048,0.000202,4,0.936548,0.05847,0.001674,0.001654,0.001654,4,0.726661,0.268261,0.001762,0.001658,0.001658,y,central,slightly_facing,y,slightly_facing,range_3_6,None,None,central
141,4,0.171635,0.267689,0.071508,0.489024,0.000144,3,0.051343,0.264369,0.077205,0.606883,0.000199,4,0.919477,0.075485,0.001696,0.00167,0.00167,4,0.731617,0.263339,0.001749,0.001648,0.001648,y,central,slightly_facing,y,slightly_facing,range_3_6,None,None,central
142,4,0.167676,0.262066,0.070754,0.499355,0.000149,3,0.064927,0.262801,0.076574,0.595502,0.000195,4,0.898067,0.096831,0.001723,0.001689,0.001689,4,0.737834,0.257162,0.001734,0.001635,0.001635,y,central,slightly_facing,y,slightly_facing,range_3_6,None,None,central
143,4,0.171714,0.26797,0.071504,0.48867,0.000143,3,0.051053,0.264298,0.077191,0.607258,0.000199,4,0.919844,0.075141,0.001689,0.001663,0.001663,4,0.731542,0.263413,0.001749,0.001648,0.001648,y,central,strongly_facing,y,slightly_facing,range_3_6,None,None,central
144,4,0.171684,0.267776,0.07152,0.488878,0.000143,3,0.051205,0.264354,0.077218,0.607024,0.000199,4,0.919623,0.075341,0.001696,0.00167,0.00167,4,0.731561,0.263392,0.00175,0.001649,0.001649,y,central,slightly_facing,y,slightly_facing,range_3_6,None,None,central
145,4,0.484702,0.219532,0.056154,0.239547,6.6e-05,3,0.014166,0.098803,0.053293,0.833473,0.000265,4,0.977459,0.01963,0.000975,0.000968,0.000968,4,0.240169,0.753866,0.002182,0.001891,0.001891,y,central,strongly_facing,n,strongly_facing,range_3_6,None,None,central
146,4,0.591406,0.201917,0.050737,0.155901,4e-05,3,0.003292,0.041939,0.044877,0.909635,0.000257,4,0.994673,0.003308,0.000674,0.000673,0.000673,4,0.073224,0.920773,0.002238,0.001882,0.001882,y,central,strongly_facing,n,strongly_facing,range_0_3,None,None,central
147,4,0.62402,0.195515,0.048951,0.13148,3.4e-05,3,0.002186,0.023924,0.042211,0.931426,0.000253,4,0.996399,0.00178,0.000607,0.000607,0.000607,4,0.021992,0.971934,0.002276,0.001899,0.001899,m,central,slightly_facing,n,strongly_facing,range_0_3,None,None,central
148,4,0.633317,0.193886,0.048446,0.12432,3.1e-05,3,0.001498,0.018891,0.041435,0.937923,0.000252,4,0.997512,0.000761,0.000576,0.000576,0.000576,4,0.007425,0.986512,0.002276,0.001894,0.001894,y,central,slightly_facing,n,strongly_facing,range_0_3,None,None,central
149,4,0.635535,0.19351,0.048335,0.12259,3e-05,3,0.001379,0.017612,0.04125,0.939508,0.000252,4,0.997708,0.000587,0.000568,0.000568,0.000568,4,0.003739,0.9902,0.002276,0.001893,0.001893,y,central,strongly_facing,n,strongly_facing,range_0_3,None,None,central
150,4,0.635916,0.193489,0.048335,0.122229,3.1e-05,3,0.001376,0.017305,0.041241,0.939827,0.000252,4,0.997694,0.000586,0.000574,0.000574,0.000574,4,0.002841,0.991078,0.002283,0.001899,0.001899,m,central,strongly_facing,n,strongly_facing,range_0_3,None,None,central
151,4,0.635635,0.193671,0.048383,0.122281,3e-05,3,0.001366,0.017236,0.041253,0.939893,0.000252,4,0.997728,0.000571,0.000567,0.000567,0.000567,4,0.002598,0.991339,0.002277,0.001893,0.001893,y,central,strongly_facing,n,strongly_facing,range_0_3,None,None,central
152,4,0.634804,0.194146,0.048491,0.122529,3e-05,3,0.001366,0.017249,0.041324,0.939809,0.000252,4,0.99773,0.00057,0.000567,0.000567,0.000567,4,0.00254,0.9914,0.002277,0.001892,0.001892,y,central,strongly_facing,n,strongly_facing,range_0_3,None,None,central
153,4,0.632031,0.1956,0.048866,0.123473,3e-05,3,0.001369,0.017361,0.041587,0.939432,0.000252,4,0.997728,0.00057,0.000567,0.000567,0.000567,4,0.002528,0.991414,0.002278,0.00189,0.00189,y,central,strongly_facing,n,strongly_facing,range_0_3,None,None,central
154,4,0.632411,0.195373,0.048828,0.123357,3.1e-05,3,0.00138,0.017358,0.041587,0.939423,0.000252,4,0.997679,0.000589,0.000577,0.000577,0.000577,4,0.002553,0.991361,0.002288,0.0019,0.0019,m,central,slightly_facing,n,strongly_facing,range_0_3,None,None,central
155,4,0.632789,0.195287,0.048745,0.123149,3e-05,3,0.00137,0.017324,0.041503,0.939551,0.000252,4,0.997719,0.000574,0.000569,0.000569,0.000569,4,0.002537,0.991399,0.00228,0.001892,0.001892,y,central,slightly_facing,n,strongly_facing,range_0_3,None,None,central
156,4,0.632443,0.19537,0.048814,0.123344,3e-05,3,0.001369,0.017347,0.041551,0.939482,0.000252,4,0.997728,0.000571,0.000567,0.000567,0.000567,4,0.002534,0.991408,0.002278,0.00189,0.00189,y,central,strongly_facing,n,strongly_facing,range_0_3,None,None,central
157,4,0.632026,0.195341,0.049183,0.123384,6.5e-05,3,0.001764,0.017706,0.042685,0.937592,0.000254,4,0.996049,0.001198,0.000918,0.000918,0.000918,4,0.00319,0.989768,0.002606,0.002218,0.002218,n,central,turned_away,n,strongly_facing,range_0_3,None,None,central
158,4,0.630712,0.19487,0.04934,0.124964,0.000114,3,0.003918,0.017885,0.043331,0.934607,0.000259,4,0.992971,0.003575,0.001151,0.001151,0.001151,4,0.005622,0.986785,0.002788,0.002402,0.002402,n,central,turned_away,n,strongly_facing,range_0_3,None,None,central
159,4,0.631829,0.195225,0.048874,0.12402,5.2e-05,3,0.002149,0.017405,0.041736,0.938458,0.000253,4,0.996675,0.001431,0.000631,0.000631,0.000631,4,0.003394,0.990401,0.002327,0.001939,0.001939,m,central,slightly_facing,n,strongly_facing,range_0_3,None,None,central
160,4,0.631183,0.195052,0.048887,0.124832,4.5e-05,3,0.002794,0.01752,0.041781,0.937652,0.000252,4,0.995621,0.002464,0.000639,0.000638,0.000638,4,0.004222,0.989547,0.002336,0.001948,0.001948,n,central,slightly_facing,n,strongly_facing,range_0_3,None,None,central
