,imas_1,wti_1,viewing_area_1,body_facing_1,gesture_1,approaching_1,imas_2,wti_2,viewing_area_2,body_facing_2,gesture_2,approaching_2,distance
0,2,2,mid_peripheral,strongly_facing,None,n,2,3,mid_peripheral,strongly_facing,None,n,32.63770954793166
1,2,2,mid_peripheral,strongly_facing,None,n,2,3,mid_peripheral,strongly_facing,None,n,32.63770954793166
2,2,2,mid_peripheral,strongly_facing,None,n,2,3,mid_peripheral,strongly_facing,None,n,32.63770954793166
3,2,2,mid_peripheral,strongly_facing,None,n,2,3,mid_peripheral,strongly_facing,None,n,32.63770954793166
4,2,2,mid_peripheral,slightly_facing,None,n,2,3,mid_peripheral,slightly_facing,None,n,32.537394177475015
5,2,2,mid_peripheral,slightly_facing,None,n,2,3,mid_peripheral,slightly_facing,None,n,32.270961896143504
6,2,2,mid_peripheral,slightly_facing,None,n,2,3,mid_peripheral,slightly_facing,None,n,32.05877050509275
7,2,2,mid_peripheral,slightly_facing,None,n,2,3,mid_peripheral,slightly_facing,None,n,31.780208967872397
8,2,2,mid_peripheral,slightly_facing,None,n,2,3,mid_peripheral,slightly_facing,None,n,31.541132685040097
9,2,2,mid_peripheral,slightly_facing,None,n,2,3,mid_peripheral,strongly_facing,None,n,31.25630107519603
10,2,2,mid_peripheral,slightly_facing,None,n,2,3,mid_peripheral,strongly_facing,None,n,30.871196816075418
11,2,2,mid_peripheral,strongly_facing,None,n,2,3,mid_peripheral,slightly_facing,None,n,30.529754296928168
12,2,2,mid_peripheral,slightly_facing,None,n,3,4,central,slightly_facing,None,y,30.24855015994737
13,2,2,mid_peripheral,slightly_facing,None,n,3,4,central,slightly_facing,None,y,29.97812976993492
14,2,2,mid_peripheral,slightly_facing,None,n,3,4,central,strongly_facing,None,y,29.61155068413328
15,2,2,mid_peripheral,slightly_facing,None,n,3,4,central,strongly_facing,None,y,29.369990347103762
16,2,2,mid_peripheral,slightly_facing,None,n,3,4,central,strongly_facing,None,y,29.20986819773759
17,2,2,mid_peripheral,slightly_facing,None,n,3,4,central,strongly_facing,None,y,29.046994525209147
18,2,2,mid_peripheral,slightly_facing,None,n,3,4,central,slightly_facing,None,y,28.86164261649924
19,2,2,mid_peripheral,slightly_facing,None,n,3,4,central,slightly_facing,None,y,28.607509589903003
20,2,2,mid_peripheral,strongly_facing,None,n,3,4,central,slightly_facing,None,m,28.412455589105175
21,2,2,mid_peripheral,strongly_facing,None,n,3,4,central,slightly_facing,None,y,28.32388182222248
22,2,2,mid_peripheral,slightly_facing,None,n,3,4,central,slightly_facing,None,y,28.111840225790935
23,2,2,mid_peripheral,slightly_facing,None,n,3,4,central,slightly_facing,None,y,27.77420835978156
24,2,2,mid_peripheral,slightly_facing,None,n,3,4,central,slightly_facing,None,y,27.515337167584953
25,2,2,mid_peripheral,slightly_facing,None,n,3,4,central,slightly_facing,None,y,27.183972505027757
26,2,2,mid_peripheral,slightly_facing,None,n,2,4,central,slightly_facing,wave_small_head,y,26.948111066408856
27,2,2,mid_peripheral,slightly_facing,None,n,2,4,central,slightly_facing,wave_small_head,y,26.77295063993018
28,2,2,mid_peripheral,slightly_facing,None,n,2,4,central,slightly_facing,wave_small_head,y,26.62074302169203
29,2,2,mid_peripheral,strongly_facing,None,n,2,4,central,slightly_facing,wave_small_head,y,26.407599725076302
30,2,2,mid_peripheral,slightly_facing,None,n,2,4,central,slightly_facing,wave_small_head,y,26.100916208248634
31,2,2,mid_peripheral,slightly_facing,None,n,2,4,central,slightly_facing,wave_small_head,y,25.980729059614475
32,2,2,mid_peripheral,slightly_facing,None,n,2,4,central,slightly_facing,wave_small_head,y,25.747489196833236
33,2,2,mid_peripheral,slightly_facing,None,n,2,4,central,slightly_facing,wave_small_head,y,25.5798887009133
34,2,2,mid_peripheral,slightly_facing,None,n,2,4,central,slightly_facing,wave_small_head,y,25.392937708337357
35,2,2,mid_peripheral,slightly_facing,None,n,2,4,central,slightly_facing,wave_small_head,y,25.101864486975305
36,2,2,mid_peripheral,slightly_facing,None,n,2,4,central,slightly_facing,wave_small_head,y,24.946652270615893
37,2,2,mid_peripheral,slightly_facing,None,n,2,4,central,slightly_facing,wave_small_head,y,24.75538262393761
38,2,2,central,slightly_facing,None,y,2,4,central,slightly_facing,wave_small_head,y,24.596247201473744
39,2,2,central,slightly_facing,None,y,2,4,central,slightly_facing,wave_small_head,y,24.381269838549503
40,2,2,central,slightly_facing,None,y,2,4,central,slightly_facing,wave_small_head,y,24.126542991024074
41,2,2,central,slightly_facing,None,y,2,4,central,slightly_facing,wave_small_head,y,23.955242195747136
42,2,2,central,slightly_facing,None,y,2,4,central,slightly_facing,wave_small_head,y,23.81200003095954
43,2,2,central,slightly_facing,None,y,2,4,central,slightly_facing,wave_small_head,y,23.640405464679695
44,2,2,central,slightly_facing,None,y,2,4,central,slightly_facing,None,y,23.50634402631479
45,2,2,central,slightly_facing,None,y,2,4,central,slightly_facing,None,y,23.363397162865677
46,2,2,central,slightly_facing,None,y,2,4,central,slightly_facing,None,y,23.142542183529105
47,2,2,central,slightly_facing,None,y,2,4,central,slightly_facing,None,y,22.935106122912643
48,2,2,central,slightly_facing,None,y,2,4,central,slightly_facing,None,y,22.792319315165642
49,2,2,central,slightly_facing,None,y,2,4,central,slightly_facing,None,y,22.631534609608117
50,2,3,central,slightly_facing,arm_raise_high,y,2,4,central,slightly_facing,None,y,22.450044589944582
51,2,3,central,slightly_facing,arm_raise_high,y,2,4,central,slightly_facing,None,y,22.21263545977388
52,2,3,central,slightly_facing,arm_raise_high,y,2,4,central,slightly_facing,None,y,22.017969334618485
53,2,3,central,slightly_facing,arm_raise_high,y,2,4,central,slightly_facing,None,y,21.869785699811896
54,2,3,central,slightly_facing,arm_raise_high,y,2,4,central,slightly_facing,None,y,21.69429703609825
55,2,3,central,slightly_facing,arm_raise_high,y,2,4,central,slightly_facing,None,y,21.519114346356773
56,2,3,central,slightly_facing,arm_raise_high,y,2,4,central,slightly_facing,None,y,21.310076684123143
57,2,3,central,slightly_facing,arm_raise_high,y,2,4,central,slightly_facing,None,y,21.099156064002397
58,2,3,central,slightly_facing,arm_raise_high,y,2,4,central,slightly_facing,None,y,20.96140694242679
59,2,3,central,slightly_facing,arm_raise_high,y,2,4,central,slightly_facing,None,y,20.795522523660352
60,2,3,central,slightly_facing,arm_raise_high,y,2,4,central,slightly_facing,None,y,20.58687156425281
61,2,3,central,slightly_facing,arm_raise_high,y,2,4,central,slightly_facing,None,y,20.3466112408735
62,2,3,central,slightly_facing,arm_raise_high,y,2,4,central,slightly_facing,None,y,20.104741855082253
63,2,3,central,slightly_facing,arm_raise_high,y,2,4,central,slightly_facing,None,y,19.927732002705
64,2,3,central,slightly_facing,arm_raise_high,y,2,4,central,slightly_facing,None,y,19.73276565922083
65,2,3,central,slightly_facing,arm_raise_high,y,2,4,central,slightly_facing,None,y,19.474866758469105
66,2,3,central,slightly_facing,arm_raise_high,y,2,4,central,slightly_facing,None,y,19.301095942114024
67,2,3,central,slightly_facing,arm_raise_high,y,2,4,central,slightly_facing,None,y,19.115901943649845
68,2,3,central,slightly_facing,arm_raise_high,y,2,4,central,slightly_facing,None,y,18.903645223740558
69,2,3,central,slightly_facing,arm_raise_high,y,2,4,central,slightly_facing,None,y,18.715648239619938
70,2,3,central,slightly_facing,arm_raise_high,y,2,4,central,slightly_facing,None,y,18.564743818460006
71,2,3,central,slightly_facing,arm_raise_high,y,2,4,central,slightly_facing,None,y,18.33842433870796
72,2,3,central,slightly_facing,arm_raise_high,y,2,4,central,slightly_facing,None,y,18.081900015139173
73,2,3,central,slightly_facing,arm_raise_high,y,2,4,central,slightly_facing,None,y,17.95542791667216
74,2,3,central,slightly_facing,arm_raise_high,y,2,4,central,slightly_facing,None,y,17.723075286399084
75,2,3,central,slightly_facing,arm_raise_high,y,2,4,central,slightly_facing,None,y,17.558251579972136
76,5,5,central,slightly_facing,None,y,2,4,central,slightly_facing,None,y,17.362217495907426
77,5,5,central,slightly_facing,None,y,2,4,central,slightly_facing,None,y,17.169637804756544
78,5,5,central,slightly_facing,None,y,2,4,central,slightly_facing,None,y,17.022334215992117
79,5,5,central,slightly_facing,None,y,2,4,central,slightly_facing,None,y,16.861489231368054
80,5,5,central,slightly_facing,None,y,2,4,central,slightly_facing,None,y,16.707700510684585
81,5,5,central,slightly_facing,None,y,2,4,central,slightly_facing,None,y,16.57448343800373
82,5,5,central,slightly_facing,None,y,2,4,central,slightly_facing,None,y,16.369211568782237
83,5,5,central,slightly_facing,None,y,2,4,central,slightly_facing,None,y,16.156286695153312
84,5,5,central,slightly_facing,None,m,2,4,central,slightly_facing,None,m,15.986828025204387
85,5,5,central,slightly_facing,None,y,2,4,central,slightly_facing,None,y,15.903684263025472
86,5,5,central,slightly_facing,None,y,2,4,central,slightly_facing,None,y,15.742707542284078
87,5,5,central,slightly_facing,None,y,2,4,central,slightly_facing,None,y,15.551259656262994
88,5,5,central,slightly_facing,None,y,2,4,central,slightly_facing,None,y,15.401622458073822
89,5,5,central,slightly_facing,None,y,2,4,central,slightly_facing,None,y,15.248261039952654
90,5,5,central,slightly_facing,None,y,2,4,central,slightly_facing,None,y,15.12388724348581
91,5,5,central,slightly_facing,None,y,2,4,central,slightly_facing,None,y,14.928688924358228
92,5,5,central,strongly_facing,None,y,2,4,central,slightly_facing,None,y,14.596897901574717
93,5,5,central,slightly_facing,None,y,2,4,central,slightly_facing,None,y,14.37708943016729
94,5,5,central,slightly_facing,None,y,2,4,central,slightly_facing,None,y,14.156096712600192
95,5,5,central,strongly_facing,None,y,2,4,central,slightly_facing,None,y,13.943531934985089
96,5,5,central,strongly_facing,None,y,2,4,central,slightly_facing,None,y,13.578092729278769
97,5,5,central,strongly_facing,None,y,2,4,central,slightly_facing,None,y,13.332451273075476
98,5,5,central,slightly_facing,None,y,2,4,central,slightly_facing,None,y,13.165622743608596
99,5,5,central,slightly_facing,None,y,2,4,central,slightly_facing,None,y,12.87583131149026
100,5,5,central,slightly_facing,None,y,2,4,central,slightly_facing,None,y,12.61546191940494
101,5,5,central,slightly_facing,None,y,2,4,central,slightly_facing,None,y,12.440853524424474
102,5,5,central,strongly_facing,None,y,2,4,central,slightly_facing,None,y,12.161749179531574
103,5,5,central,strongly_facing,None,y,2,4,central,slightly_facing,None,y,11.952746704586566
104,5,5,central,strongly_facing,None,y,2,4,central,slightly_facing,None,y,11.710191735566124
105,5,5,central,strongly_facing,None,y,2,4,central,slightly_facing,None,y,11.494275780766221
106,5,5,central,slightly_facing,None,y,2,4,central,slightly_facing,None,y,11.18925534271133
107,5,5,central,slightly_facing,None,m,2,4,central,turned_away,None,n,10.99491223442207
108,5,5,central,slightly_facing,None,y,2,4,central,slightly_facing,None,y,10.907065210265596
109,5,5,central,slightly_facing,None,y,2,4,central,slightly_facing,None,y,10.744545027459841
110,5,5,central,strongly_facing,None,y,2,4,central,turned_away,None,n,10.59957522512789
111,5,5,central,strongly_facing,None,m,2,4,central,strongly_facing,None,n,10.375982309400149
112,5,5,central,strongly_facing,None,y,2,4,central,strongly_facing,None,n,10.301802170698341
113,5,5,central,slightly_facing,None,y,2,4,central,strongly_facing,None,n,10.095326590952864
114,5,5,central,slightly_facing,None,y,2,4,central,strongly_facing,None,n,9.950706618138438
115,5,5,central,slightly_facing,None,y,2,4,central,strongly_facing,None,n,9.808227472682097
116,5,5,central,slightly_facing,None,y,2,4,central,strongly_facing,None,n,9.674782115693198
117,5,5,central,strongly_facing,None,y,2,4,central,strongly_facing,None,n,9.53661834654958
118,5,5,central,strongly_facing,None,y,2,4,central,strongly_facing,None,n,9.294814720017017
119,5,5,central,strongly_facing,None,y,2,4,central,strongly_facing,None,n,9.178605451822458
120,5,5,central,strongly_facing,None,y,2,4,central,strongly_facing,None,n,9.010112705730432
121,5,5,central,strongly_facing,None,y,2,4,central,strongly_facing,None,n,8.862311675972865
122,5,5,central,slightly_facing,None,y,2,4,central,strongly_facing,None,n,8.682037404642761
123,5,5,central,slightly_facing,None,y,2,4,central,strongly_facing,None,n,8.513537607579172
124,5,5,central,slightly_facing,None,y,2,4,central,strongly_facing,None,n,8.375846832465117
125,5,5,central,strongly_facing,None,y,2,4,central,strongly_facing,None,n,8.24167593442838
126,5,5,central,strongly_facing,None,y,2,4,central,strongly_facing,None,n,8.098099289674332
127,5,5,central,strongly_facing,None,y,2,4,central,strongly_facing,None,n,7.872343996189449
128,5,5,central,slightly_facing,None,y,2,4,central,strongly_facing,None,n,7.7357737400757065
129,5,5,central,slightly_facing,None,y,2,4,central,strongly_facing,None,n,7.563799061105796
130,5,5,central,slightly_facing,None,m,2,4,central,strongly_facing,None,n,7.40848549350061
131,5,5,central,strongly_facing,None,y,2,4,central,strongly_facing,None,n,7.321800558235995
132,5,5,central,strongly_facing,None,y,2,4,central,strongly_facing,None,n,7.118432270171989
133,5,5,central,strongly_facing,None,y,2,4,central,strongly_facing,None,n,6.9457093824357505
134,5,5,central,strongly_facing,None,y,2,4,central,strongly_facing,None,n,6.81835459337061
135,5,5,central,slightly_facing,None,y,2,4,central,strongly_facing,None,n,6.602979204116883
136,5,5,central,slightly_facing,None,y,2,4,central,strongly_facing,None,n,6.4434112774359615
137,5,5,central,slightly_facing,None,y,2,4,central,strongly_facing,None,n,6.343298904810085
138,5,5,central,slightly_facing,None,y,2,4,central,strongly_facing,None,n,6.194302534292286
139,5,5,central,strongly_facing,None,y,2,4,central,strongly_facing,None,n,6.069813376245761
140,5,5,central,strongly_facing,None,y,2,4,central,strongly_facing,None,n,5.903621968912471
141,5,5,central,strongly_facing,None,y,2,4,central,strongly_facing,None,n,5.794796405728935
142,5,5,central,slightly_facing,None,y,2,4,central,strongly_facing,None,n,5.615238952825158
143,5,5,central,slightly_facing,None,y,2,4,central,strongly_facing,None,n,5.467390289269736
144,5,5,central,slightly_facing,None,y,2,4,central,strongly_facing,None,n,5.334716622974456
145,5,5,central,slightly_facing,None,m,2,4,central,strongly_facing,None,n,5.1102878468365125
146,5,5,central,strongly_facing,None,y,2,4,central,strongly_facing,None,n,5.053904396929168
147,5,5,central,strongly_facing,None,y,2,4,central,strongly_facing,None,n,4.804534164930559
148,5,5,central,strongly_facing,None,m,2,4,central,strongly_facing,None,n,4.625854884921923
149,5,5,central,slightly_facing,None,y,2,4,central,strongly_facing,None,n,4.541131872386001
150,5,5,central,slightly_facing,None,y,2,4,central,strongly_facing,None,n,4.345312999145856
151,5,5,central,slightly_facing,None,y,2,4,central,strongly_facing,None,n,4.240331359593964
152,5,5,central,slightly_facing,None,y,2,4,central,strongly_facing,None,n,4.1222069138970925
153,5,5,central,slightly_facing,None,m,2,4,central,strongly_facing,None,n,3.9006434809149075
154,5,5,central,strongly_facing,None,y,2,4,central,strongly_facing,None,n,3.8380170877003636
155,5,5,central,strongly_facing,None,y,2,4,central,strongly_facing,None,n,3.590541254774409
156,5,5,central,slightly_facing,None,y,2,4,central,strongly_facing,None,n,3.4243078505934617
157,5,5,central,slightly_facing,None,y,2,4,central,strongly_facing,None,n,3.274117305855126
158,5,5,central,slightly_facing,None,m,2,4,central,strongly_facing,None,n,3.11407553680061
159,5,5,central,slightly_facing,None,y,2,4,central,strongly_facing,None,n,3.053471638491672
160,5,5,central,slightly_facing,None,y,2,4,central,strongly_facing,None,n,2.860522475746171
161,5,5,central,slightly_facing,None,y,2,4,central,strongly_facing,None,n,2.7203135457178456
162,5,5,central,strongly_facing,None,y,2,4,central,strongly_facing,None,n,2.5523422725351717
163,5,5,central,slightly_facing,None,y,2,4,central,strongly_facing,None,n,2.4170010367047876
164,5,5,central,slightly_facing,None,m,2,4,central,strongly_facing,None,n,2.2007453154558805
165,5,5,central,slightly_facing,None,y,2,4,central,strongly_facing,None,n,2.1425880422388706
166,5,5,central,slightly_facing,None,y,2,4,central,strongly_facing,None,n,1.9586470167174075
167,5,5,central,slightly_facing,None,y,2,4,central,strongly_facing,None,n,1.832438323276666
168,5,5,central,slightly_facing,None,y,2,4,central,strongly_facing,None,n,1.7104883670741524
169,5,5,central,turned_away,None,n,2,4,central,strongly_facing,None,n,1.5004888326478845
170,5,5,central,slightly_facing,None,m,2,4,central,strongly_facing,None,n,1.5158971730839796
171,5,5,central,slightly_facing,None,m,2,4,central,strongly_facing,None,n,1.490538035509324
172,5,5,central,slightly_facing,None,m,2,4,central,strongly_facing,None,n,1.4745893703251782
173,5,5,central,slightly_facing,None,n,2,4,central,strongly_facing,None,n,1.4626653089329777
