,imas_1,wti_1,viewing_area_1,body_facing_1,gesture_1,approaching_1,imas_2,wti_2,viewing_area_2,body_facing_2,gesture_2,approaching_2,distance
0,1,1,outside,slightly_facing,None,n,1,1,mid_peripheral,slightly_facing,None,n,12.550873312775087
1,1,1,outside,slightly_facing,None,n,1,1,mid_peripheral,slightly_facing,None,n,12.550873312775087
2,1,1,outside,slightly_facing,None,n,1,1,mid_peripheral,slightly_facing,None,n,12.550873312775087
3,1,1,outside,slightly_facing,None,n,1,1,mid_peripheral,slightly_facing,None,n,12.550873312775087
4,1,1,outside,slightly_facing,None,n,1,1,mid_peripheral,slightly_facing,None,n,12.550873312775087
5,1,1,outside,slightly_facing,None,n,1,1,mid_peripheral,slightly_facing,None,n,12.550873312775087
6,1,1,outside,slightly_facing,None,n,1,1,mid_peripheral,slightly_facing,None,n,12.550873312775087
7,1,1,outside,slightly_facing,None,n,1,1,mid_peripheral,slightly_facing,None,n,12.550873312775087
8,1,1,outside,slightly_facing,None,n,1,1,mid_peripheral,slightly_facing,None,n,12.550873312775087
9,1,1,outside,slightly_facing,None,n,1,1,mid_peripheral,slightly_facing,None,n,12.550873312775087
10,1,1,outside,slightly_facing,None,n,1,1,mid_peripheral,slightly_facing,None,n,12.538763930550765
11,1,1,outside,slightly_facing,None,n,1,1,outside,turned_away,None,n,12.512831338777037
12,1,1,outside,slightly_facing,None,n,1,1,outside,turned_away,None,n,12.468790143696733
13,1,1,mid_peripheral,slightly_facing,None,n,1,1,outside,turned_away,None,n,12.443821707522577
14,2,3,central,slightly_facing,None,m,1,1,outside,turned_away,None,n,12.254084485108336
15,2,3,central,slightly_facing,None,m,1,1,outside,turned_away,None,n,12.195069675189444
16,2,3,central,slightly_facing,None,m,1,1,outside,turned_away,None,n,12.173617501203825
17,2,3,central,slightly_facing,None,m,1,1,outside,turned_away,None,n,12.194025661026728
18,2,3,central,slightly_facing,None,m,1,1,outside,turned_away,None,n,12.191719656538044
19,2,3,central,slightly_facing,None,m,1,1,outside,turned_away,None,n,12.24882503684272
20,2,3,central,slightly_facing,None,m,1,1,outside,turned_away,None,n,12.29695558986699
21,2,3,central,slightly_facing,None,m,1,1,outside,turned_away,None,n,12.321780139376822
22,2,3,central,slightly_facing,None,m,1,1,outside,turned_away,None,n,12.337637952760682
23,2,3,central,slightly_facing,None,m,1,1,outside,turned_away,None,n,12.337712888229564
24,2,3,central,slightly_facing,None,m,2,3,central,turned_away,None,n,12.305123842243482
25,2,4,central,slightly_facing,arm_raise_high,m,2,3,central,turned_away,None,n,12.278981014367488
26,2,4,central,slightly_facing,arm_raise_high,m,2,3,central,turned_away,None,n,12.262027001937842
27,2,4,central,slightly_facing,arm_raise_high,m,2,3,central,turned_away,None,n,12.258806531762101
28,2,4,central,turned_away,arm_raise_high,n,2,3,central,turned_away,None,n,12.28481526709917
29,2,4,central,turned_away,arm_raise_high,n,2,3,central,turned_away,None,n,12.338921291469605
30,2,4,central,turned_away,arm_raise_high,n,2,3,central,turned_away,None,n,12.431124857874819
31,2,4,central,turned_away,arm_raise_high,n,2,3,central,turned_away,None,n,12.467592379012862
32,2,4,central,slightly_facing,arm_raise_high,m,2,3,central,turned_away,None,n,12.512945776500754
33,2,4,central,slightly_facing,arm_raise_high,m,2,3,central,turned_away,None,n,12.52539494141087
34,2,4,central,slightly_facing,arm_raise_high,m,2,3,central,turned_away,None,n,12.531780584227493
35,2,4,central,slightly_facing,arm_raise_high,m,2,3,central,turned_away,None,n,12.545288674902146
36,2,4,central,slightly_facing,arm_raise_high,m,2,3,central,turned_away,None,n,12.54384644534015
37,2,4,central,slightly_facing,arm_raise_high,m,2,3,central,turned_away,None,n,12.537943676030016
38,2,4,central,slightly_facing,arm_raise_high,m,2,3,central,turned_away,None,n,12.618802424264524
39,2,4,central,slightly_facing,arm_raise_high,m,2,3,central,turned_away,None,n,12.639769285600153
40,2,4,central,slightly_facing,arm_raise_high,m,2,3,central,turned_away,None,n,12.673135750003345
41,2,4,central,slightly_facing,arm_raise_high,m,2,3,central,turned_away,None,n,12.675838989565067
42,2,4,central,slightly_facing,arm_raise_high,m,2,4,central,turned_away,come_here,n,12.753846423137222
43,2,4,central,slightly_facing,arm_raise_high,m,2,4,central,turned_away,come_here,n,12.754503599535381
44,2,4,central,slightly_facing,arm_raise_high,m,2,4,central,turned_away,come_here,n,12.714598384406651
45,3,4,central,slightly_facing,None,m,2,4,central,turned_away,come_here,n,12.654143992442801
46,3,4,central,slightly_facing,None,m,2,4,central,turned_away,come_here,n,12.587288620996068
47,3,4,central,slightly_facing,None,m,2,4,central,turned_away,come_here,n,12.579210001909216
48,3,4,central,slightly_facing,None,m,2,4,central,turned_away,come_here,n,12.646964305872622
49,3,4,central,slightly_facing,None,m,2,4,central,turned_away,come_here,n,12.658203661029988
50,3,4,central,slightly_facing,None,m,2,4,central,turned_away,come_here,n,12.70633312101308
51,3,4,central,slightly_facing,None,m,2,4,central,turned_away,come_here,n,12.69482275970185
52,3,4,central,slightly_facing,None,m,2,4,central,turned_away,come_here,n,12.671453434574746
53,3,4,central,slightly_facing,None,m,2,4,central,slightly_facing,come_here,m,12.585476905087422
54,3,4,central,strongly_facing,None,y,2,4,central,slightly_facing,come_here,y,12.48741356638771
55,3,4,central,strongly_facing,None,y,2,4,central,slightly_facing,come_here,y,12.123973700006488
56,3,4,central,strongly_facing,None,y,2,4,central,slightly_facing,come_here,y,11.908214890955406
57,3,4,central,strongly_facing,None,y,2,4,central,slightly_facing,come_here,y,11.612899761649595
58,3,4,central,slightly_facing,None,y,2,4,central,slightly_facing,come_here,y,11.330189654502206
59,3,4,central,strongly_facing,None,y,2,4,central,turned_away,come_here,n,11.022491224108277
60,3,4,central,strongly_facing,None,y,2,4,central,turned_away,come_here,n,10.762637402994214
61,3,4,central,strongly_facing,None,y,2,4,central,slightly_facing,come_here,y,10.611745259753087
62,3,4,central,strongly_facing,None,y,2,4,central,strongly_facing,come_here,y,10.334575189682884
63,3,4,central,slightly_facing,None,y,2,4,central,strongly_facing,come_here,y,10.072079011231892
64,3,4,central,strongly_facing,None,y,2,4,central,strongly_facing,come_here,y,9.857671122268385
65,3,4,central,strongly_facing,None,y,2,4,central,slightly_facing,come_here,y,9.6139577261659
66,3,4,central,strongly_facing,None,y,2,4,central,slightly_facing,come_here,y,9.346270245725412
67,3,4,central,strongly_facing,None,y,2,4,central,slightly_facing,come_here,y,9.155891233843105
68,3,4,central,slightly_facing,None,y,2,4,central,slightly_facing,come_here,y,8.923840000780155
69,3,4,central,slightly_facing,None,y,2,4,central,slightly_facing,come_here,y,8.635595253005146
70,3,4,central,strongly_facing,None,y,2,4,central,slightly_facing,come_here,y,8.42161752131383
71,3,4,central,strongly_facing,None,y,2,4,central,slightly_facing,come_here,y,8.059806872056425
72,3,4,central,strongly_facing,None,y,2,4,central,slightly_facing,come_here,y,7.817023970650278
73,3,4,central,slightly_facing,None,y,2,4,central,slightly_facing,come_here,y,7.527757122535566
74,3,4,central,slightly_facing,None,m,2,4,central,turned_away,come_here,n,7.23215286901522
75,3,4,central,strongly_facing,None,y,2,4,central,slightly_facing,come_here,y,7.1880966586008705
76,3,4,central,strongly_facing,None,y,2,4,central,slightly_facing,come_here,y,6.902020324051871
77,3,4,central,strongly_facing,None,y,2,4,central,slightly_facing,come_here,y,6.652792567875387
78,3,4,central,strongly_facing,None,y,2,4,central,slightly_facing,come_here,y,6.370914356866919
79,3,4,central,slightly_facing,None,y,2,4,central,slightly_facing,come_here,y,6.158391970575436
80,3,4,central,slightly_facing,None,y,2,4,central,slightly_facing,come_here,y,5.948796535752082
81,3,4,central,strongly_facing,None,y,2,4,central,slightly_facing,come_here,y,5.692326939488281
82,3,4,central,strongly_facing,None,y,2,4,central,slightly_facing,come_here,y,5.456761109049396
83,3,4,central,slightly_facing,None,y,2,4,central,slightly_facing,come_here,y,5.174520210212526
84,3,4,central,slightly_facing,None,y,2,4,central,strongly_facing,None,n,4.8644879583450615
85,3,4,central,strongly_facing,None,y,2,4,central,strongly_facing,None,n,4.586431204828547
86,3,4,central,strongly_facing,None,y,2,4,central,strongly_facing,None,n,4.298660164523483
87,3,4,central,strongly_facing,None,y,2,4,central,strongly_facing,None,n,4.1198042715911924
88,3,4,central,slightly_facing,None,y,2,4,central,strongly_facing,None,n,3.934877332017485
89,3,4,central,slightly_facing,None,m,2,4,central,strongly_facing,None,n,3.7203505461808377
90,3,4,central,slightly_facing,None,y,2,4,central,strongly_facing,None,n,3.6274484956922586
91,3,4,central,strongly_facing,None,y,2,4,central,strongly_facing,None,n,3.3543517543728205
92,3,4,central,slightly_facing,None,n,2,4,central,strongly_facing,None,n,3.1756103989508917
93,3,4,central,slightly_facing,None,y,2,4,central,strongly_facing,None,n,3.1756103989508917
94,3,4,central,slightly_facing,None,y,2,4,central,strongly_facing,None,n,2.8506997297374257
95,3,4,central,slightly_facing,None,m,2,4,central,strongly_facing,None,n,2.6391922387664546
96,3,4,central,slightly_facing,None,y,2,4,central,strongly_facing,None,n,2.5541584227062035
97,3,4,central,slightly_facing,None,y,2,4,central,strongly_facing,None,n,2.304262635625555
98,3,4,central,slightly_facing,None,m,2,4,central,strongly_facing,None,n,2.136900915520887
99,3,4,central,slightly_facing,None,y,2,4,central,strongly_facing,None,n,2.0584126909716147
100,3,4,central,slightly_facing,None,y,2,4,central,strongly_facing,None,n,1.880569946922471
101,3,4,central,slightly_facing,None,m,2,4,central,strongly_facing,None,n,1.7086326217197776
102,3,4,central,slightly_facing,None,m,2,4,central,strongly_facing,None,n,1.6259728677936216
103,3,4,central,slightly_facing,None,m,2,4,central,strongly_facing,None,n,1.580533542377707
104,3,4,central,strongly_facing,None,m,2,4,central,strongly_facing,None,n,1.5482683857022383
105,3,4,central,strongly_facing,None,n,2,4,central,strongly_facing,None,n,1.515365504022383
