,p1_imas,p1_imas_5_pred,p1_imas_4_pred,p1_imas_3_pred,p1_imas_2_pred,p1_imas_1_pred,p2_imas,p2_imas_5_pred,p2_imas_4_pred,p2_imas_3_pred,p2_imas_2_pred,p2_imas_1_pred,p1_wti,p1_wti_5_pred,p1_wti_4_pred,p1_wti_3_pred,p1_wti_2_pred,p1_wti_1_pred,p2_wti,p2_wti_5_pred,p2_wti_4_pred,p2_wti_3_pred,p2_wti_2_pred,p2_wti_1_pred,p1_approach,p2_head,p1_body,p2_approach,p2_body,dist,p1_gesture,p2_gesture,p1_head
0,2,4e-06,7e-06,2.7e-05,0.028209,0.971754,2,1e-06,2e-06,5e-06,0.024957,0.975035,2,3e-06,9.3e-05,0.018209,0.013792,0.967903,3,1e-06,1.7e-05,0.018233,0.007414,0.974335,n,outside,strongly_facing,n,turned_away,range_27_inf,None,None,mid_peripheral
1,2,1e-06,2e-06,6e-06,0.024605,0.975386,2,0.0,0.0,0.0,0.024314,0.975685,2,2e-06,7e-06,0.018327,0.006359,0.975306,3,1e-06,1e-06,0.018228,0.006089,0.975681,n,outside,strongly_facing,n,turned_away,range_27_inf,None,None,mid_peripheral
2,2,0.0,1e-06,6e-06,0.024536,0.975457,2,0.0,0.0,0.0,0.024312,0.975688,2,1e-06,5e-06,0.018329,0.006209,0.975456,3,0.0,1e-06,0.018227,0.006084,0.975687,n,outside,slightly_facing,n,turned_away,range_27_inf,None,None,mid_peripheral
3,2,0.0,0.0,6e-06,0.024535,0.975459,2,0.0,0.0,0.0,0.024338,0.975661,2,1e-06,5e-06,0.018329,0.006206,0.97546,3,0.0,2e-06,0.018227,0.006111,0.97566,n,mid_peripheral,slightly_facing,n,slightly_facing,range_27_inf,None,None,mid_peripheral
4,2,0.0,0.0,6e-06,0.024535,0.975459,2,0.0,0.0,1e-06,0.024357,0.975642,2,1e-06,5e-06,0.018329,0.006205,0.97546,3,0.0,2e-06,0.018227,0.00613,0.975641,n,mid_peripheral,slightly_facing,n,strongly_facing,range_27_inf,None,None,mid_peripheral
5,2,0.0,0.0,6e-06,0.024535,0.975459,2,0.0,0.0,1e-06,0.024358,0.975641,2,1e-06,5e-06,0.018329,0.006205,0.97546,3,0.0,2e-06,0.018227,0.00613,0.975641,n,mid_peripheral,slightly_facing,n,strongly_facing,range_27_inf,None,None,mid_peripheral
6,2,0.0,0.0,6e-06,0.024535,0.975459,2,0.0,0.0,1e-06,0.024358,0.975641,2,1e-06,5e-06,0.018329,0.006205,0.97546,3,0.0,2e-06,0.018227,0.00613,0.975641,n,mid_peripheral,slightly_facing,n,strongly_facing,range_27_inf,None,None,mid_peripheral
7,2,0.0,0.0,6e-06,0.024535,0.975459,2,0.0,0.0,1e-06,0.024358,0.975641,2,1e-06,5e-06,0.018329,0.006205,0.97546,3,0.0,2e-06,0.018227,0.00613,0.975641,n,mid_peripheral,slightly_facing,n,strongly_facing,range_27_inf,None,None,mid_peripheral
8,2,0.0,0.0,6e-06,0.024535,0.975459,2,0.0,0.0,1e-06,0.024358,0.975641,2,1e-06,5e-06,0.018329,0.006205,0.97546,3,0.0,2e-06,0.018227,0.00613,0.975641,n,mid_peripheral,slightly_facing,n,strongly_facing,range_27_inf,None,None,mid_peripheral
9,2,0.0,0.0,6e-06,0.024535,0.975459,2,0.0,0.0,0.0,0.024339,0.97566,2,1e-06,5e-06,0.018329,0.006206,0.97546,3,0.0,2e-06,0.018227,0.006111,0.97566,n,mid_peripheral,slightly_facing,n,slightly_facing,range_27_inf,None,None,mid_peripheral
10,2,0.0,0.0,6e-06,0.024535,0.975459,2,0.0,0.0,0.0,0.024339,0.975661,2,1e-06,5e-06,0.018329,0.006206,0.97546,3,0.0,2e-06,0.018227,0.006111,0.97566,n,mid_peripheral,slightly_facing,n,slightly_facing,range_27_inf,None,None,mid_peripheral
11,2,0.0,0.0,6e-06,0.024535,0.975459,2,0.0,0.0,0.0,0.024339,0.975661,2,1e-06,5e-06,0.018329,0.006206,0.97546,3,0.0,2e-06,0.018227,0.006111,0.97566,n,mid_peripheral,slightly_facing,n,slightly_facing,range_27_inf,None,None,mid_peripheral
12,2,0.0,0.0,6e-06,0.024535,0.975459,2,0.0,0.0,0.0,0.024339,0.975661,2,1e-06,5e-06,0.018329,0.006206,0.97546,3,0.0,2e-06,0.018227,0.006111,0.97566,n,mid_peripheral,slightly_facing,n,slightly_facing,range_27_inf,None,None,mid_peripheral
13,2,0.0,0.0,6e-06,0.024544,0.97545,3,4.9e-05,9.8e-05,0.00037,0.086672,0.912811,2,1e-06,5e-06,0.018783,0.005807,0.975404,4,3e-05,0.001502,0.017351,0.068291,0.912826,n,central,slightly_facing,y,strongly_facing,range_27_inf,None,None,mid_peripheral
14,2,0.0,0.0,5e-06,0.024484,0.97551,3,0.00041,0.00082,0.002586,0.460649,0.535535,2,1.5e-05,1.9e-05,0.02143,0.003427,0.975109,4,0.000247,0.010548,0.012016,0.441584,0.535605,n,central,slightly_facing,y,strongly_facing,range_27_inf,None,None,mid_peripheral
15,2,0.0,0.0,4e-06,0.024418,0.975577,3,0.00081,0.00166,0.004972,0.863337,0.12922,2,3.2e-05,3.6e-05,0.024289,0.000866,0.974776,4,0.000495,0.020302,0.006281,0.843707,0.129215,n,central,slightly_facing,y,slightly_facing,range_27_inf,None,None,mid_peripheral
16,2,0.0,0.0,4e-06,0.024402,0.975594,3,0.000918,0.001897,0.005619,0.972499,0.019066,2,3.7e-05,4e-05,0.025067,0.000172,0.974684,4,0.000564,0.022948,0.004726,0.952883,0.018878,n,central,slightly_facing,y,slightly_facing,range_27_inf,None,None,mid_peripheral
17,2,0.0,0.0,4e-06,0.024399,0.975597,3,0.000934,0.001933,0.005712,0.988116,0.003306,2,3.8e-05,4.1e-05,0.025178,7.3e-05,0.974671,4,0.000575,0.023327,0.004501,0.968672,0.002925,n,central,slightly_facing,y,slightly_facing,range_27_inf,None,None,mid_peripheral
18,2,0.0,0.0,4e-06,0.024399,0.975597,3,0.000936,0.001938,0.005722,0.989938,0.001466,2,3.8e-05,4.1e-05,0.025191,6.1e-05,0.974669,4,0.000576,0.023372,0.004471,0.970702,0.000879,n,central,slightly_facing,y,slightly_facing,range_27_inf,None,None,mid_peripheral
19,2,0.0,0.0,4e-06,0.0244,0.975596,3,0.001175,0.002501,0.005705,0.98696,0.003659,2,8.6e-05,8.9e-05,0.025298,0.000123,0.974404,4,0.000737,0.023463,0.004625,0.969916,0.001259,n,central,slightly_facing,m,slightly_facing,range_27_inf,None,None,mid_peripheral
20,2,0.0,0.0,4e-06,0.024399,0.975597,3,0.0008,0.001731,0.004838,0.840631,0.152,2,3.4e-05,3.7e-05,0.024146,0.000991,0.974792,4,0.000508,0.019843,0.003817,0.974147,0.001685,n,central,slightly_facing,y,slightly_facing,range_27_inf,None,None,mid_peripheral
21,2,7.8e-05,0.000156,0.000596,0.125315,0.873856,3,0.011305,0.024481,0.003227,0.566576,0.394412,2,0.000193,0.006881,0.140539,0.002498,0.84989,4,0.025089,0.017836,0.09615,0.856916,0.004009,n,central,strongly_facing,y,slightly_facing,range_27_inf,None,arm_raise_high,mid_peripheral
22,2,0.000727,0.001398,0.00831,0.942131,0.047434,3,0.015905,0.001616,0.00883,0.970453,0.003196,2,0.001679,0.016728,0.97588,2.6e-05,0.005687,4,0.005081,0.019384,0.963777,0.008728,0.003029,n,central,slightly_facing,y,strongly_facing,range_27_inf,None,arm_raise_high,mid_peripheral
23,2,0.00075,0.001428,0.009957,0.957343,0.030521,3,0.003899,0.001517,0.010681,0.983145,0.000758,2,0.001751,0.017493,0.980733,1e-05,1.4e-05,4,0.002553,0.017978,0.97819,0.000641,0.000637,n,central,slightly_facing,y,strongly_facing,range_27_inf,None,arm_raise_high,mid_peripheral
24,2,0.000757,0.001435,0.01074,0.959026,0.028043,3,0.001422,0.001524,0.011629,0.984483,0.000942,2,0.001777,0.017868,0.980334,1.1e-05,1.1e-05,4,0.002071,0.01794,0.979694,0.000148,0.000148,n,central,slightly_facing,y,strongly_facing,range_27_inf,None,arm_raise_high,mid_peripheral
25,2,0.000761,0.001439,0.011141,0.960257,0.026402,3,0.000919,0.001526,0.012138,0.984298,0.001119,2,0.001791,0.018083,0.980105,1.1e-05,1.1e-05,4,0.001979,0.018071,0.979852,4.9e-05,4.9e-05,n,central,slightly_facing,y,strongly_facing,range_27_inf,None,arm_raise_high,mid_peripheral
26,2,0.000767,0.00145,0.011418,0.966751,0.019614,3,0.000816,0.001527,0.012456,0.983898,0.001303,2,0.001808,0.018309,0.979864,1e-05,1e-05,4,0.001955,0.018194,0.979795,2.8e-05,2.8e-05,n,central,slightly_facing,y,slightly_facing,range_27_inf,None,arm_raise_high,mid_peripheral
27,2,0.001381,0.002516,0.012188,0.974222,0.009693,3,0.000977,0.001736,0.014788,0.978456,0.004043,2,0.002247,0.018924,0.977479,0.000693,0.000657,4,0.002693,0.018842,0.977573,0.000446,0.000446,n,central,slightly_facing,y,slightly_facing,range_24_27,None,arm_raise_high,mid_peripheral
28,2,0.049814,0.085527,0.067091,0.525736,0.271833,3,0.021814,0.036193,0.344242,0.531554,0.066197,2,0.037962,0.047017,0.580651,0.132419,0.20195,4,0.236455,0.109069,0.569382,0.042551,0.042543,n,central,slightly_facing,y,slightly_facing,range_24_27,None,arm_raise_high,mid_peripheral
29,2,0.020976,0.03558,0.051802,0.029483,0.862159,3,0.029091,0.089914,0.806331,0.016662,0.058003,2,0.020621,0.021199,0.062038,0.171914,0.724228,4,0.835027,0.086735,0.026095,0.026071,0.026071,n,central,slightly_facing,y,strongly_facing,range_24_27,None,arm_raise_high,mid_peripheral
30,2,0.002715,0.004452,0.015198,0.02807,0.949566,3,0.022737,0.092347,0.864847,0.005201,0.014868,2,0.005687,0.005963,0.042796,0.072352,0.873202,4,0.963606,0.020603,0.005265,0.005263,0.005263,n,central,strongly_facing,y,strongly_facing,range_24_27,None,arm_raise_high,mid_peripheral
31,2,0.000277,0.000424,0.003554,0.026497,0.969248,3,0.019385,0.086398,0.888985,0.001935,0.003297,2,0.002349,0.002528,0.038159,0.032693,0.92427,4,0.991973,0.004628,0.001133,0.001133,0.001133,n,central,slightly_facing,y,strongly_facing,range_24_27,None,arm_raise_high,mid_peripheral
32,2,3.5e-05,5.1e-05,0.000773,0.025583,0.973558,3,0.017864,0.078641,0.901338,0.001187,0.00097,2,0.00182,0.00192,0.0363,0.016477,0.943482,4,0.997436,0.001237,0.000442,0.000442,0.000442,n,central,slightly_facing,y,strongly_facing,range_24_27,None,arm_raise_high,mid_peripheral
33,2,9e-06,1.3e-05,0.000191,0.025228,0.97456,3,0.017102,0.07115,0.907742,0.001625,0.00238,2,0.001726,0.001789,0.035188,0.010123,0.951174,4,0.996098,0.00167,0.000791,0.000724,0.000717,n,central,slightly_facing,m,slightly_facing,range_24_27,None,arm_raise_high,mid_peripheral
34,2,1e-06,1e-06,8e-06,0.024777,0.975214,3,0.016893,0.031828,0.950246,0.000982,5.1e-05,2,0.001726,0.001759,0.029714,0.005756,0.961045,4,0.999,0.000347,0.000218,0.000217,0.000217,n,central,slightly_facing,y,slightly_facing,range_24_27,None,arm_raise_high,mid_peripheral
35,2,2e-06,4e-06,1.9e-05,0.025847,0.974129,3,0.017503,0.542551,0.439388,0.000558,0.0,2,0.001456,0.001629,0.101774,0.009069,0.886071,4,0.999504,0.000194,0.000101,0.000101,0.000101,n,central,slightly_facing,y,slightly_facing,range_24_27,None,arm_raise_high,mid_peripheral
36,2,0.000491,0.000971,0.003878,0.242083,0.752577,3,0.791671,0.204721,0.003446,0.000162,0.0,2,0.35719,0.160693,0.160733,0.160692,0.160691,4,0.997364,0.000659,0.00066,0.000658,0.000658,y,central,slightly_facing,y,slightly_facing,range_24_27,None,arm_raise_high,central
37,2,0.000624,0.001609,0.004867,0.586409,0.406491,3,0.443486,0.553188,0.002528,0.000798,0.0,2,0.637813,0.090547,0.090547,0.090547,0.090547,4,0.998634,0.000342,0.000342,0.000342,0.000342,y,central,slightly_facing,y,slightly_facing,range_24_27,None,arm_raise_high,central
38,2,0.000833,0.002923,0.006986,0.855235,0.134023,3,0.156243,0.839501,0.001894,0.00236,1e-06,2,0.868911,0.032772,0.032772,0.032772,0.032772,4,0.998692,0.000327,0.000327,0.000327,0.000327,y,central,slightly_facing,y,slightly_facing,range_24_27,None,None,central
39,2,0.000925,0.004721,0.008774,0.937324,0.048256,3,0.062458,0.930654,0.001549,0.005336,2e-06,2,0.944398,0.0139,0.013901,0.0139,0.0139,4,0.998638,0.000341,0.000341,0.000341,0.000341,y,central,slightly_facing,y,slightly_facing,range_24_27,None,None,central
40,2,0.000989,0.007427,0.011223,0.953647,0.026714,3,0.038114,0.950136,0.001372,0.010375,3e-06,2,0.963978,0.009005,0.009005,0.009005,0.009005,4,0.998582,0.000354,0.000354,0.000354,0.000354,y,central,slightly_facing,y,slightly_facing,range_24_27,None,None,central
41,2,0.001083,0.011672,0.015757,0.951759,0.019729,3,0.029813,0.949676,0.001302,0.019204,5e-06,2,0.970649,0.007338,0.007338,0.007338,0.007338,4,0.9985,0.000375,0.000375,0.000375,0.000375,y,central,slightly_facing,y,slightly_facing,range_24_27,None,None,central
42,2,0.001253,0.018127,0.024619,0.940827,0.015174,3,0.024189,0.939091,0.001604,0.035107,9e-06,2,0.975173,0.006207,0.006207,0.006207,0.006207,4,0.998357,0.000411,0.000411,0.000411,0.000411,y,central,strongly_facing,y,slightly_facing,range_24_27,None,None,central
43,2,0.002386,0.140319,0.05438,0.79687,0.006045,3,0.012314,0.710624,0.038373,0.238633,5.7e-05,2,0.985687,0.003578,0.003578,0.003578,0.003578,4,0.996979,0.000755,0.000755,0.000755,0.000755,y,central,slightly_facing,y,slightly_facing,range_21_24,None,None,central
44,2,0.003872,0.325902,0.084444,0.585643,0.000139,3,0.004185,0.369568,0.094147,0.531972,0.000128,2,0.993766,0.001559,0.001559,0.001559,0.001559,4,0.995028,0.001243,0.001243,0.001243,0.001243,y,central,slightly_facing,y,slightly_facing,range_21_24,None,None,central
45,2,0.003872,0.325902,0.084444,0.585643,0.000139,3,0.004185,0.369568,0.094147,0.531972,0.000128,2,0.993766,0.001559,0.001559,0.001559,0.001559,4,0.995028,0.001243,0.001243,0.001243,0.001243,y,central,slightly_facing,y,slightly_facing,range_21_24,None,None,central
46,2,0.003872,0.325902,0.084444,0.585643,0.000139,3,0.004185,0.369568,0.094147,0.531972,0.000128,2,0.993766,0.001559,0.001559,0.001559,0.001559,4,0.995028,0.001243,0.001243,0.001243,0.001243,y,central,slightly_facing,y,slightly_facing,range_21_24,None,None,central
47,2,0.003872,0.325902,0.084444,0.585643,0.000139,3,0.004185,0.369568,0.094147,0.531972,0.000128,2,0.993766,0.001559,0.001559,0.001559,0.001559,4,0.995028,0.001243,0.001243,0.001243,0.001243,y,central,slightly_facing,y,slightly_facing,range_21_24,None,None,central
48,2,0.003872,0.325902,0.084444,0.585643,0.000139,3,0.004185,0.369568,0.094147,0.531972,0.000128,2,0.993766,0.001559,0.001559,0.001559,0.001559,4,0.995028,0.001243,0.001243,0.001243,0.001243,y,central,slightly_facing,y,slightly_facing,range_21_24,None,None,central
49,2,0.003872,0.325902,0.084444,0.585643,0.000139,3,0.004185,0.369568,0.094147,0.531972,0.000128,2,0.993766,0.001559,0.001559,0.001559,0.001559,4,0.995028,0.001243,0.001243,0.001243,0.001243,y,central,slightly_facing,y,slightly_facing,range_21_24,None,None,central
50,2,0.003872,0.325902,0.084444,0.585643,0.000139,3,0.004185,0.369568,0.094147,0.531972,0.000128,2,0.993766,0.001559,0.001559,0.001559,0.001559,4,0.995028,0.001243,0.001243,0.001243,0.001243,y,central,slightly_facing,y,slightly_facing,range_21_24,None,None,central
51,2,0.003872,0.325902,0.084444,0.585643,0.000139,3,0.004185,0.369568,0.094147,0.531972,0.000128,2,0.993766,0.001559,0.001559,0.001559,0.001559,4,0.995028,0.001243,0.001243,0.001243,0.001243,y,central,slightly_facing,y,slightly_facing,range_21_24,None,None,central
52,2,0.003872,0.325902,0.084444,0.585643,0.000139,3,0.004185,0.369568,0.094147,0.531972,0.000128,2,0.993766,0.001559,0.001559,0.001559,0.001559,4,0.995028,0.001243,0.001243,0.001243,0.001243,y,central,slightly_facing,y,slightly_facing,range_21_24,None,None,central
53,2,0.003872,0.325902,0.084444,0.585643,0.000139,3,0.004185,0.369568,0.094147,0.531972,0.000128,2,0.993766,0.001559,0.001559,0.001559,0.001559,4,0.995028,0.001243,0.001243,0.001243,0.001243,y,central,slightly_facing,y,slightly_facing,range_21_24,None,None,central
54,2,0.003872,0.325902,0.084444,0.585643,0.000139,3,0.004185,0.369568,0.094147,0.531972,0.000128,2,0.993766,0.001559,0.001559,0.001559,0.001559,4,0.995028,0.001243,0.001243,0.001243,0.001243,y,central,slightly_facing,y,slightly_facing,range_21_24,None,None,central
55,2,0.003872,0.325902,0.084444,0.585643,0.000139,3,0.004185,0.369568,0.094147,0.531972,0.000128,2,0.993766,0.001559,0.001559,0.001559,0.001559,4,0.995028,0.001243,0.001243,0.001243,0.001243,y,central,slightly_facing,y,slightly_facing,range_21_24,None,None,central
56,2,0.003872,0.325902,0.084444,0.585643,0.000139,3,0.004185,0.369568,0.094147,0.531972,0.000128,2,0.993766,0.001559,0.001559,0.001559,0.001559,4,0.995028,0.001243,0.001243,0.001243,0.001243,y,central,slightly_facing,y,slightly_facing,range_21_24,None,None,central
57,2,0.003872,0.325902,0.084444,0.585643,0.000139,3,0.004185,0.369568,0.094147,0.531972,0.000128,2,0.993766,0.001559,0.001559,0.001559,0.001559,4,0.995028,0.001243,0.001243,0.001243,0.001243,y,central,slightly_facing,y,slightly_facing,range_21_24,None,None,central
58,2,0.003872,0.325902,0.084444,0.585643,0.000139,3,0.004185,0.369568,0.094147,0.531972,0.000128,2,0.993766,0.001559,0.001559,0.001559,0.001559,4,0.995028,0.001243,0.001243,0.001243,0.001243,y,central,slightly_facing,y,slightly_facing,range_21_24,None,None,central
59,2,0.003872,0.325902,0.084445,0.585642,0.000139,3,0.004185,0.369568,0.094148,0.531972,0.000128,3,0.993765,0.001559,0.001559,0.001559,0.001559,4,0.995027,0.001243,0.001243,0.001243,0.001243,y,central,slightly_facing,y,slightly_facing,range_21_24,arm_raise_high,None,central
60,2,0.003873,0.325904,0.084447,0.585637,0.000139,3,0.004186,0.36957,0.09415,0.531967,0.000128,3,0.993758,0.00156,0.001561,0.00156,0.00156,4,0.995019,0.001245,0.001245,0.001245,0.001245,y,central,slightly_facing,y,slightly_facing,range_18_21,arm_raise_high,None,central
61,2,0.003873,0.325904,0.084447,0.585636,0.000139,3,0.004186,0.36957,0.09415,0.531967,0.000128,3,0.993758,0.001561,0.001561,0.001561,0.001561,4,0.995019,0.001245,0.001245,0.001245,0.001245,y,central,slightly_facing,y,slightly_facing,range_18_21,arm_raise_high,None,central
62,2,0.003873,0.325904,0.084447,0.585636,0.000139,3,0.004186,0.36957,0.09415,0.531967,0.000128,3,0.993758,0.001561,0.001561,0.001561,0.001561,4,0.995019,0.001245,0.001245,0.001245,0.001245,y,central,slightly_facing,y,slightly_facing,range_18_21,arm_raise_high,None,central
63,2,0.003873,0.325904,0.084447,0.585636,0.000139,3,0.004186,0.36957,0.09415,0.531967,0.000128,3,0.993758,0.001561,0.001561,0.001561,0.001561,4,0.995019,0.001245,0.001245,0.001245,0.001245,y,central,slightly_facing,y,slightly_facing,range_18_21,arm_raise_high,None,central
64,2,0.003873,0.325904,0.084447,0.585636,0.000139,3,0.004186,0.36957,0.09415,0.531967,0.000128,3,0.993758,0.001561,0.001561,0.001561,0.001561,4,0.995019,0.001245,0.001245,0.001245,0.001245,y,central,slightly_facing,y,slightly_facing,range_18_21,arm_raise_high,None,central
65,2,0.003873,0.325904,0.084447,0.585636,0.000139,3,0.004186,0.36957,0.09415,0.531967,0.000128,3,0.993758,0.001561,0.001561,0.001561,0.001561,4,0.995019,0.001245,0.001245,0.001245,0.001245,y,central,slightly_facing,y,slightly_facing,range_18_21,arm_raise_high,None,central
66,2,0.003873,0.325904,0.084447,0.585636,0.000139,3,0.004186,0.36957,0.09415,0.531967,0.000128,3,0.993758,0.001561,0.001561,0.001561,0.001561,4,0.995019,0.001245,0.001245,0.001245,0.001245,y,central,slightly_facing,y,slightly_facing,range_18_21,arm_raise_high,None,central
67,2,0.003873,0.325904,0.084448,0.585637,0.000139,3,0.004186,0.36957,0.094151,0.531966,0.000128,3,0.993758,0.001561,0.001561,0.001561,0.001561,4,0.995019,0.001245,0.001245,0.001245,0.001245,y,central,slightly_facing,y,slightly_facing,range_18_21,arm_raise_high,None,central
68,2,0.003873,0.325887,0.084453,0.585649,0.000139,3,0.004186,0.369549,0.094192,0.531945,0.000128,3,0.993757,0.001561,0.001561,0.001561,0.001561,4,0.995019,0.001245,0.001245,0.001245,0.001245,y,central,slightly_facing,y,slightly_facing,range_18_21,arm_raise_high,None,central
69,2,0.003873,0.325887,0.084453,0.585649,0.000139,3,0.004186,0.369549,0.094192,0.531945,0.000128,3,0.993757,0.001561,0.001561,0.001561,0.001561,4,0.995019,0.001245,0.001245,0.001245,0.001245,y,central,slightly_facing,y,slightly_facing,range_18_21,arm_raise_high,None,central
70,2,0.003873,0.325887,0.084453,0.585649,0.000139,3,0.004186,0.369549,0.094192,0.531945,0.000128,3,0.993757,0.001561,0.001561,0.001561,0.001561,4,0.995019,0.001245,0.001245,0.001245,0.001245,y,central,slightly_facing,y,slightly_facing,range_18_21,arm_raise_high,None,central
71,2,0.003873,0.325887,0.084453,0.585649,0.000139,3,0.004186,0.369549,0.094192,0.531945,0.000128,3,0.993757,0.001561,0.001561,0.001561,0.001561,4,0.995019,0.001245,0.001245,0.001245,0.001245,y,central,slightly_facing,y,slightly_facing,range_18_21,arm_raise_high,None,central
72,2,0.003873,0.325887,0.084453,0.585649,0.000139,3,0.004186,0.369549,0.094192,0.531945,0.000128,3,0.993757,0.001561,0.001561,0.001561,0.001561,4,0.995019,0.001245,0.001245,0.001245,0.001245,y,central,slightly_facing,y,slightly_facing,range_18_21,arm_raise_high,None,central
73,4,0.003873,0.325885,0.084451,0.585652,0.000139,3,0.004186,0.369548,0.09419,0.531948,0.000128,4,0.993761,0.00156,0.00156,0.00156,0.00156,4,0.995024,0.001244,0.001244,0.001244,0.001244,y,central,slightly_facing,y,slightly_facing,range_18_21,None,None,central
74,4,0.003873,0.325885,0.084451,0.585652,0.000139,3,0.004186,0.369548,0.09419,0.531948,0.000128,4,0.993761,0.00156,0.00156,0.00156,0.001559,4,0.995024,0.001244,0.001244,0.001244,0.001244,y,central,slightly_facing,y,slightly_facing,range_18_21,None,None,central
75,4,0.003873,0.325885,0.084451,0.585652,0.000139,3,0.004186,0.369548,0.09419,0.531948,0.000128,4,0.993761,0.00156,0.00156,0.00156,0.001559,4,0.995024,0.001244,0.001244,0.001244,0.001244,y,central,slightly_facing,y,slightly_facing,range_18_21,None,None,central
76,4,0.003873,0.325885,0.084451,0.585652,0.000139,3,0.004186,0.369548,0.09419,0.531948,0.000128,4,0.993761,0.00156,0.00156,0.00156,0.001559,4,0.995024,0.001244,0.001244,0.001244,0.001244,y,central,slightly_facing,y,slightly_facing,range_18_21,None,None,central
77,4,0.003991,0.325875,0.084585,0.585402,0.000146,3,0.004311,0.369523,0.094309,0.531723,0.000134,4,0.993329,0.001701,0.00169,0.00165,0.001631,4,0.994647,0.001372,0.00134,0.001329,0.001313,y,central,slightly_facing,y,slightly_facing,range_15_18,None,None,central
78,4,0.004002,0.325872,0.084599,0.585381,0.000146,3,0.004322,0.369518,0.094321,0.531704,0.000135,4,0.993293,0.001714,0.001701,0.001656,0.001636,4,0.994618,0.001384,0.001346,0.001334,0.001317,y,central,slightly_facing,y,slightly_facing,range_15_18,None,None,central
79,4,0.004003,0.325871,0.0846,0.585379,0.000147,3,0.004323,0.369517,0.094323,0.531702,0.000135,4,0.99329,0.001715,0.001702,0.001656,0.001636,4,0.994616,0.001385,0.001347,0.001335,0.001318,y,central,slightly_facing,y,slightly_facing,range_15_18,None,None,central
80,4,0.004003,0.325871,0.084601,0.585378,0.000147,3,0.004323,0.369517,0.094323,0.531702,0.000135,4,0.993289,0.001715,0.001703,0.001657,0.001637,4,0.994615,0.001385,0.001347,0.001335,0.001318,y,central,slightly_facing,y,slightly_facing,range_15_18,None,None,central
81,4,0.004003,0.325884,0.084596,0.585369,0.000147,3,0.004322,0.369535,0.09429,0.531718,0.000135,4,0.99329,0.001715,0.001702,0.001656,0.001636,4,0.994615,0.001385,0.001347,0.001335,0.001318,y,central,slightly_facing,y,slightly_facing,range_15_18,None,None,central
82,4,0.004003,0.325884,0.084596,0.585369,0.000147,3,0.004322,0.369535,0.09429,0.531718,0.000135,4,0.99329,0.001715,0.001702,0.001656,0.001636,4,0.994615,0.001385,0.001347,0.001335,0.001318,y,central,slightly_facing,y,slightly_facing,range_15_18,None,None,central
83,4,0.004003,0.325884,0.084597,0.585369,0.000147,3,0.004322,0.369535,0.09429,0.531718,0.000135,4,0.99329,0.001715,0.001702,0.001656,0.001636,4,0.994615,0.001385,0.001347,0.001335,0.001318,y,central,slightly_facing,y,slightly_facing,range_15_18,None,None,central
84,4,0.003989,0.32594,0.084484,0.585446,0.000141,3,0.004233,0.369513,0.094253,0.531866,0.000135,4,0.993541,0.001636,0.001608,0.001608,0.001607,4,0.994731,0.001356,0.001318,0.001306,0.001289,y,central,strongly_facing,y,slightly_facing,range_15_18,None,None,central
85,4,0.003988,0.325981,0.084492,0.585398,0.000141,3,0.004231,0.369584,0.094301,0.53175,0.000135,4,0.993549,0.001632,0.001607,0.001606,0.001606,4,0.994736,0.001355,0.001317,0.001304,0.001288,y,central,strongly_facing,y,slightly_facing,range_15_18,None,None,central
86,4,0.003988,0.325981,0.084492,0.585398,0.000141,3,0.004231,0.369584,0.0943,0.531751,0.000135,4,0.99355,0.001632,0.001607,0.001606,0.001606,4,0.994737,0.001355,0.001317,0.001304,0.001287,y,central,strongly_facing,y,slightly_facing,range_15_18,None,None,central
87,4,0.004002,0.325929,0.084599,0.585323,0.000146,3,0.004315,0.369609,0.094333,0.531608,0.000135,4,0.99331,0.001707,0.001694,0.001654,0.001635,4,0.994623,0.001383,0.001345,0.001333,0.001316,y,central,slightly_facing,y,slightly_facing,range_15_18,None,None,central
88,4,0.004004,0.325924,0.084609,0.585317,0.000147,3,0.004323,0.369609,0.094338,0.531596,0.000135,4,0.99329,0.001715,0.001702,0.001657,0.001637,4,0.994615,0.001385,0.001347,0.001335,0.001318,y,central,slightly_facing,y,slightly_facing,range_15_18,None,None,central
89,4,0.004004,0.325924,0.08461,0.585316,0.000147,3,0.004323,0.369609,0.094338,0.531595,0.000135,4,0.993287,0.001716,0.001703,0.001657,0.001637,4,0.994615,0.001386,0.001347,0.001335,0.001318,y,central,slightly_facing,y,slightly_facing,range_15_18,None,None,central
90,4,0.004004,0.325922,0.084609,0.585319,0.000147,3,0.004323,0.369611,0.094339,0.531592,0.000135,4,0.993287,0.001716,0.001703,0.001657,0.001637,4,0.994615,0.001386,0.001347,0.001335,0.001318,y,central,slightly_facing,y,slightly_facing,range_15_18,None,None,central
91,4,0.00417,0.325881,0.084775,0.585019,0.000155,3,0.004498,0.369575,0.094493,0.53129,0.000143,4,0.992727,0.001951,0.001853,0.001738,0.001731,4,0.994124,0.001592,0.001468,0.001412,0.001404,y,central,slightly_facing,y,slightly_facing,range_12_15,None,None,central
92,4,0.004215,0.325794,0.084755,0.585077,0.000158,3,0.004547,0.369578,0.094522,0.531207,0.000146,4,0.992628,0.002005,0.001877,0.001748,0.001741,4,0.994047,0.001639,0.001482,0.00142,0.001413,y,central,slightly_facing,y,slightly_facing,range_12_15,None,None,central
93,4,0.004204,0.325897,0.084541,0.585212,0.000147,3,0.004377,0.369537,0.094446,0.531494,0.000146,4,0.993102,0.001835,0.001689,0.001687,0.001687,4,0.994241,0.001601,0.001431,0.001367,0.00136,y,central,strongly_facing,y,slightly_facing,range_12_15,None,None,central
94,4,0.00421,0.325909,0.084528,0.585206,0.000146,3,0.004353,0.369531,0.094443,0.531526,0.000146,4,0.993144,0.001807,0.001684,0.001683,0.001682,4,0.994247,0.001606,0.001428,0.001363,0.001356,y,central,strongly_facing,y,slightly_facing,range_12_15,None,None,central
95,4,0.004247,0.325881,0.084773,0.584943,0.000156,3,0.004515,0.36952,0.094494,0.531324,0.000147,4,0.992698,0.001974,0.001848,0.001743,0.001736,4,0.994027,0.001669,0.001481,0.001415,0.001408,y,central,slightly_facing,y,slightly_facing,range_12_15,None,None,central
96,4,0.004267,0.32585,0.084801,0.584924,0.000158,3,0.004565,0.369499,0.094509,0.531281,0.000147,4,0.992605,0.002027,0.001876,0.001749,0.001742,4,0.993984,0.001694,0.001487,0.001421,0.001414,y,central,slightly_facing,y,slightly_facing,range_12_15,None,None,central
97,4,0.004303,0.325828,0.084804,0.584906,0.000159,3,0.004596,0.369471,0.094509,0.531276,0.000148,4,0.992558,0.002065,0.001883,0.00175,0.001743,4,0.99393,0.001742,0.001492,0.001421,0.001414,y,central,slightly_facing,y,slightly_facing,range_12_15,None,None,central
98,4,0.004388,0.325795,0.084796,0.584861,0.000159,3,0.00465,0.369428,0.094501,0.531272,0.000149,4,0.992481,0.002137,0.001887,0.001751,0.001744,4,0.993798,0.001864,0.001501,0.001422,0.001415,y,central,slightly_facing,y,slightly_facing,range_12_15,None,None,central
99,4,0.004601,0.325823,0.084748,0.584668,0.00016,3,0.004776,0.369438,0.094473,0.531161,0.000153,4,0.992287,0.00232,0.001893,0.001753,0.001746,4,0.993459,0.00218,0.001521,0.001424,0.001417,y,central,slightly_facing,y,slightly_facing,range_12_15,None,None,central
100,4,0.004573,0.325878,0.084511,0.584891,0.000147,3,0.00453,0.369495,0.094405,0.531418,0.000152,4,0.992878,0.002049,0.001692,0.00169,0.00169,4,0.993674,0.002126,0.001467,0.00137,0.001363,y,central,strongly_facing,y,slightly_facing,range_12_15,None,None,central
101,4,0.004568,0.325657,0.084422,0.585207,0.000146,3,0.004448,0.36974,0.094414,0.531246,0.000152,4,0.993,0.001943,0.001687,0.001685,0.001685,4,0.993695,0.002121,0.001462,0.001365,0.001358,y,central,strongly_facing,y,slightly_facing,range_12_15,None,None,central
102,4,0.004595,0.325584,0.084615,0.585049,0.000156,3,0.004634,0.369752,0.09447,0.530992,0.000152,4,0.992515,0.002147,0.001852,0.001746,0.001739,4,0.993487,0.002173,0.001514,0.001417,0.00141,y,central,slightly_facing,y,slightly_facing,range_12_15,None,None,central
103,4,0.004602,0.32586,0.084743,0.584636,0.000159,3,0.004764,0.369423,0.09446,0.5312,0.000153,4,0.992305,0.002316,0.001881,0.001752,0.001745,4,0.993461,0.00218,0.00152,0.001423,0.001416,y,central,slightly_facing,y,slightly_facing,range_12_15,None,None,central
104,4,0.005031,0.32566,0.084677,0.584474,0.000157,3,0.005048,0.369143,0.094387,0.531276,0.000146,4,0.991953,0.002757,0.001766,0.001763,0.001761,4,0.992881,0.002853,0.001423,0.001422,0.00142,y,central,slightly_facing,y,slightly_facing,range_9_12,None,None,central
105,4,0.00588,0.325258,0.084597,0.584106,0.000159,3,0.005535,0.368568,0.094287,0.531463,0.000147,4,0.991273,0.003425,0.001769,0.001767,0.001765,4,0.991679,0.004052,0.001424,0.001424,0.001421,y,central,slightly_facing,y,slightly_facing,range_9_12,None,None,central
106,4,0.00751,0.324522,0.084423,0.583385,0.00016,3,0.00638,0.367498,0.09408,0.531894,0.000148,4,0.990086,0.004609,0.001771,0.001768,0.001766,4,0.989337,0.006385,0.001427,0.001426,0.001424,y,central,slightly_facing,y,slightly_facing,range_9_12,None,None,central
107,4,0.010728,0.32352,0.084057,0.581539,0.000155,3,0.006944,0.365682,0.093725,0.5335,0.000149,4,0.989346,0.005448,0.001736,0.001735,0.001735,4,0.984777,0.011,0.00141,0.001408,0.001406,y,central,strongly_facing,y,slightly_facing,range_9_12,None,None,central
108,4,0.017067,0.321706,0.083505,0.577569,0.000153,3,0.007406,0.362469,0.093134,0.53684,0.000151,4,0.988515,0.006301,0.001729,0.001727,0.001727,4,0.975626,0.020125,0.00142,0.001416,0.001413,y,central,strongly_facing,y,slightly_facing,range_9_12,None,None,central
109,4,0.029019,0.317143,0.082457,0.571224,0.000156,3,0.011842,0.355012,0.091782,0.541209,0.000155,4,0.981742,0.012991,0.00176,0.001755,0.001753,4,0.958211,0.037413,0.001466,0.001456,0.001454,y,central,slightly_facing,y,slightly_facing,range_9_12,None,None,central
110,4,0.049467,0.30589,0.079941,0.564543,0.00016,3,0.027822,0.339746,0.088674,0.543598,0.00016,4,0.959013,0.035689,0.001774,0.001763,0.001761,4,0.928162,0.067362,0.001506,0.001486,0.001484,y,central,slightly_facing,y,slightly_facing,range_9_12,None,None,central
111,4,0.080708,0.291795,0.076841,0.550496,0.000159,3,0.043509,0.318517,0.08486,0.552946,0.000169,4,0.935573,0.059133,0.001778,0.001759,0.001757,4,0.880622,0.114752,0.001567,0.001531,0.001529,y,central,slightly_facing,y,slightly_facing,range_9_12,None,None,central
112,4,0.115329,0.276629,0.07429,0.533594,0.000158,3,0.057913,0.293981,0.081429,0.566496,0.00018,4,0.909265,0.085444,0.001786,0.001754,0.001752,4,0.820305,0.174884,0.001649,0.001582,0.00158,y,central,slightly_facing,y,slightly_facing,range_9_12,None,None,central
113,4,0.117742,0.282132,0.075002,0.524973,0.000152,3,0.045542,0.295973,0.082066,0.576236,0.000183,4,0.928656,0.066159,0.001743,0.001721,0.001721,4,0.81659,0.178592,0.001652,0.001584,0.001581,y,central,strongly_facing,y,slightly_facing,range_9_12,None,None,central
114,4,0.119597,0.286346,0.075574,0.518337,0.000148,3,0.035907,0.297592,0.082592,0.583724,0.000186,4,0.943715,0.05116,0.00172,0.001702,0.001702,4,0.813709,0.181463,0.001657,0.001587,0.001585,y,central,strongly_facing,y,slightly_facing,range_9_12,None,None,central
115,4,0.12096,0.289498,0.076016,0.513382,0.000144,3,0.028473,0.29895,0.082998,0.589391,0.000188,4,0.955358,0.039565,0.001701,0.001688,0.001688,4,0.81156,0.183608,0.001659,0.001588,0.001586,y,central,strongly_facing,y,slightly_facing,range_9_12,None,None,central
116,4,0.120998,0.289657,0.076006,0.513195,0.000144,3,0.028369,0.298897,0.082989,0.589557,0.000188,4,0.955464,0.03946,0.001701,0.001688,0.001688,4,0.811527,0.183639,0.001659,0.001588,0.001586,y,central,strongly_facing,y,slightly_facing,range_9_12,None,None,central
117,4,0.12108,0.286085,0.075468,0.517218,0.000149,3,0.036169,0.296609,0.082437,0.5846,0.000185,4,0.943182,0.051684,0.001723,0.001706,0.001706,4,0.81141,0.183763,0.001656,0.001586,0.001586,y,central,slightly_facing,y,slightly_facing,range_6_9,None,None,central
118,4,0.122522,0.28552,0.07536,0.51645,0.000148,3,0.036626,0.295695,0.082295,0.585199,0.000186,4,0.942498,0.05237,0.001722,0.001705,0.001705,4,0.809142,0.186031,0.001656,0.001586,0.001586,y,central,slightly_facing,y,slightly_facing,range_6_9,None,None,central
119,4,0.123976,0.284914,0.075252,0.51571,0.000148,3,0.037098,0.294788,0.082151,0.585777,0.000186,4,0.941802,0.053068,0.001722,0.001704,0.001704,4,0.806851,0.188317,0.001658,0.001587,0.001587,y,central,slightly_facing,y,slightly_facing,range_6_9,None,None,central
120,4,0.12542,0.284227,0.075147,0.515059,0.000147,3,0.03763,0.2939,0.082009,0.586274,0.000186,4,0.941045,0.053827,0.001722,0.001703,0.001703,4,0.804564,0.190599,0.001661,0.001588,0.001588,y,central,slightly_facing,y,slightly_facing,range_6_9,None,None,central
121,4,0.128481,0.28703,0.075475,0.508872,0.000142,3,0.030137,0.294318,0.082257,0.593099,0.000189,4,0.952853,0.042104,0.00169,0.001676,0.001676,4,0.799772,0.195391,0.001662,0.001587,0.001587,y,central,strongly_facing,y,slightly_facing,range_6_9,None,None,central
122,4,0.130052,0.286595,0.075362,0.507849,0.000142,3,0.030371,0.293376,0.082105,0.593958,0.000189,4,0.952454,0.042508,0.001689,0.001674,0.001674,4,0.797321,0.197831,0.001666,0.001591,0.001591,y,central,strongly_facing,y,slightly_facing,range_6_9,None,None,central
123,4,0.131622,0.286192,0.075248,0.506796,0.000143,3,0.030603,0.292419,0.081953,0.594834,0.00019,4,0.952048,0.042917,0.001688,0.001674,0.001674,4,0.794867,0.200274,0.001671,0.001594,0.001594,y,central,strongly_facing,y,slightly_facing,range_6_9,None,None,central
124,4,0.131372,0.282201,0.074685,0.511595,0.000148,3,0.039092,0.290226,0.081395,0.589098,0.000188,4,0.938701,0.056185,0.001718,0.001698,0.001698,4,0.795191,0.199937,0.001675,0.001598,0.001598,y,central,slightly_facing,y,slightly_facing,range_6_9,None,None,central
125,4,0.130068,0.277461,0.073994,0.518325,0.000152,3,0.049854,0.28784,0.080734,0.581387,0.000186,4,0.921721,0.073114,0.001738,0.001713,0.001713,4,0.796975,0.198174,0.001668,0.001592,0.001592,y,central,slightly_facing,y,slightly_facing,range_6_9,None,None,central
126,4,0.130052,0.277404,0.073996,0.518396,0.000151,3,0.04991,0.287849,0.080736,0.58132,0.000186,4,0.921663,0.073172,0.001738,0.001713,0.001713,4,0.796989,0.198163,0.001667,0.001591,0.001591,y,central,slightly_facing,y,slightly_facing,range_6_9,None,None,central
127,4,0.600144,0.199761,0.050155,0.1499,4e-05,3,0.00487,0.036871,0.044382,0.91357,0.000307,4,0.991605,0.005966,0.000811,0.000809,0.000809,4,0.059757,0.933655,0.002434,0.00208,0.002074,y,central,slightly_facing,n,turned_away,range_6_9,None,None,central
128,4,0.601212,0.19928,0.050059,0.149409,3.9e-05,3,0.00465,0.036827,0.045213,0.912985,0.000324,4,0.991631,0.005013,0.00112,0.001118,0.001118,4,0.059422,0.933427,0.002624,0.002264,0.002264,y,central,strongly_facing,y,slightly_facing,range_6_9,None,None,central
129,4,0.601279,0.19942,0.050116,0.149146,3.8e-05,3,0.004338,0.03689,0.045418,0.913011,0.000344,4,0.992138,0.004241,0.001208,0.001207,0.001207,4,0.05905,0.933656,0.002672,0.002311,0.002311,y,central,strongly_facing,y,slightly_facing,range_6_9,None,None,central
130,4,0.600882,0.199388,0.050127,0.149564,3.9e-05,3,0.004491,0.037194,0.045452,0.912506,0.000357,4,0.991955,0.004347,0.001233,0.001232,0.001232,4,0.05953,0.933145,0.002682,0.002321,0.002321,y,central,strongly_facing,y,slightly_facing,range_6_9,None,None,central
131,4,0.600396,0.19933,0.05012,0.150116,3.9e-05,3,0.004584,0.037709,0.045444,0.911898,0.000364,4,0.991855,0.00442,0.001242,0.001241,0.001241,4,0.060159,0.932511,0.002684,0.002323,0.002323,y,central,strongly_facing,y,slightly_facing,range_6_9,None,None,central
132,4,0.601098,0.198967,0.050007,0.14989,3.9e-05,3,0.0046,0.037756,0.04522,0.91206,0.000364,4,0.99191,0.004452,0.001214,0.001213,0.001213,4,0.05893,0.933807,0.002662,0.002301,0.002301,y,central,strongly_facing,y,slightly_facing,range_3_6,None,None,central
133,4,0.601476,0.198771,0.049937,0.149778,3.8e-05,3,0.004184,0.038306,0.04508,0.912066,0.000364,4,0.992588,0.003789,0.001208,0.001207,0.001207,4,0.057688,0.935059,0.002659,0.002297,0.002297,y,central,strongly_facing,y,slightly_facing,range_3_6,None,None,central
134,4,0.600401,0.198698,0.049918,0.150945,3.8e-05,3,0.003906,0.039893,0.045002,0.910835,0.000363,4,0.993048,0.003323,0.00121,0.001209,0.001209,4,0.057745,0.935012,0.002656,0.002293,0.002293,y,central,strongly_facing,y,slightly_facing,range_3_6,None,None,central
135,4,0.627641,0.196143,0.049014,0.12717,3.2e-05,3,0.001485,0.020422,0.041742,0.936083,0.000269,4,0.997657,0.000759,0.000528,0.000528,0.000528,4,0.009357,0.9847,0.002238,0.001852,0.001852,y,central,strongly_facing,n,strongly_facing,range_3_6,None,None,central
136,4,0.611984,0.198076,0.049607,0.140297,3.5e-05,3,0.001955,0.030885,0.043035,0.923875,0.000251,4,0.996875,0.001447,0.000559,0.000559,0.000559,4,0.041441,0.952672,0.002208,0.001839,0.001839,y,central,strongly_facing,n,strongly_facing,range_3_6,None,None,central
137,4,0.633821,0.193662,0.0484,0.124085,3.2e-05,3,0.001449,0.01871,0.041177,0.938423,0.000241,4,0.997725,0.00079,0.000495,0.000495,0.000495,4,0.007037,0.987087,0.002213,0.001832,0.001832,m,central,strongly_facing,n,strongly_facing,range_3_6,None,None,central
138,4,0.636362,0.193249,0.048266,0.122094,3e-05,3,0.001263,0.017257,0.040943,0.9403,0.000238,4,0.998053,0.000513,0.000478,0.000478,0.000478,4,0.002841,0.99131,0.002205,0.001822,0.001822,y,central,strongly_facing,n,strongly_facing,range_3_6,None,None,central
139,4,0.636472,0.193292,0.048275,0.121931,3e-05,3,0.001241,0.017102,0.040935,0.940484,0.000238,4,0.99809,0.000482,0.000476,0.000476,0.000476,4,0.002371,0.991783,0.002205,0.001821,0.001821,y,central,strongly_facing,n,strongly_facing,range_3_6,None,None,central
140,4,0.636061,0.193493,0.048339,0.122077,3e-05,3,0.001239,0.017105,0.04098,0.940439,0.000237,4,0.998093,0.000478,0.000476,0.000476,0.000476,4,0.002318,0.991836,0.002205,0.00182,0.00182,y,central,strongly_facing,n,strongly_facing,range_3_6,None,None,central
141,4,0.635714,0.193678,0.048387,0.12219,3e-05,3,0.00124,0.017119,0.041016,0.940387,0.000237,4,0.998087,0.00048,0.000478,0.000478,0.000478,4,0.002315,0.991836,0.002206,0.001822,0.001822,y,central,slightly_facing,n,strongly_facing,range_3_6,None,None,central
142,4,0.634777,0.194178,0.04851,0.122505,3e-05,3,0.00124,0.017155,0.041099,0.940268,0.000237,4,0.998092,0.000478,0.000477,0.000477,0.000477,4,0.002313,0.991842,0.002206,0.00182,0.00182,y,central,strongly_facing,n,strongly_facing,range_3_6,None,None,central
143,4,0.632069,0.19562,0.04887,0.123411,3e-05,3,0.001242,0.017267,0.04135,0.939903,0.000237,4,0.998091,0.000478,0.000477,0.000477,0.000477,4,0.002314,0.991843,0.002207,0.001818,0.001818,y,central,strongly_facing,n,strongly_facing,range_3_6,None,None,central
144,4,0.632109,0.19561,0.048861,0.12339,3e-05,3,0.001242,0.017264,0.041344,0.939912,0.000237,4,0.998091,0.000478,0.000477,0.000477,0.000477,4,0.002314,0.991843,0.002207,0.001818,0.001818,y,central,strongly_facing,n,strongly_facing,range_3_6,None,None,central
145,4,0.63247,0.195526,0.048789,0.123185,3e-05,3,0.001242,0.017239,0.041288,0.939994,0.000237,4,0.998091,0.000478,0.000477,0.000477,0.000477,4,0.002314,0.991843,0.002206,0.001818,0.001818,y,central,strongly_facing,n,strongly_facing,range_3_6,None,None,central
146,4,0.632065,0.195621,0.04887,0.123413,3e-05,3,0.001242,0.017267,0.041351,0.939903,0.000237,4,0.998091,0.000478,0.000477,0.000477,0.000477,4,0.002314,0.991843,0.002207,0.001818,0.001818,y,central,strongly_facing,n,strongly_facing,range_3_6,None,None,central
147,4,0.632064,0.195621,0.048872,0.123413,3.1e-05,3,0.001243,0.017269,0.041356,0.939895,0.000237,4,0.998084,0.00048,0.000478,0.000478,0.000478,4,0.002316,0.991837,0.002208,0.001819,0.001819,y,central,slightly_facing,n,strongly_facing,range_3_6,None,None,central
148,4,0.632071,0.195619,0.048871,0.123408,3.1e-05,3,0.001243,0.017268,0.041355,0.939897,0.000237,4,0.998084,0.000481,0.000479,0.000479,0.000479,4,0.002317,0.991836,0.002208,0.001819,0.001819,y,central,slightly_facing,n,strongly_facing,range_3_6,None,None,central
149,4,0.632142,0.195603,0.048855,0.12337,3e-05,3,0.001242,0.017262,0.041339,0.93992,0.000237,4,0.99809,0.000479,0.000477,0.000477,0.000477,4,0.002315,0.991843,0.002207,0.001818,0.001818,y,central,strongly_facing,n,strongly_facing,range_3_6,None,None,central
150,4,0.632065,0.195621,0.048871,0.123414,3e-05,3,0.001242,0.017267,0.041351,0.939903,0.000237,4,0.998091,0.000478,0.000477,0.000477,0.000477,4,0.002314,0.991843,0.002207,0.001818,0.001818,y,central,strongly_facing,n,strongly_facing,range_3_6,None,None,central
151,4,0.632034,0.195611,0.048867,0.123457,3e-05,3,0.001357,0.017342,0.041573,0.93948,0.000248,4,0.997755,0.000562,0.000561,0.000561,0.000561,4,0.002493,0.991464,0.002273,0.001885,0.001885,y,central,strongly_facing,n,strongly_facing,range_0_3,None,None,central
152,4,0.632026,0.195609,0.048867,0.123468,3e-05,3,0.001368,0.017353,0.041587,0.939442,0.000251,4,0.99773,0.00057,0.000567,0.000567,0.000567,4,0.002515,0.991428,0.002278,0.001889,0.001889,y,central,strongly_facing,n,strongly_facing,range_0_3,None,None,central
153,4,0.632024,0.195608,0.048867,0.123471,3e-05,3,0.001369,0.017357,0.041587,0.939436,0.000252,4,0.997728,0.00057,0.000567,0.000567,0.000567,4,0.00252,0.991422,0.002278,0.00189,0.00189,y,central,strongly_facing,n,strongly_facing,range_0_3,None,None,central
154,4,0.63203,0.195605,0.048866,0.123468,3e-05,3,0.00137,0.017359,0.04159,0.939429,0.000252,4,0.997722,0.000573,0.000569,0.000569,0.000569,4,0.002524,0.991414,0.002279,0.001891,0.001891,y,central,slightly_facing,n,strongly_facing,range_0_3,None,None,central
155,4,0.632098,0.195586,0.04886,0.123425,3.1e-05,3,0.00138,0.017363,0.041607,0.939397,0.000252,4,0.997678,0.000589,0.000578,0.000578,0.000578,4,0.002542,0.991371,0.002288,0.0019,0.0019,m,central,slightly_facing,n,strongly_facing,range_0_3,None,None,central
156,4,0.632096,0.195589,0.048854,0.123431,3.1e-05,3,0.001371,0.017356,0.041582,0.939439,0.000252,4,0.997718,0.000574,0.000569,0.000569,0.000569,4,0.002528,0.991409,0.00228,0.001892,0.001892,y,central,slightly_facing,n,strongly_facing,range_0_3,None,None,central
157,4,0.63202,0.195607,0.048867,0.123475,3e-05,3,0.001369,0.01736,0.041588,0.939431,0.000252,4,0.997727,0.000571,0.000567,0.000567,0.000567,4,0.002525,0.991417,0.002278,0.00189,0.00189,y,central,strongly_facing,n,strongly_facing,range_0_3,None,None,central
158,4,0.632021,0.1956,0.048874,0.123475,3.1e-05,3,0.001376,0.017368,0.041609,0.939395,0.000252,4,0.997696,0.000582,0.000574,0.000574,0.000574,4,0.00254,0.991383,0.002285,0.001896,0.001896,m,central,strongly_facing,n,strongly_facing,range_0_3,None,None,central
159,4,0.632392,0.195381,0.048824,0.123372,3e-05,3,0.001369,0.01735,0.04156,0.939469,0.000252,4,0.997726,0.000571,0.000568,0.000568,0.000568,4,0.002534,0.991406,0.002279,0.00189,0.00189,y,central,strongly_facing,n,strongly_facing,range_0_3,None,None,central
160,4,0.632393,0.195381,0.048823,0.123372,3e-05,3,0.001368,0.01735,0.041558,0.939471,0.000252,4,0.997728,0.00057,0.000567,0.000567,0.000567,4,0.002534,0.991408,0.002278,0.00189,0.00189,y,central,strongly_facing,n,strongly_facing,range_0_3,None,None,central
161,4,0.632398,0.19538,0.048823,0.123369,3e-05,3,0.00137,0.017351,0.041562,0.939466,0.000252,4,0.997722,0.000573,0.000568,0.000568,0.000568,4,0.002536,0.991402,0.002279,0.001891,0.001891,y,central,slightly_facing,n,strongly_facing,range_0_3,None,None,central
162,4,0.632472,0.19536,0.048813,0.123325,3.1e-05,3,0.001376,0.017351,0.041567,0.939454,0.000252,4,0.997695,0.000583,0.000574,0.000574,0.000574,4,0.002546,0.991376,0.002284,0.001896,0.001896,m,central,strongly_facing,n,strongly_facing,range_0_3,None,None,central
163,4,0.632778,0.195286,0.048754,0.12315,3.1e-05,3,0.001381,0.017333,0.041531,0.939502,0.000252,4,0.997676,0.000591,0.000578,0.000578,0.000578,4,0.002554,0.991357,0.002288,0.001901,0.001901,m,central,slightly_facing,n,strongly_facing,range_0_3,None,None,central
164,4,0.632429,0.195368,0.048825,0.123346,3.1e-05,3,0.001383,0.017358,0.041586,0.939421,0.000252,4,0.997673,0.000592,0.000578,0.000578,0.000578,4,0.002557,0.991354,0.002288,0.0019,0.0019,m,central,slightly_facing,n,strongly_facing,range_0_3,None,None,central
165,4,0.632339,0.195368,0.048879,0.123377,3.6e-05,3,0.001447,0.017408,0.041742,0.939152,0.000252,4,0.997437,0.000687,0.000625,0.000625,0.000625,4,0.002656,0.991124,0.002332,0.001944,0.001944,n,central,slightly_facing,n,strongly_facing,range_0_3,None,None,central
